customer_id,age,location,tenure,orders,total_spend,avg_order_value,purchase_frequency,days_since_last_purchase,discount_usage,returns,product_categories,website_visits,app_sessions,email_interaction,cart_additions,cart_abandonment,wishlist_activity,support_interactions
CUST_00001,19.0,Pune,7.0,21,28068.63,1336.6,3.0,30,0.275,0,4,72.0,38,15.0,14,5,13,2
CUST_00002,23.0,Mumbai,0.8,10,12724.65,1272.47,12.5,127,0.482,2,4,6.0,0,0.0,1,3,1,3
CUST_00003,38.0,Delhi,0.4,6,7685.84,1280.97,15.0,79,0.343,1,4,16.0,7,5.0,7,6,2,4
CUST_00004,22.0,Pune,3.1,8,8399.66,1049.96,2.58,16,0.643,4,4,41.0,19,15.0,10,7,6,2
CUST_00005,45.0,Chennai,3.6,27,77924.19,2886.08,7.5,27,0.101,1,3,65.0,25,14.0,11,4,9,2
CUST_00006,33.0,Other,3.1,18,54242.78,3013.49,5.81,10,0.134,1,5,50.0,33,12.0,15,1,9,4
CUST_00007,35.0,Chennai,1.9,15,43526.24,2901.75,7.89,16,0.248,0,4,51.0,29,12.0,5,3,17,2
CUST_00008,31.0,Other,3.8,7,17209.69,2458.53,1.84,91,0.811,0,2,13.0,5,5.0,2,2,1,2
CUST_00009,42.0,Ahmedabad,1.3,5,5170.34,1034.07,3.85,18,0.533,4,5,48.0,18,23.0,13,9,11,3
CUST_00010,42.0,Kolkata,0.8,6,8219.98,1370.0,7.5,36,0.48,1,3,16.0,5,1.0,3,3,1,3
CUST_00011,37.0,Bengaluru,5.7,15,48215.6,3214.37,2.63,18,0.475,1,1,55.0,14,18.0,9,0,10,3
CUST_00012,40.0,Delhi,1.7,7,6384.61,912.09,4.12,90,0.274,2,7,7.0,7,3.0,2,2,1,4
CUST_00013,32.0,Ahmedabad,3.0,3,4235.87,1411.96,1.0,120,0.507,2,6,16.0,6,5.0,4,6,0,3
CUST_00014,39.0,Other,1.6,25,40035.15,1601.41,15.62,35,0.502,1,2,59.0,33,11.0,18,3,11,2
CUST_00015,31.0,Bengaluru,1.8,23,54363.43,2363.63,12.78,10,0.103,0,2,64.0,27,15.0,12,2,10,2
CUST_00016,34.0,Mumbai,4.9,20,68707.93,3435.4,4.08,12,0.159,0,2,59.0,15,16.0,13,1,8,3
CUST_00017,31.0,Ahmedabad,2.8,28,41722.05,1490.07,10.0,11,0.285,0,1,54.0,29,12.0,13,3,7,4
CUST_00018,29.0,Delhi,2.8,9,8904.13,989.35,3.21,16,0.493,4,1,39.0,19,17.0,16,11,9,2
CUST_00019,27.0,Mumbai,0.7,29,52646.41,1815.39,41.43,1,0.146,3,4,70.0,33,12.0,15,5,13,3
CUST_00020,39.0,Ahmedabad,2.7,17,38607.23,2271.01,6.3,26,0.525,3,7,74.0,37,10.0,11,2,10,0
CUST_00021,47.0,Bengaluru,1.5,10,11706.98,1170.7,6.67,15,0.984,2,3,40.0,15,18.0,11,8,11,2
CUST_00022,46.0,Chennai,10.0,22,45830.22,2083.19,2.2,18,0.069,0,4,52.0,22,18.0,7,2,8,2
CUST_00023,21.0,Other,1.4,35,64742.39,1849.78,25.0,2,0.578,3,3,63.0,36,15.0,9,2,13,0
CUST_00024,47.0,Hyderabad,6.8,19,38858.94,2045.21,2.79,20,0.22,1,5,61.0,29,9.0,15,2,7,4
CUST_00025,31.0,Bengaluru,3.1,11,12334.87,1121.35,3.55,60,0.949,1,5,40.0,15,23.0,16,10,9,1
CUST_00026,40.0,Delhi,1.0,4,5417.19,1354.3,4.0,49,0.439,0,3,18.0,4,9.0,8,6,2,4
CUST_00027,25.0,Delhi,4.9,19,58501.26,3079.01,3.88,7,0.157,0,2,43.0,25,19.0,9,2,13,1
CUST_00028,35.0,Ahmedabad,6.6,18,19319.76,1073.32,2.73,61,0.946,4,3,36.0,18,26.0,9,7,21,2
CUST_00029,37.0,Bengaluru,8.5,9,10848.43,1205.38,1.06,39,0.791,2,4,43.0,24,18.0,8,8,19,0
CUST_00030,19.0,Mumbai,3.4,19,53147.54,2797.24,5.59,21,0.101,1,2,47.0,19,14.0,8,2,10,1
CUST_00031,40.0,Mumbai,1.5,13,19964.08,1535.7,8.67,39,0.66,1,6,42.0,11,17.0,10,5,10,4
CUST_00032,47.0,Bengaluru,1.5,16,59528.66,3720.54,10.67,10,0.229,1,4,57.0,22,19.0,9,3,8,4
CUST_00033,32.0,Bengaluru,3.5,21,57735.34,2749.3,6.0,15,0.113,0,6,56.0,25,19.0,16,3,7,4
CUST_00034,48.0,Chennai,0.7,8,8308.21,1038.53,11.43,103,0.286,0,2,9.0,4,1.0,6,4,4,2
CUST_00035,32.0,Bengaluru,1.1,5,7038.46,1407.69,4.55,81,0.783,4,4,9.0,7,2.0,2,4,3,4
CUST_00036,42.0,Mumbai,2.8,6,8181.33,1363.55,2.14,36,0.697,0,2,15.0,6,4.0,9,8,6,0
CUST_00037,18.0,Bengaluru,4.8,19,40087.88,2109.89,3.96,25,0.122,1,3,70.0,35,13.0,11,8,8,3
CUST_00038,58.0,Other,2.2,19,55926.54,2943.5,8.64,9,0.096,1,2,46.0,15,13.0,11,2,13,2
CUST_00039,49.0,Mumbai,8.4,5,11341.55,2268.31,0.6,69,0.604,1,2,21.0,5,5.0,7,4,4,4
CUST_00040,31.0,Chennai,3.8,12,9875.24,822.94,3.16,54,0.715,0,2,34.0,18,22.0,16,10,9,4
CUST_00041,18.0,Hyderabad,2.1,18,31923.96,1773.55,8.57,33,0.342,4,2,56.0,27,22.0,11,3,7,3
CUST_00042,37.0,Kolkata,1.6,9,9848.81,1094.31,5.62,39,0.896,0,6,42.0,13,28.0,17,12,8,3
CUST_00043,20.0,Mumbai,1.1,20,60543.68,3027.18,18.18,3,0.266,2,1,53.0,30,18.0,9,2,11,3
CUST_00044,38.0,Other,4.4,6,10711.96,1785.33,1.36,99,0.412,1,3,8.0,3,3.0,3,3,4,0
CUST_00045,38.0,Hyderabad,1.4,30,71623.51,2387.45,21.43,4,0.425,1,3,62.0,44,16.0,17,5,12,3
CUST_00046,25.0,Ahmedabad,3.5,5,12564.59,2512.92,1.43,50,0.186,0,3,12.0,8,12.0,4,4,2,2
CUST_00047,45.0,Pune,0.9,24,34608.43,1442.02,26.67,21,0.28,0,3,70.0,32,10.0,28,4,16,2
CUST_00048,42.0,Kolkata,1.1,13,11479.31,883.02,11.82,37,0.711,0,4,40.0,17,24.0,15,11,11,1
CUST_00049,44.0,Ahmedabad,2.7,9,16602.25,1844.69,3.33,14,0.726,2,1,48.0,18,24.0,11,7,11,2
CUST_00050,34.0,Delhi,1.1,12,32890.89,2740.91,10.91,2,0.185,2,1,52.0,22,14.0,17,3,7,1
CUST_00051,20.0,Delhi,5.8,9,18288.86,2032.1,1.55,90,0.238,1,3,10.0,4,2.0,5,1,3,3
CUST_00052,44.0,Chennai,0.6,5,9846.58,1969.32,8.33,63,0.457,2,3,19.0,7,5.0,0,9,5,3
CUST_00053,31.0,Mumbai,0.9,16,30872.62,1929.54,17.78,298,0.521,1,5,10.0,5,4.0,1,2,3,2
CUST_00054,20.0,Kolkata,6.1,11,17098.73,1554.43,1.8,151,0.698,2,3,13.0,8,3.0,1,3,4,3
CUST_00055,48.0,Mumbai,5.5,8,3687.94,460.99,1.45,39,0.827,3,4,31.0,16,,21,6,7,1
CUST_00056,55.0,Pune,6.2,12,31193.96,2599.5,1.94,180,0.478,2,6,12.0,9,3.0,2,2,0,3
CUST_00057,34.0,Chennai,1.2,18,53427.77,2968.21,15.0,25,0.313,1,4,49.0,21,9.0,17,5,7,5
CUST_00058,56.0,Mumbai,2.6,19,40347.4,2123.55,7.31,27,0.306,1,6,69.0,25,17.0,11,2,6,2
CUST_00059,35.0,Other,3.1,15,35258.94,2350.6,4.84,20,0.115,0,2,59.0,19,9.0,6,1,7,4
CUST_00060,30.0,Jaipur,2.2,29,62841.35,2166.94,13.18,9,0.27,2,5,58.0,33,11.0,13,5,11,3
CUST_00061,28.0,Hyderabad,4.1,19,41892.07,2204.85,4.63,3,0.332,1,1,67.0,23,10.0,12,3,5,5
CUST_00062,50.0,Ahmedabad,5.3,24,27417.46,1142.39,4.53,5,0.107,3,3,61.0,29,10.0,17,5,9,3
CUST_00063,26.0,Jaipur,2.5,3,4447.34,1482.45,1.2,20,0.503,0,3,12.0,7,1.0,3,0,1,4
CUST_00064,41.0,Pune,1.0,24,39497.11,1645.71,24.0,33,0.149,0,3,68.0,22,15.0,14,3,4,5
CUST_00065,28.0,Ahmedabad,4.0,17,34085.19,,4.25,16,0.081,1,3,78.0,31,12.0,10,3,9,3
CUST_00066,29.0,Pune,3.0,11,8317.84,756.17,3.67,23,0.86,1,2,48.0,21,11.0,17,8,6,3
CUST_00067,44.0,Bengaluru,4.9,17,45742.37,2690.73,3.47,11,0.229,1,5,54.0,26,17.0,13,1,4,5
CUST_00068,30.0,Hyderabad,4.1,6,12435.23,2072.54,1.46,82,0.273,1,6,20.0,6,8.0,9,9,3,2
CUST_00069,30.0,Kolkata,6.3,16,41030.6,2564.41,2.54,9,0.359,3,2,47.0,29,8.0,7,0,9,3
CUST_00070,45.0,Mumbai,2.9,8,9648.98,1206.12,2.76,84,0.174,3,4,9.0,5,2.0,4,1,4,2
CUST_00071,50.0,Delhi,7.4,1,1491.51,1491.51,0.14,114,0.687,1,2,16.0,7,4.0,6,8,2,1
CUST_00072,40.0,Hyderabad,7.2,14,38308.92,2736.35,1.94,10,0.016,2,2,41.0,28,15.0,10,5,9,1
CUST_00073,27.0,Delhi,4.5,15,40240.33,2682.69,3.33,23,0.048,2,4,56.0,20,13.0,16,2,6,4
CUST_00074,29.0,Kolkata,5.3,3,5965.97,1988.66,0.57,118,0.107,1,2,13.0,7,4.0,9,1,6,7
CUST_00075,35.0,Chennai,6.4,1,2141.61,2141.61,0.16,9,0.436,1,3,10.0,9,11.0,4,3,2,2
CUST_00076,37.0,Pune,2.3,3,5147.03,1715.68,1.3,109,0.199,0,1,14.0,9,4.0,5,8,4,2
CUST_00077,24.0,Mumbai,6.5,3,6847.96,2282.65,0.46,81,0.56,0,2,16.0,4,2.0,3,5,3,3
CUST_00078,41.0,Hyderabad,3.6,18,42333.6,2351.87,5.0,20,0.562,1,3,58.0,23,11.0,12,2,8,2
CUST_00079,35.0,Bengaluru,4.6,26,46115.18,1773.66,5.65,11,0.302,0,3,64.0,29,19.0,13,9,9,3
CUST_00080,18.0,Mumbai,5.1,15,37207.21,2480.48,2.94,4,0.084,0,2,62.0,22,17.0,12,2,5,4
CUST_00081,25.0,Delhi,4.5,6,5345.0,890.83,1.33,79,0.231,2,5,8.0,7,4.0,1,4,4,3
CUST_00082,29.0,Delhi,3.1,2,3192.41,1596.2,0.65,92,0.487,0,3,17.0,7,5.0,6,2,1,3
CUST_00083,33.0,Mumbai,5.7,26,52762.54,2029.33,4.56,17,0.208,0,5,61.0,39,9.0,13,7,10,4
CUST_00084,53.0,Hyderabad,10.0,13,28945.35,2226.57,1.3,17,0.052,1,5,54.0,24,14.0,17,4,5,3
CUST_00085,36.0,Kolkata,10.0,23,47428.3,2062.1,2.3,24,0.39,1,3,48.0,34,11.0,16,2,10,1
CUST_00086,26.0,Hyderabad,3.8,24,42278.59,1761.61,6.32,5,0.16,1,2,56.0,40,15.0,16,3,7,3
CUST_00087,36.0,Ahmedabad,6.1,5,10721.32,2144.26,0.82,32,0.661,1,5,19.0,5,5.0,4,5,2,2
CUST_00088,30.0,Mumbai,10.0,6,7973.07,1328.84,0.6,42,0.425,2,3,18.0,10,5.0,4,5,5,0
CUST_00089,37.0,Bengaluru,2.1,6,12666.5,2111.08,2.86,58,0.471,4,5,10.0,3,1.0,0,1,3,3
CUST_00090,40.0,Hyderabad,4.6,9,6885.71,765.08,1.96,28,0.867,1,5,47.0,23,26.0,13,19,15,0
CUST_00091,46.0,Chennai,4.7,21,83550.37,3978.59,4.47,3,0.39,2,3,56.0,30,13.0,11,5,10,4
CUST_00092,34.0,Chennai,10.0,9,10862.72,1206.97,0.9,68,0.242,1,3,13.0,6,6.0,5,4,4,2
CUST_00093,50.0,Kolkata,7.0,6,9497.88,1582.98,0.86,21,0.342,3,1,25.0,2,2.0,1,8,0,1
CUST_00094,43.0,Chennai,3.1,9,12613.49,1401.5,2.9,48,0.695,2,1,52.0,19,24.0,14,8,13,4
CUST_00095,27.0,Mumbai,3.4,7,12028.45,1718.35,2.06,61,0.329,1,2,21.0,11,2.0,3,4,1,3
CUST_00096,56.0,Chennai,1.7,5,7982.77,1596.55,2.94,46,0.787,2,5,43.0,19,19.0,12,11,13,4
CUST_00097,37.0,Kolkata,1.1,11,13285.35,1207.76,10.0,29,0.455,6,3,55.0,23,15.0,9,13,15,2
CUST_00098,26.0,Other,4.3,28,43274.86,1545.53,6.51,27,0.243,1,5,60.0,34,14.0,16,1,6,5
CUST_00099,51.0,Chennai,4.0,17,47087.62,2769.86,4.25,6,0.112,2,2,58.0,38,10.0,12,4,8,3
CUST_00100,55.0,Chennai,2.6,22,76517.62,3478.07,8.46,2,0.178,0,3,48.0,27,12.0,17,4,11,1
CUST_00101,34.0,Bengaluru,1.6,17,35357.18,2079.83,10.62,27,0.594,3,5,55.0,18,10.0,16,3,8,5
CUST_00102,29.0,Jaipur,2.2,6,9333.35,1555.56,2.73,118,0.392,0,5,17.0,6,7.0,6,6,2,3
CUST_00103,32.0,Other,9.9,18,30531.76,1696.21,1.82,9,0.662,0,4,56.0,39,18.0,8,6,9,0
CUST_00104,41.0,Kolkata,1.5,9,10415.35,1157.26,6.0,100,0.669,3,4,44.0,19,25.0,13,9,8,2
CUST_00105,47.0,Hyderabad,0.8,13,26647.46,2049.8,16.25,82,0.617,4,4,8.0,7,4.0,0,2,3,5
CUST_00106,40.0,Mumbai,4.4,30,39277.73,1309.26,6.82,7,0.564,0,3,71.0,22,13.0,16,4,1,5
CUST_00107,35.0,Kolkata,2.1,24,29488.83,1228.7,11.43,3,0.509,1,3,65.0,32,13.0,12,2,6,2
CUST_00108,49.0,Chennai,5.1,5,6103.91,1220.78,0.98,180,0.346,1,3,19.0,6,3.0,4,5,1,1
CUST_00109,31.0,Kolkata,4.7,18,36992.53,2055.14,3.83,9,0.191,1,3,55.0,37,10.0,13,6,8,3
CUST_00110,44.0,Mumbai,0.9,17,43448.17,2555.77,18.89,4,0.152,1,2,53.0,27,13.0,12,6,9,2
CUST_00111,31.0,Chennai,4.4,24,51771.4,2157.14,5.45,5,0.195,2,3,80.0,45,19.0,18,6,9,3
CUST_00112,38.0,Delhi,2.3,15,35654.12,2376.94,6.52,2,0.09,1,2,64.0,26,10.0,17,1,3,2
CUST_00113,33.0,Kolkata,5.8,8,14820.35,1852.54,1.38,198,0.458,3,7,10.0,3,1.0,1,4,0,2
CUST_00114,33.0,Pune,5.8,2,1864.76,932.38,0.34,39,0.267,0,2,22.0,3,9.0,6,4,4,1
CUST_00115,30.0,Chennai,1.2,5,7388.62,1477.72,4.17,89,0.387,0,1,15.0,10,5.0,1,2,2,1
CUST_00116,47.0,Delhi,0.8,17,15260.58,897.68,21.25,73,0.564,3,7,7.0,3,1.0,3,2,1,1
CUST_00117,27.0,Mumbai,5.6,4,5592.32,1398.08,0.71,97,0.567,1,4,15.0,4,10.0,5,4,4,3
CUST_00118,27.0,Chennai,5.1,13,36373.59,2797.97,2.55,6,0.383,4,6,51.0,22,13.0,6,2,7,0
CUST_00119,55.0,Mumbai,1.3,13,27877.16,2144.4,10.0,140,0.599,5,2,9.0,5,3.0,4,1,1,1
CUST_00120,44.0,Chennai,5.6,15,16344.07,1089.6,2.68,37,0.811,1,3,49.0,16,,17,12,13,6
CUST_00121,18.0,Other,2.8,2,3580.57,1790.28,0.71,25,0.341,1,5,19.0,12,4.0,3,4,3,3
CUST_00122,28.0,Other,0.4,8,13434.84,1679.36,20.0,117,0.236,1,3,10.0,4,3.0,2,3,1,3
CUST_00123,18.0,Pune,2.0,18,23779.85,1321.1,9.0,22,0.155,1,2,68.0,37,11.0,19,3,14,0
CUST_00124,24.0,Ahmedabad,2.1,16,43233.15,2702.07,7.62,42,0.301,0,5,68.0,22,15.0,9,1,10,3
CUST_00125,18.0,Delhi,0.2,23,45739.44,1988.67,115.0,24,0.29,2,1,52.0,37,11.0,20,4,13,2
CUST_00126,33.0,Other,6.4,22,41866.78,1903.04,3.44,10,0.163,3,4,76.0,31,13.0,17,4,8,2
CUST_00127,23.0,Ahmedabad,6.7,3,2982.02,994.01,0.45,28,0.357,2,5,24.0,10,8.0,5,2,1,0
CUST_00128,35.0,Mumbai,7.4,14,25156.14,1796.87,1.89,139,0.487,3,2,9.0,7,2.0,4,0,1,4
CUST_00129,18.0,Delhi,1.1,19,38600.1,2031.58,17.27,8,0.046,3,2,61.0,31,7.0,13,4,11,1
CUST_00130,35.0,Delhi,2.0,9,9716.06,1079.56,4.5,47,0.514,7,3,38.0,16,27.0,12,8,4,1
CUST_00131,30.0,Ahmedabad,2.4,21,25391.79,1209.13,8.75,4,0.061,1,5,63.0,31,10.0,14,4,11,1
CUST_00132,49.0,Bengaluru,0.9,21,54105.25,2576.44,23.33,3,0.327,0,5,54.0,35,10.0,15,1,7,3
CUST_00133,48.0,Chennai,3.6,20,56758.44,2837.92,5.56,7,0.075,0,1,61.0,29,12.0,16,3,9,2
CUST_00134,42.0,Hyderabad,1.3,31,52761.88,1702.0,23.85,16,0.237,2,1,62.0,35,16.0,22,4,11,2
CUST_00135,31.0,Other,2.9,11,12587.09,1144.28,3.79,97,0.233,3,2,4.0,3,2.0,4,0,0,1
CUST_00136,54.0,Other,1.7,22,43125.51,1960.25,12.94,16,0.196,4,4,66.0,32,14.0,20,9,12,2
CUST_00137,18.0,Bengaluru,4.3,13,18790.07,1445.39,3.02,42,0.756,1,4,51.0,21,13.0,14,10,16,2
CUST_00138,20.0,Kolkata,5.4,3,5166.17,1722.06,0.56,80,0.188,0,2,18.0,5,5.0,2,2,1,4
CUST_00139,33.0,Ahmedabad,2.6,27,52074.0,,10.38,14,0.108,3,4,79.0,32,6.0,15,4,7,3
CUST_00140,57.0,Jaipur,2.5,5,12154.79,2430.96,2.0,45,0.505,1,1,9.0,5,5.0,4,2,1,6
CUST_00141,32.0,Mumbai,3.9,5,8970.29,1794.06,1.28,184,0.538,3,3,11.0,6,1.0,0,0,1,0
CUST_00142,32.0,Delhi,0.5,24,43763.78,1823.49,48.0,8,0.419,1,5,70.0,31,8.0,17,3,3,1
CUST_00143,20.0,Delhi,2.0,10,8060.55,806.06,5.0,17,0.87,1,5,49.0,14,23.0,15,13,18,2
CUST_00144,43.0,Bengaluru,1.4,27,54123.85,2004.59,19.29,18,0.258,0,3,63.0,34,16.0,12,5,10,1
CUST_00145,44.0,Mumbai,6.7,24,57817.27,2409.05,3.58,5,0.395,2,3,61.0,31,,17,3,9,2
CUST_00146,42.0,Bengaluru,10.0,16,43740.44,2733.78,1.6,23,0.026,1,5,73.0,25,13.0,9,3,8,3
CUST_00147,28.0,Chennai,0.9,13,17179.54,1321.5,14.44,50,0.658,0,4,50.0,26,20.0,11,7,12,3
CUST_00148,27.0,Bengaluru,3.1,6,3385.56,564.26,1.94,10,0.613,3,4,46.0,16,24.0,9,8,10,3
CUST_00149,21.0,Chennai,1.1,21,57693.04,2747.29,19.09,12,0.183,2,3,61.0,24,11.0,8,2,6,2
CUST_00150,35.0,Mumbai,1.3,23,59998.24,2608.62,17.69,8,0.586,1,6,57.0,43,13.0,14,3,6,3
CUST_00151,23.0,Jaipur,3.1,11,17784.02,1616.73,3.55,117,0.776,2,6,14.0,4,0.0,2,0,1,5
CUST_00152,22.0,Other,2.3,23,43459.84,1889.56,10.0,4,0.146,3,3,61.0,31,13.0,15,3,10,3
CUST_00153,30.0,Hyderabad,3.1,19,60347.2,3176.17,6.13,20,0.32,1,2,67.0,22,16.0,9,0,10,6
CUST_00154,29.0,Jaipur,1.3,14,19435.15,1388.23,10.77,68,0.742,2,2,64.0,16,18.0,9,11,13,2
CUST_00155,29.0,Mumbai,3.1,11,25522.69,2320.24,3.55,164,0.605,2,3,21.0,6,0.0,2,1,6,4
CUST_00156,39.0,Ahmedabad,6.5,23,44396.24,1930.27,3.54,20,0.055,5,3,60.0,23,8.0,8,2,12,2
CUST_00157,35.0,Mumbai,4.8,5,7802.89,1560.58,1.04,63,0.205,0,3,23.0,1,6.0,4,6,2,3
CUST_00158,31.0,Delhi,0.8,4,6469.17,1617.29,5.0,156,0.292,0,1,18.0,6,,6,6,0,3
CUST_00159,36.0,Delhi,8.0,25,64984.32,2599.37,3.12,13,0.304,6,6,77.0,35,15.0,15,7,14,5
CUST_00160,24.0,Hyderabad,1.1,4,3584.45,896.11,3.64,81,0.445,0,2,17.0,4,10.0,3,3,2,2
CUST_00161,35.0,Delhi,1.3,22,39346.31,1788.47,16.92,17,0.215,1,5,52.0,28,9.0,18,3,9,2
CUST_00162,36.0,Chennai,5.4,5,11325.02,2265.0,0.93,88,0.378,0,5,9.0,7,8.0,0,5,4,4
CUST_00163,19.0,Delhi,3.2,4,4290.01,1072.5,1.25,103,0.546,0,4,15.0,6,7.0,4,3,1,0
CUST_00164,44.0,Jaipur,2.6,13,10326.4,794.34,5.0,29,0.818,1,3,50.0,21,18.0,9,9,13,3
CUST_00165,25.0,Chennai,2.2,23,70699.14,3073.88,10.45,5,0.247,2,3,58.0,31,16.0,8,5,12,2
CUST_00166,35.0,Pune,2.3,1,1381.08,1381.08,0.43,29,0.678,1,2,18.0,7,5.0,6,3,1,0
CUST_00167,46.0,Delhi,2.3,23,33344.1,1449.74,10.0,8,0.155,1,5,77.0,27,17.0,13,4,10,1
CUST_00168,43.0,Ahmedabad,4.2,21,71664.23,3412.58,5.0,7,0.205,1,4,40.0,20,17.0,11,5,8,0
CUST_00169,34.0,Delhi,4.5,19,52619.86,2769.47,4.22,28,0.282,1,1,41.0,23,23.0,14,6,11,1
CUST_00170,30.0,Hyderabad,2.3,16,13638.88,852.43,6.96,89,0.927,3,2,52.0,15,26.0,14,5,9,4
CUST_00171,43.0,Chennai,7.1,6,6312.12,1052.02,0.85,70,0.413,1,3,13.0,7,10.0,5,5,1,1
CUST_00172,41.0,Delhi,3.2,20,61139.27,3056.96,6.25,30,0.238,0,5,56.0,19,13.0,13,5,11,4
CUST_00173,28.0,Delhi,3.6,15,22979.97,1532.0,4.17,14,0.45,3,3,36.0,25,16.0,13,9,12,5
CUST_00174,26.0,Bengaluru,6.1,21,33499.63,1595.22,3.44,2,0.261,0,3,63.0,27,9.0,15,2,7,1
CUST_00175,18.0,Pune,1.7,4,7700.21,1925.05,2.35,47,0.218,0,7,28.0,7,3.0,4,4,2,2
CUST_00176,36.0,Delhi,4.2,12,30057.97,2504.83,2.86,27,0.133,0,4,48.0,29,13.0,12,4,12,3
CUST_00177,33.0,Mumbai,1.5,7,8184.1,1169.16,4.67,59,0.31,0,3,23.0,10,4.0,7,6,6,3
CUST_00178,45.0,Delhi,1.3,17,29879.56,1757.62,13.08,6,0.27,4,4,59.0,27,17.0,10,4,12,1
CUST_00179,38.0,Delhi,7.5,7,9974.38,,0.93,146,0.396,1,5,17.0,4,3.0,5,2,1,4
CUST_00180,47.0,Other,8.9,17,45832.07,2696.0,1.91,14,0.097,0,3,57.0,24,16.0,7,1,10,3
CUST_00181,27.0,Hyderabad,3.5,29,45673.99,1574.97,8.29,4,0.188,2,1,61.0,27,16.0,9,9,12,4
CUST_00182,45.0,Ahmedabad,1.9,18,52029.05,2890.5,9.47,13,0.281,1,3,60.0,17,15.0,9,5,9,1
CUST_00183,29.0,Mumbai,4.1,10,18703.86,1870.39,2.44,118,0.44,0,5,4.0,6,4.0,5,0,1,3
CUST_00184,42.0,Mumbai,3.0,8,7522.72,940.34,2.67,190,0.633,0,4,16.0,1,2.0,1,2,4,8
CUST_00185,19.0,Ahmedabad,5.0,26,60637.46,2332.21,5.2,5,0.568,2,3,62.0,40,12.0,11,2,11,2
CUST_00186,36.0,Hyderabad,3.0,7,8467.61,1209.66,2.33,95,0.283,0,6,21.0,3,7.0,7,7,2,2
CUST_00187,18.0,Pune,3.0,3,4897.42,1632.47,1.0,131,0.474,1,4,13.0,8,8.0,5,6,4,3
CUST_00188,31.0,Delhi,1.4,12,7246.45,603.87,8.57,25,0.755,3,2,44.0,13,26.0,13,10,19,1
CUST_00189,38.0,Hyderabad,2.0,4,5594.27,1398.57,2.0,35,0.897,2,1,36.0,14,15.0,4,8,13,1
CUST_00190,29.0,Ahmedabad,2.6,14,21524.38,1537.46,5.38,20,0.469,3,3,72.0,27,8.0,16,3,4,0
CUST_00191,23.0,Mumbai,4.2,21,49410.34,2352.87,5.0,9,0.253,0,2,45.0,27,10.0,4,3,4,2
CUST_00192,42.0,Hyderabad,1.8,6,15236.38,2539.4,3.33,70,0.567,2,2,11.0,3,4.0,1,2,1,3
CUST_00193,33.0,Kolkata,8.3,5,6893.84,1378.77,0.6,197,0.444,1,3,13.0,4,1.0,1,1,3,2
CUST_00194,29.0,Other,,10,10791.47,1079.15,3.45,136,0.278,2,4,13.0,12,7.0,3,4,2,1
CUST_00195,34.0,Ahmedabad,0.9,21,26927.99,1282.29,23.33,24,0.568,2,3,66.0,27,10.0,11,3,7,4
CUST_00196,60.0,Pune,2.3,25,45132.92,1805.32,10.87,8,0.558,2,4,73.0,30,16.0,9,4,11,3
CUST_00197,46.0,Chennai,4.7,4,4532.9,1133.22,0.85,11,0.423,2,4,24.0,8,9.0,10,4,4,1
CUST_00198,46.0,Kolkata,2.4,10,22004.87,2200.49,4.17,198,0.615,2,3,11.0,5,3.0,1,2,0,1
CUST_00199,38.0,Kolkata,1.4,4,9109.84,2277.46,2.86,175,0.761,0,4,6.0,1,2.0,1,1,3,1
CUST_00200,36.0,Ahmedabad,2.1,4,7617.73,1904.43,1.9,61,0.247,2,1,24.0,5,9.0,3,5,2,2
CUST_00201,18.0,Other,1.8,2,3452.39,1726.2,1.11,24,0.509,0,2,20.0,6,7.0,4,2,2,2
CUST_00202,27.0,Mumbai,4.2,20,52617.3,2630.86,4.76,13,0.073,1,3,44.0,25,16.0,15,4,13,4
CUST_00203,29.0,Mumbai,1.7,21,41144.91,1959.28,12.35,16,0.131,1,1,54.0,26,10.0,11,2,19,2
CUST_00204,18.0,Ahmedabad,0.5,8,19252.16,2406.52,16.0,288,0.585,1,4,8.0,3,2.0,0,3,2,3
CUST_00205,22.0,Pune,1.6,15,15317.27,1021.15,9.38,43,0.817,3,3,45.0,19,21.0,13,11,16,1
CUST_00206,18.0,Mumbai,5.7,16,51471.63,3216.98,2.81,22,0.126,1,3,49.0,17,11.0,12,1,9,2
CUST_00207,34.0,Delhi,4.0,24,77556.02,3231.5,6.0,14,0.223,0,1,62.0,15,11.0,14,3,10,2
CUST_00208,42.0,Ahmedabad,0.7,6,9970.04,1661.67,8.57,61,0.415,0,3,15.0,7,8.0,6,4,4,0
CUST_00209,45.0,Mumbai,5.4,19,37872.87,1993.31,3.52,4,0.432,1,5,51.0,25,18.0,8,1,7,3
CUST_00210,38.0,Chennai,6.4,20,63577.24,3178.86,3.12,9,0.325,0,3,45.0,24,18.0,16,7,13,3
CUST_00211,24.0,Mumbai,4.3,13,18208.84,1400.68,3.02,29,0.959,2,6,48.0,17,22.0,10,9,8,1
CUST_00212,18.0,Mumbai,1.4,3,3031.48,1010.49,2.14,107,0.705,1,4,23.0,7,2.0,5,11,3,1
CUST_00213,18.0,Delhi,5.7,1,1745.19,1745.19,0.18,92,0.283,0,5,25.0,11,6.0,1,5,5,3
CUST_00214,21.0,Mumbai,2.5,23,48696.6,2117.24,9.2,4,0.291,2,6,70.0,37,15.0,18,1,7,3
CUST_00215,25.0,Ahmedabad,1.7,5,6496.17,1299.23,2.94,132,0.396,0,5,14.0,5,1.0,2,1,6,4
CUST_00216,32.0,Jaipur,2.5,23,48172.33,2094.45,9.2,7,0.422,0,3,51.0,33,11.0,14,2,5,2
CUST_00217,24.0,Kolkata,3.8,27,45522.98,1686.04,7.11,10,0.243,2,1,63.0,34,15.0,16,7,12,4
CUST_00218,37.0,Pune,4.3,2,2469.42,1234.71,0.47,11,0.114,0,4,14.0,3,4.0,6,4,2,2
CUST_00219,32.0,Bengaluru,3.3,3,1331.93,443.98,0.91,30,0.49,0,2,19.0,10,11.0,6,4,3,2
CUST_00220,34.0,Pune,2.8,4,4700.0,1175.0,1.43,34,0.543,1,5,22.0,5,6.0,6,4,1,1
CUST_00221,45.0,Delhi,1.4,3,6024.93,2008.31,2.14,27,0.453,2,2,13.0,9,6.0,4,9,1,0
CUST_00222,22.0,Bengaluru,4.0,13,15481.6,1190.89,3.25,84,0.645,2,2,55.0,17,23.0,17,4,5,3
CUST_00223,38.0,Kolkata,3.3,17,52427.98,3084.0,5.15,1,0.038,1,1,61.0,19,14.0,21,2,9,2
CUST_00224,34.0,Mumbai,4.2,23,40586.16,1764.62,5.48,13,0.284,3,4,79.0,30,9.0,18,1,7,1
CUST_00225,31.0,Delhi,2.7,25,45218.85,1808.75,9.26,16,0.604,1,6,58.0,52,11.0,14,4,9,3
CUST_00226,43.0,Other,4.6,24,32726.22,1363.59,5.22,14,0.207,1,5,64.0,35,16.0,19,8,9,4
CUST_00227,43.0,Bengaluru,4.2,13,17444.24,1341.86,3.1,59,0.68,1,3,8.0,8,1.0,0,3,2,3
CUST_00228,25.0,Other,,26,43616.89,1677.57,11.82,22,0.356,0,4,72.0,29,15.0,12,8,13,1
CUST_00229,32.0,Other,2.9,11,23842.52,2167.5,3.79,63,0.388,1,3,7.0,1,4.0,3,3,0,1
CUST_00230,37.0,Bengaluru,4.8,2,4909.75,2454.87,0.42,60,0.354,1,2,25.0,4,6.0,5,1,3,3
CUST_00231,31.0,Delhi,5.1,4,5169.71,1292.43,0.78,21,0.4,1,3,14.0,8,3.0,6,6,1,0
CUST_00232,40.0,Ahmedabad,6.2,9,8839.59,982.18,1.45,45,0.821,1,4,52.0,14,24.0,3,11,15,4
CUST_00233,37.0,Mumbai,1.7,13,10944.63,841.89,7.65,19,0.892,1,5,37.0,15,21.0,11,21,10,2
CUST_00234,52.0,Pune,2.3,14,8487.22,606.23,6.09,9,0.897,2,3,40.0,20,20.0,16,8,6,2
CUST_00235,19.0,Ahmedabad,7.8,22,60719.13,2759.96,2.82,32,0.027,0,5,51.0,25,14.0,13,5,4,0
CUST_00236,33.0,Bengaluru,10.0,8,4728.66,591.08,0.8,39,0.651,0,4,28.0,6,7.0,3,2,3,3
CUST_00237,25.0,Pune,3.6,23,31169.58,1355.2,6.39,18,0.571,0,4,65.0,24,15.0,12,5,8,4
CUST_00238,40.0,Chennai,2.8,22,60745.99,2761.18,7.86,29,0.227,1,4,55.0,29,,14,2,11,3
CUST_00239,18.0,Kolkata,10.0,4,8651.06,2162.76,0.4,142,0.66,0,4,16.0,6,4.0,10,7,1,1
CUST_00240,37.0,Mumbai,8.3,20,57725.58,2886.28,2.41,14,0.105,1,1,57.0,27,13.0,18,5,8,3
CUST_00241,28.0,Pune,4.9,5,9233.01,1846.6,1.02,39,0.603,1,5,7.0,4,2.0,1,2,2,1
CUST_00242,27.0,Pune,2.7,11,13807.29,1255.21,4.07,197,0.428,2,4,11.0,4,4.0,2,2,0,2
CUST_00243,20.0,Delhi,3.8,6,9675.03,1612.51,1.58,93,0.452,3,3,11.0,2,3.0,2,2,2,3
CUST_00244,29.0,Kolkata,0.8,16,19422.37,1213.9,20.0,6,0.232,2,3,68.0,31,6.0,20,3,8,3
CUST_00245,45.0,Kolkata,5.4,15,29145.02,1943.0,2.78,17,0.273,0,6,55.0,26,19.0,14,3,8,0
CUST_00246,34.0,Chennai,1.8,7,8042.25,1148.89,3.89,146,0.288,1,3,9.0,2,3.0,0,2,0,1
CUST_00247,40.0,Mumbai,7.5,21,50962.15,2426.77,2.8,28,0.3,1,3,85.0,33,16.0,13,3,10,3
CUST_00248,51.0,Mumbai,0.6,14,39340.26,,23.33,128,0.549,0,4,9.0,3,1.0,0,0,3,6
CUST_00249,37.0,Pune,1.9,12,19942.19,1661.85,6.32,72,0.763,3,3,14.0,8,3.0,2,2,1,4
CUST_00250,28.0,Pune,3.2,7,10423.56,,2.19,99,0.636,1,2,15.0,2,4.0,3,1,0,1
CUST_00251,39.0,Mumbai,3.1,27,42059.54,1557.76,8.71,6,0.258,2,5,58.0,34,7.0,12,1,9,1
CUST_00252,29.0,Bengaluru,1.7,32,59848.05,1870.25,18.82,14,0.358,0,4,54.0,30,21.0,15,5,14,1
CUST_00253,29.0,Mumbai,3.2,5,6587.36,1317.47,1.56,233,0.714,1,5,14.0,3,7.0,2,3,2,1
CUST_00254,19.0,Kolkata,2.7,29,55158.75,1902.03,10.74,9,0.234,1,6,67.0,39,12.0,14,5,14,3
CUST_00255,43.0,Ahmedabad,3.2,14,52528.49,3752.04,4.38,17,0.226,2,1,58.0,25,14.0,17,2,10,2
CUST_00256,30.0,Hyderabad,2.1,7,5536.49,790.93,3.33,8,0.833,2,4,44.0,20,22.0,17,13,19,0
CUST_00257,36.0,Mumbai,6.1,8,12184.19,1523.02,1.31,166,0.62,2,4,11.0,7,8.0,3,0,3,0
CUST_00258,24.0,Jaipur,3.8,5,8966.28,1793.26,1.32,74,0.572,1,2,19.0,10,5.0,2,2,4,3
CUST_00259,38.0,Other,2.2,14,11788.37,842.03,6.36,2,0.651,1,1,38.0,15,21.0,18,11,10,2
CUST_00260,26.0,Pune,4.5,17,25759.55,1515.27,3.78,9,0.068,0,3,60.0,29,16.0,14,6,4,3
CUST_00261,33.0,Chennai,1.9,8,6173.33,771.67,4.21,14,0.906,2,6,47.0,17,22.0,14,9,7,1
CUST_00262,43.0,Ahmedabad,1.9,5,7994.68,1598.94,2.63,57,0.341,2,3,11.0,2,6.0,2,0,2,5
CUST_00263,42.0,Hyderabad,0.7,23,42984.2,1868.88,32.86,2,0.11,1,2,52.0,20,8.0,11,5,11,5
CUST_00264,34.0,Delhi,4.0,16,21135.86,1320.99,4.0,12,0.821,1,3,46.0,17,25.0,9,3,6,3
CUST_00265,18.0,Bengaluru,3.4,6,11759.38,1959.9,1.76,135,0.328,3,3,10.0,4,2.0,2,2,0,5
CUST_00266,64.0,Bengaluru,1.5,5,7855.38,1571.08,3.33,180,0.237,1,3,24.0,6,5.0,7,6,2,1
CUST_00267,51.0,Delhi,1.5,4,5032.04,1258.01,2.67,110,0.238,0,3,17.0,11,3.0,5,4,5,5
CUST_00268,41.0,Other,4.0,4,3918.36,979.59,1.0,180,0.451,0,4,19.0,9,6.0,3,5,5,8
CUST_00269,26.0,Kolkata,2.2,43,82908.57,1928.11,19.55,11,0.239,2,3,62.0,34,10.0,16,6,11,1
CUST_00270,33.0,Pune,4.0,32,69092.2,2159.13,8.0,26,0.286,2,3,71.0,35,14.0,15,4,11,1
CUST_00271,29.0,Hyderabad,0.7,9,12045.63,1338.4,12.86,52,0.406,0,3,24.0,10,5.0,3,1,0,0
CUST_00272,47.0,Chennai,1.1,6,12799.68,2133.28,5.45,73,0.436,2,2,21.0,4,4.0,5,4,3,4
CUST_00273,37.0,Mumbai,5.7,9,13207.54,1467.5,1.58,154,0.334,3,2,9.0,1,3.0,3,2,2,3
CUST_00274,26.0,Delhi,3.6,6,9554.92,1592.49,1.67,39,0.509,5,3,9.0,5,2.0,1,2,3,7
CUST_00275,29.0,Other,4.8,10,14054.88,1405.49,2.08,11,0.885,5,4,52.0,23,15.0,11,10,17,2
CUST_00276,45.0,Hyderabad,2.2,15,17608.85,1173.92,6.82,35,0.903,2,1,30.0,10,20.0,5,8,13,2
CUST_00277,50.0,Pune,1.6,4,8268.95,2067.24,2.5,23,0.403,2,5,19.0,3,6.0,3,7,2,1
CUST_00278,49.0,Mumbai,5.4,2,2545.69,1272.84,0.37,93,0.356,1,4,19.0,9,6.0,4,8,2,4
CUST_00279,42.0,Bengaluru,0.2,3,6450.63,2150.21,15.0,73,0.51,1,3,18.0,9,3.0,4,10,1,0
CUST_00280,31.0,Hyderabad,2.9,4,5589.1,1397.27,1.38,79,0.588,0,4,22.0,5,1.0,2,8,6,2
CUST_00281,18.0,Delhi,4.6,6,11396.85,1899.47,1.3,47,0.43,5,4,11.0,4,3.0,0,1,0,3
CUST_00282,37.0,Chennai,2.2,26,38228.39,1470.32,11.82,7,0.368,1,3,56.0,38,18.0,10,1,16,0
CUST_00283,34.0,Mumbai,10.0,30,58552.75,1951.76,3.0,35,0.218,2,1,49.0,28,11.0,17,5,13,4
CUST_00284,35.0,Mumbai,3.0,12,37568.72,3130.73,4.0,17,0.205,0,3,58.0,25,13.0,11,6,14,4
CUST_00285,35.0,Hyderabad,4.1,7,8650.18,1235.74,1.71,74,0.612,5,3,48.0,16,20.0,11,14,8,0
CUST_00286,21.0,Mumbai,1.5,20,61176.86,3058.84,13.33,20,0.043,0,5,59.0,21,16.0,14,2,10,2
CUST_00287,40.0,Jaipur,8.3,8,9401.91,1175.24,0.96,31,0.879,3,3,52.0,18,23.0,11,12,5,3
CUST_00288,40.0,Mumbai,3.2,15,19916.51,1327.77,4.69,46,0.597,2,4,36.0,19,20.0,14,12,15,2
CUST_00289,41.0,Chennai,2.3,20,38687.28,1934.36,8.7,4,0.284,0,3,74.0,36,,14,6,9,1
CUST_00290,43.0,Delhi,3.1,10,10533.5,1053.35,3.23,28,0.773,3,3,44.0,13,24.0,9,12,22,3
CUST_00291,40.0,Delhi,4.4,10,34520.5,3452.05,2.27,10,0.09,0,3,66.0,18,22.0,10,3,7,1
CUST_00292,30.0,Kolkata,1.9,22,58349.12,2652.23,11.58,11,0.217,0,2,47.0,23,14.0,13,3,4,2
CUST_00293,33.0,Bengaluru,3.8,2,1713.44,856.72,0.53,19,0.583,1,2,30.0,10,5.0,3,3,1,1
CUST_00294,35.0,Kolkata,0.7,23,45635.31,1984.14,32.86,1,0.391,1,2,79.0,41,11.0,19,3,11,4
CUST_00295,35.0,Bengaluru,0.9,25,53462.29,2138.49,27.78,7,0.296,0,5,59.0,26,10.0,14,4,4,3
CUST_00296,44.0,Hyderabad,3.2,6,7874.65,1312.44,1.88,49,0.831,4,3,41.0,16,23.0,9,11,11,2
CUST_00297,40.0,Kolkata,7.7,1,1435.1,1435.1,0.13,80,0.484,1,2,21.0,7,9.0,2,6,3,2
CUST_00298,55.0,Hyderabad,0.6,33,58532.09,1773.7,55.0,10,0.242,2,4,66.0,30,17.0,19,3,10,3
CUST_00299,56.0,Hyderabad,1.9,2,2535.96,1267.98,1.05,65,0.279,1,5,16.0,11,5.0,5,7,1,5
CUST_00300,35.0,Ahmedabad,1.1,18,47387.07,2632.61,16.36,1,0.226,2,3,48.0,25,15.0,13,2,5,3
CUST_00301,18.0,Other,2.2,13,39339.31,3026.1,5.91,9,0.15,1,3,58.0,26,9.0,14,5,7,1
CUST_00302,46.0,Delhi,3.0,11,13267.36,1206.12,3.67,9,0.697,3,3,46.0,12,27.0,10,13,11,3
CUST_00303,29.0,Hyderabad,2.5,10,12189.85,1218.98,4.0,3,0.899,0,3,38.0,15,17.0,19,8,12,2
CUST_00304,26.0,Mumbai,0.4,4,7069.45,1767.36,10.0,49,0.351,2,3,18.0,5,4.0,7,3,2,2
CUST_00305,30.0,Delhi,0.7,4,3570.82,892.7,5.71,147,0.516,1,2,20.0,6,9.0,2,5,2,1
CUST_00306,30.0,Bengaluru,1.1,9,16151.08,1794.56,8.18,92,0.503,2,2,7.0,6,3.0,3,2,3,2
CUST_00307,40.0,Ahmedabad,2.0,11,13198.62,1199.87,5.5,23,0.795,3,3,43.0,23,16.0,17,11,13,6
CUST_00308,18.0,Bengaluru,1.6,28,54011.89,1929.0,17.5,1,0.362,1,4,61.0,37,10.0,15,4,13,1
CUST_00309,23.0,Kolkata,2.1,7,7492.78,1070.4,3.33,81,0.177,1,2,20.0,8,5.0,3,7,3,1
CUST_00310,37.0,Mumbai,2.7,16,32661.53,2041.35,5.93,12,0.064,1,3,70.0,28,10.0,14,3,8,3
CUST_00311,40.0,Bengaluru,2.3,22,44246.54,2011.21,9.57,21,0.471,3,4,52.0,41,13.0,14,6,10,0
CUST_00312,40.0,Other,8.7,22,49556.88,2252.59,2.53,44,0.125,1,4,64.0,20,14.0,19,4,9,1
CUST_00313,26.0,Pune,8.9,19,39267.48,2066.71,2.13,36,0.163,2,2,61.0,21,15.0,17,4,6,5
CUST_00314,24.0,Mumbai,3.1,13,21283.27,1637.17,4.19,147,0.359,1,4,12.0,4,1.0,1,2,4,2
CUST_00315,29.0,Bengaluru,1.7,4,9564.79,2391.2,2.35,67,0.333,0,4,19.0,6,16.0,2,5,6,1
CUST_00316,36.0,Chennai,2.3,3,4990.13,1663.38,1.3,51,0.222,2,5,9.0,6,3.0,4,3,1,1
CUST_00317,49.0,Bengaluru,3.5,19,35355.96,1860.84,5.43,6,0.236,1,4,75.0,40,9.0,15,5,13,5
CUST_00318,18.0,Bengaluru,1.4,14,36621.83,2615.85,10.0,14,0.123,0,4,41.0,31,12.0,13,2,13,0
CUST_00319,32.0,Chennai,3.5,16,35822.06,2238.88,4.57,35,0.176,1,4,62.0,28,13.0,12,1,13,3
CUST_00320,21.0,Pune,2.4,23,62150.84,2702.21,9.58,12,0.323,2,4,66.0,32,8.0,16,4,13,2
CUST_00321,18.0,Kolkata,8.0,15,17115.91,1141.06,1.88,63,0.568,6,1,39.0,14,25.0,11,4,13,3
CUST_00322,44.0,Mumbai,1.3,2,2658.5,1329.25,1.54,24,0.292,0,1,22.0,7,7.0,4,3,0,0
CUST_00323,39.0,Delhi,6.6,6,3163.44,527.24,0.91,57,0.4,1,4,13.0,6,16.0,6,6,3,1
CUST_00324,38.0,Chennai,3.5,32,42650.06,1332.81,9.14,2,0.309,2,5,79.0,32,16.0,18,6,13,4
CUST_00325,43.0,Ahmedabad,1.6,7,12549.81,1792.83,4.38,138,0.295,1,2,5.0,4,3.0,1,2,3,2
CUST_00326,29.0,Ahmedabad,4.7,2,1825.34,912.67,0.43,10,0.52,0,3,20.0,5,12.0,9,3,3,2
CUST_00327,30.0,Kolkata,0.2,9,7933.64,881.52,45.0,19,0.675,2,2,47.0,24,16.0,16,8,16,3
CUST_00328,56.0,Delhi,2.0,13,13868.81,1066.83,6.5,49,0.86,1,5,53.0,20,10.0,10,4,10,3
CUST_00329,32.0,Mumbai,2.4,28,46019.75,1643.56,11.67,4,0.289,0,3,66.0,36,12.0,11,5,11,7
CUST_00330,41.0,Pune,1.7,29,52855.2,1822.59,17.06,3,0.269,0,1,54.0,32,9.0,19,4,10,1
CUST_00331,34.0,Jaipur,5.6,24,37560.87,1565.04,4.29,29,0.554,2,2,70.0,30,11.0,22,3,5,2
CUST_00332,18.0,Jaipur,10.0,8,9480.99,1185.12,0.8,137,0.57,1,2,15.0,7,8.0,6,5,1,0
CUST_00333,18.0,Other,1.3,20,50260.24,2513.01,15.38,10,0.366,3,1,56.0,31,18.0,11,2,11,1
CUST_00334,28.0,Mumbai,5.3,22,50405.06,2291.14,4.15,19,0.173,3,3,69.0,22,12.0,9,3,6,0
CUST_00335,45.0,Hyderabad,3.0,22,63607.97,2891.27,7.33,3,0.172,1,4,68.0,26,14.0,10,7,13,1
CUST_00336,42.0,Chennai,4.9,13,30876.2,2375.09,2.65,17,0.01,2,5,57.0,24,8.0,8,6,12,2
CUST_00337,43.0,Kolkata,3.4,10,13172.33,1317.23,2.94,155,0.508,1,1,10.0,2,6.0,0,1,1,3
CUST_00338,24.0,Chennai,2.5,2,2480.65,1240.32,0.8,29,0.13,0,1,14.0,10,2.0,5,7,2,3
CUST_00339,50.0,Kolkata,10.0,17,20824.75,1224.99,1.7,20,0.655,4,1,46.0,13,15.0,12,5,10,1
CUST_00340,24.0,Delhi,3.3,13,30433.35,2341.03,3.94,16,0.107,1,5,45.0,24,17.0,14,5,10,0
CUST_00341,36.0,Mumbai,5.2,7,6158.77,879.82,1.35,30,0.892,2,3,43.0,13,14.0,9,9,16,2
CUST_00342,34.0,Pune,1.7,11,12235.91,1112.36,6.47,27,0.797,4,3,46.0,25,24.0,12,14,8,3
CUST_00343,32.0,Mumbai,7.6,16,47241.6,2952.6,2.11,2,0.342,0,1,56.0,22,18.0,12,2,7,2
CUST_00344,47.0,Delhi,2.9,23,36528.53,1588.2,7.93,2,0.413,4,3,66.0,36,11.0,27,8,12,4
CUST_00345,27.0,Mumbai,0.9,25,31705.69,1268.23,27.78,29,0.42,0,3,55.0,41,16.0,12,4,8,3
CUST_00346,21.0,Delhi,2.2,6,6136.84,1022.81,2.73,7,0.86,0,7,46.0,23,25.0,11,7,16,1
CUST_00347,34.0,Hyderabad,3.2,1,1389.72,1389.72,0.31,57,0.402,3,2,22.0,8,8.0,3,8,3,3
CUST_00348,30.0,Jaipur,3.1,12,24538.43,2044.87,3.87,21,0.353,3,4,59.0,22,18.0,8,2,6,1
CUST_00349,68.0,Ahmedabad,2.7,30,43679.47,1455.98,11.11,11,0.484,4,2,61.0,25,10.0,22,2,7,4
CUST_00350,41.0,Pune,3.0,3,3937.27,1312.42,1.0,19,0.233,0,4,19.0,4,2.0,8,5,2,2
CUST_00351,30.0,Mumbai,1.2,12,17188.34,1432.36,10.0,57,0.742,0,4,,16,22.0,18,10,7,2
CUST_00352,23.0,Pune,2.9,12,21675.03,1806.25,4.14,87,0.528,2,4,6.0,4,5.0,3,2,3,2
CUST_00353,18.0,Other,2.0,6,7067.51,1177.92,3.0,37,0.513,0,2,16.0,6,6.0,7,2,0,1
CUST_00354,24.0,Hyderabad,4.1,16,34352.36,2147.02,3.9,10,0.209,0,3,62.0,32,8.0,15,3,6,1
CUST_00355,35.0,Pune,3.1,20,55387.61,2769.38,6.45,3,0.235,0,4,58.0,36,15.0,17,2,5,1
CUST_00356,48.0,Ahmedabad,1.8,5,6991.13,1398.23,2.78,22,0.386,0,3,22.0,12,11.0,4,9,6,3
CUST_00357,45.0,Delhi,4.2,15,32437.63,2162.51,3.57,5,0.176,1,5,47.0,27,21.0,7,1,7,2
CUST_00358,36.0,Jaipur,5.5,9,8381.21,931.25,1.64,43,0.651,3,5,49.0,12,16.0,13,8,12,1
CUST_00359,31.0,Pune,3.6,11,19776.95,1797.9,3.06,144,0.727,2,4,9.0,6,3.0,5,0,3,1
CUST_00360,37.0,Delhi,1.5,18,17209.29,956.07,12.0,27,0.834,2,5,57.0,17,,12,9,14,2
CUST_00361,29.0,Bengaluru,9.3,25,39740.32,1589.61,2.69,10,0.532,1,3,77.0,35,15.0,17,1,7,2
CUST_00362,51.0,Jaipur,2.8,6,10323.85,1720.64,2.14,15,0.417,0,5,20.0,9,3.0,4,7,4,4
CUST_00363,32.0,Jaipur,3.5,8,11612.13,1451.52,2.29,13,0.801,2,4,51.0,19,21.0,10,4,12,2
CUST_00364,33.0,Hyderabad,0.6,5,6828.67,1365.73,8.33,57,0.698,3,4,49.0,17,20.0,17,13,9,5
CUST_00365,18.0,Pune,3.0,9,10368.8,1152.09,3.0,175,0.409,1,1,13.0,4,5.0,2,4,5,2
CUST_00366,32.0,Delhi,4.9,23,39391.54,1712.68,4.69,4,0.582,0,2,73.0,26,12.0,17,3,12,2
CUST_00367,42.0,Other,2.3,5,8858.35,1771.67,2.17,147,0.623,3,2,10.0,3,2.0,3,0,0,1
CUST_00368,23.0,Hyderabad,3.9,8,9672.14,1209.02,2.05,44,0.794,3,2,7.0,4,4.0,2,3,1,0
CUST_00369,26.0,Ahmedabad,4.0,18,58508.18,3250.45,4.5,8,0.073,0,3,63.0,20,15.0,12,2,11,3
CUST_00370,42.0,Bengaluru,5.1,20,41467.01,2073.35,3.92,5,0.275,3,5,48.0,35,19.0,9,2,10,2
CUST_00371,19.0,Hyderabad,2.8,13,33023.86,2540.3,4.64,24,0.134,1,1,47.0,21,20.0,9,3,6,2
CUST_00372,45.0,Bengaluru,2.1,16,34656.87,2166.05,7.62,10,0.091,1,5,70.0,27,11.0,9,4,8,6
CUST_00373,29.0,Chennai,1.0,10,33314.1,3331.41,10.0,8,0.218,0,3,43.0,26,14.0,12,0,8,4
CUST_00374,30.0,Jaipur,4.0,6,12813.76,2135.63,1.5,31,0.494,0,4,32.0,11,9.0,5,4,4,4
CUST_00375,23.0,Bengaluru,8.9,14,29005.9,2071.85,1.57,8,0.195,0,2,49.0,19,16.0,13,4,10,1
CUST_00376,38.0,Bengaluru,1.6,21,37989.91,1809.04,13.12,11,0.468,0,4,72.0,34,9.0,18,3,13,3
CUST_00377,59.0,Delhi,4.7,5,10180.04,2036.01,1.06,86,0.354,1,3,25.0,7,5.0,8,3,3,5
CUST_00378,42.0,Mumbai,8.1,29,103206.68,3558.85,3.58,14,0.367,3,4,50.0,31,25.0,14,3,9,1
CUST_00379,25.0,Other,1.7,1,429.23,429.23,0.59,31,0.401,2,4,27.0,8,5.0,7,5,3,1
CUST_00380,45.0,Delhi,5.6,23,30287.29,1316.84,4.11,6,0.088,1,5,76.0,32,9.0,17,5,9,3
CUST_00381,31.0,Ahmedabad,0.9,11,29057.9,2641.63,12.22,15,0.173,1,2,59.0,29,12.0,12,2,10,3
CUST_00382,48.0,Kolkata,5.7,4,6250.21,1562.55,0.7,56,0.433,1,6,13.0,4,4.0,6,5,5,2
CUST_00383,42.0,Ahmedabad,0.6,2,3275.02,1637.51,3.33,103,0.378,1,3,16.0,11,4.0,3,8,5,5
CUST_00384,18.0,Other,0.4,8,18390.92,2298.86,20.0,70,0.574,2,5,8.0,3,1.0,5,1,0,4
CUST_00385,24.0,Hyderabad,1.3,1,2139.46,2139.46,0.77,106,0.583,2,3,18.0,8,6.0,6,4,5,3
CUST_00386,43.0,Jaipur,4.1,2,3518.21,1759.1,0.49,23,0.576,0,6,15.0,7,7.0,7,3,1,3
CUST_00387,36.0,Mumbai,3.2,22,31432.24,1428.74,6.88,10,0.302,2,3,69.0,25,10.0,13,3,13,1
CUST_00388,24.0,Hyderabad,5.8,16,40123.42,2507.71,2.76,30,0.218,0,4,55.0,20,6.0,18,6,9,3
CUST_00389,28.0,Kolkata,2.8,3,4532.8,1510.93,1.07,49,0.234,1,5,27.0,7,4.0,8,9,5,4
CUST_00390,18.0,Pune,1.2,2,2645.95,1322.97,1.67,43,0.431,1,2,21.0,9,2.0,6,4,1,3
CUST_00391,33.0,Kolkata,3.3,12,16960.91,1413.41,3.64,112,0.659,2,4,11.0,5,2.0,1,0,3,5
CUST_00392,56.0,Kolkata,4.4,36,65105.6,1808.49,8.18,6,0.167,1,4,65.0,25,12.0,16,2,12,6
CUST_00393,42.0,Ahmedabad,3.9,25,47818.11,1912.72,6.41,9,0.135,0,2,63.0,34,12.0,15,6,7,2
CUST_00394,56.0,Delhi,4.0,7,11513.92,1644.85,1.75,70,0.358,0,5,26.0,5,4.0,7,5,3,4
CUST_00395,43.0,Chennai,4.7,29,52921.48,1824.88,6.17,16,0.283,3,5,64.0,23,11.0,12,8,14,3
CUST_00396,44.0,Delhi,2.9,8,12644.54,1580.57,2.76,136,0.261,0,5,6.0,4,2.0,0,0,2,1
CUST_00397,54.0,Kolkata,5.8,10,16637.5,1663.75,1.72,74,0.564,4,3,19.0,4,0.0,2,1,4,3
CUST_00398,38.0,Bengaluru,0.8,23,31117.25,1352.92,28.75,15,0.453,2,3,65.0,33,11.0,10,4,7,3
CUST_00399,32.0,Hyderabad,6.0,3,2744.46,914.82,0.5,50,0.271,1,6,12.0,8,9.0,5,9,3,3
CUST_00400,44.0,Bengaluru,5.8,5,6116.31,1223.26,0.86,24,0.479,3,4,16.0,8,9.0,5,6,4,5
CUST_00401,49.0,Mumbai,2.8,18,28023.37,1556.85,6.43,29,0.23,1,3,52.0,30,,11,4,8,1
CUST_00402,29.0,Mumbai,3.6,10,18768.46,1876.85,2.78,134,0.563,2,6,8.0,6,4.0,0,0,6,2
CUST_00403,27.0,Mumbai,4.2,12,10514.89,876.24,2.86,46,0.959,2,1,47.0,19,21.0,13,12,8,3
CUST_00404,35.0,Hyderabad,10.0,4,8724.52,2181.13,0.4,92,0.37,0,1,17.0,9,5.0,8,4,3,3
CUST_00405,42.0,Ahmedabad,2.6,21,34796.68,1656.98,8.08,6,0.348,1,5,76.0,33,16.0,17,3,10,1
CUST_00406,42.0,Mumbai,2.7,7,12504.44,1786.35,2.59,363,0.333,2,1,9.0,0,3.0,1,1,2,3
CUST_00407,20.0,Mumbai,1.1,30,54111.46,1803.72,27.27,6,0.264,0,3,72.0,30,13.0,16,4,9,6
CUST_00408,53.0,Bengaluru,7.4,14,48061.93,3433.0,1.89,8,0.092,0,5,49.0,25,16.0,17,2,6,1
CUST_00409,28.0,Kolkata,3.9,8,13632.13,1704.02,2.05,71,0.69,2,4,8.0,2,1.0,2,4,0,3
CUST_00410,31.0,Mumbai,2.3,18,51370.92,2853.94,7.83,10,0.283,1,4,60.0,29,14.0,14,1,12,3
CUST_00411,25.0,Pune,3.0,26,48615.87,1869.84,8.67,35,0.563,0,8,65.0,39,9.0,16,5,4,3
CUST_00412,61.0,Pune,5.1,12,21907.46,1825.62,2.35,111,0.356,1,3,14.0,3,4.0,1,1,1,3
CUST_00413,36.0,Delhi,3.2,8,17284.87,2160.61,2.5,70,0.645,1,1,11.0,5,5.0,4,2,0,1
CUST_00414,25.0,Pune,3.9,7,6823.1,974.73,1.79,5,0.732,4,1,35.0,22,14.0,7,13,6,1
CUST_00415,43.0,Delhi,,4,4982.77,1245.69,3.08,37,0.318,1,6,15.0,8,5.0,8,7,7,3
CUST_00416,42.0,Kolkata,1.4,10,11896.65,1189.67,7.14,14,0.873,2,1,45.0,16,16.0,17,5,9,6
CUST_00417,32.0,Hyderabad,6.4,38,75973.16,1999.2936842105264,2.97,13,0.229,0,1,58.0,35,21.0,18,1,11,0
CUST_00418,42.0,Mumbai,1.8,24,39941.16,1664.22,13.33,7,0.043,2,7,78.0,28,13.0,12,6,10,3
CUST_00419,26.0,Chennai,1.5,6,6971.02,1161.84,4.0,180,0.346,0,2,13.0,4,8.0,2,6,4,2
CUST_00420,29.0,Bengaluru,0.5,3,6610.9,2203.63,6.0,110,0.572,1,5,13.0,5,2.0,4,5,3,3
CUST_00421,18.0,Other,5.7,5,8818.56,1763.71,0.88,41,0.58,0,5,19.0,5,8.0,6,5,2,3
CUST_00422,21.0,Delhi,2.0,3,2954.5,984.83,1.5,28,0.163,0,3,16.0,10,4.0,3,2,3,9
CUST_00423,52.0,Kolkata,8.0,18,35828.91,1990.5,2.25,14,0.156,2,3,51.0,24,15.0,10,6,7,1
CUST_00424,50.0,Kolkata,1.7,11,14222.29,1292.94,6.47,25,0.875,0,2,47.0,21,18.0,7,7,15,1
CUST_00425,35.0,Pune,1.0,21,49127.49,2339.4,21.0,11,0.225,1,6,53.0,24,11.0,16,1,12,0
CUST_00426,51.0,Other,1.5,14,15473.89,1105.28,9.33,49,0.843,5,6,46.0,15,15.0,5,7,16,2
CUST_00427,32.0,Bengaluru,3.0,8,7528.07,941.01,2.67,32,0.859,5,4,48.0,16,18.0,20,12,11,2
CUST_00428,32.0,Chennai,10.0,13,22949.38,1765.34,1.3,168,0.73,2,2,8.0,8,5.0,3,0,5,1
CUST_00429,35.0,Mumbai,7.3,22,37861.54,1720.98,3.01,13,0.135,1,2,63.0,36,,19,6,6,2
CUST_00430,33.0,Pune,5.6,21,37230.11,1772.86,3.75,15,0.358,0,2,54.0,29,18.0,12,4,9,2
CUST_00431,32.0,Hyderabad,8.1,13,28743.7,2211.05,1.6,5,0.087,0,3,50.0,31,8.0,11,0,11,4
CUST_00432,45.0,Delhi,2.7,9,18328.49,2036.5,3.33,49,0.513,1,7,20.0,10,7.0,6,3,0,4
CUST_00433,36.0,Bengaluru,2.0,12,10011.19,834.27,6.0,15,0.833,2,2,49.0,22,34.0,7,5,15,5
CUST_00434,41.0,Delhi,5.9,15,38142.19,2542.81,2.54,11,0.227,0,3,54.0,22,10.0,17,3,5,0
CUST_00435,44.0,Chennai,2.9,15,51276.23,3418.42,5.17,17,0.049,0,3,46.0,27,15.0,14,1,9,2
CUST_00436,38.0,Bengaluru,1.5,4,7701.56,1925.39,2.67,83,0.371,0,6,11.0,6,3.0,5,7,5,2
CUST_00437,,Mumbai,0.2,22,84608.91,3845.86,110.0,9,0.356,2,3,57.0,23,15.0,9,2,16,5
CUST_00438,20.0,Chennai,1.4,5,6708.32,1341.66,3.57,116,0.426,0,2,13.0,10,,4,6,0,1
CUST_00439,35.0,Bengaluru,4.2,3,6690.29,2230.1,0.71,37,0.564,1,1,17.0,7,3.0,6,2,1,3
CUST_00440,32.0,Delhi,1.5,16,45865.39,2866.59,10.67,16,0.113,1,6,66.0,27,13.0,11,1,5,3
CUST_00441,35.0,Mumbai,5.1,23,41895.86,1821.56,4.51,13,0.147,3,6,57.0,29,11.0,13,2,7,1
CUST_00442,34.0,Pune,0.9,7,12427.71,1775.39,7.78,65,0.192,1,2,7.0,6,6.0,0,1,3,2
CUST_00443,60.0,Pune,1.4,22,37533.4,1706.06,15.71,5,0.277,2,5,64.0,37,8.0,14,7,7,0
CUST_00444,21.0,Other,8.2,23,44134.29,1918.88,2.8,37,0.258,2,6,62.0,34,13.0,7,2,9,5
CUST_00445,18.0,Bengaluru,5.5,5,5051.79,1010.36,0.91,52,0.103,1,4,16.0,9,5.0,5,9,2,4
CUST_00446,37.0,Mumbai,3.0,9,20774.97,2308.33,3.0,131,0.888,2,6,13.0,3,2.0,2,1,2,7
CUST_00447,30.0,Mumbai,3.0,6,13941.97,2323.66,2.0,30,0.713,2,4,8.0,4,7.0,2,1,2,3
CUST_00448,37.0,Mumbai,1.6,2,3359.49,1679.74,1.25,58,0.191,0,6,16.0,4,7.0,4,3,7,2
CUST_00449,40.0,Hyderabad,6.5,20,37487.36,1874.37,3.08,7,0.358,1,3,65.0,38,12.0,19,3,5,1
CUST_00450,47.0,Pune,6.5,25,94117.18,3764.69,3.85,10,0.082,0,2,50.0,28,11.0,12,2,8,3
CUST_00451,19.0,Bengaluru,2.6,5,7246.58,1449.32,1.92,64,0.295,1,5,12.0,7,5.0,6,6,1,5
CUST_00452,28.0,Delhi,2.6,8,8728.94,1091.12,3.08,16,0.914,5,2,47.0,15,16.0,16,9,11,2
CUST_00453,38.0,Ahmedabad,1.9,27,40658.84,1505.88,14.21,3,0.186,1,3,65.0,37,11.0,13,1,8,9
CUST_00454,42.0,Delhi,3.6,11,14480.54,1316.41,3.06,238,0.324,4,4,10.0,3,3.0,1,2,2,2
CUST_00455,56.0,Bengaluru,0.5,19,32563.22,1713.85,38.0,21,0.272,2,4,46.0,32,14.0,13,4,9,4
CUST_00456,44.0,Kolkata,2.8,9,8696.37,966.26,3.21,45,0.938,5,2,62.0,17,23.0,12,9,16,4
CUST_00457,33.0,Bengaluru,5.6,20,60589.13,3029.46,3.57,12,0.396,0,3,70.0,33,10.0,12,2,14,3
CUST_00458,25.0,Ahmedabad,3.3,14,20978.81,1498.49,4.24,47,0.868,2,5,42.0,13,16.0,9,8,12,5
CUST_00459,28.0,Chennai,4.7,16,42126.44,2632.9,3.4,18,0.231,0,2,54.0,27,15.0,19,1,9,5
CUST_00460,28.0,Bengaluru,3.8,17,54679.81,3216.46,4.47,4,0.302,2,1,50.0,14,8.0,13,2,8,0
CUST_00461,41.0,Bengaluru,3.4,20,44445.2,2222.26,5.88,35,0.141,0,4,51.0,24,10.0,16,0,7,1
CUST_00462,37.0,Other,3.0,3,7941.2,2647.07,1.0,86,0.247,1,4,18.0,7,4.0,0,5,3,3
CUST_00463,21.0,Chennai,5.1,3,4210.25,1403.42,0.59,122,0.514,0,4,23.0,5,2.0,3,0,1,3
CUST_00464,30.0,Other,2.5,9,6334.05,703.78,3.6,6,0.851,2,6,52.0,21,22.0,16,6,11,1
CUST_00465,43.0,Mumbai,1.3,12,10930.72,910.89,9.23,154,0.186,0,3,12.0,4,1.0,1,1,2,1
CUST_00466,38.0,Bengaluru,6.9,30,52564.63,1752.15,4.35,9,0.204,1,5,54.0,36,11.0,19,8,11,3
CUST_00467,40.0,Other,4.8,23,53580.67,2329.59,4.79,21,0.329,5,5,75.0,27,14.0,17,6,11,3
CUST_00468,38.0,Delhi,0.5,8,8592.55,1074.07,16.0,66,0.48,1,3,10.0,2,2.0,1,4,0,1
CUST_00469,50.0,Other,3.6,24,49194.26,2049.76,6.67,5,0.362,1,7,54.0,23,14.0,11,4,6,2
CUST_00470,36.0,Mumbai,0.4,7,15710.93,2244.42,17.5,34,0.683,3,6,12.0,5,2.0,2,0,1,2
CUST_00471,30.0,Other,1.0,23,71700.1,3117.4,23.0,6,0.392,0,4,62.0,18,14.0,11,0,5,2
CUST_00472,25.0,Bengaluru,3.9,19,46022.34,2422.23,4.87,124,0.868,1,1,7.0,6,6.0,4,4,2,3
CUST_00473,36.0,Mumbai,6.7,24,79814.55,3325.61,3.58,15,0.278,1,3,66.0,24,15.0,14,4,3,4
CUST_00474,18.0,Jaipur,10.0,8,13384.82,1673.1,0.8,228,0.698,0,3,11.0,5,3.0,0,0,4,1
CUST_00475,32.0,Pune,8.2,16,25677.92,1604.87,1.95,19,0.905,2,3,45.0,25,23.0,12,13,13,2
CUST_00476,32.0,Mumbai,0.7,8,15092.98,1886.62,11.43,41,0.553,1,3,6.0,1,4.0,2,3,2,3
CUST_00477,20.0,Mumbai,8.9,15,42075.73,2805.05,1.69,3,0.162,1,1,55.0,27,11.0,11,3,13,4
CUST_00478,25.0,Chennai,5.1,6,6707.41,1117.9,1.18,30,0.908,3,5,46.0,16,20.0,12,10,9,5
CUST_00479,42.0,Other,5.4,9,17267.77,1918.64,1.67,131,0.514,6,2,9.0,4,1.0,0,1,2,0
CUST_00480,36.0,Mumbai,1.8,7,5271.25,753.04,3.89,32,0.672,3,4,56.0,19,20.0,11,4,4,1
CUST_00481,35.0,Bengaluru,4.1,2,4025.41,2012.7,0.49,73,0.466,1,6,25.0,9,9.0,7,5,3,1
CUST_00482,37.0,Pune,3.9,4,6493.41,1623.35,1.03,99,0.288,1,5,13.0,7,2.0,6,5,3,5
CUST_00483,35.0,Kolkata,4.1,11,10659.25,969.02,2.68,46,0.874,2,4,47.0,18,29.0,21,10,7,0
CUST_00484,46.0,Mumbai,4.6,5,5816.8,1163.36,1.09,23,0.273,5,3,13.0,3,4.0,5,5,1,1
CUST_00485,35.0,Pune,2.9,14,10812.65,772.33,4.83,11,0.57,4,4,51.0,19,14.0,12,9,9,3
CUST_00486,19.0,Pune,2.5,8,15028.4,1878.55,3.2,81,0.519,4,2,14.0,6,6.0,1,1,0,4
CUST_00487,50.0,Hyderabad,3.2,17,44310.93,2606.53,5.31,13,0.183,0,5,54.0,20,14.0,15,5,12,2
CUST_00488,38.0,Jaipur,6.2,26,22012.75,846.64,4.19,7,0.483,4,5,70.0,33,13.0,16,10,13,5
CUST_00489,28.0,Bengaluru,5.3,5,8630.63,1726.13,0.94,142,0.486,3,4,6.0,6,0.0,7,3,1,2
CUST_00490,21.0,Mumbai,6.0,13,14909.28,1146.87,2.17,144,0.563,2,6,9.0,2,5.0,3,1,1,0
CUST_00491,38.0,Hyderabad,3.9,6,7053.59,1175.6,1.54,25,0.784,5,2,39.0,22,24.0,16,13,12,1
CUST_00492,33.0,Ahmedabad,1.4,11,11680.78,1061.89,7.86,37,0.525,1,6,15.0,5,5.0,2,3,3,2
CUST_00493,50.0,Mumbai,1.9,25,50832.34,2033.29,13.16,6,0.441,0,6,65.0,39,14.0,18,5,10,3
CUST_00494,31.0,Mumbai,5.3,24,74645.46,3110.23,4.53,5,0.088,0,1,50.0,29,16.0,18,3,12,0
CUST_00495,26.0,Pune,6.4,9,16801.93,1866.88,1.41,41,0.742,4,2,52.0,10,17.0,9,12,7,3
CUST_00496,43.0,Kolkata,5.9,20,33520.9,1676.04,3.39,2,0.146,0,3,60.0,29,13.0,18,4,9,3
CUST_00497,43.0,Hyderabad,3.2,11,11818.91,1074.45,3.44,44,0.891,3,2,28.0,10,19.0,12,10,10,5
CUST_00498,36.0,Hyderabad,3.5,18,58879.42,3271.08,5.14,17,0.31,4,4,51.0,26,14.0,10,2,7,3
CUST_00499,41.0,Pune,3.2,12,14868.15,1239.01,3.75,92,0.671,1,2,7.0,2,2.0,6,3,1,4
CUST_00500,34.0,Delhi,0.8,12,17184.21,1432.02,15.0,97,0.392,4,6,17.0,9,5.0,0,3,4,5
CUST_00501,36.0,Other,1.3,4,4228.64,1057.16,3.08,31,0.255,1,4,16.0,6,9.0,5,4,2,2
CUST_00502,46.0,Pune,4.5,6,8218.97,1369.83,1.33,32,0.847,2,6,47.0,20,11.0,15,6,15,2
CUST_00503,40.0,Other,2.4,29,75379.97,2599.31,12.08,5,0.384,2,4,63.0,35,12.0,14,6,11,3
CUST_00504,32.0,Hyderabad,0.4,9,14285.49,1587.28,22.5,47,0.166,1,1,13.0,5,9.0,5,6,7,0
CUST_00505,48.0,Mumbai,3.3,5,10057.35,2011.47,1.52,53,0.108,1,4,19.0,8,8.0,6,8,4,1
CUST_00506,18.0,Bengaluru,1.4,22,52076.81,2367.13,15.71,16,0.454,1,3,45.0,25,18.0,14,2,9,7
CUST_00507,55.0,Other,1.2,3,4350.15,1450.05,2.5,223,0.591,4,7,10.0,1,4.0,2,2,1,5
CUST_00508,18.0,Bengaluru,0.8,3,6602.27,2200.76,3.75,45,0.333,0,5,18.0,7,2.0,5,3,6,1
CUST_00509,28.0,Jaipur,1.6,8,15273.1,1909.14,5.0,78,0.785,3,3,14.0,5,2.0,4,0,3,2
CUST_00510,34.0,Pune,0.3,3,7655.1,2551.7,10.0,66,0.114,2,3,17.0,7,9.0,7,4,8,0
CUST_00511,33.0,Hyderabad,1.3,9,15667.67,1740.85,6.92,30,0.756,4,6,40.0,16,20.0,14,14,11,4
CUST_00512,44.0,Ahmedabad,4.5,24,53599.45,2233.31,5.33,3,0.278,1,4,62.0,26,13.0,10,2,8,1
CUST_00513,23.0,Other,3.8,2,3650.71,1825.35,0.53,80,0.319,0,3,18.0,5,3.0,1,0,0,3
CUST_00514,37.0,Bengaluru,5.9,7,6717.78,959.68,1.19,129,0.4,1,3,9.0,4,2.0,0,3,3,2
CUST_00515,28.0,Chennai,4.1,21,47935.53,2282.64,5.12,23,0.166,2,6,66.0,28,,6,5,6,2
CUST_00516,37.0,Mumbai,0.2,11,25053.6,2277.6,55.0,14,0.071,1,4,56.0,22,15.0,21,0,15,3
CUST_00517,33.0,Pune,2.3,19,36781.92,1935.89,8.26,17,0.334,1,3,64.0,29,11.0,17,4,11,0
CUST_00518,35.0,Pune,2.2,6,7598.14,1266.36,2.73,61,0.491,0,3,7.0,9,8.0,4,5,2,4
CUST_00519,29.0,Mumbai,1.2,8,16051.19,2006.4,6.67,30,0.598,1,4,11.0,3,3.0,2,2,0,2
CUST_00520,29.0,Pune,0.8,19,28048.98,1476.26,23.75,13,0.284,0,2,55.0,26,13.0,16,4,13,7
CUST_00521,37.0,Delhi,4.3,11,16776.84,1525.17,2.56,33,0.532,1,3,40.0,17,15.0,6,7,14,3
CUST_00522,43.0,Other,2.8,21,43533.08,2073.0,7.5,14,0.333,0,5,55.0,37,15.0,21,6,9,2
CUST_00523,28.0,Chennai,1.1,17,16975.44,998.56,15.45,122,0.418,4,4,10.0,5,3.0,3,0,2,4
CUST_00524,25.0,Bengaluru,0.7,1,2027.56,2027.56,1.43,99,0.802,2,3,13.0,10,6.0,8,4,2,1
CUST_00525,40.0,Other,5.2,5,9582.89,1916.58,0.96,75,0.184,0,4,13.0,7,8.0,7,6,0,3
CUST_00526,34.0,Mumbai,4.6,17,20079.1,1181.12,3.7,31,0.721,3,3,50.0,20,29.0,14,11,14,5
CUST_00527,42.0,Bengaluru,4.7,24,60708.94,2529.54,5.11,8,0.36,1,4,77.0,21,16.0,15,6,9,2
CUST_00528,25.0,Chennai,4.5,26,49654.76,1909.8,5.78,18,0.178,1,1,76.0,44,10.0,10,4,5,1
CUST_00529,18.0,Mumbai,4.5,14,42933.37,3066.67,3.11,4,0.232,1,7,52.0,26,21.0,14,2,10,2
CUST_00530,29.0,Kolkata,4.1,7,13615.31,1945.04,1.71,110,0.735,0,1,11.0,0,,2,2,4,0
CUST_00531,26.0,Mumbai,1.8,2,2619.95,1309.97,1.11,35,0.606,1,4,19.0,5,6.0,8,8,2,6
CUST_00532,33.0,Mumbai,4.4,9,15871.07,1763.45,2.05,200,0.448,2,5,7.0,5,4.0,2,3,0,2
CUST_00533,28.0,Mumbai,3.1,9,14550.25,1616.69,2.9,124,0.468,2,3,8.0,6,2.0,0,4,0,2
CUST_00534,41.0,Other,1.4,9,10492.01,1165.78,6.43,23,0.943,2,3,46.0,19,20.0,16,13,11,3
CUST_00535,31.0,Chennai,2.9,4,4254.94,1063.73,1.38,43,0.246,0,5,17.0,7,3.0,2,4,4,1
CUST_00536,36.0,Chennai,6.4,9,9240.04,1026.67,1.41,160,0.657,1,3,11.0,2,0.0,0,4,2,0
CUST_00537,36.0,Hyderabad,3.5,7,15511.12,2215.87,2.0,61,0.351,0,4,11.0,7,3.0,4,4,2,3
CUST_00538,36.0,Delhi,3.9,24,28881.35,1203.39,6.15,4,0.404,2,4,57.0,32,12.0,15,5,12,5
CUST_00539,34.0,Hyderabad,1.2,21,26666.81,1269.85,17.5,47,0.592,1,4,62.0,17,17.0,12,7,14,3
CUST_00540,39.0,Bengaluru,1.5,18,46741.73,2596.76,12.0,19,0.257,3,3,51.0,30,15.0,10,6,12,5
CUST_00541,26.0,Mumbai,3.1,12,25559.84,2129.99,3.87,87,0.632,0,4,13.0,2,5.0,1,3,4,0
CUST_00542,48.0,Chennai,2.5,8,6169.71,771.21,3.2,6,0.649,0,3,31.0,13,17.0,11,8,18,2
CUST_00543,32.0,Mumbai,2.2,28,54053.37,1930.48,12.73,1,0.084,0,5,59.0,37,9.0,17,3,8,4
CUST_00544,21.0,Pune,1.2,2,1787.06,893.53,1.67,70,0.316,0,3,27.0,9,2.0,5,5,3,0
CUST_00545,36.0,Ahmedabad,1.4,12,9564.93,797.08,8.57,54,0.99,2,4,47.0,16,18.0,17,10,14,2
CUST_00546,25.0,Chennai,0.7,30,57443.42,1914.78,42.86,8,0.298,0,5,53.0,40,8.0,11,4,7,0
CUST_00547,41.0,Chennai,1.9,18,44242.32,2457.91,9.47,24,0.221,1,5,71.0,20,9.0,8,5,10,3
CUST_00548,56.0,Bengaluru,2.5,3,4912.98,1637.66,1.2,94,0.189,1,3,17.0,8,4.0,2,8,4,4
CUST_00549,26.0,Delhi,2.7,15,12819.72,854.65,5.56,15,0.84,5,5,42.0,17,29.0,12,7,10,2
CUST_00550,37.0,Chennai,6.3,3,3731.69,1243.9,0.48,35,0.222,3,2,17.0,9,7.0,4,3,5,2
CUST_00551,18.0,Kolkata,0.4,11,12940.88,1176.44,27.5,31,0.907,3,3,44.0,9,21.0,17,7,12,1
CUST_00552,39.0,Bengaluru,8.7,13,22723.93,1747.99,1.49,92,0.713,0,4,13.0,3,3.0,0,1,1,2
CUST_00553,25.0,Other,4.5,7,7224.42,1032.06,1.56,14,0.956,5,1,57.0,20,20.0,11,9,11,3
CUST_00554,28.0,Other,3.0,11,15776.24,1434.2,3.67,53,0.661,1,6,52.0,18,17.0,15,18,7,5
CUST_00555,23.0,Bengaluru,1.3,10,12623.94,1262.39,7.69,144,0.428,1,4,11.0,3,3.0,1,1,2,0
CUST_00556,41.0,Ahmedabad,2.0,32,62134.42,1941.7,16.0,11,0.347,0,3,61.0,30,17.0,22,4,10,3
CUST_00557,44.0,Hyderabad,4.4,18,42807.8,2378.21,4.09,7,0.109,0,3,46.0,24,11.0,19,3,7,3
CUST_00558,34.0,Bengaluru,1.6,15,42282.45,2818.83,9.38,7,0.147,2,2,62.0,30,15.0,11,2,5,4
CUST_00559,25.0,Mumbai,4.7,5,4668.82,933.76,1.06,84,0.161,0,5,17.0,7,5.0,1,6,4,2
CUST_00560,50.0,Hyderabad,2.8,5,6543.23,1308.65,1.79,39,0.817,1,2,18.0,7,7.0,4,5,4,3
CUST_00561,26.0,Other,2.8,5,6807.28,1361.46,1.79,106,0.297,2,4,23.0,6,7.0,5,6,6,3
CUST_00562,18.0,Ahmedabad,4.4,26,39146.02,1505.62,5.91,10,0.147,1,4,67.0,30,17.0,15,7,10,1
CUST_00563,39.0,Ahmedabad,1.1,21,47640.45,2268.59,19.09,24,0.166,0,4,55.0,27,13.0,15,4,5,3
CUST_00564,23.0,Mumbai,2.2,21,64024.03,3048.76,9.55,6,0.364,0,7,48.0,22,21.0,23,2,5,3
CUST_00565,44.0,Delhi,2.6,30,61534.15,2051.14,11.54,16,0.338,3,3,61.0,28,12.0,13,8,10,2
CUST_00566,30.0,Pune,4.3,8,13865.67,1733.21,1.86,48,0.599,0,2,49.0,19,24.0,11,7,12,2
CUST_00567,40.0,Delhi,5.9,25,50537.74,2021.51,4.24,13,0.546,2,3,71.0,31,11.0,12,3,5,7
CUST_00568,48.0,Hyderabad,1.0,26,34192.43,1315.09,26.0,3,0.476,2,3,75.0,26,15.0,15,2,10,2
CUST_00569,22.0,Delhi,2.8,8,13703.77,1712.97,2.86,47,0.381,0,3,13.0,1,7.0,1,3,2,5
CUST_00570,28.0,Hyderabad,0.9,25,39121.23,1564.85,27.78,7,0.258,0,4,62.0,28,18.0,17,5,7,2
CUST_00571,33.0,Bengaluru,2.8,12,12071.7,1005.97,4.29,20,0.708,4,3,38.0,27,,7,10,14,4
CUST_00572,49.0,Delhi,3.9,3,4465.21,1488.4,0.77,45,0.406,1,3,16.0,8,3.0,3,9,3,3
CUST_00573,27.0,Mumbai,2.0,23,41990.93,1825.69,11.5,25,0.32,1,1,63.0,28,6.0,14,4,12,1
CUST_00574,28.0,Jaipur,6.1,6,9238.79,1539.8,0.98,39,0.478,0,5,21.0,2,2.0,4,6,7,5
CUST_00575,39.0,Mumbai,3.9,11,23360.96,2123.72,2.82,66,0.732,3,4,11.0,6,3.0,2,1,2,5
CUST_00576,28.0,Mumbai,3.7,8,12405.49,1550.69,2.16,68,0.674,1,1,8.0,4,1.0,2,3,1,0
CUST_00577,36.0,Ahmedabad,3.1,18,43401.81,2411.21,5.81,21,0.036,1,5,68.0,18,15.0,13,2,11,3
CUST_00578,18.0,Other,4.4,6,10125.15,1687.52,1.36,289,0.435,2,1,11.0,1,4.0,1,3,1,3
CUST_00579,56.0,Kolkata,6.5,8,13779.62,1722.45,1.23,2,0.827,1,4,46.0,12,16.0,14,13,10,1
CUST_00580,21.0,Mumbai,3.2,25,44547.53,1781.9,7.81,17,0.391,0,4,77.0,24,13.0,17,5,23,7
CUST_00581,31.0,Pune,2.1,11,14419.04,1310.82,5.24,47,0.627,0,4,51.0,25,19.0,10,9,22,3
CUST_00582,34.0,Other,10.0,10,8174.09,817.41,1.0,43,0.582,0,6,5.0,2,2.0,1,0,3,4
CUST_00583,53.0,Ahmedabad,3.2,6,4127.67,687.95,1.88,13,0.702,2,5,38.0,13,19.0,16,11,8,4
CUST_00584,21.0,Hyderabad,2.5,33,41230.03,1249.39,13.2,2,0.203,0,5,69.0,30,14.0,15,4,10,2
CUST_00585,54.0,Pune,4.2,4,4624.14,1156.04,0.95,39,0.516,1,4,20.0,9,10.0,4,6,2,3
CUST_00586,42.0,Mumbai,0.5,26,47828.22,1839.55,52.0,15,0.34,1,3,62.0,30,16.0,18,5,8,2
CUST_00587,38.0,Mumbai,0.9,11,22287.87,2026.17,12.22,14,0.1,0,4,55.0,31,10.0,11,4,8,1
CUST_00588,24.0,Hyderabad,0.4,23,66756.77,2902.47,57.5,16,0.228,3,4,60.0,26,17.0,9,1,7,1
CUST_00589,40.0,Mumbai,0.5,14,30316.18,2165.44,28.0,10,0.137,2,6,52.0,29,6.0,6,5,6,3
CUST_00590,27.0,Other,1.3,22,56422.5,2564.66,16.92,36,0.153,1,6,71.0,25,14.0,14,4,10,1
CUST_00591,47.0,Pune,2.0,19,58284.28,3067.59,9.5,23,0.192,0,3,58.0,21,16.0,8,5,7,0
CUST_00592,24.0,Kolkata,1.9,1,1474.82,1474.82,0.53,69,0.519,0,4,26.0,7,9.0,6,3,2,0
CUST_00593,33.0,Mumbai,2.6,15,39363.81,2624.25,5.77,4,0.073,1,6,53.0,31,10.0,11,2,8,1
CUST_00594,28.0,Hyderabad,3.6,27,46959.75,1739.25,7.5,19,0.116,3,2,71.0,25,12.0,8,5,15,3
CUST_00595,24.0,Mumbai,2.1,8,15266.49,1908.31,3.81,64,0.412,1,4,15.0,4,5.0,0,0,4,0
CUST_00596,41.0,Kolkata,3.6,11,17088.06,1553.46,3.06,21,0.983,1,3,49.0,17,22.0,17,4,6,3
CUST_00597,39.0,Hyderabad,6.4,2,1827.59,913.79,0.31,112,0.435,0,2,20.0,7,6.0,8,5,4,2
CUST_00598,46.0,Mumbai,9.5,15,39812.1,2654.14,1.58,16,0.286,0,2,61.0,24,14.0,12,3,3,4
CUST_00599,18.0,Ahmedabad,7.2,9,21426.52,2380.72,1.25,5,0.162,1,4,57.0,25,10.0,8,2,7,3
CUST_00600,45.0,Hyderabad,8.7,18,48314.37,2684.13,2.07,6,0.387,0,3,56.0,19,10.0,5,6,9,5
CUST_00601,59.0,Other,2.6,15,34320.79,2288.05,5.77,6,0.133,1,4,57.0,25,18.0,14,5,13,2
CUST_00602,29.0,Other,0.6,23,34327.58,1492.5,38.33,7,0.222,3,5,84.0,22,7.0,16,2,14,4
CUST_00603,53.0,Other,2.5,19,54408.49,2863.6,7.6,15,0.054,1,2,50.0,23,17.0,9,3,12,4
CUST_00604,31.0,Mumbai,1.2,23,55937.92,2432.08,19.17,41,0.172,0,2,43.0,21,17.0,5,3,6,0
CUST_00605,20.0,Mumbai,2.7,18,45104.29,2505.79,6.67,21,0.143,2,3,54.0,25,13.0,12,3,9,2
CUST_00606,31.0,Other,0.9,8,9876.54,1234.57,8.89,66,0.942,3,3,34.0,13,18.0,17,4,8,2
CUST_00607,44.0,Bengaluru,3.0,19,31415.64,1653.45,6.33,33,0.353,2,2,,43,4.0,14,5,12,4
CUST_00608,26.0,Pune,1.5,32,45848.61,1432.77,21.33,17,0.222,0,3,65.0,40,13.0,21,1,9,4
CUST_00609,28.0,Kolkata,1.5,11,7716.14,701.47,7.33,57,0.915,4,4,43.0,12,25.0,13,6,9,1
CUST_00610,40.0,Pune,5.9,2,4199.16,2099.58,0.34,63,0.203,0,1,9.0,5,7.0,9,3,2,1
CUST_00611,34.0,Kolkata,3.1,24,50317.61,2096.57,7.74,6,0.174,2,3,61.0,30,19.0,11,3,11,3
CUST_00612,40.0,Ahmedabad,2.8,4,4786.24,1196.56,1.43,100,0.503,1,4,15.0,7,4.0,5,1,1,1
CUST_00613,36.0,Ahmedabad,5.0,3,4677.9,1559.3,0.6,26,0.351,0,5,23.0,9,6.0,6,9,2,1
CUST_00614,39.0,Pune,3.6,16,45738.19,2858.64,4.44,34,0.158,1,5,56.0,22,11.0,8,4,7,1
CUST_00615,30.0,Delhi,4.9,5,10811.13,2162.23,1.02,264,0.498,3,3,4.0,5,1.0,1,1,6,3
CUST_00616,36.0,Bengaluru,2.5,8,14741.96,1842.74,3.2,30,0.622,0,4,13.0,6,1.0,3,2,2,1
CUST_00617,25.0,Bengaluru,4.7,18,41908.31,2328.24,3.83,24,0.177,2,5,52.0,14,10.0,11,2,8,1
CUST_00618,47.0,Mumbai,0.6,21,38867.92,1850.85,35.0,32,0.198,4,4,68.0,28,16.0,11,4,9,7
CUST_00619,28.0,Bengaluru,2.5,2,3346.55,1673.28,0.8,54,0.513,1,4,17.0,10,5.0,5,1,0,3
CUST_00620,45.0,Bengaluru,3.4,6,10706.98,1784.5,1.76,120,0.074,0,3,22.0,7,10.0,3,5,1,1
CUST_00621,32.0,Hyderabad,2.0,11,22586.35,2053.3,5.5,7,0.117,0,5,50.0,30,16.0,16,4,13,1
CUST_00622,36.0,Ahmedabad,2.5,24,32605.04,1358.54,9.6,9,0.163,4,2,63.0,41,11.0,10,5,7,4
CUST_00623,29.0,Bengaluru,5.1,31,56710.62,1829.37,6.08,9,0.484,4,2,66.0,33,11.0,14,3,12,3
CUST_00624,24.0,Pune,5.2,11,11439.65,1039.97,2.12,7,0.788,2,3,36.0,18,21.0,10,14,7,2
CUST_00625,18.0,Chennai,3.4,6,6254.35,1042.39,1.76,4,0.632,3,2,45.0,20,16.0,18,5,13,1
CUST_00626,23.0,Ahmedabad,6.6,28,55352.8,1976.89,4.24,8,0.468,2,3,66.0,41,11.0,14,3,12,3
CUST_00627,31.0,Delhi,1.1,8,6649.5,831.19,7.27,47,0.872,3,3,41.0,11,22.0,12,5,16,1
CUST_00628,36.0,Chennai,2.3,5,4907.93,981.59,2.17,106,0.187,1,1,22.0,7,1.0,4,6,4,2
CUST_00629,44.0,Mumbai,2.3,22,51496.82,2340.76,9.57,11,0.244,0,3,59.0,15,15.0,9,2,6,3
CUST_00630,30.0,Delhi,6.2,18,24941.18,1385.62,2.9,25,0.454,1,2,69.0,30,7.0,17,5,12,3
CUST_00631,25.0,Other,3.9,4,3556.81,889.2,1.03,21,0.411,1,4,18.0,4,5.0,4,2,1,4
CUST_00632,20.0,Other,7.4,9,20913.72,2323.75,1.22,264,0.428,2,4,9.0,2,3.0,2,1,2,1
CUST_00633,39.0,Hyderabad,0.7,10,12770.69,1277.07,14.29,18,0.887,2,3,52.0,21,23.0,16,9,12,6
CUST_00634,48.0,Chennai,3.5,12,21000.17,1750.01,3.43,9,0.602,4,3,48.0,16,10.0,22,11,10,4
CUST_00635,,Jaipur,2.8,16,48115.4,3007.21,5.71,26,0.091,1,3,73.0,23,15.0,12,2,7,3
CUST_00636,41.0,Other,0.2,14,14439.06,1031.36,70.0,16,0.89,1,6,38.0,16,21.0,8,5,15,0
CUST_00637,40.0,Bengaluru,1.5,6,8126.4,1354.4,4.0,5,0.896,4,3,45.0,20,20.0,17,6,13,2
CUST_00638,51.0,Hyderabad,1.1,24,34215.92,1425.66,21.82,8,0.407,2,2,61.0,43,14.0,18,1,9,3
CUST_00639,37.0,Bengaluru,3.9,26,55815.17,2146.74,6.67,7,0.122,0,5,67.0,30,12.0,18,2,7,2
CUST_00640,40.0,Mumbai,6.0,29,56767.28,1957.49,4.83,13,0.434,2,1,64.0,34,13.0,14,5,11,1
CUST_00641,31.0,Bengaluru,2.1,17,49129.82,2889.99,8.1,31,0.134,1,4,54.0,23,13.0,10,5,10,2
CUST_00642,20.0,Ahmedabad,1.1,30,73012.91,2433.76,27.27,2,0.167,6,4,52.0,37,8.0,7,7,9,4
CUST_00643,27.0,Ahmedabad,0.9,26,48126.84,1851.03,28.89,4,0.329,0,3,75.0,28,14.0,13,2,14,2
CUST_00644,34.0,Jaipur,7.7,26,48414.66,1862.1,3.38,15,0.105,0,3,66.0,27,12.0,15,1,8,5
CUST_00645,35.0,Mumbai,1.6,31,45926.39,1481.5,19.38,9,0.222,0,7,65.0,24,17.0,14,5,4,1
CUST_00646,53.0,Bengaluru,0.2,15,13796.84,919.79,75.0,287,0.837,3,4,12.0,2,1.0,1,0,1,2
CUST_00647,35.0,Mumbai,1.8,13,10557.2,812.09,7.22,11,0.752,1,4,48.0,21,22.0,11,8,7,1
CUST_00648,46.0,Pune,0.6,2,3560.79,1780.4,3.33,27,0.747,0,3,24.0,5,8.0,0,11,1,0
CUST_00649,30.0,Other,,4,6492.21,1623.05,1.38,86,0.31,1,3,23.0,5,1.0,8,6,3,3
CUST_00650,31.0,Bengaluru,2.7,12,15717.94,1309.83,4.44,21,0.907,2,3,51.0,19,26.0,9,8,9,4
CUST_00651,21.0,Kolkata,2.1,22,49562.09,2252.82,10.48,2,0.189,1,1,34.0,20,10.0,14,2,11,1
CUST_00652,27.0,Mumbai,0.8,11,16369.84,1488.17,13.75,29,0.855,0,3,47.0,23,18.0,13,6,14,3
CUST_00653,39.0,Bengaluru,2.6,12,11760.62,980.05,4.62,23,0.636,3,4,51.0,22,19.0,10,9,17,3
CUST_00654,34.0,Chennai,2.3,6,4799.94,799.99,2.61,130,0.479,1,4,23.0,4,5.0,3,5,3,1
CUST_00655,43.0,Mumbai,2.5,32,65821.83,2056.93,12.8,4,0.338,3,3,55.0,28,7.0,17,1,7,1
CUST_00656,36.0,Delhi,1.9,27,89620.7,3319.29,14.21,22,0.126,1,3,53.0,26,15.0,8,1,11,7
CUST_00657,30.0,Mumbai,4.5,24,34143.59,1422.65,5.33,28,0.402,4,4,56.0,33,6.0,19,3,5,4
CUST_00658,55.0,Chennai,5.3,18,31028.77,1723.82,3.4,11,0.099,1,3,66.0,30,12.0,14,1,11,1
CUST_00659,33.0,Other,0.9,6,11509.83,1918.31,6.67,35,0.273,1,4,19.0,6,4.0,7,5,1,0
CUST_00660,46.0,Ahmedabad,4.3,11,6587.39,598.85,2.56,32,0.62,2,4,48.0,23,21.0,10,13,16,3
CUST_00661,30.0,Other,5.5,19,40492.84,2131.2,3.45,12,0.41,1,3,60.0,40,8.0,13,2,6,1
CUST_00662,41.0,Ahmedabad,10.0,12,21360.17,1780.01,1.2,98,0.252,1,2,8.0,6,1.0,3,3,1,4
CUST_00663,43.0,Jaipur,3.1,4,5999.04,1499.76,1.29,10,0.947,0,3,46.0,15,28.0,11,15,15,2
CUST_00664,36.0,Hyderabad,1.9,31,61372.53,1979.76,16.32,4,0.484,3,1,67.0,34,8.0,15,3,7,2
CUST_00665,18.0,Bengaluru,4.8,21,67784.16,3227.82,4.38,24,0.22,1,3,36.0,27,13.0,22,0,16,4
CUST_00666,34.0,Delhi,2.0,14,27626.35,1973.31,7.0,1,0.08,4,4,43.0,27,17.0,11,2,12,5
CUST_00667,46.0,Ahmedabad,5.7,21,27198.94,1295.19,3.68,10,0.168,4,4,52.0,23,21.0,18,3,10,2
CUST_00668,39.0,Pune,2.5,10,30492.34,3049.23,4.0,13,0.329,2,4,50.0,25,14.0,15,2,7,2
CUST_00669,38.0,Mumbai,1.5,14,26332.41,1880.89,9.33,45,0.029,1,5,42.0,34,15.0,11,2,6,3
CUST_00670,18.0,Other,3.0,31,51550.86,1662.93,10.33,10,0.203,1,5,72.0,33,14.0,16,3,15,0
CUST_00671,27.0,Mumbai,2.3,19,41451.1,2181.64,8.26,19,0.159,0,3,51.0,28,11.0,10,1,8,4
CUST_00672,38.0,Other,2.1,12,19078.44,1589.87,5.71,233,0.644,2,3,11.0,5,3.0,0,1,1,1
CUST_00673,38.0,Kolkata,0.4,22,45420.59,2064.57,55.0,9,0.137,2,3,60.0,20,8.0,12,3,7,5
CUST_00674,46.0,Delhi,5.4,9,3551.54,394.62,1.67,25,0.727,1,4,52.0,17,19.0,5,6,14,1
CUST_00675,33.0,Chennai,5.4,22,46832.88,2128.77,4.07,15,0.135,1,4,61.0,38,12.0,20,5,10,2
CUST_00676,,Ahmedabad,3.8,7,15478.71,2211.24,1.84,215,0.705,3,2,11.0,5,3.0,2,1,1,2
CUST_00677,34.0,Pune,4.0,18,53442.48,2969.03,4.5,14,0.159,2,5,46.0,27,12.0,18,4,10,1
CUST_00678,24.0,Kolkata,1.3,28,54232.87,1936.89,21.54,3,0.293,4,3,60.0,38,13.0,18,3,10,3
CUST_00679,18.0,Ahmedabad,0.2,7,7747.89,1106.84,35.0,74,0.41,4,3,5.0,3,5.0,2,3,1,1
CUST_00680,38.0,Pune,3.2,11,15374.4,1397.67,3.44,137,0.651,5,2,11.0,6,5.0,2,2,1,2
CUST_00681,36.0,Mumbai,2.5,2,3025.46,1512.73,0.8,49,0.2,1,4,18.0,12,4.0,8,6,5,5
CUST_00682,28.0,Pune,3.1,33,67240.62,2037.59,10.65,7,0.284,1,3,61.0,33,16.0,17,4,6,1
CUST_00683,18.0,Pune,0.2,19,49716.63,2616.66,95.0,10,0.01,4,1,65.0,24,16.0,4,3,7,1
CUST_00684,40.0,Mumbai,4.4,3,4371.26,1457.09,0.68,12,0.46,0,3,13.0,8,5.0,4,5,5,2
CUST_00685,31.0,Kolkata,1.3,9,24360.27,2706.7,6.92,135,0.763,1,4,9.0,2,8.0,1,2,3,3
CUST_00686,40.0,Delhi,1.0,6,7717.29,1286.21,6.0,62,0.924,2,2,52.0,13,23.0,12,9,4,6
CUST_00687,53.0,Jaipur,8.2,10,15885.99,1588.6,1.22,36,0.859,3,4,40.0,16,18.0,13,11,12,3
CUST_00688,18.0,Pune,6.9,19,16772.72,882.77,2.75,5,0.384,0,3,66.0,30,5.0,15,2,6,3
CUST_00689,27.0,Bengaluru,0.4,4,7344.11,1836.03,10.0,76,0.447,2,4,20.0,9,4.0,8,3,2,1
CUST_00690,32.0,Chennai,1.5,18,51362.64,2853.48,12.0,2,0.153,1,4,61.0,34,12.0,13,2,5,2
CUST_00691,49.0,Jaipur,2.1,22,46981.23,2135.51,10.48,8,0.294,0,5,81.0,25,12.0,13,2,7,5
CUST_00692,18.0,Bengaluru,6.4,34,51253.89,1507.47,5.31,5,0.176,4,4,71.0,28,16.0,14,5,10,1
CUST_00693,53.0,Delhi,4.6,14,11460.96,818.64,3.04,100,0.806,5,4,39.0,12,18.0,8,10,15,1
CUST_00694,35.0,Jaipur,0.8,27,44886.61,1662.47,33.75,17,0.258,1,4,67.0,24,9.0,14,2,10,1
CUST_00695,33.0,Delhi,2.9,28,45359.62,1619.99,9.66,6,0.293,3,3,65.0,15,15.0,15,3,6,5
CUST_00696,32.0,Mumbai,2.2,15,13139.13,875.94,6.82,46,0.6,2,4,50.0,21,13.0,11,13,12,1
CUST_00697,30.0,Bengaluru,2.2,18,24861.56,1381.2,8.18,10,0.293,2,4,55.0,33,17.0,13,7,16,2
CUST_00698,44.0,Ahmedabad,1.6,4,5074.37,1268.59,2.5,29,0.939,1,1,37.0,18,17.0,15,7,9,2
CUST_00699,23.0,Mumbai,2.2,25,76045.69,3041.83,11.36,16,0.044,2,7,43.0,16,9.0,13,8,16,3
CUST_00700,37.0,Hyderabad,4.3,8,9400.05,1175.01,1.86,22,0.809,2,3,46.0,22,21.0,13,11,9,2
CUST_00701,30.0,Hyderabad,2.4,13,13331.75,1025.52,5.42,45,0.667,2,3,51.0,16,13.0,11,7,16,3
CUST_00702,26.0,Other,2.5,16,54687.04,3417.94,6.4,7,0.049,1,4,50.0,25,6.0,18,3,11,5
CUST_00703,60.0,Delhi,4.6,31,48315.18,1558.55,6.74,22,0.287,0,5,70.0,33,11.0,15,2,11,2
CUST_00704,38.0,Pune,3.6,13,35363.9,2720.3,3.61,4,0.086,2,5,45.0,17,8.0,8,4,8,5
CUST_00705,40.0,Bengaluru,4.7,16,57492.11,3593.26,3.4,17,0.304,1,3,61.0,28,11.0,10,2,7,2
CUST_00706,45.0,Delhi,1.3,11,15443.23,1403.93,8.46,154,0.655,0,4,6.0,4,2.0,0,5,2,1
CUST_00707,20.0,Kolkata,2.8,18,26121.36,1451.19,6.43,7,0.177,5,3,61.0,33,14.0,18,4,10,3
CUST_00708,52.0,Chennai,2.7,4,3840.18,960.04,1.48,24,0.343,0,5,17.0,9,4.0,7,6,2,5
CUST_00709,18.0,Kolkata,2.4,29,58070.1,2002.42,12.08,4,0.385,3,3,57.0,36,12.0,14,2,6,6
CUST_00710,26.0,Ahmedabad,2.1,7,20938.38,2991.2,3.33,103,0.396,2,6,18.0,7,7.0,4,2,0,0
CUST_00711,29.0,Other,6.8,4,3719.39,929.85,0.59,115,0.412,0,1,17.0,9,11.0,1,8,3,3
CUST_00712,40.0,Bengaluru,1.9,8,10959.66,1369.96,4.21,21,0.45,5,5,48.0,15,19.0,16,12,14,2
CUST_00713,36.0,Other,5.7,6,3892.53,648.75,1.05,18,0.699,3,3,53.0,16,18.0,10,10,16,2
CUST_00714,32.0,Pune,8.9,25,62464.98,2498.6,2.81,6,0.065,2,4,80.0,28,16.0,18,2,15,3
CUST_00715,34.0,Kolkata,1.1,18,44448.81,2469.38,16.36,27,0.157,3,3,57.0,29,13.0,17,7,12,3
CUST_00716,24.0,Hyderabad,0.8,9,18379.95,2042.22,11.25,116,0.358,0,5,9.0,7,2.0,5,4,2,2
CUST_00717,19.0,Ahmedabad,0.3,3,1695.23,565.08,10.0,23,0.433,0,2,18.0,6,3.0,5,2,2,1
CUST_00718,41.0,Bengaluru,5.6,14,20948.43,1496.32,2.5,82,0.456,3,3,9.0,5,5.0,1,3,3,2
CUST_00719,41.0,Ahmedabad,5.7,13,39459.9,3035.38,2.28,40,0.133,0,3,47.0,32,5.0,12,2,4,1
CUST_00720,50.0,Other,1.1,4,6913.52,1728.38,3.64,8,0.425,0,3,17.0,4,4.0,6,6,1,2
CUST_00721,26.0,Kolkata,4.7,3,3902.56,1300.85,0.64,112,0.518,2,4,11.0,3,4.0,2,1,1,2
CUST_00722,41.0,Kolkata,1.4,13,45544.98,3503.46,9.29,8,0.247,3,1,,25,19.0,17,2,8,3
CUST_00723,31.0,Mumbai,2.8,21,52186.16,2485.06,7.5,11,0.135,4,3,52.0,23,13.0,10,2,5,2
CUST_00724,46.0,Pune,5.4,5,9224.22,1844.84,0.93,108,0.588,1,2,18.0,9,5.0,2,5,1,0
CUST_00725,44.0,Other,3.7,11,14535.53,1321.41,2.97,34,0.799,5,4,44.0,23,29.0,15,12,16,4
CUST_00726,36.0,Chennai,1.3,4,6745.76,1686.44,3.08,65,0.174,1,2,15.0,5,9.0,6,2,1,3
CUST_00727,31.0,Hyderabad,3.0,14,38644.33,2760.31,4.67,5,0.207,0,3,43.0,18,13.0,13,6,12,4
CUST_00728,44.0,Delhi,2.0,1,2158.4,2158.4,0.5,116,0.644,1,3,16.0,4,6.0,6,3,4,0
CUST_00729,40.0,Mumbai,4.7,24,32084.02,1336.83,5.11,6,0.201,1,4,65.0,22,11.0,23,1,11,3
CUST_00730,27.0,Delhi,3.6,15,33912.36,2260.82,4.17,11,0.221,0,3,50.0,22,15.0,8,3,10,3
CUST_00731,21.0,Bengaluru,3.6,17,31861.54,1874.21,4.72,7,0.254,2,5,59.0,22,18.0,10,2,9,2
CUST_00732,31.0,Pune,1.3,6,3643.4,607.23,4.62,143,0.342,1,2,18.0,5,9.0,0,2,3,1
CUST_00733,49.0,Mumbai,1.2,7,16886.27,2412.32,5.83,111,0.516,1,3,21.0,5,4.0,1,5,3,1
CUST_00734,45.0,Bengaluru,3.1,6,7857.27,1309.54,1.94,31,0.539,1,7,36.0,12,19.0,11,12,14,1
CUST_00735,23.0,Hyderabad,5.1,26,44128.22,1697.24,5.1,10,0.405,2,2,52.0,33,4.0,21,3,14,6
CUST_00736,22.0,Pune,7.7,9,18571.62,2063.51,1.17,59,0.203,0,5,12.0,3,4.0,2,1,0,1
CUST_00737,47.0,Hyderabad,0.5,26,21048.84,809.57,52.0,12,0.524,2,2,58.0,29,14.0,17,3,12,3
CUST_00738,23.0,Other,2.9,4,4385.2,1096.3,1.38,20,0.127,0,3,11.0,8,3.0,8,8,3,2
CUST_00739,39.0,Bengaluru,5.4,20,38534.64,1926.73,3.7,15,0.219,1,3,64.0,27,15.0,8,5,15,1
CUST_00740,28.0,Jaipur,4.4,27,43508.22,1611.42,6.14,10,0.266,3,4,69.0,31,8.0,15,6,8,2
CUST_00741,50.0,Other,3.5,11,9840.09,894.55,3.14,32,0.858,2,2,42.0,20,25.0,9,10,14,3
CUST_00742,26.0,Mumbai,5.4,30,66504.04,2216.8,5.56,11,0.579,0,4,67.0,30,10.0,20,2,11,3
CUST_00743,45.0,Mumbai,1.2,1,1088.79,1088.79,0.83,51,0.279,1,3,12.0,8,4.0,7,5,3,3
CUST_00744,36.0,Bengaluru,4.5,10,14909.36,1490.94,2.22,13,0.946,4,3,46.0,24,16.0,11,12,10,3
CUST_00745,37.0,Hyderabad,5.6,22,41716.19,1896.19,3.93,8,0.337,1,3,47.0,30,13.0,15,6,7,5
CUST_00746,18.0,Bengaluru,1.0,8,5977.49,747.19,8.0,115,0.361,4,4,12.0,6,3.0,3,2,2,6
CUST_00747,18.0,Delhi,3.6,25,28595.81,1143.83,6.94,9,0.198,1,2,71.0,33,11.0,20,4,13,5
CUST_00748,32.0,Chennai,4.7,17,19323.75,1136.69,3.62,17,0.954,1,5,57.0,13,23.0,12,8,17,3
CUST_00749,36.0,Mumbai,5.0,6,8427.84,1404.64,1.2,170,0.335,1,6,13.0,6,3.0,1,2,1,3
CUST_00750,23.0,Other,0.5,1,1807.78,1807.78,2.0,21,0.566,0,4,22.0,8,8.0,3,5,1,1
CUST_00751,23.0,Pune,1.7,15,32903.26,2193.55,8.82,13,0.188,0,3,52.0,23,14.0,12,5,7,1
CUST_00752,40.0,Other,0.2,10,23114.18,2311.42,50.0,93,0.553,3,4,5.0,5,0.0,7,2,3,3
CUST_00753,40.0,Mumbai,6.7,6,11478.74,1913.12,0.9,67,0.207,0,2,19.0,5,4.0,9,1,2,2
CUST_00754,33.0,Pune,2.1,27,42370.54,1569.28,12.86,9,0.336,0,1,59.0,33,20.0,9,6,17,4
CUST_00755,42.0,Pune,1.2,32,87755.09,2742.35,26.67,8,0.373,4,6,60.0,24,10.0,16,5,15,0
CUST_00756,22.0,Other,1.1,2,3329.08,1664.54,1.82,59,0.525,2,1,21.0,3,4.0,4,3,2,1
CUST_00757,30.0,Mumbai,1.8,3,5340.65,1780.22,1.67,48,0.541,1,3,20.0,6,6.0,5,8,3,4
CUST_00758,50.0,Chennai,5.6,14,17729.18,1266.37,2.5,20,0.82,3,3,59.0,16,11.0,10,14,13,2
CUST_00759,35.0,Jaipur,1.3,16,31417.64,1963.6,12.31,98,0.743,3,4,14.0,2,1.0,4,0,0,3
CUST_00760,35.0,Chennai,7.3,4,4195.44,1048.86,0.55,75,0.143,1,3,19.0,9,6.0,4,6,0,4
CUST_00761,57.0,Delhi,0.8,15,29552.0,1970.13,18.75,36,0.17,2,4,57.0,21,12.0,4,1,12,5
CUST_00762,,Other,10.0,29,57126.72,1969.89,2.9,27,0.135,0,4,62.0,35,11.0,10,2,15,3
CUST_00763,42.0,Jaipur,1.8,16,25463.25,1591.45,8.89,11,0.242,5,3,50.0,35,8.0,17,6,8,2
CUST_00764,51.0,Bengaluru,7.4,6,7006.79,1167.8,0.81,47,0.329,1,6,19.0,7,6.0,4,2,8,2
CUST_00765,31.0,Hyderabad,6.7,22,58449.42,2656.79,3.28,35,0.117,2,2,62.0,18,15.0,7,2,9,0
CUST_00766,43.0,Other,6.7,10,4475.03,447.5,1.49,6,0.918,7,5,43.0,9,19.0,16,10,11,3
CUST_00767,24.0,Other,2.6,5,5662.26,1132.45,1.92,103,0.318,0,3,7.0,9,7.0,4,6,4,0
CUST_00768,27.0,Bengaluru,0.9,6,14856.54,2476.09,6.67,103,0.585,4,7,13.0,4,3.0,0,2,1,0
CUST_00769,38.0,Ahmedabad,3.3,22,44280.56,2012.75,6.67,16,0.324,5,6,73.0,27,11.0,15,1,16,4
CUST_00770,42.0,Delhi,1.4,4,5053.53,1263.38,2.86,85,0.132,0,3,13.0,10,5.0,5,5,1,1
CUST_00771,45.0,Delhi,6.8,23,34783.13,1512.31,3.38,8,0.466,0,5,60.0,24,17.0,15,3,13,1
CUST_00772,50.0,Mumbai,3.2,5,3641.74,728.35,1.56,105,0.504,1,6,15.0,7,7.0,2,3,4,3
CUST_00773,33.0,Pune,2.9,14,34085.66,2434.69,4.83,14,0.146,0,3,44.0,23,16.0,13,4,9,4
CUST_00774,46.0,Chennai,1.5,33,37402.77,1133.42,22.0,17,0.226,0,3,56.0,32,10.0,15,6,9,3
CUST_00775,31.0,Bengaluru,2.0,6,12289.99,2048.33,3.0,38,0.452,0,4,15.0,5,3.0,8,4,2,0
CUST_00776,43.0,Pune,4.2,23,62794.25,2730.18,5.48,6,0.014,3,1,49.0,19,12.0,15,4,7,2
CUST_00777,36.0,Delhi,3.7,24,38567.29,1606.97,6.49,3,0.138,4,4,61.0,19,13.0,22,2,7,2
CUST_00778,38.0,Delhi,4.7,5,9392.29,1878.46,1.06,106,0.374,0,5,12.0,13,3.0,6,0,4,3
CUST_00779,38.0,Other,5.0,5,7297.22,1459.44,1.0,115,0.516,1,1,21.0,7,6.0,11,5,3,0
CUST_00780,18.0,Jaipur,5.3,4,3918.3,979.57,0.75,90,0.26,1,2,24.0,4,5.0,5,3,1,2
CUST_00781,23.0,Delhi,1.0,10,12148.92,1214.89,10.0,63,0.456,3,1,17.0,8,2.0,5,4,3,3
CUST_00782,35.0,Other,3.8,9,3486.21,387.36,2.37,20,0.729,3,4,49.0,17,31.0,12,9,11,0
CUST_00783,18.0,Delhi,3.6,24,53256.04,2219.0,6.67,7,0.195,1,4,76.0,36,15.0,17,6,8,0
CUST_00784,42.0,Chennai,0.7,26,35219.59,1354.6,37.14,4,0.247,3,1,51.0,27,9.0,15,4,7,5
CUST_00785,43.0,Other,4.0,21,47199.81,2247.61,5.25,22,0.058,2,2,50.0,25,14.0,11,2,11,1
CUST_00786,37.0,Delhi,6.7,8,9996.76,1249.6,1.19,110,0.617,3,4,6.0,7,4.0,3,0,2,4
CUST_00787,23.0,Chennai,,9,9435.08,1048.34,2.25,38,0.745,3,5,45.0,19,22.0,6,9,12,2
CUST_00788,48.0,Delhi,0.8,27,46307.87,1715.11,33.75,3,0.111,0,3,68.0,24,19.0,15,5,8,4
CUST_00789,54.0,Pune,1.4,11,10961.67,996.52,7.86,6,0.94,3,4,50.0,16,23.0,17,7,11,2
CUST_00790,35.0,Hyderabad,3.4,7,11537.79,1648.26,2.06,60,0.532,0,2,7.0,7,2.0,2,2,3,3
CUST_00791,39.0,Other,1.2,26,63527.63,2443.37,21.67,20,0.354,0,3,49.0,28,18.0,10,3,9,3
CUST_00792,36.0,Bengaluru,4.3,19,16948.0,892.0,4.42,30,0.761,5,4,49.0,27,21.0,12,6,11,0
CUST_00793,39.0,Other,2.9,13,16914.58,1301.12,4.48,26,0.663,2,3,48.0,21,26.0,11,13,11,2
CUST_00794,33.0,Other,5.2,8,9591.33,1198.92,1.54,53,0.858,2,4,56.0,21,21.0,17,6,11,2
CUST_00795,34.0,Pune,2.3,14,36261.26,2590.09,6.09,9,0.276,1,3,55.0,35,5.0,14,2,13,2
CUST_00796,43.0,Delhi,3.5,5,6639.15,1327.83,1.43,117,0.598,1,2,10.0,4,0.0,5,3,0,2
CUST_00797,57.0,Chennai,1.6,7,14834.53,2119.22,4.38,172,0.536,0,4,7.0,4,4.0,2,6,3,4
CUST_00798,20.0,Bengaluru,9.3,10,6114.27,611.43,1.08,12,0.769,3,6,42.0,10,19.0,11,8,12,2
CUST_00799,33.0,Mumbai,2.8,5,4321.61,864.32,1.79,57,0.538,0,3,14.0,6,4.0,3,2,1,1
CUST_00800,22.0,Other,1.0,11,9826.05,893.28,11.0,89,0.726,0,3,9.0,3,4.0,6,3,4,3
CUST_00801,50.0,Kolkata,5.7,4,6151.17,1537.79,0.7,105,0.647,0,2,14.0,7,4.0,7,5,3,2
CUST_00802,28.0,Bengaluru,2.2,13,31271.42,2405.49,5.91,12,0.501,0,2,51.0,27,15.0,14,5,9,2
CUST_00803,20.0,Hyderabad,5.5,11,16343.91,1485.81,2.0,23,0.871,0,4,50.0,20,17.0,15,8,12,3
CUST_00804,40.0,Mumbai,2.2,5,5194.61,,2.27,21,0.855,2,1,44.0,23,15.0,16,13,14,3
CUST_00805,51.0,Bengaluru,1.2,25,57290.69,2291.63,20.83,22,0.339,0,4,69.0,32,12.0,11,6,13,3
CUST_00806,41.0,Other,2.8,7,11931.09,1704.44,2.5,25,0.347,2,4,27.0,6,7.0,3,2,3,4
CUST_00807,36.0,Jaipur,0.9,10,23020.64,2302.06,11.11,331,0.659,0,4,12.0,6,0.0,1,1,4,1
CUST_00808,38.0,Delhi,2.2,8,11587.65,1448.46,3.64,119,0.661,1,4,9.0,5,4.0,0,4,0,2
CUST_00809,48.0,Hyderabad,5.0,8,6806.25,850.78,1.6,33,0.825,1,3,49.0,21,18.0,18,5,10,0
CUST_00810,25.0,Chennai,3.9,17,46627.82,2742.81,4.36,11,0.199,2,6,67.0,26,9.0,7,4,8,1
CUST_00811,33.0,Delhi,3.1,12,26671.76,2222.65,3.87,101,0.482,3,7,9.0,4,1.0,2,1,3,3
CUST_00812,29.0,Mumbai,2.2,3,4768.26,1589.42,1.36,180,0.156,0,5,22.0,11,7.0,5,4,2,4
CUST_00813,22.0,Bengaluru,7.0,8,14038.72,1754.84,1.14,6,0.228,2,2,55.0,29,15.0,17,2,13,1
CUST_00814,31.0,Hyderabad,3.2,10,18677.41,1867.74,3.12,89,0.272,1,5,9.0,3,5.0,0,3,2,0
CUST_00815,45.0,Mumbai,1.6,6,15050.3,2508.38,3.75,87,0.431,0,2,11.0,2,2.0,1,0,0,0
CUST_00816,40.0,Mumbai,4.9,9,11261.24,1251.25,1.84,33,0.802,3,3,52.0,18,22.0,14,16,7,4
CUST_00817,40.0,Pune,4.1,10,16256.88,1625.69,2.44,10,0.714,0,4,52.0,21,20.0,13,9,10,4
CUST_00818,35.0,Delhi,1.4,23,38644.43,1680.19,16.43,16,0.527,1,3,71.0,33,8.0,8,3,9,1
CUST_00819,39.0,Hyderabad,6.1,16,32109.24,2006.83,2.62,6,0.125,2,5,61.0,17,20.0,12,3,12,2
CUST_00820,26.0,Delhi,3.2,19,36544.2,1923.38,5.94,14,0.33,2,2,72.0,30,12.0,9,5,7,3
CUST_00821,31.0,Pune,3.5,2,2624.54,1312.27,0.57,180,0.199,1,2,20.0,6,4.0,2,7,1,2
CUST_00822,36.0,Jaipur,6.4,28,58438.55,2087.09,4.38,18,0.266,3,5,50.0,27,14.0,14,4,13,5
CUST_00823,37.0,Mumbai,0.8,34,73127.39,2150.81,42.5,18,0.265,1,5,63.0,43,15.0,9,1,13,0
CUST_00824,37.0,Bengaluru,1.5,32,39118.42,1222.45,21.33,6,0.026,4,2,58.0,25,10.0,13,2,13,3
CUST_00825,33.0,Other,6.5,11,5446.7,495.15,1.69,41,0.836,2,3,41.0,25,18.0,15,10,11,3
CUST_00826,30.0,Hyderabad,,7,13380.93,1911.56,5.0,254,0.457,2,2,13.0,2,2.0,0,1,1,1
CUST_00827,66.0,Kolkata,2.9,19,32994.08,1736.53,6.55,3,0.3,1,6,51.0,27,7.0,16,6,12,4
CUST_00828,43.0,Bengaluru,7.1,23,53991.56,2347.46,3.24,2,0.585,0,6,56.0,28,15.0,10,1,14,2
CUST_00829,38.0,Mumbai,1.1,1,1558.97,1558.97,0.91,75,0.436,1,4,14.0,9,5.0,8,8,3,4
CUST_00830,32.0,Chennai,0.4,14,11136.5,795.46,35.0,87,0.663,2,2,48.0,17,14.0,15,5,11,3
CUST_00831,29.0,Chennai,1.0,26,44717.13,1719.89,26.0,5,0.466,1,4,70.0,36,11.0,12,4,8,3
CUST_00832,33.0,Mumbai,2.8,12,14255.7,1187.97,4.29,42,0.782,3,5,34.0,29,20.0,12,11,6,4
CUST_00833,37.0,Bengaluru,2.4,22,54867.6,2493.98,9.17,18,0.238,1,5,51.0,29,19.0,8,2,3,3
CUST_00834,18.0,Other,2.2,17,59564.14,3503.77,7.73,34,0.194,2,3,62.0,26,9.0,14,5,9,4
CUST_00835,18.0,Pune,2.0,15,17137.69,1142.51,7.5,48,0.782,2,5,47.0,15,19.0,15,11,5,3
CUST_00836,28.0,Bengaluru,1.4,26,57027.96,2193.38,18.57,17,0.504,1,5,72.0,41,11.0,17,5,11,2
CUST_00837,36.0,Bengaluru,2.1,9,15032.9,1670.32,4.29,365,0.413,3,7,9.0,1,3.0,1,1,1,3
CUST_00838,32.0,Ahmedabad,3.8,28,43442.72,1551.53,7.37,10,0.564,0,4,76.0,38,11.0,15,5,6,4
CUST_00839,49.0,Ahmedabad,4.6,8,11553.02,,1.74,86,0.866,10,5,38.0,16,30.0,14,7,12,6
CUST_00840,19.0,Kolkata,,3,3192.08,1064.03,0.73,84,0.4,1,5,16.0,4,9.0,1,7,2,2
CUST_00841,26.0,Delhi,2.0,17,49122.66,2889.57,8.5,1,0.49,2,4,45.0,31,7.0,6,3,7,6
CUST_00842,49.0,Mumbai,2.4,5,6753.86,1350.77,2.08,112,0.442,0,5,17.0,4,11.0,4,4,4,1
CUST_00843,35.0,Delhi,5.1,17,29615.11,1742.07,3.33,5,0.08,0,2,70.0,23,11.0,14,2,8,4
CUST_00844,43.0,Chennai,5.0,11,16740.02,1521.82,2.2,254,0.582,3,1,,4,1.0,2,4,2,6
CUST_00845,55.0,Chennai,8.8,20,54087.82,2704.39,2.27,39,0.226,1,5,50.0,24,17.0,15,5,8,3
CUST_00846,27.0,Other,2.2,25,43843.95,1753.76,11.36,9,0.519,1,4,63.0,33,8.0,18,5,9,3
CUST_00847,33.0,Bengaluru,0.9,20,46487.23,2324.36,22.22,18,0.072,0,3,49.0,28,17.0,10,1,7,4
CUST_00848,31.0,Chennai,3.0,7,7535.52,1076.5,2.33,38,0.689,0,2,7.0,4,6.0,3,1,1,3
CUST_00849,18.0,Hyderabad,4.2,13,15838.29,1218.33,3.1,6,0.865,2,2,48.0,29,23.0,11,8,15,2
CUST_00850,31.0,Mumbai,5.3,7,4834.66,690.67,1.32,11,0.813,4,3,51.0,14,22.0,20,7,6,4
CUST_00851,43.0,Bengaluru,1.9,24,56942.35,2372.6,12.63,4,0.058,2,1,61.0,17,11.0,15,5,7,2
CUST_00852,,Hyderabad,3.4,6,8674.31,1445.72,1.76,99,0.438,1,2,17.0,11,4.0,6,3,1,5
CUST_00853,40.0,Other,4.5,25,67088.88,2683.56,5.56,9,0.189,3,4,60.0,35,14.0,15,4,8,3
CUST_00854,30.0,Delhi,2.8,7,8259.72,1179.96,2.5,134,0.283,3,6,7.0,2,4.0,5,0,2,3
CUST_00855,27.0,Other,2.4,14,30283.24,2163.09,5.83,8,0.209,3,7,64.0,33,7.0,12,4,12,2
CUST_00856,47.0,Hyderabad,3.8,16,35774.71,2235.92,4.21,10,0.166,3,3,54.0,29,13.0,17,5,10,2
CUST_00857,29.0,Pune,0.4,11,27059.01,2459.91,27.5,14,0.154,0,4,68.0,19,14.0,10,3,8,4
CUST_00858,37.0,Pune,2.3,9,6676.91,741.88,3.91,11,0.737,2,2,56.0,19,13.0,10,6,16,2
CUST_00859,36.0,Mumbai,9.7,11,9409.61,855.42,1.13,36,0.795,3,2,52.0,15,,6,9,8,1
CUST_00860,49.0,Bengaluru,3.7,28,47772.98,1706.18,7.57,4,0.143,0,4,69.0,24,16.0,21,3,6,2
CUST_00861,44.0,Mumbai,9.9,4,6035.23,1508.81,0.4,56,0.373,0,5,20.0,8,8.0,7,6,4,0
CUST_00862,21.0,Bengaluru,3.2,10,13948.45,1394.85,3.12,26,0.661,2,3,55.0,20,22.0,14,10,12,4
CUST_00863,22.0,Other,6.1,8,8069.48,1008.68,1.31,29,0.891,3,3,46.0,21,21.0,13,11,11,4
CUST_00864,40.0,Chennai,2.0,13,14134.4,1087.26,6.5,23,0.898,4,2,46.0,29,18.0,14,7,12,1
CUST_00865,33.0,Kolkata,2.3,22,46866.12,2130.28,9.57,5,0.303,2,5,72.0,23,11.0,15,5,8,6
CUST_00866,29.0,Mumbai,1.7,10,12153.53,1215.35,5.88,53,0.82,0,4,46.0,27,23.0,15,8,12,3
CUST_00867,44.0,Bengaluru,5.8,20,50779.22,2538.96,3.45,22,0.346,2,6,60.0,19,12.0,8,1,5,2
CUST_00868,36.0,Delhi,1.4,17,46881.77,2757.75,12.14,8,0.134,1,4,56.0,28,8.0,17,0,10,4
CUST_00869,35.0,Jaipur,0.5,14,29462.51,2104.46,28.0,158,0.652,1,5,9.0,3,6.0,0,4,1,4
CUST_00870,42.0,Pune,5.4,10,8861.72,886.17,1.85,111,0.12,3,5,8.0,6,7.0,2,2,1,3
CUST_00871,30.0,Bengaluru,1.2,28,57226.53,2043.8,23.33,13,0.569,1,4,62.0,31,20.0,25,1,7,1
CUST_00872,50.0,Hyderabad,4.9,18,31357.23,1742.07,3.67,5,0.112,0,4,50.0,44,15.0,19,6,12,1
CUST_00873,26.0,Bengaluru,2.4,3,1614.47,538.16,1.25,70,0.304,1,3,16.0,10,11.0,1,6,3,2
CUST_00874,41.0,Ahmedabad,10.0,28,54931.21,1961.83,2.8,7,0.141,1,3,63.0,31,10.0,17,11,7,1
CUST_00875,48.0,Pune,8.8,13,28586.13,2198.93,1.48,8,0.212,4,4,46.0,20,16.0,7,5,8,1
CUST_00876,20.0,Delhi,10.0,17,39698.23,2335.19,1.7,29,0.221,1,6,40.0,25,15.0,9,2,5,2
CUST_00877,31.0,Ahmedabad,1.1,3,4152.5,1384.17,2.73,56,0.586,0,3,15.0,11,5.0,3,4,5,0
CUST_00878,45.0,Bengaluru,2.8,6,11705.25,1950.87,2.14,33,0.362,0,4,14.0,6,5.0,8,5,4,1
CUST_00879,46.0,Delhi,0.5,25,50065.45,2002.62,50.0,9,0.092,3,2,58.0,33,13.0,10,3,5,3
CUST_00880,32.0,Mumbai,3.9,32,52017.94,1625.56,8.21,8,0.102,2,3,61.0,27,16.0,17,4,11,1
CUST_00881,27.0,Kolkata,1.2,32,34967.99,1092.75,26.67,22,0.315,3,3,51.0,33,7.0,11,3,7,4
CUST_00882,44.0,Other,2.9,3,2051.29,683.76,1.03,56,0.492,0,3,17.0,8,2.0,5,2,2,1
CUST_00883,46.0,Hyderabad,0.3,19,45543.59,2397.03,63.33,23,0.155,1,4,51.0,24,16.0,11,2,9,3
CUST_00884,,Jaipur,0.3,21,55537.24,2644.63,70.0,14,0.27,1,6,59.0,31,11.0,13,4,5,1
CUST_00885,22.0,Bengaluru,1.4,7,12685.09,1812.16,5.0,68,0.623,1,4,26.0,7,3.0,4,7,5,2
CUST_00886,36.0,Pune,1.6,17,42590.04,2505.3,10.62,22,0.092,0,6,42.0,22,11.0,11,0,7,3
CUST_00887,40.0,Mumbai,7.0,7,8702.83,1243.26,1.0,53,0.523,3,6,16.0,6,2.0,7,5,3,1
CUST_00888,31.0,Chennai,2.1,24,47316.7,1971.53,11.43,1,0.433,1,4,71.0,31,7.0,14,3,8,4
CUST_00889,41.0,Bengaluru,4.2,16,46832.28,2927.02,3.81,11,0.049,1,3,58.0,27,23.0,10,2,7,2
CUST_00890,27.0,Ahmedabad,0.5,24,69118.24,2879.93,48.0,7,0.417,3,4,56.0,34,15.0,14,5,8,1
CUST_00891,18.0,Chennai,3.5,5,4775.57,955.11,1.43,73,0.384,1,2,19.0,8,10.0,3,6,3,4
CUST_00892,30.0,Other,3.4,8,10956.77,1369.6,2.35,85,0.359,2,6,15.0,2,2.0,5,4,1,3
CUST_00893,35.0,Bengaluru,4.7,4,1609.19,402.3,0.85,110,0.34,1,4,17.0,8,1.0,4,6,2,0
CUST_00894,31.0,Bengaluru,3.3,31,34677.73,1118.64,9.39,9,0.264,1,3,64.0,28,16.0,15,5,9,5
CUST_00895,22.0,Delhi,9.3,5,5995.31,1199.06,0.54,111,0.305,1,5,17.0,11,7.0,4,5,0,4
CUST_00896,18.0,Bengaluru,2.2,21,25935.47,1235.02,9.55,23,0.142,1,3,70.0,28,14.0,19,3,9,4
CUST_00897,29.0,Jaipur,1.3,28,39343.6,1405.13,21.54,19,0.232,1,2,74.0,36,12.0,25,2,6,2
CUST_00898,43.0,Mumbai,4.9,9,13784.44,1531.6,1.84,164,0.495,3,3,10.0,3,2.0,3,1,3,4
CUST_00899,47.0,Other,3.6,26,80005.51,3077.14,7.22,14,0.09,1,6,64.0,21,,6,2,12,1
CUST_00900,46.0,Other,1.4,27,62230.27,2304.82,19.29,30,0.355,2,3,61.0,34,10.0,10,6,13,6
CUST_00901,26.0,Hyderabad,4.3,29,66343.09,2287.69,6.74,5,0.461,2,3,,27,18.0,19,3,6,3
CUST_00902,22.0,Delhi,5.9,19,47190.88,2483.73,3.22,15,0.045,0,4,46.0,20,14.0,14,5,11,4
CUST_00903,39.0,Pune,3.7,25,51199.4,2047.98,6.76,6,0.321,1,2,46.0,20,11.0,12,3,5,0
CUST_00904,40.0,Pune,3.3,12,19615.57,1634.63,3.64,28,0.794,1,7,42.0,14,26.0,15,13,9,5
CUST_00905,38.0,Mumbai,0.8,26,44675.87,1718.3,32.5,10,0.327,2,5,78.0,33,10.0,15,3,6,3
CUST_00906,18.0,Bengaluru,2.1,7,14303.52,2043.36,3.33,217,0.548,0,2,9.0,7,5.0,1,1,1,2
CUST_00907,25.0,Mumbai,1.3,7,12753.95,1821.99,5.38,126,0.4,0,1,14.0,4,3.0,3,4,3,5
CUST_00908,34.0,Kolkata,4.4,21,34041.23,1621.01,4.77,6,0.329,1,3,76.0,37,10.0,15,5,10,1
CUST_00909,39.0,Delhi,0.8,39,73742.43,1890.83,48.75,8,0.363,0,4,61.0,26,17.0,23,1,9,1
CUST_00910,42.0,Pune,0.9,24,42207.11,1758.63,26.67,35,0.141,0,3,68.0,33,9.0,16,8,7,2
CUST_00911,35.0,Hyderabad,1.2,11,9495.46,863.22,9.17,12,0.875,4,4,51.0,16,21.0,11,9,13,2
CUST_00912,37.0,Other,1.5,16,32038.05,2002.38,10.67,34,0.209,1,4,55.0,31,15.0,13,6,5,2
CUST_00913,35.0,Chennai,1.1,3,3566.25,1188.75,2.73,22,0.337,0,5,17.0,7,6.0,3,5,2,1
CUST_00914,41.0,Bengaluru,2.1,28,52305.56,1868.06,13.33,11,0.51,3,1,62.0,27,5.0,19,5,10,4
CUST_00915,37.0,Kolkata,2.2,16,12478.73,779.92,7.27,38,0.869,1,5,43.0,18,15.0,14,6,12,2
CUST_00916,,Kolkata,5.4,27,21318.17,789.56,5.0,12,0.1,1,3,64.0,32,16.0,17,1,9,6
CUST_00917,31.0,Jaipur,1.3,25,50629.88,2025.2,19.23,31,0.404,3,3,66.0,32,12.0,12,5,8,2
CUST_00918,35.0,Pune,1.6,6,10342.92,1723.82,3.75,32,0.565,0,2,9.0,6,3.0,1,2,2,2
CUST_00919,39.0,Jaipur,4.2,4,3210.48,802.62,0.95,41,0.248,1,5,25.0,5,10.0,4,3,1,2
CUST_00920,37.0,Delhi,4.8,17,40096.99,2358.65,3.54,9,0.182,2,5,68.0,30,15.0,14,0,13,4
CUST_00921,38.0,Other,3.1,9,14684.75,1631.64,2.9,338,0.595,2,7,6.0,2,0.0,3,2,2,4
CUST_00922,47.0,Delhi,4.2,12,12756.97,1063.08,2.86,23,0.929,6,2,52.0,16,16.0,11,13,13,0
CUST_00923,37.0,Other,0.5,10,19724.51,1972.45,20.0,147,0.57,1,1,9.0,9,3.0,3,0,4,2
CUST_00924,28.0,Other,5.1,4,6532.61,1633.15,0.78,19,0.587,1,5,14.0,9,5.0,5,5,5,3
CUST_00925,43.0,Mumbai,2.7,41,58254.94,1420.85,15.19,2,0.296,1,2,65.0,26,19.0,22,5,10,4
CUST_00926,20.0,Other,4.3,22,57767.84,2625.81,5.12,21,0.15,0,1,60.0,21,14.0,13,2,11,3
CUST_00927,23.0,Mumbai,3.3,24,33521.34,1396.72,7.27,1,0.139,2,3,66.0,33,6.0,13,3,4,2
CUST_00928,37.0,Pune,2.0,11,9599.54,872.69,5.5,9,0.859,2,5,42.0,13,21.0,14,13,12,2
CUST_00929,39.0,Bengaluru,3.7,4,6424.6,1606.15,1.08,23,0.553,1,2,11.0,7,5.0,3,4,3,2
CUST_00930,22.0,Other,1.8,31,52819.79,1703.86,17.22,8,0.106,1,3,65.0,35,9.0,20,2,16,3
CUST_00931,30.0,Bengaluru,10.0,17,50606.34,2976.84,1.7,9,0.242,0,4,51.0,25,15.0,11,0,4,5
CUST_00932,28.0,Hyderabad,0.7,1,1641.22,1641.22,1.43,83,0.338,1,3,25.0,3,8.0,3,8,0,2
CUST_00933,29.0,Chennai,5.0,2,1992.14,996.07,0.4,149,0.518,1,3,13.0,5,4.0,3,0,2,5
CUST_00934,,Other,3.5,10,8637.26,863.73,2.86,26,0.756,1,6,47.0,12,19.0,20,7,12,5
CUST_00935,41.0,Ahmedabad,2.8,11,28056.96,2550.63,3.93,3,0.441,0,1,60.0,18,14.0,13,1,5,1
CUST_00936,34.0,Pune,1.5,21,22484.97,1070.71,14.0,9,0.437,1,3,75.0,33,16.0,13,3,5,5
CUST_00937,29.0,Delhi,3.6,19,52326.15,2754.01,5.28,14,0.419,1,4,48.0,32,18.0,16,3,7,2
CUST_00938,21.0,Mumbai,2.7,8,16703.54,2087.94,2.96,101,0.634,3,5,10.0,4,4.0,1,7,1,5
CUST_00939,48.0,Chennai,0.6,24,46349.51,1931.23,40.0,7,0.304,0,4,57.0,22,14.0,19,6,10,2
CUST_00940,40.0,Pune,4.4,17,17219.56,1012.92,3.86,15,0.907,0,3,39.0,24,19.0,16,6,12,0
CUST_00941,27.0,Pune,3.7,32,60549.11,1892.16,8.65,14,0.137,1,3,71.0,35,11.0,21,4,5,4
CUST_00942,41.0,Jaipur,,15,20315.39,1354.36,11.54,59,0.614,5,4,50.0,20,25.0,15,11,15,4
CUST_00943,33.0,Delhi,5.6,4,5780.37,1445.09,0.71,57,0.189,0,1,11.0,8,9.0,4,4,5,3
CUST_00944,31.0,Hyderabad,5.4,1,1988.34,1988.34,0.19,53,0.301,0,5,19.0,9,5.0,1,8,2,0
CUST_00945,38.0,Delhi,1.0,24,47921.89,1996.75,24.0,34,0.195,2,3,71.0,36,11.0,12,5,11,2
CUST_00946,27.0,Mumbai,3.7,10,27218.57,2721.86,2.7,13,0.143,0,2,58.0,25,13.0,10,5,13,0
CUST_00947,31.0,Delhi,4.7,18,38976.93,2165.38,3.83,8,0.151,1,5,51.0,24,15.0,16,1,10,2
CUST_00948,35.0,Delhi,0.8,10,24415.35,2441.53,12.5,195,0.717,0,5,12.0,7,3.0,3,3,1,0
CUST_00949,29.0,Jaipur,0.4,8,12193.47,1524.18,20.0,135,0.493,1,6,,4,3.0,3,1,2,3
CUST_00950,41.0,Delhi,2.3,9,9448.89,1049.88,3.91,46,0.836,3,4,51.0,25,22.0,16,11,15,2
CUST_00951,53.0,Delhi,1.8,11,13928.26,1266.21,6.11,19,0.82,1,1,42.0,16,24.0,8,8,11,4
CUST_00952,26.0,Ahmedabad,2.7,2,2983.38,1491.69,0.74,114,0.636,0,1,22.0,5,7.0,5,4,3,3
CUST_00953,18.0,Kolkata,7.9,18,60925.12,3384.73,2.28,16,0.174,2,7,60.0,17,19.0,12,2,8,2
CUST_00954,18.0,Ahmedabad,4.8,9,15880.98,1764.55,1.88,185,0.461,2,3,13.0,5,2.0,4,3,0,3
CUST_00955,32.0,Other,1.6,27,60437.34,2238.42,16.88,6,0.604,4,5,54.0,28,7.0,20,1,11,1
CUST_00956,27.0,Ahmedabad,3.2,31,54294.12,1751.42,9.69,8,0.318,1,2,61.0,31,15.0,11,5,15,0
CUST_00957,36.0,Delhi,,11,8383.77,762.16,3.79,37,0.571,3,4,43.0,20,23.0,7,4,15,3
CUST_00958,35.0,Ahmedabad,5.3,19,66640.28,3507.38,3.58,39,0.081,1,3,52.0,26,20.0,10,0,13,0
CUST_00959,18.0,Bengaluru,4.9,16,53939.71,3371.23,3.27,45,0.26,1,2,51.0,23,8.0,7,2,9,3
CUST_00960,18.0,Pune,2.7,2,2699.29,1349.64,0.74,53,0.611,0,3,15.0,5,9.0,3,8,2,3
CUST_00961,37.0,Delhi,4.2,13,27814.17,2139.55,3.1,9,0.382,0,6,65.0,24,10.0,14,3,15,4
CUST_00962,35.0,Pune,5.9,8,13403.38,1675.42,1.36,6,0.926,3,8,52.0,17,34.0,15,12,11,0
CUST_00963,30.0,Mumbai,4.4,24,34558.03,1439.92,5.45,39,0.129,1,4,69.0,31,17.0,11,11,5,3
CUST_00964,18.0,Pune,1.6,32,43104.45,1347.01,20.0,14,0.234,2,3,76.0,24,12.0,15,4,10,2
CUST_00965,39.0,Mumbai,1.6,30,60674.19,2022.47,18.75,1,0.297,0,6,66.0,27,14.0,16,3,10,1
CUST_00966,47.0,Jaipur,0.6,24,38714.28,1613.1,40.0,17,0.216,1,2,76.0,32,9.0,11,6,13,1
CUST_00967,37.0,Other,1.5,5,10051.53,2010.31,3.33,54,0.243,1,5,21.0,10,9.0,6,4,3,2
CUST_00968,26.0,Hyderabad,1.7,31,24815.26,800.49,18.24,26,0.497,1,3,71.0,33,10.0,10,5,14,3
CUST_00969,34.0,Ahmedabad,0.3,12,13909.9,1159.16,40.0,47,0.811,7,3,55.0,10,21.0,12,7,18,1
CUST_00970,20.0,Pune,1.1,14,14484.74,1034.62,12.73,11,0.698,2,4,38.0,15,12.0,15,7,11,5
CUST_00971,45.0,Other,0.9,6,12286.88,2047.81,6.67,38,0.402,1,4,14.0,6,3.0,6,5,2,1
CUST_00972,,Bengaluru,2.0,6,4768.27,794.71,3.0,120,0.503,2,3,14.0,5,4.0,3,1,1,4
CUST_00973,18.0,Mumbai,3.0,1,1902.39,1902.39,0.33,45,0.602,1,4,16.0,6,3.0,3,2,2,0
CUST_00974,31.0,Mumbai,1.5,13,21350.95,1642.38,8.67,4,0.387,0,4,79.0,33,10.0,15,5,7,2
CUST_00975,39.0,Delhi,7.3,23,67348.53,2928.2,3.15,13,0.17,2,6,57.0,38,17.0,8,2,4,1
CUST_00976,31.0,Mumbai,1.1,18,40339.23,2241.07,16.36,3,0.181,1,4,63.0,37,10.0,11,5,8,6
CUST_00977,31.0,Delhi,0.2,9,4798.17,533.13,45.0,13,0.904,4,3,50.0,10,24.0,15,7,10,3
CUST_00978,22.0,Mumbai,2.6,16,21666.37,1354.15,6.15,15,0.197,0,1,65.0,35,13.0,13,5,10,3
CUST_00979,40.0,Pune,4.6,11,12275.12,1115.92,2.39,4,0.879,2,4,49.0,24,13.0,18,8,12,2
CUST_00980,28.0,Pune,1.9,13,15306.14,1177.4,6.84,54,0.87,2,1,48.0,21,24.0,12,4,9,3
CUST_00981,18.0,Other,2.1,23,53361.1,2320.05,10.95,8,0.198,2,6,55.0,27,12.0,11,3,9,4
CUST_00982,30.0,Pune,8.7,4,4787.43,1196.86,0.46,29,0.272,1,2,23.0,10,8.0,7,7,2,5
CUST_00983,44.0,Pune,4.9,23,72107.39,3135.1,4.69,6,0.189,2,4,48.0,29,11.0,18,2,6,2
CUST_00984,30.0,Chennai,3.2,16,41314.03,2582.13,5.0,3,0.176,2,1,39.0,28,14.0,10,3,10,2
CUST_00985,51.0,Jaipur,2.7,4,5229.65,1307.41,1.48,31,0.601,2,5,17.0,8,9.0,2,4,1,2
CUST_00986,38.0,Delhi,0.3,11,11428.68,1038.97,36.67,41,0.45,3,5,34.0,9,28.0,17,13,11,2
CUST_00987,37.0,Jaipur,6.3,3,4897.16,1632.39,0.48,180,0.378,2,4,20.0,8,5.0,5,1,7,2
CUST_00988,33.0,Delhi,2.7,23,33419.56,1453.02,8.52,3,0.45,2,4,66.0,33,10.0,19,7,8,1
CUST_00989,33.0,Pune,0.8,27,40909.12,1515.15,33.75,1,0.192,1,5,57.0,32,18.0,13,5,5,3
CUST_00990,31.0,Delhi,4.1,9,13689.57,1521.06,2.2,87,0.184,1,4,22.0,6,3.0,9,6,5,2
CUST_00991,31.0,Hyderabad,5.0,1,1301.42,1301.42,0.2,16,0.336,2,6,21.0,13,9.0,6,4,4,6
CUST_00992,39.0,Delhi,2.0,1,1303.07,1303.07,0.5,40,0.124,0,5,16.0,5,3.0,6,6,8,2
CUST_00993,25.0,Chennai,1.7,21,35421.78,1686.75,12.35,8,0.163,1,2,72.0,28,14.0,18,4,15,2
CUST_00994,23.0,Pune,2.4,9,11240.34,1248.93,3.75,2,0.661,4,4,46.0,11,20.0,11,9,10,0
CUST_00995,23.0,Chennai,1.4,28,44063.21,1573.69,20.0,11,0.409,1,4,55.0,38,10.0,16,3,8,3
CUST_00996,54.0,Delhi,1.0,21,35463.11,1688.72,21.0,30,0.313,1,3,42.0,16,17.0,13,2,13,1
CUST_00997,39.0,Bengaluru,2.6,7,7902.5,1128.93,2.69,132,0.507,1,3,12.0,3,4.0,2,3,3,3
CUST_00998,37.0,Hyderabad,4.9,19,55111.36,2900.6,3.88,25,0.382,3,4,56.0,21,10.0,12,3,8,2
CUST_00999,23.0,Chennai,8.2,7,12635.41,1805.06,0.85,190,0.376,2,6,9.0,4,1.0,2,1,6,1
CUST_01000,40.0,Pune,2.7,9,10615.98,1179.55,3.33,28,0.45,1,3,35.0,13,,18,3,7,5
CUST_01001,33.0,Ahmedabad,7.3,19,46112.05,2426.95,2.6,3,0.425,1,4,56.0,23,10.0,12,5,7,2
CUST_01002,36.0,Kolkata,1.0,14,11520.71,822.91,14.0,27,0.656,1,5,43.0,21,20.0,16,8,10,4
CUST_01003,24.0,Pune,4.7,7,15431.89,2204.56,1.49,71,0.566,6,7,8.0,3,3.0,3,3,1,2
CUST_01004,36.0,Other,2.0,1,1369.56,1369.56,0.5,91,0.422,1,4,23.0,5,9.0,5,3,1,3
CUST_01005,30.0,Chennai,10.0,4,3396.62,849.16,0.4,97,0.211,2,6,14.0,8,5.0,1,5,6,2
CUST_01006,26.0,Bengaluru,1.6,2,4732.23,2366.12,1.25,33,0.572,0,7,20.0,6,8.0,4,6,2,6
CUST_01007,41.0,Mumbai,3.2,4,9800.33,2450.08,1.25,51,0.48,1,6,20.0,5,2.0,6,6,2,2
CUST_01008,19.0,Hyderabad,0.6,5,4840.47,968.09,8.33,18,0.638,1,4,15.0,7,3.0,4,5,4,2
CUST_01009,40.0,Mumbai,1.9,22,50504.82,2295.67,11.58,15,0.368,1,5,59.0,50,11.0,20,2,13,3
CUST_01010,41.0,Bengaluru,5.4,12,17140.02,1428.34,2.22,38,0.815,0,3,46.0,17,14.0,13,7,11,4
CUST_01011,25.0,Delhi,4.6,22,39640.33,1801.83,4.78,18,0.343,0,3,66.0,40,17.0,12,5,13,0
CUST_01012,26.0,Kolkata,3.2,12,4595.17,382.93,3.75,104,0.478,0,4,5.0,2,4.0,1,1,2,6
CUST_01013,32.0,Pune,4.8,6,11131.8,1855.3,1.25,93,0.316,3,3,10.0,6,3.0,1,2,3,2
CUST_01014,37.0,Ahmedabad,2.5,13,31523.55,2424.89,5.2,29,0.133,1,3,53.0,24,15.0,9,5,7,5
CUST_01015,32.0,Delhi,7.8,5,8760.51,1752.1,0.64,20,0.315,0,5,15.0,9,4.0,2,10,1,2
CUST_01016,38.0,Bengaluru,0.5,16,28949.57,1809.35,32.0,79,0.515,0,3,8.0,13,4.0,3,0,2,3
CUST_01017,52.0,Kolkata,3.2,17,48678.81,2863.46,5.31,14,0.236,0,1,58.0,28,19.0,10,5,7,3
CUST_01018,29.0,Hyderabad,0.7,9,9541.91,1060.21,12.86,24,0.904,3,2,45.0,20,25.0,9,5,14,3
CUST_01019,18.0,Delhi,1.1,8,8139.25,1017.41,7.27,78,0.344,1,5,12.0,1,3.0,3,0,5,2
CUST_01020,42.0,Delhi,1.8,20,61978.34,3098.92,11.11,14,0.465,1,4,45.0,30,16.0,13,1,18,4
CUST_01021,51.0,Delhi,2.1,6,6481.94,1080.32,2.86,129,0.356,0,5,18.0,5,4.0,6,9,4,3
CUST_01022,38.0,Hyderabad,2.5,35,67589.4,1931.13,14.0,7,0.176,3,4,72.0,42,12.0,17,4,8,6
CUST_01023,23.0,Delhi,2.6,7,13455.72,1922.25,2.69,163,0.387,4,5,7.0,4,2.0,0,1,1,4
CUST_01024,33.0,Kolkata,1.7,5,5362.92,1072.58,2.94,169,0.407,0,5,5.0,6,4.0,2,3,0,2
CUST_01025,23.0,Hyderabad,2.7,10,14075.01,1407.5,3.7,102,0.247,1,3,10.0,3,3.0,2,0,0,4
CUST_01026,40.0,Mumbai,0.9,12,14046.28,1170.52,13.33,14,0.984,5,3,36.0,13,24.0,10,5,14,3
CUST_01027,20.0,Delhi,5.0,7,14785.72,2112.25,1.4,30,0.553,1,5,5.0,3,3.0,1,1,2,4
CUST_01028,31.0,Pune,4.2,5,6116.96,1223.39,1.19,37,0.365,2,2,22.0,5,7.0,4,6,4,2
CUST_01029,24.0,Delhi,7.7,27,38696.52,1433.2,3.51,4,0.345,0,3,60.0,41,10.0,16,2,11,3
CUST_01030,35.0,Bengaluru,,5,7158.05,1431.61,1.35,68,0.289,1,5,24.0,4,7.0,3,6,4,2
CUST_01031,30.0,Bengaluru,4.0,22,60135.92,2733.45,5.5,29,0.035,2,4,53.0,29,11.0,14,4,9,3
CUST_01032,36.0,Kolkata,4.0,8,12146.99,1518.37,2.0,27,0.935,1,4,55.0,14,23.0,13,4,10,2
CUST_01033,34.0,Pune,1.3,31,52110.86,1681.0,23.85,17,0.223,2,4,71.0,30,11.0,12,6,6,4
CUST_01034,24.0,Other,3.1,15,21758.47,1450.56,4.84,10,0.138,0,1,49.0,27,20.0,14,4,7,1
CUST_01035,40.0,Delhi,1.9,19,51914.58,2732.35,10.0,9,0.185,0,1,64.0,29,15.0,9,1,9,4
CUST_01036,34.0,Delhi,3.4,4,6041.72,1510.43,1.18,92,0.078,0,1,18.0,6,4.0,5,4,4,3
CUST_01037,24.0,Chennai,3.8,18,20962.0,1164.56,4.74,12,0.148,1,2,66.0,40,10.0,11,6,13,3
CUST_01038,56.0,Ahmedabad,4.6,4,11490.04,2872.51,0.87,83,0.516,1,2,25.0,5,9.0,9,2,4,5
CUST_01039,39.0,Delhi,4.0,18,37452.72,2080.71,4.5,29,0.252,1,7,62.0,20,23.0,8,1,12,1
CUST_01040,32.0,Kolkata,4.1,19,36943.19,1944.38,4.63,29,0.398,1,1,72.0,20,11.0,22,4,15,1
CUST_01041,48.0,Jaipur,2.0,4,3166.6,791.65,2.0,25,0.574,4,4,35.0,10,23.0,11,9,9,5
CUST_01042,52.0,Kolkata,3.9,6,9445.04,1574.17,1.54,97,0.508,1,4,20.0,3,8.0,5,4,3,5
CUST_01043,33.0,Mumbai,2.8,16,29789.11,1861.82,5.71,8,0.682,3,3,65.0,23,9.0,17,2,6,4
CUST_01044,37.0,Ahmedabad,5.9,1,1100.54,1100.54,0.17,76,0.389,0,3,18.0,8,9.0,1,7,4,2
CUST_01045,24.0,Kolkata,2.2,11,16808.8,1528.07,5.0,358,0.558,2,1,8.0,3,4.0,3,4,1,2
CUST_01046,33.0,Chennai,0.7,6,6569.6,1094.93,8.57,4,0.846,4,2,35.0,26,19.0,13,7,13,2
CUST_01047,32.0,Kolkata,1.5,29,56120.2,1935.18,19.33,21,0.555,2,2,72.0,39,11.0,11,6,8,2
CUST_01048,36.0,Other,1.1,22,62458.77,2839.03,20.0,1,0.244,2,4,44.0,30,15.0,14,3,7,4
CUST_01049,37.0,Bengaluru,3.5,9,10282.73,1142.53,2.57,192,0.624,4,4,15.0,2,2.0,3,4,2,5
CUST_01050,40.0,Mumbai,4.9,21,57973.9,2760.66,4.29,4,0.214,1,2,58.0,25,13.0,11,2,6,1
CUST_01051,36.0,Bengaluru,0.9,8,26033.78,3254.22,8.89,46,0.606,2,2,7.0,4,1.0,2,1,4,4
CUST_01052,22.0,Mumbai,4.2,7,7283.38,1040.48,1.67,13,0.681,5,5,37.0,14,18.0,19,10,11,1
CUST_01053,25.0,Delhi,4.0,9,16852.64,1872.52,2.25,39,0.383,0,1,6.0,7,2.0,1,0,3,1
CUST_01054,29.0,Hyderabad,7.5,4,5472.04,1368.01,0.53,9,0.271,2,2,12.0,7,5.0,6,5,4,1
CUST_01055,31.0,Delhi,5.5,8,13637.02,,1.45,193,0.411,2,2,13.0,4,1.0,3,2,6,1
CUST_01056,45.0,Chennai,1.5,27,64133.45,2375.31,18.0,19,0.284,0,2,61.0,18,,16,3,9,3
CUST_01057,22.0,Ahmedabad,2.0,5,4788.97,957.79,2.5,106,0.202,0,3,14.0,13,4.0,4,7,5,3
CUST_01058,30.0,Bengaluru,2.2,22,35608.92,1618.59,10.0,22,0.138,1,3,72.0,36,17.0,13,3,10,1
CUST_01059,44.0,Other,6.8,7,3947.72,563.96,1.03,31,0.978,2,3,37.0,14,19.0,12,12,17,3
CUST_01060,31.0,Mumbai,7.8,1,862.67,862.67,0.13,78,0.442,1,3,15.0,6,2.0,8,4,4,5
CUST_01061,39.0,Ahmedabad,3.9,12,18220.27,1518.36,3.08,254,0.816,1,4,9.0,5,2.0,2,2,4,4
CUST_01062,33.0,Ahmedabad,0.8,2,4146.87,2073.43,2.5,30,0.511,1,2,7.0,3,3.0,3,0,2,2
CUST_01063,37.0,Delhi,2.4,4,8339.44,2084.86,1.67,130,0.406,1,5,14.0,6,8.0,5,6,2,1
CUST_01064,32.0,Delhi,10.0,41,87250.59,2128.06,4.1,19,0.44,0,5,71.0,36,12.0,14,1,10,1
CUST_01065,41.0,Delhi,2.9,21,37211.78,1771.99,7.24,47,0.402,3,7,69.0,35,12.0,10,5,13,2
CUST_01066,19.0,Ahmedabad,2.7,3,4171.02,1390.34,1.11,51,0.434,0,2,13.0,11,9.0,2,5,1,3
CUST_01067,30.0,Ahmedabad,6.2,27,59435.06,2201.3,4.35,8,0.311,3,3,58.0,23,5.0,12,2,9,1
CUST_01068,37.0,Delhi,0.6,14,34112.71,2436.62,23.33,25,0.039,1,4,49.0,30,5.0,10,4,9,3
CUST_01069,39.0,Hyderabad,0.8,22,35283.36,1603.79,27.5,12,0.405,4,4,53.0,32,15.0,16,3,10,2
CUST_01070,49.0,Mumbai,6.6,14,20002.17,1428.73,2.12,1,0.306,1,3,72.0,28,9.0,17,7,4,6
CUST_01071,30.0,Bengaluru,4.3,21,27219.63,1296.17,4.88,11,0.253,2,3,53.0,30,9.0,15,3,6,2
CUST_01072,49.0,Other,4.2,20,41134.88,2056.74,4.76,19,0.297,0,5,74.0,19,12.0,24,5,7,4
CUST_01073,27.0,Mumbai,0.4,16,40403.97,2525.25,40.0,27,0.369,0,4,64.0,23,14.0,10,2,14,1
CUST_01074,47.0,Other,1.7,19,31769.53,1672.08,11.18,6,0.303,0,5,59.0,24,19.0,14,2,12,3
CUST_01075,42.0,Ahmedabad,4.0,7,12344.05,1763.44,1.75,75,0.413,4,2,8.0,5,4.0,5,1,1,1
CUST_01076,25.0,Other,1.0,32,51321.06,1603.78,32.0,2,0.262,4,4,77.0,30,17.0,12,3,9,2
CUST_01077,37.0,Mumbai,3.7,29,33536.7,1156.44,7.84,7,0.261,1,4,60.0,32,9.0,9,2,11,2
CUST_01078,33.0,Pune,1.1,4,4446.89,1111.72,3.64,65,0.421,2,7,16.0,9,6.0,5,6,1,2
CUST_01079,40.0,Mumbai,0.7,26,48837.12,1878.35,37.14,13,0.244,3,4,69.0,24,9.0,14,5,11,1
CUST_01080,32.0,Kolkata,3.8,8,14308.07,1788.51,2.11,32,0.452,0,4,7.0,6,1.0,5,2,4,2
CUST_01081,31.0,Chennai,2.9,4,5441.23,1360.31,1.38,47,0.419,1,3,16.0,6,4.0,9,8,2,1
CUST_01082,48.0,Mumbai,2.5,18,60720.88,3373.38,7.2,24,0.426,2,4,47.0,33,14.0,12,2,9,7
CUST_01083,33.0,Ahmedabad,2.6,22,34908.32,1586.74,8.46,2,0.379,1,5,59.0,31,15.0,22,2,6,3
CUST_01084,42.0,Delhi,2.6,5,7227.86,1445.57,1.92,119,0.834,1,4,11.0,7,2.0,3,1,4,5
CUST_01085,32.0,Mumbai,0.5,7,13747.77,1963.97,14.0,39,0.247,3,5,9.0,4,1.0,3,3,1,5
CUST_01086,51.0,Bengaluru,4.9,6,7100.13,1183.35,1.22,10,0.885,1,3,41.0,16,20.0,16,14,17,4
CUST_01087,27.0,Mumbai,6.3,6,10582.01,1763.67,0.95,26,0.965,5,4,47.0,17,21.0,12,13,12,2
CUST_01088,28.0,Pune,8.3,22,59972.25,2726.01,2.65,24,0.179,0,2,53.0,23,13.0,8,6,10,4
CUST_01089,49.0,Delhi,3.4,13,21772.58,1674.81,3.82,35,0.411,1,4,11.0,4,6.0,1,2,0,2
CUST_01090,30.0,Jaipur,0.7,22,23651.03,,31.43,4,0.373,2,4,64.0,32,14.0,22,4,17,4
CUST_01091,50.0,Ahmedabad,4.8,15,21587.34,1439.16,3.12,30,0.317,3,3,9.0,3,5.0,3,0,1,1
CUST_01092,43.0,Bengaluru,3.0,7,9820.42,1402.92,2.33,28,0.289,1,2,20.0,6,7.0,5,10,3,2
CUST_01093,32.0,Kolkata,3.2,9,11814.45,1312.72,2.81,23,0.528,2,4,35.0,23,17.0,15,10,7,2
CUST_01094,18.0,Hyderabad,1.3,10,10810.12,1081.01,7.69,72,0.638,2,4,46.0,19,15.0,13,10,8,3
CUST_01095,34.0,Delhi,3.7,22,22532.56,1024.21,5.95,2,0.384,4,3,66.0,31,12.0,14,4,14,3
CUST_01096,35.0,Kolkata,4.9,22,59162.26,2689.19,4.49,15,0.432,0,3,66.0,20,14.0,16,2,10,0
CUST_01097,46.0,Chennai,3.1,21,42941.15,2044.82,6.77,10,0.303,4,3,67.0,32,,24,8,13,0
CUST_01098,50.0,Hyderabad,1.9,24,65100.98,2712.54,12.63,13,0.274,2,3,53.0,37,16.0,12,3,12,5
CUST_01099,27.0,Hyderabad,2.0,1,1704.02,1704.02,0.5,73,0.464,1,6,18.0,6,3.0,5,9,4,2
CUST_01100,42.0,Chennai,3.3,29,53909.04,1858.93,8.79,5,0.208,0,3,74.0,33,16.0,10,4,12,2
CUST_01101,42.0,Delhi,1.9,16,26525.93,1657.87,8.42,8,0.316,0,1,39.0,25,13.0,19,1,10,2
CUST_01102,45.0,Jaipur,1.0,7,8812.0,1258.86,7.0,306,0.219,2,2,4.0,3,3.0,2,0,3,2
CUST_01103,39.0,Mumbai,4.7,5,9894.0,1978.8,1.06,353,0.509,1,2,9.0,1,3.0,2,2,2,1
CUST_01104,18.0,Jaipur,2.8,15,32623.09,2174.87,5.36,105,0.335,1,5,10.0,3,3.0,1,1,3,2
CUST_01105,32.0,Delhi,3.1,5,11128.26,2225.65,1.61,183,0.478,4,5,14.0,1,3.0,1,1,4,5
CUST_01106,22.0,Mumbai,1.6,21,64017.3,3048.44,13.12,8,0.209,2,6,47.0,21,20.0,16,3,11,1
CUST_01107,32.0,Hyderabad,1.0,22,37001.56,1681.89,22.0,27,0.485,2,6,63.0,25,8.0,19,2,14,2
CUST_01108,44.0,Delhi,1.4,8,6355.23,794.4,5.71,26,0.233,0,3,17.0,5,7.0,3,7,4,2
CUST_01109,37.0,Ahmedabad,1.8,3,3879.17,1293.06,1.67,129,0.366,0,6,19.0,6,5.0,7,10,4,2
CUST_01110,45.0,Bengaluru,1.9,15,35321.62,2354.77,7.89,2,0.241,2,5,50.0,32,11.0,12,3,6,4
CUST_01111,37.0,Chennai,2.5,8,18355.78,2294.47,3.2,38,0.425,2,5,16.0,8,2.0,6,2,3,2
CUST_01112,21.0,Delhi,5.3,26,48661.78,1871.61,4.91,21,0.45,0,2,68.0,28,9.0,18,3,6,2
CUST_01113,18.0,Pune,4.4,27,65357.71,2420.66,6.14,8,0.39,2,5,70.0,32,13.0,17,5,6,2
CUST_01114,35.0,Delhi,4.2,11,7213.83,655.8,2.62,27,0.797,3,3,50.0,19,26.0,13,7,13,1
CUST_01115,32.0,Hyderabad,1.0,5,5864.27,1172.85,5.0,37,0.586,2,4,44.0,20,15.0,19,5,12,3
CUST_01116,24.0,Chennai,4.0,9,5337.64,593.07,2.25,31,0.847,1,6,48.0,16,14.0,14,6,19,3
CUST_01117,18.0,Hyderabad,5.2,10,26138.57,2613.86,1.92,8,0.103,0,5,49.0,18,14.0,7,4,7,1
CUST_01118,27.0,Other,1.9,5,13593.7,2718.74,2.63,131,0.802,1,3,12.0,4,6.0,1,0,2,1
CUST_01119,32.0,Chennai,0.9,27,66410.7,2459.66,30.0,4,0.275,1,5,63.0,23,13.0,22,3,4,7
CUST_01120,41.0,Other,3.8,21,47351.79,2254.85,5.53,15,0.199,0,3,48.0,30,17.0,11,2,9,2
CUST_01121,36.0,Mumbai,4.4,6,12880.76,2146.79,1.36,310,0.564,1,3,12.0,2,2.0,2,3,1,1
CUST_01122,50.0,Mumbai,2.7,9,18014.75,2001.64,3.33,84,0.677,2,4,10.0,6,5.0,1,7,1,2
CUST_01123,24.0,Delhi,4.8,7,8710.01,1244.29,1.46,60,0.557,2,4,6.0,4,6.0,2,2,3,5
CUST_01124,43.0,Mumbai,2.8,6,6564.09,1094.02,2.14,89,0.522,0,4,21.0,7,7.0,4,6,5,2
CUST_01125,34.0,Bengaluru,1.2,4,5230.03,1307.51,3.33,54,0.398,0,4,18.0,10,3.0,8,5,4,4
CUST_01126,41.0,Bengaluru,2.8,7,9481.84,1354.55,2.5,19,0.951,3,5,40.0,15,24.0,18,7,13,1
CUST_01127,30.0,Hyderabad,3.0,12,23308.38,1942.37,4.0,3,0.174,0,4,50.0,21,11.0,15,2,12,2
CUST_01128,45.0,Kolkata,2.6,30,47931.17,1597.71,11.54,20,0.357,0,2,74.0,42,7.0,14,8,13,2
CUST_01129,37.0,Other,0.8,19,44038.66,2317.82,23.75,2,0.325,0,2,68.0,30,10.0,18,3,10,1
CUST_01130,27.0,Jaipur,7.3,23,43754.82,1902.38,3.15,13,0.488,0,6,70.0,27,10.0,17,7,8,1
CUST_01131,34.0,Mumbai,9.9,3,5887.45,1962.48,0.3,56,0.391,0,4,28.0,9,7.0,7,8,1,1
CUST_01132,32.0,Delhi,2.3,5,4530.04,906.01,2.17,46,0.841,1,1,57.0,18,25.0,13,3,14,3
CUST_01133,39.0,Pune,2.4,18,41087.83,2282.66,7.5,20,0.279,1,1,42.0,19,18.0,16,7,14,4
CUST_01134,22.0,Mumbai,2.8,28,43933.23,1569.04,10.0,24,0.253,0,3,76.0,40,14.0,17,3,7,3
CUST_01135,34.0,Hyderabad,2.5,5,4521.64,904.33,2.0,24,0.175,1,3,16.0,7,,3,5,3,2
CUST_01136,38.0,Hyderabad,1.3,13,31963.3,2458.72,10.0,10,0.15,1,5,70.0,28,14.0,13,2,10,0
CUST_01137,34.0,Pune,4.6,8,10719.36,1339.92,1.74,278,0.484,3,7,5.0,2,2.0,2,1,1,2
CUST_01138,47.0,Kolkata,4.8,10,10786.68,1078.67,2.08,19,0.785,4,2,45.0,15,23.0,18,15,10,3
CUST_01139,42.0,Kolkata,2.5,12,13967.73,1163.98,4.8,9,0.721,1,5,44.0,16,27.0,11,8,15,3
CUST_01140,34.0,Mumbai,2.4,13,12462.6,958.66,5.42,15,0.88,5,5,40.0,14,21.0,15,4,20,1
CUST_01141,36.0,Delhi,2.3,2,2672.32,1336.16,0.87,48,0.703,1,4,15.0,2,13.0,6,4,2,3
CUST_01142,37.0,Jaipur,4.5,24,31009.87,1292.08,5.33,13,0.174,0,7,73.0,34,13.0,8,5,15,2
CUST_01143,38.0,Bengaluru,2.8,4,7368.15,1842.04,1.43,22,0.267,1,6,18.0,3,6.0,5,7,1,2
CUST_01144,18.0,Delhi,2.2,9,11808.91,1312.1,4.09,14,0.952,1,4,43.0,21,21.0,10,8,12,6
CUST_01145,31.0,Pune,1.0,38,69394.26,1826.16,38.0,14,0.443,1,2,62.0,30,8.0,10,5,9,3
CUST_01146,19.0,Pune,5.0,7,9811.71,1401.67,1.4,312,0.42,0,4,11.0,8,3.0,0,1,4,2
CUST_01147,47.0,Mumbai,1.5,4,3732.81,933.2,2.67,10,0.375,2,2,22.0,12,7.0,9,4,3,5
CUST_01148,33.0,Ahmedabad,1.0,5,10177.34,2035.47,5.0,12,0.35,2,3,21.0,9,8.0,9,6,3,2
CUST_01149,32.0,Mumbai,4.0,7,9025.84,1289.41,1.75,119,0.623,1,2,16.0,3,3.0,1,5,1,1
CUST_01150,43.0,Delhi,2.7,8,9792.76,1224.09,2.96,114,0.656,5,2,9.0,2,3.0,2,0,2,3
CUST_01151,38.0,Mumbai,10.0,3,3894.2,1298.07,0.3,117,0.478,2,4,19.0,4,7.0,7,5,1,2
CUST_01152,23.0,Ahmedabad,0.8,3,7193.77,2397.92,3.75,75,0.342,1,4,25.0,7,8.0,5,4,6,1
CUST_01153,33.0,Mumbai,1.7,7,13872.39,1981.77,4.12,102,0.305,3,4,18.0,6,5.0,1,5,3,6
CUST_01154,31.0,Delhi,4.0,3,4920.73,1640.24,0.75,38,0.561,0,6,17.0,4,7.0,6,6,1,1
CUST_01155,18.0,Hyderabad,2.6,12,17209.97,1434.16,4.62,88,0.745,1,1,53.0,23,17.0,10,8,13,1
CUST_01156,27.0,Delhi,3.1,3,3483.23,1161.08,0.97,32,0.653,0,1,23.0,7,7.0,5,4,1,3
CUST_01157,32.0,Delhi,3.1,18,45852.65,2547.37,5.81,12,0.403,0,4,57.0,30,12.0,11,2,18,7
CUST_01158,33.0,Pune,0.6,14,19327.22,1380.52,23.33,247,0.632,1,3,5.0,6,2.0,3,1,3,2
CUST_01159,19.0,Ahmedabad,3.2,18,26536.74,1474.2633333333333,2.81,31,0.691,2,3,15.0,3,9.0,2,2,2,4
CUST_01160,46.0,Other,4.4,20,46035.71,2301.79,4.55,19,0.15,2,3,37.0,19,11.0,8,2,14,1
CUST_01161,33.0,Delhi,1.3,2,2927.58,1463.79,1.54,42,0.233,2,5,11.0,10,8.0,7,5,4,3
CUST_01162,34.0,Mumbai,1.4,17,42503.47,2500.2,12.14,8,0.393,0,5,54.0,21,15.0,10,2,11,1
CUST_01163,38.0,Mumbai,1.9,26,52439.86,2016.92,13.68,16,0.393,1,2,54.0,41,15.0,19,3,11,2
CUST_01164,26.0,Kolkata,0.9,7,13176.61,1882.37,7.78,15,0.56,0,5,30.0,4,6.0,7,7,1,0
CUST_01165,39.0,Hyderabad,1.2,25,60038.03,2401.52,20.83,15,0.261,1,1,50.0,25,17.0,16,5,6,2
CUST_01166,30.0,Ahmedabad,2.8,5,8476.68,1695.34,1.79,81,0.469,2,3,10.0,10,6.0,4,3,2,2
CUST_01167,25.0,Chennai,6.0,4,5547.17,1386.79,0.67,129,0.305,2,3,10.0,9,4.0,7,1,3,2
CUST_01168,40.0,Other,1.8,9,7499.84,833.32,5.0,15,0.812,1,4,57.0,18,20.0,13,8,17,2
CUST_01169,49.0,Jaipur,7.7,20,37346.71,1867.34,2.6,17,0.315,1,3,57.0,10,11.0,5,4,6,1
CUST_01170,41.0,Ahmedabad,1.7,21,24436.72,1163.65,12.35,14,0.306,2,2,78.0,27,10.0,20,5,8,3
CUST_01171,43.0,Bengaluru,4.7,9,13719.37,1524.37,1.91,66,0.948,2,3,43.0,16,25.0,21,11,8,7
CUST_01172,29.0,Delhi,1.5,7,6091.12,870.16,4.67,101,0.485,2,2,13.0,5,4.0,3,2,4,2
CUST_01173,18.0,Bengaluru,3.5,4,6785.28,1696.32,1.14,48,0.338,2,2,21.0,5,6.0,10,5,3,5
CUST_01174,49.0,Bengaluru,7.0,28,53101.24,1896.47,4.0,2,0.472,4,2,62.0,30,15.0,16,4,7,0
CUST_01175,55.0,Hyderabad,4.1,2,2806.27,1403.13,0.49,33,0.269,1,4,25.0,7,9.0,7,5,4,1
CUST_01176,49.0,Pune,2.4,8,12326.95,1540.87,3.33,13,0.898,6,1,44.0,21,24.0,12,6,11,3
CUST_01177,31.0,Chennai,2.3,7,13770.87,1967.27,3.04,46,0.299,1,4,20.0,6,8.0,6,1,1,7
CUST_01178,22.0,Bengaluru,3.5,17,43118.92,2536.41,4.86,18,0.011,1,3,57.0,23,9.0,15,0,9,5
CUST_01179,23.0,Hyderabad,4.3,3,4884.16,1628.05,0.7,27,0.312,0,3,9.0,5,5.0,4,6,2,0
CUST_01180,18.0,Pune,4.7,10,15697.5,1569.75,2.13,26,0.829,1,5,52.0,12,16.0,4,14,13,2
CUST_01181,33.0,Bengaluru,2.9,5,10178.86,2035.77,1.72,83,0.511,0,5,10.0,2,4.0,1,0,6,2
CUST_01182,50.0,Pune,3.5,25,32212.85,1288.51,7.14,4,0.229,0,4,68.0,25,13.0,17,1,15,2
CUST_01183,33.0,Jaipur,1.4,4,2164.48,541.12,2.86,80,0.44,3,1,25.0,6,5.0,3,4,3,2
CUST_01184,37.0,Bengaluru,3.8,10,18311.55,1831.15,2.63,125,0.724,1,3,21.0,14,2.0,0,1,1,1
CUST_01185,48.0,Pune,1.5,16,40578.95,2536.18,10.67,18,0.342,2,5,49.0,22,13.0,9,4,9,2
CUST_01186,30.0,Mumbai,3.1,12,19665.41,1638.78,3.87,156,0.335,1,2,10.0,4,1.0,4,3,3,4
CUST_01187,54.0,Chennai,2.1,6,8304.73,1384.12,2.86,97,0.453,1,3,23.0,9,11.0,5,8,4,4
CUST_01188,54.0,Pune,6.6,16,35274.14,2204.63,2.42,5,0.4,0,2,71.0,27,9.0,11,1,11,4
CUST_01189,33.0,Other,2.8,39,69771.89,,13.93,24,0.66,1,4,59.0,35,9.0,16,4,13,2
CUST_01190,28.0,Hyderabad,7.0,1,2497.98,2497.98,0.14,43,0.246,0,5,12.0,5,6.0,4,3,1,3
CUST_01191,41.0,Delhi,2.7,15,45266.74,3017.78,5.56,6,0.188,2,3,58.0,32,10.0,13,3,14,4
CUST_01192,31.0,Chennai,7.8,9,7049.58,783.29,1.15,4,0.886,3,3,39.0,14,25.0,7,9,13,3
CUST_01193,22.0,Pune,3.9,25,51088.63,2043.55,6.41,7,0.509,2,2,71.0,29,15.0,12,7,12,3
CUST_01194,47.0,Ahmedabad,0.6,4,8015.79,2003.95,6.67,34,0.462,0,4,20.0,6,6.0,4,5,4,4
CUST_01195,46.0,Delhi,2.1,21,53512.36,2548.21,10.0,19,0.19,0,3,47.0,20,12.0,18,7,11,1
CUST_01196,36.0,Other,1.6,18,33847.63,1880.42,11.25,268,0.362,3,2,13.0,4,0.0,3,2,2,5
CUST_01197,21.0,Hyderabad,1.0,9,16372.76,1819.2,9.0,107,0.643,3,4,8.0,2,4.0,3,0,2,4
CUST_01198,22.0,Ahmedabad,1.5,7,10187.81,1455.4,4.67,67,0.644,2,4,10.0,3,5.0,5,1,3,3
CUST_01199,35.0,Mumbai,1.8,7,15256.31,2179.47,3.89,71,0.53,0,4,24.0,7,,7,7,1,2
CUST_01200,29.0,Delhi,0.6,26,71435.43,2747.52,43.33,6,0.267,0,4,57.0,24,10.0,11,2,8,0
CUST_01201,31.0,Kolkata,2.4,4,7221.55,1805.39,1.67,118,0.288,1,1,19.0,2,5.0,6,4,5,2
CUST_01202,44.0,Chennai,3.8,22,46696.94,2122.59,5.79,13,0.304,2,4,47.0,32,8.0,10,3,8,1
CUST_01203,41.0,Pune,10.0,20,44333.13,2216.66,2.0,16,0.139,3,4,56.0,21,16.0,12,2,8,3
CUST_01204,48.0,Delhi,6.2,32,62466.74,1952.09,5.16,26,0.091,2,3,65.0,28,13.0,21,1,8,4
CUST_01205,24.0,Pune,2.3,10,9137.95,913.8,4.35,16,0.567,3,2,54.0,16,21.0,8,8,11,0
CUST_01206,31.0,Hyderabad,2.8,3,4933.74,1644.58,1.07,136,0.599,0,3,10.0,8,4.0,5,3,0,3
CUST_01207,42.0,Delhi,4.0,3,2458.13,819.38,0.75,26,0.338,0,3,21.0,13,10.0,5,5,0,5
CUST_01208,38.0,Delhi,2.5,8,9079.43,1134.93,3.2,9,0.8,1,1,51.0,17,26.0,21,7,10,5
CUST_01209,49.0,Pune,2.9,25,40650.08,,8.62,1,0.28,1,2,56.0,41,7.0,9,3,9,1
CUST_01210,38.0,Delhi,1.5,14,26733.37,1909.53,9.33,68,0.706,0,3,6.0,5,0.0,5,3,1,2
CUST_01211,52.0,Pune,2.7,32,61653.49,1926.67,11.85,26,0.625,3,3,61.0,37,15.0,17,6,12,1
CUST_01212,39.0,Other,3.0,12,11000.0,916.67,4.0,36,0.749,3,3,27.0,19,11.0,14,9,7,2
CUST_01213,45.0,Mumbai,1.0,22,53160.31,2416.38,22.0,3,0.171,1,1,56.0,26,15.0,13,0,10,7
CUST_01214,31.0,Other,4.0,5,10848.03,2169.61,1.25,60,0.393,2,2,30.0,7,9.0,3,8,1,5
CUST_01215,34.0,Bengaluru,4.1,6,7622.33,1270.39,1.46,45,0.158,0,1,17.0,10,5.0,6,5,4,3
CUST_01216,43.0,Delhi,4.2,28,27916.9,997.03,6.67,19,0.267,2,5,60.0,31,5.0,17,5,7,6
CUST_01217,50.0,Pune,1.6,11,21438.67,1948.97,6.88,5,0.178,1,2,61.0,19,11.0,8,4,8,3
CUST_01218,41.0,Chennai,7.0,7,6304.93,900.7,1.0,64,0.574,2,5,20.0,8,7.0,1,4,1,0
CUST_01219,33.0,Chennai,2.1,5,11445.29,2289.06,2.38,107,0.121,1,3,17.0,5,2.0,6,3,3,4
CUST_01220,48.0,Bengaluru,1.1,27,58604.26,2170.53,24.55,21,0.284,2,1,71.0,25,16.0,10,4,6,1
CUST_01221,18.0,Mumbai,6.7,6,10168.89,1694.82,0.9,64,0.317,0,4,3.0,2,4.0,1,1,1,4
CUST_01222,20.0,Other,1.3,15,24519.97,1634.66,11.54,17,0.141,2,3,52.0,30,9.0,9,4,10,1
CUST_01223,41.0,Other,3.4,34,75494.68,2220.43,10.0,11,0.192,1,3,75.0,40,9.0,20,2,8,0
CUST_01224,34.0,Bengaluru,1.8,11,15458.92,1405.36,6.11,91,0.487,3,3,8.0,3,5.0,3,1,3,1
CUST_01225,40.0,Hyderabad,0.7,21,32588.0,1551.81,30.0,9,0.338,3,3,55.0,22,9.0,11,1,13,1
CUST_01226,35.0,Bengaluru,1.3,9,17159.43,1906.6,6.92,102,0.409,0,1,26.0,11,3.0,2,2,1,6
CUST_01227,40.0,Delhi,6.2,23,52434.4,2279.76,3.71,9,0.606,2,4,80.0,32,16.0,16,5,12,3
CUST_01228,26.0,Mumbai,2.8,21,37218.63,1772.32,7.5,7,0.533,2,3,61.0,21,10.0,26,3,12,1
CUST_01229,40.0,Bengaluru,1.9,12,24693.81,2057.82,6.32,55,0.672,0,3,8.0,2,2.0,1,2,1,2
CUST_01230,44.0,Ahmedabad,2.3,17,37848.34,,7.39,14,0.179,2,4,71.0,34,13.0,10,3,9,0
CUST_01231,46.0,Mumbai,1.1,7,10685.51,1526.5,6.36,91,0.423,1,5,12.0,3,0.0,2,2,1,1
CUST_01232,54.0,Hyderabad,1.4,24,21444.05,893.5,17.14,7,0.323,3,1,76.0,20,11.0,14,2,8,2
CUST_01233,36.0,Jaipur,4.7,36,51529.39,1431.37,7.66,8,0.4,1,2,67.0,40,15.0,12,1,13,3
CUST_01234,37.0,Pune,3.2,20,64769.73,3238.49,6.25,21,0.218,0,2,62.0,24,15.0,13,2,7,1
CUST_01235,19.0,Pune,2.7,3,4982.18,1660.73,1.11,96,0.191,2,2,24.0,6,8.0,2,6,4,2
CUST_01236,29.0,Kolkata,2.4,33,37726.44,1143.23,13.75,15,0.619,2,6,60.0,30,13.0,19,6,11,3
CUST_01237,32.0,Pune,0.7,13,23739.26,1826.1,18.57,268,0.659,4,4,6.0,3,1.0,2,4,3,6
CUST_01238,45.0,Pune,2.5,14,21501.04,1535.79,5.6,62,0.79,3,3,53.0,24,19.0,15,9,12,2
CUST_01239,28.0,Delhi,4.7,12,21304.06,1775.34,2.55,113,0.325,2,4,12.0,6,5.0,0,0,4,4
CUST_01240,42.0,Delhi,1.7,15,34082.72,2272.18,8.82,18,0.156,1,5,47.0,25,19.0,11,0,9,4
CUST_01241,34.0,Jaipur,2.6,13,28587.25,2199.02,5.0,185,0.464,1,5,9.0,4,2.0,2,3,2,4
CUST_01242,32.0,Hyderabad,0.3,1,870.09,870.09,3.33,98,0.332,1,2,19.0,7,7.0,4,5,2,3
CUST_01243,36.0,Delhi,5.9,5,4868.44,973.69,0.85,34,0.36,0,6,19.0,12,8.0,3,10,3,3
CUST_01244,30.0,Hyderabad,7.1,7,13613.12,1944.73,0.99,34,0.592,0,3,14.0,3,4.0,5,8,2,1
CUST_01245,30.0,Other,7.1,6,15980.43,2663.41,0.85,53,0.467,2,4,16.0,8,8.0,7,1,1,7
CUST_01246,18.0,Mumbai,0.7,1,1058.88,1058.88,1.43,44,0.286,0,4,17.0,7,5.0,8,3,3,4
CUST_01247,32.0,Pune,4.9,12,29872.5,2489.37,2.45,2,0.345,1,3,55.0,21,,12,3,9,5
CUST_01248,29.0,Other,0.2,20,54136.53,2706.83,100.0,3,0.486,0,5,51.0,26,11.0,10,4,10,1
CUST_01249,29.0,Other,5.1,9,17706.7,1967.41,1.76,128,0.347,3,3,9.0,1,3.0,1,2,1,3
CUST_01250,38.0,Mumbai,2.7,12,8241.51,686.79,4.44,19,0.694,2,4,36.0,18,16.0,12,9,10,3
CUST_01251,41.0,Mumbai,2.1,4,3540.37,885.09,1.9,28,0.376,1,2,25.0,11,5.0,2,3,4,6
CUST_01252,36.0,Bengaluru,4.9,20,24553.39,1227.67,4.08,24,0.884,4,5,51.0,14,26.0,11,11,6,2
CUST_01253,44.0,Mumbai,2.9,20,49147.45,2457.37,6.9,10,0.466,1,3,59.0,28,10.0,14,1,12,0
CUST_01254,40.0,Chennai,1.4,15,29981.65,1998.78,10.71,3,0.194,0,4,54.0,23,13.0,16,5,3,3
CUST_01255,31.0,Mumbai,4.3,2,3653.36,1826.68,0.47,37,0.73,0,4,21.0,6,2.0,7,5,4,2
CUST_01256,29.0,Mumbai,5.8,31,41663.45,1343.98,5.34,17,0.196,1,4,42.0,40,23.0,21,4,10,4
CUST_01257,37.0,Bengaluru,4.7,25,54747.78,2189.91,5.32,12,0.254,1,4,56.0,33,13.0,18,3,10,2
CUST_01258,40.0,Other,4.9,17,22898.44,1346.97,3.47,21,0.711,0,5,45.0,23,22.0,16,7,9,4
CUST_01259,48.0,Bengaluru,1.1,26,80218.26,3085.32,23.64,6,0.175,1,5,61.0,29,12.0,8,3,9,2
CUST_01260,46.0,Delhi,1.9,10,12922.2,1292.22,5.26,14,0.841,1,6,49.0,16,18.0,9,13,18,1
CUST_01261,29.0,Other,3.2,33,55317.86,1676.3,10.31,8,0.06,2,3,72.0,35,5.0,14,2,9,3
CUST_01262,33.0,Hyderabad,6.6,6,13012.38,2168.73,0.91,10,0.296,0,4,10.0,4,8.0,10,5,1,2
CUST_01263,41.0,Delhi,1.5,23,37397.64,1625.98,15.33,14,0.318,3,2,72.0,34,13.0,7,4,9,2
CUST_01264,45.0,Delhi,6.4,10,11200.54,1120.05,1.56,17,0.896,4,5,43.0,15,20.0,17,7,18,3
CUST_01265,43.0,Pune,0.6,18,41884.77,2326.93,30.0,49,0.317,0,4,51.0,23,15.0,13,2,11,3
CUST_01266,33.0,Bengaluru,,14,40386.6,2884.76,2.37,28,0.146,1,2,63.0,22,19.0,13,0,8,1
CUST_01267,21.0,Bengaluru,5.6,23,32415.32,1409.36,4.11,14,0.156,2,3,66.0,39,13.0,14,0,8,3
CUST_01268,24.0,Pune,8.9,12,17478.99,1456.58,1.35,15,0.646,3,4,50.0,16,20.0,19,9,15,0
CUST_01269,37.0,Mumbai,5.1,11,16321.76,1483.8,2.16,47,0.894,1,5,41.0,19,27.0,14,6,6,4
CUST_01270,37.0,Delhi,3.4,31,62217.64,2007.02,9.12,27,0.251,1,4,65.0,24,15.0,22,4,17,2
CUST_01271,,Bengaluru,2.1,3,3381.94,1127.31,1.43,64,0.509,0,2,16.0,8,3.0,3,4,1,3
CUST_01272,34.0,Mumbai,1.9,9,11981.34,1331.26,4.74,225,0.305,1,3,9.0,4,1.0,0,2,1,3
CUST_01273,40.0,Mumbai,2.6,4,8149.12,2037.28,1.54,36,0.271,1,5,21.0,6,4.0,7,4,3,2
CUST_01274,22.0,Other,2.0,19,62644.81,3297.1,9.5,6,0.183,0,2,59.0,27,19.0,12,3,6,1
CUST_01275,45.0,Hyderabad,4.3,12,12192.46,1016.04,2.79,7,0.864,3,3,35.0,14,16.0,19,13,10,5
CUST_01276,30.0,Mumbai,5.0,10,19434.52,1943.45,2.0,2,0.152,1,6,60.0,24,19.0,10,3,9,5
CUST_01277,47.0,Chennai,1.4,21,32354.98,1540.71,15.0,13,0.416,3,3,70.0,39,6.0,17,5,8,4
CUST_01278,29.0,Mumbai,5.2,9,7125.23,791.69,1.73,114,0.516,0,6,11.0,2,5.0,4,2,2,2
CUST_01279,24.0,Kolkata,3.6,20,60050.76,3002.54,5.56,16,0.054,1,3,65.0,29,17.0,16,3,7,5
CUST_01280,29.0,Kolkata,2.2,12,10135.75,844.65,5.45,50,0.7,5,3,52.0,17,26.0,13,4,13,4
CUST_01281,33.0,Chennai,5.8,22,18589.62,844.9827272727272,1.9,6,0.764,3,5,33.0,18,24.0,15,10,12,3
CUST_01282,30.0,Kolkata,1.6,3,4639.03,1546.34,1.88,34,0.236,1,7,20.0,5,5.0,8,6,3,4
CUST_01283,32.0,Mumbai,1.0,9,6942.37,771.37,9.0,38,0.864,0,2,53.0,14,23.0,15,5,13,2
CUST_01284,37.0,Kolkata,1.5,23,60926.53,2648.98,15.33,7,0.207,0,2,55.0,23,19.0,10,4,6,1
CUST_01285,32.0,Mumbai,1.9,21,33334.2,1587.34,11.05,35,0.248,1,3,79.0,24,9.0,10,3,12,1
CUST_01286,33.0,Delhi,5.7,12,10414.43,867.87,2.11,31,0.8,2,3,45.0,18,23.0,7,11,13,2
CUST_01287,18.0,Other,5.5,17,36446.31,2143.9,3.09,19,0.221,1,2,52.0,32,16.0,17,3,16,4
CUST_01288,38.0,Bengaluru,2.8,25,36223.07,1448.92,8.93,7,0.129,1,3,79.0,25,12.0,18,5,8,4
CUST_01289,33.0,Other,0.5,17,47802.3,2811.9,34.0,11,0.033,0,5,52.0,34,17.0,16,5,3,5
CUST_01290,50.0,Mumbai,1.6,15,39779.14,2651.94,9.38,53,0.026,1,4,45.0,29,16.0,10,2,9,1
CUST_01291,25.0,Bengaluru,8.3,16,39682.48,2480.16,1.93,6,0.223,0,5,58.0,23,16.0,9,2,10,1
CUST_01292,18.0,Mumbai,4.8,17,39000.23,2294.13,3.54,14,0.15,1,1,61.0,35,10.0,12,3,8,4
CUST_01293,40.0,Chennai,0.4,11,16124.13,1465.83,27.5,13,0.935,4,4,42.0,17,17.0,16,5,11,2
CUST_01294,37.0,Mumbai,0.3,4,3435.37,858.84,13.33,50,0.468,2,3,14.0,4,4.0,3,2,3,2
CUST_01295,24.0,Mumbai,4.7,2,3153.43,1576.72,0.43,36,0.367,0,3,20.0,2,4.0,5,2,8,4
CUST_01296,,Pune,6.5,27,48378.05,1791.78,4.15,7,0.198,2,3,75.0,30,15.0,14,3,13,2
CUST_01297,49.0,Kolkata,1.2,21,74586.45,3551.74,17.5,16,0.048,1,5,56.0,19,18.0,16,2,8,7
CUST_01298,48.0,Mumbai,1.6,19,53032.45,2791.18,11.88,36,0.313,2,1,63.0,26,12.0,12,2,6,1
CUST_01299,18.0,Ahmedabad,5.4,6,11243.93,1873.99,1.11,71,0.424,2,5,14.0,10,10.0,5,5,2,4
CUST_01300,29.0,Mumbai,2.2,1,1540.87,1540.87,0.45,179,0.341,0,1,14.0,4,5.0,8,4,2,2
CUST_01301,51.0,Mumbai,2.4,20,41063.8,2053.19,8.33,2,0.249,0,4,70.0,29,17.0,11,0,8,1
CUST_01302,29.0,Delhi,2.4,11,8895.4,808.67,4.58,57,0.698,2,1,11.0,4,1.0,0,0,2,2
CUST_01303,29.0,Other,3.0,23,63587.8,,7.67,26,0.488,1,6,60.0,20,13.0,15,4,11,2
CUST_01304,31.0,Mumbai,3.5,9,5478.92,608.77,2.57,28,0.869,3,3,48.0,19,14.0,13,14,12,2
CUST_01305,23.0,Mumbai,8.8,2,3337.2,1668.6,0.23,33,0.348,0,3,22.0,10,5.0,2,6,5,5
CUST_01306,18.0,Kolkata,2.1,8,17793.27,2224.16,3.81,100,0.244,0,5,10.0,6,3.0,4,1,1,2
CUST_01307,45.0,Delhi,2.4,4,6998.31,1749.58,1.67,93,0.326,0,4,21.0,8,3.0,5,4,2,3
CUST_01308,18.0,Kolkata,1.1,4,4891.87,,3.64,12,0.441,0,3,22.0,9,3.0,2,6,3,3
CUST_01309,36.0,Pune,3.0,28,50835.55,1815.56,9.33,12,0.342,5,5,59.0,31,9.0,19,8,14,1
CUST_01310,43.0,Bengaluru,5.6,9,15882.32,1764.7,1.61,49,0.575,1,5,14.0,4,7.0,6,8,2,1
CUST_01311,19.0,Pune,1.6,22,55194.1,2508.82,13.75,27,0.286,1,3,56.0,24,15.0,14,3,15,5
CUST_01312,25.0,Bengaluru,1.4,7,11460.04,1637.15,5.0,225,0.412,4,4,14.0,5,2.0,0,4,2,3
CUST_01313,46.0,Kolkata,5.3,13,18001.64,1384.74,2.45,11,0.651,3,6,41.0,18,19.0,11,12,9,1
CUST_01314,39.0,Kolkata,3.5,6,9995.22,1665.87,1.71,41,0.609,0,4,21.0,7,9.0,3,6,2,1
CUST_01315,28.0,Bengaluru,1.4,14,11212.83,,10.0,16,0.871,0,1,56.0,13,29.0,10,11,17,4
CUST_01316,46.0,Other,3.1,4,5815.87,1453.97,1.29,41,0.363,0,3,18.0,9,10.0,2,1,4,3
CUST_01317,46.0,Pune,1.3,6,9454.79,1575.8,4.62,21,0.84,5,5,45.0,14,18.0,8,7,10,3
CUST_01318,37.0,Pune,2.2,5,6010.04,1202.01,2.27,55,0.573,0,2,,10,6.0,6,4,5,1
CUST_01319,25.0,Hyderabad,2.3,17,34565.14,2033.24,7.39,14,0.061,1,3,57.0,28,15.0,8,1,5,2
CUST_01320,30.0,Hyderabad,5.2,15,37249.87,2483.32,2.88,13,0.084,0,4,48.0,19,9.0,17,1,5,0
CUST_01321,37.0,Mumbai,4.1,25,48947.07,1957.88,6.1,35,0.151,1,3,65.0,42,14.0,16,3,6,0
CUST_01322,32.0,Hyderabad,5.5,16,44699.03,2793.69,2.91,8,0.072,0,3,45.0,33,20.0,12,5,7,2
CUST_01323,43.0,Delhi,2.1,9,19472.58,2163.62,4.29,88,0.466,1,2,10.0,4,1.0,2,7,0,4
CUST_01324,19.0,Kolkata,3.8,26,30577.68,1176.06,6.84,12,0.264,2,2,61.0,43,8.0,17,4,10,1
CUST_01325,19.0,Ahmedabad,0.6,10,15854.69,1585.47,16.67,91,0.492,0,4,11.0,2,1.0,1,3,2,2
CUST_01326,36.0,Hyderabad,1.3,33,47229.28,1431.19,25.38,5,0.308,0,2,65.0,28,16.0,17,4,3,2
CUST_01327,29.0,Mumbai,1.0,14,29905.91,2136.14,14.0,3,0.22,1,2,59.0,28,15.0,15,3,9,1
CUST_01328,28.0,Chennai,4.7,3,4775.83,1591.94,0.64,36,0.372,2,5,17.0,8,5.0,10,6,0,3
CUST_01329,18.0,Kolkata,7.8,2,4014.15,2007.08,0.26,144,0.167,1,3,14.0,7,6.0,4,5,2,2
CUST_01330,34.0,Pune,2.4,15,20294.34,1352.96,6.25,11,0.795,2,3,54.0,16,16.0,12,11,14,3
CUST_01331,33.0,Bengaluru,4.0,11,14694.48,1335.86,2.75,52,0.784,1,3,48.0,20,29.0,12,12,14,1
CUST_01332,41.0,Other,4.0,5,7109.58,1421.92,1.25,48,0.129,0,4,10.0,13,4.0,5,9,3,2
CUST_01333,35.0,Delhi,7.3,27,48433.29,1793.83,3.7,3,0.516,0,3,65.0,37,12.0,9,5,6,2
CUST_01334,33.0,Pune,2.2,16,33676.9,2104.81,7.27,270,0.582,1,2,,6,5.0,3,2,1,2
CUST_01335,46.0,Pune,3.0,13,13481.54,1037.04,4.33,89,0.538,4,5,9.0,0,2.0,0,4,3,2
CUST_01336,21.0,Hyderabad,1.4,5,6805.33,1361.07,3.57,100,0.629,1,2,21.0,7,6.0,2,7,4,2
CUST_01337,39.0,Other,1.0,21,39924.19,1901.15,21.0,9,0.258,1,3,61.0,29,8.0,14,3,12,3
CUST_01338,18.0,Hyderabad,4.4,4,9322.68,2330.67,0.91,59,0.121,0,6,22.0,8,7.0,4,4,3,1
CUST_01339,26.0,Delhi,1.6,13,24859.83,1912.29,8.12,5,0.237,2,4,60.0,25,12.0,12,3,9,4
CUST_01340,22.0,Chennai,1.7,20,38755.68,1937.78,11.76,6,0.223,1,6,59.0,21,16.0,10,1,4,5
CUST_01341,42.0,Hyderabad,3.8,14,33402.12,2385.87,3.68,23,0.419,0,5,58.0,32,9.0,16,7,7,2
CUST_01342,33.0,Hyderabad,2.3,17,18379.44,1081.14,7.39,10,0.773,1,2,43.0,12,15.0,10,10,15,3
CUST_01343,34.0,Mumbai,4.5,11,6657.39,605.22,2.44,73,0.628,2,4,11.0,4,7.0,2,5,0,1
CUST_01344,23.0,Chennai,4.5,6,10372.2,1728.7,1.33,103,0.114,1,3,17.0,12,5.0,8,8,3,1
CUST_01345,31.0,Bengaluru,3.2,3,3961.24,1320.41,0.94,60,0.088,1,5,14.0,6,6.0,5,4,6,1
CUST_01346,26.0,Mumbai,2.9,25,51523.9,2060.96,8.62,26,0.534,1,4,59.0,34,10.0,23,1,9,1
CUST_01347,38.0,Hyderabad,7.7,26,40312.34,1550.47,3.38,4,0.38,1,1,72.0,33,12.0,20,7,12,2
CUST_01348,24.0,Other,2.5,24,35818.3,1492.43,9.6,19,0.243,3,6,64.0,26,12.0,15,6,13,2
CUST_01349,47.0,Delhi,4.6,7,9188.03,1312.58,1.52,167,0.521,0,2,6.0,4,3.0,4,4,1,4
CUST_01350,18.0,Other,1.3,12,34405.14,2867.09,9.23,14,0.463,1,2,54.0,25,16.0,13,2,8,2
CUST_01351,26.0,Mumbai,2.9,7,10295.22,1470.75,2.41,199,0.329,0,2,7.0,6,2.0,1,0,2,6
CUST_01352,51.0,Kolkata,4.7,9,13595.24,1510.58,1.91,47,0.902,1,1,39.0,20,27.0,11,10,13,1
CUST_01353,30.0,Mumbai,1.4,28,67875.84,2424.14,20.0,13,0.235,1,5,82.0,35,5.0,16,1,16,1
CUST_01354,21.0,Pune,2.6,1,1010.24,1010.24,0.38,57,0.479,0,4,19.0,12,6.0,4,3,3,2
CUST_01355,36.0,Hyderabad,2.8,4,2911.47,727.87,1.43,24,0.741,1,5,41.0,20,24.0,26,7,12,1
CUST_01356,29.0,Hyderabad,1.5,12,9866.98,822.25,8.0,133,0.44,4,6,9.0,4,,3,3,3,3
CUST_01357,26.0,Kolkata,1.7,10,18984.36,1898.44,5.88,36,0.335,3,2,8.0,7,3.0,0,2,1,1
CUST_01358,23.0,Hyderabad,1.3,19,26124.85,1374.99,14.62,23,0.439,0,5,58.0,35,5.0,15,2,10,5
CUST_01359,62.0,Hyderabad,0.4,25,31364.4,1254.58,62.5,9,0.596,1,3,57.0,28,7.0,21,7,5,2
CUST_01360,31.0,Other,1.3,5,6677.36,1335.47,3.85,32,0.727,6,5,45.0,11,24.0,17,11,11,3
CUST_01361,18.0,Bengaluru,3.1,8,7279.84,909.98,2.58,133,0.33,2,3,5.0,0,3.0,2,3,1,5
CUST_01362,49.0,Pune,1.8,31,56209.41,1813.21,17.22,3,0.236,3,4,75.0,32,15.0,16,5,11,5
CUST_01363,40.0,Mumbai,2.7,5,8362.12,1672.42,1.85,19,0.22,0,5,19.0,10,8.0,6,6,4,1
CUST_01364,26.0,Delhi,2.9,6,7249.12,1208.19,2.07,135,0.17,0,6,24.0,4,6.0,5,3,3,3
CUST_01365,25.0,Kolkata,2.4,7,14174.81,2024.97,2.92,95,0.433,2,2,22.0,9,4.0,5,2,3,0
CUST_01366,41.0,Mumbai,4.6,18,50477.35,2804.3,3.91,7,0.075,1,2,55.0,26,12.0,10,1,10,1
CUST_01367,32.0,Mumbai,9.4,3,6969.6,2323.2,0.32,14,0.568,1,4,20.0,7,6.0,6,2,4,4
CUST_01368,18.0,Mumbai,1.3,8,9813.86,1226.73,6.15,271,0.522,1,6,6.0,3,4.0,1,1,3,2
CUST_01369,52.0,Hyderabad,5.2,14,29951.35,2139.38,2.69,18,0.166,2,3,52.0,23,10.0,9,4,7,6
CUST_01370,30.0,Pune,1.5,24,43076.85,1794.87,16.0,14,0.349,0,3,59.0,24,16.0,23,5,12,1
CUST_01371,49.0,Mumbai,3.6,11,28672.47,2606.59,3.06,253,0.634,1,5,5.0,6,2.0,4,0,0,2
CUST_01372,47.0,Hyderabad,1.0,14,34888.95,2492.07,14.0,13,0.101,2,2,48.0,29,13.0,8,1,7,1
CUST_01373,24.0,Kolkata,3.4,11,11463.66,1042.15,3.24,154,0.411,5,6,,7,2.0,2,4,1,2
CUST_01374,44.0,Delhi,2.1,13,14538.24,1118.33,6.19,27,0.64,3,3,31.0,11,24.0,10,10,13,5
CUST_01375,27.0,Hyderabad,2.0,22,30633.12,1392.41,11.0,10,0.281,2,3,56.0,32,9.0,14,3,12,6
CUST_01376,18.0,Mumbai,3.1,8,10885.51,1360.69,2.58,173,0.567,1,4,11.0,2,2.0,4,3,3,3
CUST_01377,30.0,Other,1.2,7,8337.02,1191.0,5.83,36,0.532,2,1,37.0,14,20.0,11,9,15,2
CUST_01378,38.0,Delhi,1.2,14,15347.27,1096.23,11.67,14,0.814,3,4,41.0,18,22.0,13,10,7,4
CUST_01379,29.0,Other,2.1,21,36993.07,1761.57,10.0,15,0.224,1,3,56.0,50,10.0,26,2,8,1
CUST_01380,31.0,Other,5.2,8,10632.3,1329.04,1.54,21,0.698,2,1,43.0,13,14.0,15,11,14,7
CUST_01381,45.0,Kolkata,2.2,18,34988.12,1943.78,8.18,11,0.226,0,2,52.0,22,7.0,9,2,7,1
CUST_01382,35.0,Mumbai,9.6,22,41682.85,1894.68,2.29,19,0.097,1,2,61.0,33,11.0,12,4,8,3
CUST_01383,26.0,Hyderabad,10.0,12,21758.93,1813.24,1.2,91,0.795,0,4,16.0,5,8.0,2,0,2,5
CUST_01384,41.0,Mumbai,2.6,31,59713.29,1926.24,11.92,32,0.287,1,5,62.0,26,10.0,14,3,8,5
CUST_01385,36.0,Jaipur,7.5,3,4222.55,1407.52,0.4,46,0.484,1,4,14.0,16,4.0,3,3,5,2
CUST_01386,18.0,Ahmedabad,1.4,23,38355.04,1667.61,16.43,7,0.216,1,7,61.0,38,10.0,10,3,9,0
CUST_01387,38.0,Other,2.8,2,3859.06,1929.53,0.71,79,0.42,1,4,,4,6.0,5,9,5,3
CUST_01388,38.0,Hyderabad,3.2,17,38693.14,2276.07,5.31,5,0.051,0,4,56.0,22,11.0,12,1,11,3
CUST_01389,34.0,Bengaluru,4.1,17,37673.2,2216.07,4.15,135,0.432,2,5,8.0,5,4.0,3,2,2,1
CUST_01390,43.0,Bengaluru,0.8,5,4803.6,960.72,6.25,13,0.857,0,3,38.0,22,21.0,16,7,10,7
CUST_01391,27.0,Delhi,3.1,20,31303.54,1565.18,6.45,9,0.453,3,3,64.0,33,11.0,16,4,19,3
CUST_01392,37.0,Bengaluru,6.2,13,29488.12,2268.32,2.1,11,0.332,0,3,63.0,29,15.0,15,2,10,7
CUST_01393,18.0,Chennai,0.4,19,52240.54,2749.5,47.5,23,0.298,0,1,63.0,24,13.0,7,2,6,3
CUST_01394,38.0,Other,1.4,13,19675.3,1513.48,9.29,51,0.655,3,2,41.0,19,14.0,18,7,11,0
CUST_01395,54.0,Hyderabad,,32,53518.4,1672.45,5.08,41,0.182,0,3,63.0,39,16.0,12,2,11,2
CUST_01396,24.0,Jaipur,1.7,5,11515.32,2303.06,2.94,76,0.558,0,2,16.0,9,5.0,2,0,1,3
CUST_01397,26.0,Jaipur,3.0,25,33977.49,1359.1,8.33,6,0.393,0,4,62.0,32,10.0,12,4,13,3
CUST_01398,,Bengaluru,3.7,18,28455.19,1580.84,4.86,5,0.279,0,4,75.0,22,14.0,14,3,16,0
CUST_01399,35.0,Delhi,1.4,11,9003.21,,7.86,22,0.921,3,2,44.0,17,18.0,12,10,10,2
CUST_01400,23.0,Chennai,1.1,1,1441.55,1441.55,0.91,180,0.453,0,3,15.0,12,11.0,1,4,5,3
CUST_01401,38.0,Bengaluru,2.4,20,63779.69,3188.98,8.33,3,0.173,1,3,50.0,37,13.0,8,4,9,2
CUST_01402,42.0,Mumbai,5.5,24,49273.67,2053.07,4.36,5,0.266,1,3,59.0,22,8.0,18,3,10,2
CUST_01403,39.0,Delhi,3.1,19,41528.01,2185.68,6.13,13,0.144,3,4,58.0,21,10.0,6,4,10,2
CUST_01404,18.0,Other,1.1,6,7989.75,1331.62,5.45,114,0.583,0,3,24.0,6,7.0,4,2,3,2
CUST_01405,44.0,Mumbai,4.7,6,10802.43,1800.4,1.28,67,0.427,2,1,17.0,5,1.0,2,7,1,3
CUST_01406,43.0,Chennai,1.1,11,13025.19,1184.11,10.0,100,0.769,4,5,42.0,18,17.0,13,7,8,2
CUST_01407,42.0,Ahmedabad,3.6,6,9688.01,1614.67,1.67,180,0.559,0,2,12.0,6,4.0,8,1,2,2
CUST_01408,38.0,Chennai,2.4,8,8645.34,1080.67,3.33,73,0.411,1,1,19.0,2,2.0,5,4,4,3
CUST_01409,36.0,Hyderabad,2.0,13,16057.98,1235.23,6.5,36,0.801,4,4,59.0,17,18.0,9,9,16,2
CUST_01410,44.0,Chennai,2.3,11,24421.88,2220.17,4.78,219,0.578,1,5,11.0,1,4.0,3,2,0,4
CUST_01411,53.0,Bengaluru,2.5,23,42542.58,1849.68,9.2,10,0.216,1,3,71.0,26,13.0,14,2,10,3
CUST_01412,24.0,Mumbai,2.7,21,57466.97,2736.52,7.78,2,0.158,3,2,63.0,24,15.0,14,3,11,1
CUST_01413,45.0,Other,3.2,23,44258.31,1924.27,7.19,18,0.57,2,5,67.0,35,9.0,11,6,4,5
CUST_01414,33.0,Bengaluru,5.1,22,41360.84,1880.04,4.31,12,0.236,1,2,59.0,32,13.0,22,4,16,6
CUST_01415,33.0,Chennai,8.2,11,12518.32,1138.03,1.34,34,0.878,4,2,55.0,16,17.0,14,14,20,1
CUST_01416,19.0,Hyderabad,2.7,7,12957.0,1851.0,2.59,216,0.391,3,1,14.0,5,2.0,2,2,0,2
CUST_01417,31.0,Mumbai,4.8,17,36424.95,2142.64,3.54,3,0.179,0,4,54.0,22,14.0,11,4,5,1
CUST_01418,24.0,Other,3.0,26,78734.61,3028.25,8.67,18,0.109,2,5,50.0,23,16.0,18,3,9,4
CUST_01419,29.0,Ahmedabad,2.2,9,7290.9,810.1,4.09,39,0.908,2,4,38.0,21,29.0,17,7,12,2
CUST_01420,23.0,Mumbai,3.3,8,10707.53,1338.44,2.42,100,0.334,3,2,8.0,2,2.0,1,2,1,4
CUST_01421,30.0,Other,0.8,21,33851.02,1611.95,26.25,8,0.363,2,1,70.0,37,8.0,13,4,16,3
CUST_01422,30.0,Kolkata,1.3,13,11310.24,870.02,10.0,45,0.831,3,4,29.0,24,,15,8,12,0
CUST_01423,35.0,Bengaluru,1.0,12,38540.46,3211.71,12.0,13,0.132,1,5,56.0,20,15.0,14,3,10,2
CUST_01424,18.0,Hyderabad,3.2,14,29882.85,2134.49,4.38,46,0.086,0,5,44.0,29,17.0,13,7,10,0
CUST_01425,20.0,Mumbai,0.5,10,15775.42,1577.54,20.0,230,0.598,5,2,16.0,6,3.0,1,0,2,6
CUST_01426,38.0,Hyderabad,0.9,12,17827.38,1485.61,13.33,83,0.622,0,5,11.0,5,1.0,1,1,1,0
CUST_01427,26.0,Mumbai,0.6,20,43735.94,,33.33,10,0.091,3,4,46.0,16,10.0,11,4,3,2
CUST_01428,45.0,Hyderabad,2.8,9,15720.7,1746.74,3.21,103,0.404,2,5,4.0,3,3.0,3,3,2,2
CUST_01429,36.0,Hyderabad,1.9,4,6945.68,1736.42,2.11,35,0.37,0,5,16.0,5,3.0,7,5,2,6
CUST_01430,40.0,Jaipur,2.3,8,8460.86,1057.61,3.48,78,0.519,3,4,6.0,1,3.0,5,3,1,1
CUST_01431,48.0,Kolkata,3.6,14,14211.18,1015.08,3.89,20,0.853,5,3,40.0,17,19.0,16,4,8,2
CUST_01432,31.0,Pune,2.6,16,12510.32,781.9,6.15,23,0.952,3,3,48.0,24,22.0,13,6,15,0
CUST_01433,28.0,Jaipur,2.1,11,17311.57,1573.78,5.24,19,0.787,4,4,46.0,13,22.0,7,11,13,3
CUST_01434,43.0,Hyderabad,0.5,5,7998.87,1599.77,10.0,129,0.355,1,7,19.0,6,3.0,3,6,2,3
CUST_01435,39.0,Hyderabad,3.6,22,64569.8,2934.99,6.11,17,0.063,3,5,57.0,25,12.0,10,5,8,2
CUST_01436,32.0,Mumbai,0.4,21,64663.64,3079.22,52.5,7,0.247,2,3,58.0,23,8.0,11,1,9,2
CUST_01437,48.0,Jaipur,3.1,26,49734.48,1912.86,8.39,11,0.178,1,4,66.0,38,17.0,10,5,9,3
CUST_01438,32.0,Other,10.0,1,1638.89,1638.89,0.1,74,0.27,1,3,20.0,12,6.0,5,6,3,1
CUST_01439,34.0,Kolkata,4.0,16,30354.91,1897.18,4.0,5,0.24,0,6,63.0,25,13.0,15,7,11,2
CUST_01440,34.0,Other,,6,9246.79,1541.13,3.75,121,0.654,0,1,21.0,8,8.0,3,3,8,1
CUST_01441,25.0,Delhi,5.0,6,10406.43,1734.41,1.2,72,0.485,5,1,10.0,6,3.0,0,3,3,1
CUST_01442,35.0,Jaipur,9.0,16,39158.59,2447.41,1.78,10,0.162,0,5,64.0,22,18.0,11,3,6,4
CUST_01443,48.0,Bengaluru,5.6,2,1783.38,891.69,0.36,36,0.552,2,5,17.0,6,7.0,5,5,1,0
CUST_01444,38.0,Mumbai,6.7,16,17360.69,1085.04,2.39,14,0.712,3,5,47.0,17,21.0,10,10,13,3
CUST_01445,34.0,Chennai,1.4,3,5985.13,1995.04,2.14,143,0.628,0,4,8.0,10,2.0,1,1,0,2
CUST_01446,32.0,Chennai,2.0,22,49425.28,2246.6,11.0,2,0.16,0,5,54.0,24,17.0,17,2,13,2
CUST_01447,37.0,Delhi,4.4,1,1747.39,1747.39,0.23,180,0.449,0,3,21.0,4,6.0,5,6,3,4
CUST_01448,41.0,Mumbai,2.5,9,18772.06,2085.78,3.6,28,0.335,0,1,24.0,8,5.0,6,10,3,4
CUST_01449,40.0,Pune,1.3,10,20362.99,2036.3,7.69,35,0.492,2,4,6.0,2,5.0,3,2,2,3
CUST_01450,31.0,Delhi,4.1,5,10007.31,2001.46,1.22,30,0.459,2,5,19.0,7,5.0,2,1,3,3
CUST_01451,37.0,Mumbai,4.4,12,15805.8,1317.15,2.73,30,0.581,2,1,50.0,15,20.0,19,11,13,2
CUST_01452,39.0,Pune,2.2,19,23884.29,1257.07,8.64,26,0.59,2,5,43.0,28,19.0,11,12,15,6
CUST_01453,24.0,Delhi,1.1,6,12141.87,2023.65,5.45,101,0.382,3,4,9.0,7,5.0,1,2,4,4
CUST_01454,36.0,Other,1.9,13,21583.25,1660.25,6.84,20,0.481,3,3,54.0,15,24.0,13,9,16,1
CUST_01455,18.0,Kolkata,2.0,20,57030.04,2851.5,10.0,5,0.297,0,3,56.0,30,13.0,11,3,8,7
CUST_01456,39.0,Delhi,3.0,5,8163.85,1632.77,1.67,157,0.687,1,4,8.0,2,2.0,3,2,6,2
CUST_01457,41.0,Other,0.9,3,3861.74,1287.25,3.33,86,0.429,2,7,21.0,7,8.0,4,2,5,0
CUST_01458,41.0,Chennai,2.4,7,13169.38,1881.34,2.92,39,0.421,0,3,17.0,6,5.0,7,4,2,2
CUST_01459,30.0,Bengaluru,1.8,27,70675.49,2617.61,15.0,4,0.629,1,4,57.0,32,12.0,14,6,11,1
CUST_01460,37.0,Bengaluru,4.1,4,7172.63,1793.16,0.98,42,0.549,1,2,19.0,5,6.0,5,10,4,2
CUST_01461,48.0,Bengaluru,10.0,37,83851.42,2266.25,3.7,3,0.258,2,3,55.0,24,16.0,9,5,13,2
CUST_01462,48.0,Pune,3.1,7,13084.7,1869.24,2.26,73,0.52,0,4,9.0,12,2.0,6,7,4,3
CUST_01463,34.0,Delhi,2.6,22,60693.26,2758.78,8.46,13,0.285,0,4,44.0,22,14.0,15,4,10,0
CUST_01464,35.0,Bengaluru,3.5,7,13506.04,1929.43,2.0,6,0.398,1,3,23.0,5,12.0,5,4,2,4
CUST_01465,45.0,Bengaluru,4.5,8,17136.16,2142.02,1.78,175,0.595,3,5,13.0,3,6.0,3,1,2,1
CUST_01466,19.0,Kolkata,0.2,20,51234.84,2561.74,100.0,13,0.144,1,6,37.0,25,17.0,15,2,8,5
CUST_01467,31.0,Delhi,2.6,4,5279.19,1319.8,1.54,129,0.464,2,4,7.0,4,3.0,2,4,2,4
CUST_01468,47.0,Kolkata,4.9,29,14187.88,489.24,5.92,2,0.455,0,2,73.0,45,6.0,14,2,11,2
CUST_01469,44.0,Hyderabad,0.7,10,13479.96,1348.0,14.29,343,0.375,3,3,15.0,1,0.0,1,1,3,4
CUST_01470,38.0,Other,3.1,3,6240.27,2080.09,0.97,93,0.467,1,4,21.0,6,8.0,4,3,3,4
CUST_01471,19.0,Delhi,5.2,14,8024.17,573.15,2.69,28,0.938,4,1,45.0,17,17.0,20,6,14,0
CUST_01472,34.0,Other,8.9,5,5546.42,1109.28,0.56,19,0.201,2,5,27.0,4,4.0,8,4,3,6
CUST_01473,28.0,Ahmedabad,3.3,8,8972.59,1121.57,2.42,30,0.481,3,5,10.0,4,4.0,3,3,3,3
CUST_01474,37.0,Chennai,4.1,33,50093.49,1517.98,8.05,2,0.121,2,4,61.0,31,11.0,14,4,8,2
CUST_01475,26.0,Chennai,3.8,29,54736.82,1887.48,7.63,6,0.175,0,2,59.0,36,10.0,18,4,14,2
CUST_01476,24.0,Mumbai,0.8,8,16044.36,2005.55,10.0,78,0.223,1,3,22.0,5,5.0,7,5,1,1
CUST_01477,18.0,Other,10.0,6,5658.38,,0.6,92,0.419,1,3,14.0,10,7.0,4,5,2,2
CUST_01478,46.0,Mumbai,3.5,6,10074.63,1679.11,1.71,129,0.306,2,5,19.0,4,4.0,3,4,4,2
CUST_01479,30.0,Hyderabad,2.3,2,3765.37,1882.68,0.87,44,0.44,1,1,18.0,8,4.0,4,3,2,0
CUST_01480,36.0,Delhi,6.3,23,37559.19,1633.01,3.65,12,0.529,1,5,66.0,34,12.0,13,5,11,0
CUST_01481,34.0,Bengaluru,1.5,5,7207.25,1441.45,3.33,34,0.434,3,6,25.0,8,7.0,6,5,1,6
CUST_01482,23.0,Hyderabad,3.9,20,69961.21,3498.06,5.13,16,0.144,1,3,62.0,18,13.0,12,2,12,0
CUST_01483,21.0,Other,2.2,19,22650.82,1192.15,8.64,24,0.853,2,4,43.0,16,23.0,14,8,13,3
CUST_01484,24.0,Bengaluru,1.5,18,48670.25,2703.9,12.0,17,0.161,1,4,49.0,27,19.0,13,4,15,7
CUST_01485,27.0,Other,2.8,27,76658.48,2839.2,9.64,14,0.346,1,5,58.0,38,19.0,10,4,13,4
CUST_01486,38.0,Hyderabad,3.1,37,78887.24,2132.09,11.94,11,0.255,2,6,70.0,39,9.0,13,6,13,3
CUST_01487,26.0,Mumbai,2.5,22,21171.97,962.36,8.8,9,0.244,2,3,68.0,34,17.0,16,4,10,3
CUST_01488,51.0,Pune,10.0,3,6332.01,2110.67,0.3,67,0.203,0,6,18.0,7,3.0,9,3,1,2
CUST_01489,44.0,Kolkata,3.1,16,22710.27,1419.39,5.16,5,0.209,0,1,76.0,30,12.0,13,4,14,3
CUST_01490,42.0,Mumbai,2.1,13,13084.08,1006.47,6.19,30,0.717,3,4,45.0,13,17.0,9,5,17,1
CUST_01491,33.0,Bengaluru,3.0,28,46365.23,1655.9,9.33,6,0.593,2,4,70.0,28,13.0,22,5,9,2
CUST_01492,49.0,Mumbai,4.5,24,55094.34,2295.6,5.33,2,0.442,3,3,68.0,23,11.0,20,8,4,3
CUST_01493,32.0,Bengaluru,3.7,32,67544.13,2110.75,8.65,10,0.494,1,1,58.0,29,13.0,9,2,9,1
CUST_01494,34.0,Kolkata,7.5,10,20110.83,2011.08,1.33,4,0.156,0,1,58.0,26,8.0,12,4,13,4
CUST_01495,36.0,Bengaluru,3.3,10,12092.68,1209.27,3.03,19,0.693,2,3,42.0,17,20.0,16,3,7,5
CUST_01496,41.0,Mumbai,0.3,5,9927.49,1985.5,16.67,67,0.435,1,1,19.0,4,9.0,3,4,1,3
CUST_01497,40.0,Pune,3.1,9,11373.08,1263.68,2.9,14,0.574,5,3,48.0,24,18.0,8,12,7,1
CUST_01498,29.0,Delhi,3.1,8,9221.78,1152.72,2.58,22,0.928,1,4,49.0,21,19.0,11,6,14,1
CUST_01499,29.0,Mumbai,5.3,31,51943.2,1675.59,5.85,1,0.1,1,3,70.0,25,14.0,18,2,10,3
CUST_01500,40.0,Hyderabad,0.5,11,15763.72,1433.07,22.0,39,0.501,1,5,9.0,3,6.0,1,1,3,2
CUST_01501,41.0,Hyderabad,4.0,6,8312.94,1385.49,1.5,37,0.806,2,7,54.0,24,31.0,10,12,8,2
CUST_01502,30.0,Mumbai,4.8,8,12367.27,1545.91,1.67,5,0.792,3,5,51.0,16,17.0,14,7,10,2
CUST_01503,18.0,Delhi,3.1,18,50224.09,2790.23,5.81,32,0.242,3,3,58.0,35,16.0,6,2,5,3
CUST_01504,32.0,Bengaluru,4.6,23,41577.76,1807.73,5.0,14,0.272,1,5,52.0,33,11.0,11,5,13,8
CUST_01505,40.0,Delhi,1.3,32,59207.19,1850.22,24.62,4,0.248,0,3,62.0,40,10.0,14,5,10,2
CUST_01506,52.0,Hyderabad,5.0,18,30640.84,1702.27,3.6,7,0.12,0,4,66.0,30,13.0,12,1,11,0
CUST_01507,22.0,Delhi,1.1,12,11671.6,972.63,10.91,62,0.978,3,4,43.0,23,21.0,14,7,9,3
CUST_01508,30.0,Bengaluru,1.7,12,6047.73,503.98,7.06,25,0.811,1,4,46.0,18,17.0,16,8,6,2
CUST_01509,30.0,Ahmedabad,4.3,17,19852.09,1167.77,3.95,56,0.678,1,4,50.0,21,23.0,12,19,13,0
CUST_01510,48.0,Mumbai,9.5,4,7917.56,1979.39,0.42,108,0.343,1,4,32.0,9,9.0,5,4,4,8
CUST_01511,34.0,Hyderabad,8.4,4,6902.31,1725.58,0.48,44,0.621,1,4,21.0,9,7.0,5,3,5,5
CUST_01512,25.0,Bengaluru,,5,5398.45,1079.69,1.43,62,0.491,1,4,17.0,4,2.0,8,3,4,2
CUST_01513,40.0,Delhi,0.7,12,20027.62,1668.97,17.14,88,0.786,2,2,6.0,2,3.0,1,0,2,2
CUST_01514,30.0,Kolkata,1.8,22,49233.8,2237.9,12.22,3,0.126,0,4,54.0,37,16.0,13,4,8,1
CUST_01515,22.0,Hyderabad,2.2,12,29951.71,2495.98,5.45,17,0.067,0,4,52.0,31,20.0,16,0,15,4
CUST_01516,25.0,Bengaluru,0.2,15,44458.1,2963.87,75.0,26,0.084,3,3,60.0,33,16.0,11,3,10,1
CUST_01517,51.0,Chennai,1.1,11,16457.15,1496.1,10.0,54,0.24,1,3,17.0,8,8.0,5,2,2,0
CUST_01518,38.0,Ahmedabad,5.1,12,17315.41,1442.95,2.35,81,0.749,6,2,17.0,4,2.0,2,3,2,2
CUST_01519,35.0,Other,8.1,22,44992.46,2045.11,2.72,4,0.365,1,2,68.0,27,15.0,14,3,15,2
CUST_01520,32.0,Hyderabad,5.7,10,16774.1,1677.41,1.75,148,0.383,0,3,13.0,4,1.0,1,1,2,1
CUST_01521,37.0,Jaipur,1.9,17,51197.52,3011.62,8.95,5,0.164,1,2,53.0,25,18.0,13,0,7,2
CUST_01522,37.0,Mumbai,4.4,10,13620.43,1362.04,2.27,131,0.597,3,4,8.0,2,4.0,3,1,1,1
CUST_01523,37.0,Hyderabad,2.7,30,53856.85,1795.23,11.11,1,0.253,3,2,49.0,33,11.0,14,2,16,2
CUST_01524,35.0,Pune,1.1,22,24339.84,1106.36,20.0,5,0.031,3,4,55.0,32,13.0,11,1,9,2
CUST_01525,43.0,Mumbai,3.4,9,14304.11,1589.35,2.65,41,0.959,2,4,54.0,21,21.0,18,13,10,2
CUST_01526,34.0,Hyderabad,4.2,24,47645.7,1985.24,5.71,14,0.3,1,4,55.0,41,7.0,17,4,7,1
CUST_01527,24.0,Kolkata,1.3,25,45596.82,1823.87,19.23,18,0.127,3,3,69.0,32,12.0,15,8,20,2
CUST_01528,28.0,Bengaluru,0.8,28,43631.77,1558.28,35.0,12,0.344,1,3,50.0,21,5.0,11,4,10,5
CUST_01529,18.0,Chennai,1.9,5,7503.02,1500.6,2.63,129,0.443,1,4,18.0,6,8.0,4,6,1,3
CUST_01530,54.0,Bengaluru,6.3,9,11117.28,1235.25,1.43,7,0.629,3,5,41.0,15,21.0,11,12,12,6
CUST_01531,43.0,Bengaluru,4.7,21,23052.74,1097.75,4.47,9,0.328,0,3,75.0,36,11.0,28,4,9,2
CUST_01532,26.0,Delhi,2.0,13,16797.95,1292.15,6.5,26,0.654,2,2,49.0,20,23.0,15,10,14,2
CUST_01533,31.0,Delhi,1.4,4,7965.8,1991.45,2.86,62,0.233,0,5,29.0,6,4.0,4,3,2,2
CUST_01534,28.0,Delhi,2.7,24,55916.2,2329.84,8.89,19,0.225,0,3,67.0,28,14.0,11,4,13,1
CUST_01535,49.0,Chennai,1.0,16,38438.29,2402.39,16.0,12,0.545,0,3,57.0,19,8.0,12,6,6,2
CUST_01536,20.0,Mumbai,3.2,21,48214.09,2295.91,6.56,8,0.296,0,7,61.0,30,13.0,9,2,9,5
CUST_01537,,Mumbai,2.4,12,27928.85,2327.4,5.0,24,0.152,0,3,48.0,25,12.0,14,7,10,3
CUST_01538,33.0,Chennai,0.2,1,1609.07,1609.07,5.0,107,0.398,1,3,25.0,3,4.0,9,5,4,4
CUST_01539,42.0,Hyderabad,2.1,14,36098.22,2578.44,6.67,6,0.213,2,4,58.0,21,8.0,8,3,8,4
CUST_01540,33.0,Bengaluru,0.2,9,9254.28,1028.25,45.0,48,0.91,3,5,42.0,14,20.0,13,6,11,0
CUST_01541,18.0,Mumbai,3.3,4,3457.75,864.44,1.21,25,0.33,0,4,13.0,8,14.0,4,4,4,1
CUST_01542,31.0,Bengaluru,1.0,21,44947.83,2140.37,21.0,18,0.26,1,1,48.0,30,11.0,13,4,10,0
CUST_01543,24.0,Ahmedabad,0.6,12,7728.81,644.07,20.0,14,0.815,0,4,58.0,21,19.0,10,8,5,5
CUST_01544,35.0,Jaipur,2.3,16,28803.75,1800.23,6.96,26,0.361,2,3,60.0,33,6.0,17,3,17,0
CUST_01545,48.0,Chennai,2.1,2,3388.46,1694.23,0.95,290,0.541,0,6,13.0,8,1.0,1,0,0,1
CUST_01546,18.0,Mumbai,3.4,16,12849.2,803.08,4.71,85,0.862,0,2,46.0,24,16.0,12,6,10,2
CUST_01547,26.0,Chennai,1.0,4,5117.28,1279.32,4.0,111,0.308,1,4,10.0,7,7.0,4,2,5,4
CUST_01548,28.0,Pune,6.8,6,4491.7,748.62,0.88,27,0.733,2,5,52.0,22,25.0,14,11,17,1
CUST_01549,30.0,Delhi,4.5,15,36554.82,2436.99,3.33,8,0.219,1,5,56.0,26,14.0,15,1,8,1
CUST_01550,41.0,Pune,7.0,8,17289.01,2161.13,1.14,50,0.17,1,1,12.0,4,3.0,1,5,4,2
CUST_01551,32.0,Kolkata,2.4,11,17425.52,1584.14,4.58,102,0.455,2,5,12.0,3,,1,2,4,1
CUST_01552,38.0,Chennai,1.3,9,9712.91,1079.21,6.92,36,0.868,0,1,51.0,19,14.0,8,4,16,3
CUST_01553,28.0,Hyderabad,8.1,3,4247.04,1415.68,0.37,71,0.421,1,1,15.0,2,8.0,3,2,2,1
CUST_01554,36.0,Chennai,4.5,10,19529.86,1952.99,2.22,103,0.528,2,1,8.0,6,4.0,2,0,1,1
CUST_01555,42.0,Pune,2.2,35,60846.42,1738.47,15.91,6,0.685,1,4,71.0,36,7.0,15,7,12,1
CUST_01556,27.0,Bengaluru,2.6,13,15954.1,1227.24,5.0,1,0.619,0,3,66.0,29,,21,10,8,2
CUST_01557,42.0,Chennai,1.9,11,14599.34,1327.21,5.79,22,0.713,1,5,48.0,17,22.0,11,10,12,3
CUST_01558,35.0,Chennai,5.3,24,40426.56,1684.44,4.53,15,0.194,1,3,79.0,32,10.0,17,2,5,6
CUST_01559,44.0,Ahmedabad,3.6,7,5051.05,721.58,1.94,22,0.38,1,3,20.0,3,8.0,6,4,1,3
CUST_01560,32.0,Delhi,3.9,14,25615.45,1829.67,3.59,106,0.501,1,3,11.0,4,0.0,1,1,1,3
CUST_01561,38.0,Kolkata,1.2,23,49292.58,2143.16,19.17,28,0.355,0,3,57.0,28,6.0,21,2,10,3
CUST_01562,34.0,Bengaluru,2.5,22,45775.18,2080.69,8.8,18,0.311,0,4,73.0,36,16.0,16,2,11,2
CUST_01563,33.0,Chennai,3.1,4,3600.54,900.14,1.29,96,0.505,0,1,16.0,7,4.0,2,7,1,1
CUST_01564,37.0,Bengaluru,0.6,30,37164.67,1238.82,50.0,1,0.378,4,1,56.0,47,14.0,15,0,5,0
CUST_01565,39.0,Other,3.5,5,10516.02,2103.2,1.43,80,0.161,1,2,14.0,5,8.0,4,5,4,3
CUST_01566,22.0,Mumbai,2.9,26,64955.72,2498.3,8.97,19,0.132,1,6,62.0,38,10.0,11,2,13,4
CUST_01567,48.0,Chennai,5.0,3,4381.94,1460.65,0.6,26,0.25,1,3,15.0,10,6.0,3,2,2,2
CUST_01568,18.0,Hyderabad,5.5,18,45738.78,2541.04,3.27,11,0.11,0,5,57.0,27,11.0,11,3,9,5
CUST_01569,27.0,Mumbai,9.3,5,7446.07,1489.21,0.54,59,0.219,1,2,14.0,4,8.0,6,4,3,1
CUST_01570,33.0,Mumbai,3.1,12,14151.79,1179.32,3.87,27,0.889,2,3,51.0,22,17.0,16,4,15,2
CUST_01571,38.0,Ahmedabad,2.1,9,5782.65,642.52,4.29,11,0.841,1,6,46.0,19,16.0,6,10,11,2
CUST_01572,50.0,Mumbai,1.0,18,31361.89,1742.33,18.0,21,0.192,3,4,62.0,19,16.0,13,4,5,3
CUST_01573,18.0,Pune,0.9,3,6275.06,2091.69,3.33,101,0.325,2,4,18.0,8,4.0,3,3,4,1
CUST_01574,29.0,Other,2.6,14,24062.18,1718.73,5.38,105,0.505,3,2,10.0,4,3.0,3,6,2,0
CUST_01575,18.0,Kolkata,0.8,20,28589.85,1429.49,25.0,2,0.273,4,3,73.0,21,12.0,11,9,9,1
CUST_01576,34.0,Pune,0.9,19,47416.67,2495.61,21.11,11,0.289,0,8,38.0,22,9.0,14,3,11,1
CUST_01577,37.0,Hyderabad,2.7,13,39883.09,3067.93,4.81,11,0.062,1,4,56.0,35,11.0,14,1,20,2
CUST_01578,50.0,Hyderabad,2.0,3,4197.42,1399.14,1.5,21,0.54,2,4,17.0,7,5.0,7,9,2,0
CUST_01579,35.0,Ahmedabad,1.3,11,11998.93,1090.81,8.46,66,0.928,3,2,46.0,14,26.0,14,14,7,0
CUST_01580,44.0,Kolkata,2.1,11,17934.76,1630.43,5.24,64,0.973,3,3,43.0,16,21.0,6,6,14,2
CUST_01581,40.0,Ahmedabad,4.6,25,40965.83,1638.63,5.43,3,0.317,4,4,62.0,25,9.0,14,6,11,2
CUST_01582,30.0,Pune,3.6,24,55333.23,2305.55,6.67,7,0.432,2,4,78.0,37,10.0,15,2,10,3
CUST_01583,20.0,Chennai,5.4,12,16389.33,1365.78,2.22,39,0.845,3,3,30.0,21,19.0,17,11,8,0
CUST_01584,37.0,Mumbai,2.4,13,8892.53,684.04,5.42,33,0.536,1,3,44.0,15,26.0,14,11,12,2
CUST_01585,19.0,Mumbai,1.9,12,25349.88,2112.49,6.32,50,0.714,0,1,9.0,5,2.0,1,3,2,0
CUST_01586,47.0,Kolkata,3.0,17,33379.86,1963.52,5.67,2,0.294,2,2,53.0,33,13.0,22,0,8,2
CUST_01587,32.0,Mumbai,0.9,6,10305.93,1717.66,6.67,90,0.389,1,5,21.0,7,7.0,3,4,4,0
CUST_01588,46.0,Hyderabad,2.2,27,55547.35,2057.31,12.27,10,0.258,0,1,67.0,28,17.0,23,2,9,5
CUST_01589,29.0,Ahmedabad,2.0,25,41912.1,1676.48,12.5,28,0.231,1,2,59.0,35,13.0,14,5,9,2
CUST_01590,37.0,Delhi,10.0,6,10418.16,1736.36,0.6,36,0.295,2,5,18.0,8,5.0,3,2,4,4
CUST_01591,36.0,Mumbai,6.1,4,9247.09,2311.77,0.66,34,0.384,0,1,15.0,6,7.0,4,4,2,2
CUST_01592,34.0,Kolkata,4.2,13,17414.23,1339.56,3.1,154,0.457,1,6,11.0,2,3.0,2,1,2,1
CUST_01593,30.0,Other,3.7,24,63719.87,2654.99,6.49,9,0.171,3,2,47.0,23,12.0,6,4,10,1
CUST_01594,38.0,Kolkata,7.6,19,49896.35,2626.12,2.5,17,0.106,3,4,56.0,27,16.0,13,2,5,2
CUST_01595,25.0,Hyderabad,3.7,5,7228.3,1445.66,1.35,75,0.486,2,4,13.0,7,6.0,6,8,3,3
CUST_01596,22.0,Pune,1.4,10,12890.71,1289.07,7.14,13,0.784,4,4,48.0,17,19.0,14,9,10,2
CUST_01597,46.0,Mumbai,1.4,22,31326.99,1423.95,15.71,10,0.602,2,6,65.0,32,17.0,12,9,9,3
CUST_01598,41.0,Chennai,4.7,20,33634.24,1681.71,4.26,13,0.061,2,1,54.0,20,10.0,11,5,14,1
CUST_01599,35.0,Pune,4.1,17,40997.4,2411.61,4.15,31,0.161,2,4,49.0,20,15.0,12,7,10,2
CUST_01600,51.0,Jaipur,3.7,3,4368.72,1456.24,0.81,168,0.629,2,4,13.0,3,2.0,3,1,4,1
CUST_01601,31.0,Bengaluru,5.6,23,58532.26,2544.88,4.11,20,0.066,0,7,54.0,25,19.0,15,2,8,4
CUST_01602,47.0,Hyderabad,5.4,25,61678.95,2467.16,4.63,14,0.345,0,4,63.0,32,14.0,12,7,13,2
CUST_01603,36.0,Kolkata,0.5,30,46810.54,1560.35,60.0,33,0.361,0,1,63.0,35,10.0,9,3,8,1
CUST_01604,24.0,Kolkata,2.4,18,30819.67,1712.2,7.5,34,0.039,1,4,48.0,30,8.0,15,3,9,2
CUST_01605,,Chennai,3.9,18,57853.85,3214.1,4.62,15,0.162,0,4,64.0,33,17.0,12,5,5,1
CUST_01606,44.0,Other,6.5,8,12907.63,1613.45,1.23,30,0.929,0,4,56.0,19,21.0,13,7,12,2
CUST_01607,33.0,Other,4.3,22,52948.01,2406.73,5.12,19,0.242,1,5,56.0,30,11.0,12,2,7,4
CUST_01608,41.0,Other,4.8,3,3468.32,1156.11,0.62,33,0.642,0,5,13.0,7,4.0,7,4,2,1
CUST_01609,30.0,Ahmedabad,,21,34755.15,1655.01,19.09,8,0.129,1,1,67.0,29,10.0,10,3,9,2
CUST_01610,42.0,Chennai,0.7,10,9479.43,947.94,14.29,8,0.688,5,2,64.0,14,15.0,13,9,10,3
CUST_01611,18.0,Chennai,3.5,7,9350.38,1335.77,2.0,89,0.515,1,3,11.0,8,0.0,0,1,4,4
CUST_01612,24.0,Mumbai,1.9,6,7041.81,1173.63,3.16,84,0.388,1,8,17.0,9,12.0,1,3,4,2
CUST_01613,44.0,Pune,4.0,14,9877.05,705.5,3.5,41,0.96,3,2,51.0,18,20.0,13,8,9,1
CUST_01614,32.0,Mumbai,1.6,15,28876.26,1925.08,9.38,5,0.16,2,3,74.0,31,16.0,23,8,9,1
CUST_01615,36.0,Mumbai,1.8,24,44148.3,1839.51,13.33,4,0.454,1,1,65.0,42,9.0,13,3,11,0
CUST_01616,21.0,Bengaluru,4.7,2,1693.64,846.82,0.43,62,0.341,2,3,22.0,9,7.0,5,6,0,1
CUST_01617,52.0,Mumbai,2.8,6,7652.21,1275.37,2.14,94,0.556,1,3,9.0,7,5.0,0,4,2,0
CUST_01618,46.0,Other,1.5,3,4129.53,1376.51,2.0,41,0.343,0,3,21.0,7,11.0,3,2,2,2
CUST_01619,32.0,Ahmedabad,2.5,12,14345.73,1195.48,4.8,15,0.936,6,5,48.0,28,26.0,13,7,16,2
CUST_01620,30.0,Mumbai,4.2,6,10308.09,1718.02,1.43,49,0.3,0,5,11.0,6,7.0,9,7,6,1
CUST_01621,44.0,Pune,2.6,6,6905.11,1150.85,2.31,14,0.941,1,5,50.0,15,23.0,10,9,20,1
CUST_01622,54.0,Ahmedabad,3.9,22,61113.61,2777.89,5.64,18,0.313,1,4,56.0,23,17.0,11,3,10,3
CUST_01623,44.0,Ahmedabad,2.3,7,6064.22,866.32,3.04,22,0.764,4,5,37.0,16,22.0,16,5,21,3
CUST_01624,56.0,Other,6.1,8,9920.71,1240.09,1.31,116,0.316,2,4,12.0,2,8.0,1,5,1,3
CUST_01625,25.0,Other,2.5,19,42503.45,2237.02,7.6,3,0.34,0,4,52.0,34,12.0,10,1,10,1
CUST_01626,26.0,Other,1.8,1,1918.47,1918.47,0.56,105,0.471,0,3,15.0,7,4.0,5,5,2,1
CUST_01627,22.0,Bengaluru,7.2,27,57474.99,2128.7,3.75,1,0.443,1,4,52.0,31,14.0,13,5,11,5
CUST_01628,38.0,Pune,2.8,6,7028.94,1171.49,2.14,36,0.854,1,6,54.0,19,27.0,19,9,10,4
CUST_01629,36.0,Kolkata,3.9,19,52075.32,2740.81,4.87,25,0.094,1,5,57.0,29,18.0,16,4,8,4
CUST_01630,32.0,Delhi,1.8,9,8274.39,919.38,5.0,39,0.924,0,4,37.0,25,22.0,15,11,9,3
CUST_01631,42.0,Ahmedabad,3.8,7,12642.05,1806.01,1.84,67,0.405,0,2,12.0,11,7.0,8,6,0,2
CUST_01632,46.0,Hyderabad,4.2,26,56351.01,2167.35,6.19,7,0.185,0,5,72.0,29,8.0,11,4,9,5
CUST_01633,19.0,Ahmedabad,1.5,5,12272.79,2454.56,3.33,76,0.123,0,2,16.0,3,4.0,11,3,3,2
CUST_01634,28.0,Pune,4.9,12,13566.02,1130.5,2.45,180,0.562,0,4,13.0,11,9.0,4,3,1,2
CUST_01635,42.0,Bengaluru,2.6,6,3186.83,531.14,2.31,228,0.568,1,3,12.0,5,2.0,3,1,3,0
CUST_01636,29.0,Hyderabad,4.9,20,30325.37,1516.27,4.08,2,0.215,2,1,60.0,33,14.0,19,1,10,2
CUST_01637,26.0,Other,1.6,29,39242.56,1353.19,18.12,23,0.127,1,1,61.0,31,9.0,19,5,11,1
CUST_01638,44.0,Pune,1.9,16,48457.35,3028.58,8.42,8,0.32,1,5,53.0,22,10.0,10,4,13,3
CUST_01639,21.0,Other,3.1,9,19235.65,2137.29,2.9,171,0.27,2,3,,3,5.0,5,3,2,2
CUST_01640,31.0,Ahmedabad,1.4,13,27994.46,2153.42,9.29,105,0.623,3,3,7.0,1,1.0,3,2,1,2
CUST_01641,37.0,Kolkata,3.2,10,14005.93,1400.59,3.12,100,0.614,4,1,29.0,16,17.0,9,5,11,3
CUST_01642,28.0,Ahmedabad,3.6,5,9663.75,1932.75,1.39,63,0.439,0,7,17.0,10,6.0,7,6,2,1
CUST_01643,,Hyderabad,3.1,14,15419.79,1101.41,4.52,57,0.958,8,5,53.0,10,19.0,10,16,14,2
CUST_01644,28.0,Pune,3.0,4,8111.13,2027.78,1.33,99,0.236,1,5,17.0,10,5.0,5,4,1,3
CUST_01645,48.0,Pune,1.1,23,40541.39,1762.67,20.91,19,0.129,1,3,62.0,19,20.0,9,2,9,1
CUST_01646,33.0,Jaipur,0.8,5,8598.72,1719.74,6.25,61,0.339,0,7,28.0,9,6.0,6,5,3,2
CUST_01647,41.0,Kolkata,2.7,22,58555.49,2661.61,8.15,3,0.102,3,3,68.0,29,12.0,13,2,8,1
CUST_01648,41.0,Pune,0.6,1,1406.22,1406.22,1.67,109,0.16,2,5,12.0,9,5.0,6,4,5,6
CUST_01649,28.0,Hyderabad,0.5,2,4251.57,2125.79,4.0,63,0.532,1,3,17.0,2,9.0,6,4,2,2
CUST_01650,18.0,Bengaluru,1.8,3,3555.48,1185.16,1.67,116,0.637,1,4,20.0,3,11.0,8,4,5,2
CUST_01651,38.0,Mumbai,1.3,14,40023.86,2858.85,10.77,44,0.476,0,2,58.0,28,13.0,9,1,9,2
CUST_01652,35.0,Hyderabad,3.7,28,61405.0,2193.04,7.57,7,0.25,1,3,71.0,31,9.0,14,4,11,1
CUST_01653,40.0,Delhi,2.7,24,34970.01,1457.08,8.89,14,0.347,2,4,74.0,36,9.0,17,2,13,0
CUST_01654,32.0,Mumbai,3.6,22,38971.92,1771.45,6.11,10,0.573,0,7,73.0,36,8.0,18,6,12,7
CUST_01655,30.0,Bengaluru,4.9,17,42936.9,,3.47,12,0.34,0,2,49.0,22,14.0,13,3,7,3
CUST_01656,54.0,Hyderabad,6.2,6,9886.8,1647.8,0.97,172,0.446,4,2,5.0,5,2.0,2,1,1,0
CUST_01657,19.0,Mumbai,4.5,8,4663.26,582.91,1.78,54,0.864,4,5,45.0,20,15.0,19,6,13,3
CUST_01658,41.0,Delhi,3.1,19,31092.62,1636.45,6.13,10,0.213,2,4,62.0,34,8.0,11,1,9,5
CUST_01659,28.0,Pune,1.2,26,41340.39,1590.02,21.67,7,0.422,0,3,69.0,42,9.0,15,4,9,2
CUST_01660,31.0,Mumbai,5.9,13,9163.37,704.87,2.2,11,0.835,3,3,45.0,14,20.0,14,9,10,3
CUST_01661,31.0,Mumbai,1.0,6,6526.51,1087.75,6.0,7,0.878,1,2,45.0,25,19.0,5,8,18,0
CUST_01662,26.0,Mumbai,5.0,17,15350.81,902.99,3.4,20,0.845,1,4,56.0,19,17.0,13,8,12,0
CUST_01663,40.0,Pune,6.6,7,16202.18,2314.6,1.06,251,0.686,2,1,12.0,7,3.0,3,4,4,0
CUST_01664,48.0,Ahmedabad,3.7,6,5091.98,848.66,1.62,19,0.872,3,4,41.0,22,21.0,13,8,10,2
CUST_01665,39.0,Bengaluru,1.3,9,17181.12,1909.01,6.92,142,0.259,1,3,7.0,3,2.0,2,1,0,3
CUST_01666,35.0,Mumbai,1.9,8,15030.32,1878.79,4.21,63,0.188,2,6,8.0,4,2.0,2,2,1,1
CUST_01667,24.0,Mumbai,3.3,19,37255.0,1960.79,5.76,8,0.323,2,3,69.0,33,20.0,9,2,7,2
CUST_01668,39.0,Delhi,1.5,6,9762.68,1627.11,4.0,30,0.591,0,4,9.0,5,1.0,3,0,2,5
CUST_01669,56.0,Ahmedabad,3.0,15,40695.52,2713.03,5.0,4,0.288,0,2,57.0,27,13.0,14,3,16,1
CUST_01670,30.0,Delhi,3.7,4,3896.88,974.22,1.08,104,0.216,0,3,24.0,3,8.0,3,5,8,3
CUST_01671,30.0,Mumbai,3.9,26,47257.29,1817.59,6.67,1,0.084,4,4,51.0,37,12.0,13,0,6,1
CUST_01672,28.0,Delhi,1.9,7,11805.0,1686.43,3.68,190,0.262,8,6,9.0,2,3.0,1,1,4,4
CUST_01673,29.0,Hyderabad,2.8,8,16402.61,2050.33,2.86,144,0.599,4,2,15.0,3,2.0,1,1,3,1
CUST_01674,18.0,Mumbai,3.2,10,13425.55,1342.56,3.12,87,0.257,2,3,17.0,8,3.0,2,2,2,4
CUST_01675,38.0,Hyderabad,0.7,2,4479.48,2239.74,2.86,18,0.368,2,3,15.0,5,4.0,8,5,7,2
CUST_01676,26.0,Delhi,1.9,16,31815.22,1988.45,8.42,22,0.4,1,1,92.0,37,8.0,15,2,8,3
CUST_01677,18.0,Mumbai,2.9,17,50503.16,2970.77,5.86,14,0.099,1,2,61.0,20,14.0,10,0,10,2
CUST_01678,42.0,Chennai,3.6,37,72826.44,1968.28,10.28,8,0.052,1,4,70.0,28,11.0,10,2,9,1
CUST_01679,23.0,Kolkata,7.0,11,21015.36,1910.49,1.57,22,0.408,1,2,62.0,30,11.0,7,1,6,5
CUST_01680,31.0,Hyderabad,3.4,1,1959.68,1959.68,0.29,80,0.2,2,2,10.0,3,7.0,2,5,4,5
CUST_01681,49.0,Delhi,1.0,27,42487.14,1573.6,27.0,1,0.077,1,1,60.0,33,18.0,14,1,7,2
CUST_01682,20.0,Bengaluru,1.4,9,14432.44,1603.6,6.43,173,0.62,1,7,8.0,3,5.0,1,1,2,4
CUST_01683,19.0,Delhi,5.2,3,4569.35,1523.12,0.58,75,0.566,0,4,22.0,2,4.0,5,3,3,3
CUST_01684,37.0,Chennai,8.7,4,4781.69,1195.42,0.46,39,0.848,0,3,19.0,8,10.0,4,3,3,1
CUST_01685,45.0,Hyderabad,1.2,21,58547.47,2787.97,17.5,31,0.057,1,3,51.0,23,14.0,15,5,12,4
CUST_01686,18.0,Mumbai,1.8,5,9000.61,1800.12,2.78,216,0.59,4,5,18.0,2,2.0,1,2,2,1
CUST_01687,38.0,Chennai,8.9,14,19997.82,1428.42,1.57,171,0.299,2,3,14.0,2,1.0,2,7,3,2
CUST_01688,40.0,Chennai,7.6,13,13905.55,1069.66,1.71,33,0.933,5,4,69.0,15,17.0,20,9,10,3
CUST_01689,18.0,Delhi,4.2,7,6399.64,914.23,1.67,35,0.942,4,3,46.0,17,14.0,14,6,10,2
CUST_01690,42.0,Jaipur,1.8,1,1797.49,1797.49,0.56,9,0.429,0,4,25.0,4,6.0,11,3,3,1
CUST_01691,43.0,Ahmedabad,1.2,17,54202.86,3188.4,14.17,16,0.311,1,7,64.0,19,14.0,11,2,9,3
CUST_01692,31.0,Mumbai,1.7,11,7759.35,705.4,6.47,12,0.832,0,3,,25,28.0,17,6,11,3
CUST_01693,47.0,Other,2.1,34,89914.64,2644.55,16.19,23,0.305,2,2,63.0,34,16.0,24,3,9,2
CUST_01694,45.0,Bengaluru,2.2,22,52374.22,2380.65,10.0,16,0.268,1,4,59.0,20,19.0,11,2,4,1
CUST_01695,35.0,Kolkata,0.7,20,26959.84,1347.99,28.57,10,0.17,0,4,61.0,34,10.0,19,0,7,4
CUST_01696,29.0,Ahmedabad,1.4,16,36464.85,2279.05,11.43,18,0.145,3,4,63.0,26,14.0,8,0,10,1
CUST_01697,24.0,Bengaluru,3.0,24,54660.91,2277.54,8.0,7,0.214,1,6,55.0,25,12.0,15,1,12,1
CUST_01698,34.0,Delhi,1.8,14,38418.42,2744.17,7.78,10,0.067,1,1,55.0,29,13.0,12,2,9,4
CUST_01699,40.0,Other,1.0,7,6230.87,890.12,7.0,155,0.725,1,1,7.0,8,1.0,2,1,2,3
CUST_01700,31.0,Pune,,11,8850.76,804.61,9.17,23,0.832,2,4,40.0,18,26.0,10,4,10,1
CUST_01701,18.0,Pune,2.4,11,14709.28,1337.21,4.58,116,0.538,0,5,18.0,3,3.0,3,2,1,3
CUST_01702,47.0,Delhi,0.8,21,36748.09,1749.91,26.25,3,0.273,0,5,53.0,19,15.0,18,5,12,2
CUST_01703,36.0,Jaipur,6.3,28,73852.65,2637.59,4.44,2,0.083,2,4,53.0,36,13.0,5,4,10,1
CUST_01704,30.0,Other,0.8,14,14339.3,1024.24,17.5,27,0.796,3,4,42.0,25,16.0,11,8,11,3
CUST_01705,43.0,Pune,4.4,32,59073.41,1846.04,7.27,8,0.526,1,3,72.0,30,12.0,10,5,14,1
CUST_01706,49.0,Jaipur,8.6,20,66146.07,3307.3,2.33,25,0.208,2,5,52.0,33,12.0,11,1,6,3
CUST_01707,18.0,Pune,0.9,4,6171.0,1542.75,4.44,51,0.295,3,4,8.0,9,2.0,4,6,5,3
CUST_01708,38.0,Other,1.1,22,34590.62,1572.3,20.0,15,0.485,4,2,63.0,27,12.0,16,4,12,2
CUST_01709,20.0,Hyderabad,2.4,8,10123.61,1265.45,3.33,33,0.807,4,4,40.0,23,22.0,21,12,9,2
CUST_01710,39.0,Mumbai,2.0,2,2369.97,1184.98,1.0,77,0.544,0,1,15.0,7,7.0,3,6,2,4
CUST_01711,35.0,Mumbai,5.3,19,69073.77,3635.46,3.58,13,0.423,1,4,51.0,25,9.0,11,4,6,3
CUST_01712,40.0,Mumbai,2.3,23,77849.91,3384.78,10.0,20,0.154,0,4,60.0,21,10.0,16,0,9,0
CUST_01713,29.0,Pune,1.3,2,2590.25,1295.13,1.54,76,0.1,1,5,13.0,5,3.0,3,5,3,2
CUST_01714,18.0,Kolkata,4.6,7,5210.9,744.41,1.52,7,0.928,5,4,42.0,20,16.0,12,6,10,1
CUST_01715,29.0,Pune,2.1,19,46114.3,2427.07,9.05,5,0.131,2,6,43.0,27,15.0,11,1,7,3
CUST_01716,38.0,Other,1.3,11,14556.44,1323.31,8.46,162,0.584,3,4,12.0,4,3.0,1,2,2,1
CUST_01717,44.0,Chennai,1.5,30,65095.97,2169.87,20.0,6,0.143,2,4,50.0,31,16.0,20,2,7,3
CUST_01718,22.0,Chennai,0.9,5,4889.6,977.92,5.56,180,0.332,1,3,12.0,7,2.0,7,2,3,2
CUST_01719,44.0,Pune,0.4,9,14365.94,1596.22,22.5,149,0.598,2,1,7.0,7,2.0,1,3,3,1
CUST_01720,28.0,Jaipur,1.0,17,37065.73,2180.34,17.0,7,0.278,1,4,69.0,27,3.0,14,3,6,4
CUST_01721,38.0,Chennai,2.3,21,38421.21,1829.58,9.13,11,0.547,2,5,53.0,18,8.0,9,1,6,2
CUST_01722,29.0,Jaipur,2.1,13,36699.73,2823.06,6.19,35,0.071,0,3,52.0,24,11.0,15,1,13,4
CUST_01723,36.0,Other,0.7,29,69926.03,2411.24,41.43,4,0.098,0,3,65.0,33,6.0,13,4,16,3
CUST_01724,43.0,Mumbai,1.4,25,101723.97,4068.96,17.86,22,0.61,1,5,66.0,28,10.0,10,4,12,2
CUST_01725,22.0,Mumbai,4.2,2,2992.38,1496.19,0.48,99,0.187,0,4,19.0,9,5.0,5,5,3,3
CUST_01726,27.0,Ahmedabad,3.9,18,48656.68,2703.15,4.62,9,0.164,1,6,57.0,30,13.0,13,4,10,0
CUST_01727,36.0,Jaipur,2.9,16,9153.63,572.1,5.52,25,0.886,3,5,44.0,11,18.0,14,11,9,3
CUST_01728,58.0,Hyderabad,1.1,9,10060.86,,8.18,105,0.532,3,4,8.0,3,4.0,3,2,3,0
CUST_01729,25.0,Delhi,5.2,3,5474.22,1824.74,0.58,65,0.498,0,4,23.0,6,4.0,5,6,3,1
CUST_01730,54.0,Chennai,2.4,12,17652.91,1471.08,5.0,13,0.763,4,3,41.0,15,26.0,19,9,11,2
CUST_01731,54.0,Delhi,1.5,24,34645.91,1443.58,16.0,31,0.41,1,4,71.0,39,13.0,16,5,11,5
CUST_01732,33.0,Pune,1.1,1,250.0,250.0,0.91,52,0.562,0,5,19.0,9,3.0,4,6,2,3
CUST_01733,31.0,Bengaluru,4.4,12,8649.86,720.82,2.73,23,0.738,2,3,45.0,9,23.0,15,7,17,1
CUST_01734,27.0,Pune,0.2,23,48826.78,2122.9,115.0,7,0.412,0,3,52.0,31,15.0,20,3,13,2
CUST_01735,33.0,Bengaluru,3.3,26,72053.87,2771.3,7.88,18,0.212,0,4,52.0,26,14.0,18,3,5,1
CUST_01736,20.0,Other,1.9,8,13463.49,1682.94,4.21,252,0.585,0,3,5.0,2,0.0,2,2,3,2
CUST_01737,33.0,Ahmedabad,5.7,9,8261.28,917.92,1.58,72,0.726,1,4,46.0,20,20.0,9,11,9,2
CUST_01738,49.0,Other,10.0,23,59303.79,2578.43,2.3,7,0.124,0,6,63.0,27,12.0,10,4,12,4
CUST_01739,28.0,Ahmedabad,1.5,25,51266.57,2050.66,16.67,12,0.219,2,4,74.0,26,14.0,16,5,5,3
CUST_01740,32.0,Delhi,5.3,17,28635.26,1684.43,3.21,10,0.535,2,3,54.0,34,8.0,19,3,8,0
CUST_01741,18.0,Ahmedabad,3.4,3,7327.06,2442.35,0.88,17,0.195,0,3,16.0,6,12.0,4,6,2,3
CUST_01742,38.0,Other,3.2,4,8024.11,2006.03,1.25,58,0.417,3,4,18.0,5,6.0,7,6,3,4
CUST_01743,37.0,Other,0.7,1,1326.39,1326.39,1.43,56,0.659,3,4,12.0,6,5.0,4,7,2,3
CUST_01744,35.0,Chennai,1.8,15,43170.75,2878.05,8.33,15,0.045,1,6,59.0,22,13.0,9,6,9,2
CUST_01745,32.0,Pune,,23,50586.71,2199.42,4.51,21,0.261,2,6,71.0,24,16.0,7,8,13,1
CUST_01746,31.0,Mumbai,6.2,12,17856.31,1488.03,1.94,19,0.495,3,5,52.0,9,15.0,16,3,9,3
CUST_01747,39.0,Mumbai,7.5,18,41201.87,2288.99,2.4,28,0.058,0,4,58.0,22,7.0,22,6,4,0
CUST_01748,34.0,Other,1.8,42,83545.44,1989.18,23.33,22,0.196,1,4,62.0,22,9.0,20,4,10,3
CUST_01749,37.0,Bengaluru,3.8,8,15409.18,1926.15,2.11,31,0.285,1,3,13.0,4,9.0,4,6,2,3
CUST_01750,36.0,Jaipur,1.8,16,44197.68,2762.36,8.89,18,0.111,3,4,52.0,24,23.0,14,5,9,5
CUST_01751,45.0,Bengaluru,3.0,11,17149.84,1559.08,3.67,34,0.876,4,5,43.0,22,20.0,13,8,13,2
CUST_01752,41.0,Chennai,3.8,28,49581.5,1770.77,7.37,15,0.197,1,2,65.0,41,13.0,12,7,4,2
CUST_01753,36.0,Mumbai,1.9,14,34303.65,2450.26,7.37,5,0.146,0,3,52.0,27,8.0,10,2,7,4
CUST_01754,49.0,Pune,4.0,31,63914.73,2061.77,7.75,6,0.166,1,4,65.0,30,10.0,16,2,13,2
CUST_01755,38.0,Bengaluru,2.3,7,12468.08,1781.15,3.04,121,0.584,3,3,15.0,2,2.0,1,2,1,3
CUST_01756,47.0,Chennai,,3,5429.44,1809.81,1.15,38,0.384,1,1,19.0,2,4.0,6,3,3,2
CUST_01757,40.0,Mumbai,0.8,2,5164.14,2582.07,2.5,53,0.546,3,5,12.0,5,1.0,1,2,1,0
CUST_01758,18.0,Kolkata,1.7,10,11310.65,1131.06,5.88,15,0.959,2,7,43.0,23,32.0,10,9,11,1
CUST_01759,47.0,Delhi,1.7,24,68126.19,2838.59,14.12,13,0.284,1,2,74.0,22,15.0,14,3,11,4
CUST_01760,35.0,Ahmedabad,10.0,12,12169.06,1014.09,1.2,24,0.875,1,3,45.0,22,27.0,17,11,12,1
CUST_01761,33.0,Mumbai,1.4,13,11568.38,889.88,9.29,27,0.828,3,3,,14,14.0,13,12,14,1
CUST_01762,37.0,Chennai,2.6,2,3187.57,1593.78,0.77,104,0.388,0,3,21.0,9,6.0,9,6,4,2
CUST_01763,31.0,Delhi,1.4,27,70035.92,2593.92,19.29,5,0.131,2,5,64.0,17,14.0,11,1,9,2
CUST_01764,36.0,Ahmedabad,2.3,6,8016.41,1336.07,2.61,58,0.549,2,5,55.0,18,19.0,11,13,17,0
CUST_01765,28.0,Delhi,3.0,18,51473.98,2859.67,6.0,15,0.22,0,3,67.0,26,7.0,5,8,9,3
CUST_01766,47.0,Chennai,1.2,19,21142.35,1112.76,15.83,22,0.285,2,4,64.0,50,15.0,13,4,11,2
CUST_01767,33.0,Other,4.9,3,4025.46,1341.82,0.61,175,0.739,0,3,13.0,6,5.0,6,5,4,4
CUST_01768,30.0,Mumbai,1.3,5,7421.87,1484.37,3.85,97,0.882,1,4,52.0,17,21.0,11,9,10,4
CUST_01769,25.0,Mumbai,0.7,31,64786.41,2089.88,44.29,7,0.068,0,5,64.0,42,15.0,14,1,17,1
CUST_01770,37.0,Kolkata,2.8,14,24260.36,1732.88,5.0,4,0.498,2,2,51.0,30,20.0,16,0,12,3
CUST_01771,36.0,Chennai,8.8,5,3071.78,614.36,0.57,15,0.892,1,4,48.0,11,17.0,8,9,12,0
CUST_01772,38.0,Delhi,0.5,5,5112.35,1022.47,10.0,52,0.322,0,2,13.0,7,8.0,2,6,1,2
CUST_01773,24.0,Bengaluru,0.9,7,14192.77,2027.54,7.78,225,0.535,1,6,7.0,2,3.0,3,2,2,3
CUST_01774,18.0,Mumbai,4.6,8,13522.87,1690.36,1.74,30,0.496,2,3,13.0,7,0.0,1,4,1,3
CUST_01775,40.0,Pune,1.4,3,5021.6,1673.87,2.14,20,0.707,2,2,17.0,8,2.0,4,5,0,2
CUST_01776,49.0,Bengaluru,3.1,20,45847.2,2292.36,6.45,14,0.468,3,4,83.0,30,14.0,16,4,9,2
CUST_01777,24.0,Ahmedabad,5.5,5,9163.07,1832.61,0.91,45,0.369,0,1,22.0,7,5.0,6,7,4,1
CUST_01778,50.0,Bengaluru,4.4,25,50118.13,2004.73,5.68,12,0.611,0,3,87.0,31,10.0,16,4,9,3
CUST_01779,37.0,Hyderabad,3.0,21,52042.4,2478.21,7.0,11,0.356,0,4,50.0,30,19.0,18,2,7,8
CUST_01780,34.0,Jaipur,3.0,3,2322.06,774.02,1.0,70,0.366,1,2,19.0,5,3.0,7,4,4,2
CUST_01781,30.0,Delhi,2.9,14,30017.8,2144.13,4.83,2,0.173,0,5,56.0,35,11.0,12,3,5,4
CUST_01782,20.0,Chennai,3.3,9,12524.02,1391.56,2.73,173,0.442,2,5,8.0,2,2.0,1,0,4,8
CUST_01783,44.0,Jaipur,6.4,18,11324.92,629.16,2.81,39,0.929,2,4,46.0,23,20.0,10,7,11,5
CUST_01784,26.0,Pune,1.0,3,6655.0,2218.33,3.0,79,0.311,1,2,16.0,9,9.0,6,4,5,3
CUST_01785,26.0,Delhi,0.9,2,4030.08,2015.04,2.22,42,0.642,0,5,13.0,4,5.0,3,3,3,2
CUST_01786,44.0,Other,,8,11998.52,1499.82,2.0,82,0.731,1,3,12.0,5,3.0,2,2,2,1
CUST_01787,18.0,Other,1.6,7,12365.8,1766.54,4.38,59,0.464,1,5,13.0,10,6.0,3,4,2,3
CUST_01788,19.0,Pune,7.3,11,12121.41,1101.95,1.51,32,0.658,10,3,50.0,16,23.0,11,8,9,7
CUST_01789,34.0,Mumbai,3.2,20,62898.59,3144.93,6.25,21,0.491,0,2,49.0,23,12.0,12,6,11,2
CUST_01790,37.0,Pune,7.8,20,24688.93,1234.45,2.56,20,0.801,3,2,37.0,20,23.0,21,5,9,3
CUST_01791,39.0,Delhi,4.4,27,83326.93,3086.18,6.14,8,0.154,1,5,53.0,14,14.0,15,2,7,2
CUST_01792,31.0,Bengaluru,2.2,6,6060.04,1010.01,2.73,74,0.454,1,4,15.0,10,8.0,4,4,2,2
CUST_01793,59.0,Hyderabad,2.7,7,11062.78,1580.4,2.59,22,0.656,4,3,41.0,21,24.0,8,6,11,3
CUST_01794,32.0,Jaipur,5.2,3,5142.28,1714.09,0.58,83,0.312,0,5,18.0,8,4.0,3,3,1,1
CUST_01795,32.0,Delhi,0.7,16,39209.37,2450.59,22.86,22,0.049,1,2,45.0,29,14.0,14,1,7,2
CUST_01796,26.0,Ahmedabad,5.4,10,23180.22,2318.02,1.85,7,0.146,0,1,52.0,18,10.0,15,3,9,3
CUST_01797,35.0,Mumbai,2.6,3,3542.9,1180.97,1.15,53,0.332,1,5,22.0,7,3.0,9,6,6,2
CUST_01798,40.0,Mumbai,2.3,13,25587.66,1968.28,5.65,3,0.207,2,5,54.0,23,11.0,14,4,7,1
CUST_01799,46.0,Bengaluru,10.0,16,32282.25,2017.64,1.6,24,0.074,1,3,60.0,33,14.0,12,1,10,2
CUST_01800,19.0,Mumbai,6.4,13,31253.93,2404.15,2.03,16,0.38,0,5,45.0,29,8.0,11,3,4,3
CUST_01801,32.0,Delhi,1.4,4,7288.66,1822.16,2.86,40,0.816,1,4,10.0,3,4.0,0,2,4,1
CUST_01802,38.0,Jaipur,3.4,5,8240.79,1648.16,1.47,83,0.562,2,3,14.0,8,5.0,5,9,2,2
CUST_01803,40.0,Pune,1.2,17,22320.83,1312.99,14.17,6,0.083,1,1,77.0,28,16.0,17,6,9,3
CUST_01804,34.0,Chennai,3.8,25,46097.98,1843.92,6.58,4,0.392,2,5,59.0,31,13.0,17,5,5,3
CUST_01805,39.0,Delhi,9.0,34,53621.95,1577.12,3.78,2,0.518,1,5,56.0,25,10.0,17,9,8,2
CUST_01806,26.0,Mumbai,7.2,3,4464.72,1488.24,0.42,30,0.358,0,5,16.0,6,3.0,2,3,4,1
CUST_01807,50.0,Hyderabad,3.7,6,13340.66,2223.44,1.62,68,0.203,1,1,15.0,4,2.0,6,3,2,4
CUST_01808,44.0,Ahmedabad,3.4,27,72279.0,2677.0,7.94,13,0.233,0,7,55.0,21,13.0,11,3,7,4
CUST_01809,21.0,Delhi,2.5,24,64816.58,2700.69,9.6,22,0.102,0,3,59.0,26,14.0,9,6,11,6
CUST_01810,23.0,Hyderabad,9.4,13,45128.79,,1.38,18,0.049,4,4,56.0,16,12.0,12,1,5,3
CUST_01811,24.0,Other,4.9,4,4540.14,1135.03,0.82,32,0.352,0,2,16.0,4,9.0,2,6,3,0
CUST_01812,,Ahmedabad,2.0,7,13238.13,1891.16,3.5,70,0.312,0,3,20.0,5,7.0,3,7,0,5
CUST_01813,21.0,Pune,3.0,30,60493.8,2016.46,10.0,16,0.323,1,4,83.0,37,10.0,11,3,13,3
CUST_01814,31.0,Kolkata,3.1,16,37504.94,2344.06,5.16,17,0.125,0,4,47.0,22,10.0,11,1,13,7
CUST_01815,39.0,Bengaluru,1.4,11,25238.59,2294.42,7.86,14,0.302,2,4,60.0,20,14.0,14,2,13,3
CUST_01816,33.0,Kolkata,3.1,6,8886.85,1481.14,1.94,39,0.574,1,1,11.0,4,2.0,2,1,3,2
CUST_01817,37.0,Bengaluru,4.0,26,36428.14,1401.08,6.5,10,0.242,1,6,87.0,27,8.0,13,5,8,2
CUST_01818,23.0,Mumbai,1.3,4,2925.58,731.4,3.08,56,0.254,1,5,,10,7.0,9,6,4,3
CUST_01819,40.0,Hyderabad,5.6,5,4069.31,813.86,0.89,75,0.502,1,2,24.0,7,9.0,3,3,2,1
CUST_01820,28.0,Bengaluru,1.6,30,45983.81,1532.79,18.75,17,0.293,1,4,60.0,45,15.0,13,5,11,1
CUST_01821,31.0,Bengaluru,2.0,23,47508.13,2065.57,11.5,10,0.259,5,4,70.0,47,9.0,12,3,13,1
CUST_01822,36.0,Jaipur,1.6,23,58728.23,2553.4,14.38,28,0.223,2,3,56.0,29,11.0,17,1,8,4
CUST_01823,35.0,Jaipur,1.4,5,6782.12,1356.42,3.57,38,0.844,1,7,45.0,18,19.0,9,10,10,1
CUST_01824,34.0,Bengaluru,6.2,5,8479.09,1695.82,0.81,102,0.293,0,4,24.0,6,5.0,4,9,6,3
CUST_01825,26.0,Bengaluru,6.9,3,4428.05,1476.02,0.43,56,0.306,2,2,15.0,4,6.0,4,8,2,4
CUST_01826,31.0,Bengaluru,1.8,22,13151.15,597.78,12.22,100,0.584,4,3,64.0,17,19.0,15,11,13,4
CUST_01827,34.0,Bengaluru,5.8,22,47123.32,2141.97,3.79,12,0.338,1,4,57.0,30,24.0,13,1,11,3
CUST_01828,20.0,Other,0.8,8,14277.83,1784.73,10.0,105,0.326,1,2,7.0,4,5.0,5,4,0,1
CUST_01829,29.0,Chennai,2.2,7,8342.17,1191.74,3.18,35,0.353,0,3,17.0,3,4.0,2,3,1,1
CUST_01830,38.0,Pune,1.0,21,33032.66,1572.98,21.0,19,0.545,2,6,73.0,20,17.0,11,6,20,2
CUST_01831,21.0,Hyderabad,9.9,4,5929.31,1482.33,0.4,115,0.28,2,2,9.0,1,2.0,4,1,4,2
CUST_01832,46.0,Hyderabad,6.3,11,7919.27,719.93,1.75,40,0.794,3,5,52.0,26,23.0,9,6,13,1
CUST_01833,47.0,Chennai,0.6,13,12103.23,931.02,21.67,11,0.698,3,3,40.0,13,12.0,11,6,10,1
CUST_01834,22.0,Hyderabad,1.4,3,4341.49,1447.16,2.14,85,0.487,0,4,19.0,10,3.0,7,5,1,3
CUST_01835,48.0,Mumbai,2.3,5,10308.41,2061.68,2.17,5,0.362,1,3,27.0,12,4.0,3,9,2,5
CUST_01836,33.0,Mumbai,2.6,3,3471.04,1157.01,1.15,66,0.647,0,5,14.0,7,10.0,1,2,2,2
CUST_01837,38.0,Delhi,0.9,17,57198.97,3364.65,18.89,2,0.033,1,3,58.0,29,7.0,11,5,13,1
CUST_01838,29.0,Bengaluru,4.6,32,56947.93,1779.62,6.96,26,0.37,2,1,64.0,34,12.0,15,2,13,1
CUST_01839,43.0,Mumbai,5.8,7,11357.17,1622.45,1.21,227,0.356,1,3,11.0,1,2.0,1,0,4,2
CUST_01840,38.0,Ahmedabad,3.5,23,34715.7,1509.38,6.57,11,0.207,0,3,68.0,34,10.0,8,4,8,4
CUST_01841,26.0,Delhi,3.4,27,54759.49,2028.13,7.94,5,0.442,1,2,66.0,35,11.0,13,1,8,1
CUST_01842,22.0,Other,1.6,22,40664.42,1848.38,13.75,6,0.488,0,5,59.0,33,14.0,13,3,9,1
CUST_01843,19.0,Mumbai,2.2,31,72120.33,2326.46,14.09,17,0.196,2,4,72.0,28,11.0,7,4,10,6
CUST_01844,36.0,Mumbai,3.2,12,8403.98,700.33,3.75,42,0.589,3,4,58.0,23,29.0,13,10,18,1
CUST_01845,40.0,Bengaluru,3.5,9,18810.89,2090.1,2.57,108,0.678,1,4,10.0,4,4.0,1,1,1,2
CUST_01846,41.0,Pune,2.8,28,61365.93,2191.64,10.0,1,0.7,2,4,63.0,26,14.0,13,3,11,7
CUST_01847,33.0,Other,5.4,21,73423.85,3496.37,3.89,16,0.223,0,6,43.0,33,13.0,13,5,11,2
CUST_01848,22.0,Mumbai,4.0,18,53930.17,2996.12,4.5,1,0.067,4,5,64.0,29,13.0,11,6,9,3
CUST_01849,27.0,Bengaluru,5.8,14,19130.77,1366.48,2.41,173,0.52,0,4,8.0,2,3.0,1,2,3,4
CUST_01850,46.0,Other,3.0,4,5076.87,1269.22,1.33,97,0.271,1,4,16.0,8,1.0,3,3,2,2
CUST_01851,29.0,Delhi,3.0,18,16931.31,940.63,6.0,12,0.365,0,4,61.0,25,11.0,12,4,10,4
CUST_01852,35.0,Mumbai,5.1,5,5344.05,1068.81,0.98,49,0.463,0,4,16.0,8,6.0,5,11,6,1
CUST_01853,23.0,Delhi,1.3,11,13605.74,1236.89,8.46,245,0.347,2,3,15.0,4,5.0,1,4,2,0
CUST_01854,37.0,Bengaluru,10.0,3,5219.48,1739.83,0.3,81,0.242,0,3,16.0,6,10.0,2,4,1,2
CUST_01855,29.0,Pune,1.6,6,10987.77,1831.3,3.75,187,0.585,1,3,12.0,5,5.0,1,3,3,1
CUST_01856,44.0,Bengaluru,1.5,28,58735.65,2097.7,18.67,3,0.406,3,3,58.0,26,16.0,16,3,6,3
CUST_01857,42.0,Ahmedabad,5.6,4,2923.93,730.98,0.71,66,0.538,0,4,15.0,9,6.0,4,5,3,7
CUST_01858,29.0,Jaipur,4.2,5,3420.09,684.02,1.19,18,0.6,1,3,44.0,13,14.0,15,7,11,4
CUST_01859,33.0,Mumbai,4.6,3,3691.3,1230.43,0.65,33,0.58,1,1,26.0,8,7.0,4,6,6,0
CUST_01860,28.0,Mumbai,3.1,2,3974.55,1987.28,0.65,133,0.072,0,4,24.0,3,8.0,4,7,2,3
CUST_01861,20.0,Pune,1.3,3,5377.56,1792.52,2.31,121,0.311,0,4,27.0,6,5.0,8,3,3,0
CUST_01862,25.0,Hyderabad,8.0,3,5044.18,1681.39,0.38,124,0.489,1,4,24.0,10,6.0,4,5,1,3
CUST_01863,36.0,Delhi,5.4,18,55176.79,3065.38,3.33,13,0.271,1,3,63.0,32,12.0,14,3,10,2
CUST_01864,37.0,Ahmedabad,1.8,10,8746.26,874.63,5.56,11,0.819,3,1,34.0,15,21.0,22,14,14,3
CUST_01865,35.0,Kolkata,5.1,11,20795.42,1890.49,2.16,53,0.274,2,5,4.0,7,3.0,2,4,2,1
CUST_01866,31.0,Mumbai,1.9,7,6954.77,993.54,3.68,184,0.572,2,2,14.0,3,4.0,6,0,1,2
CUST_01867,43.0,Hyderabad,2.1,17,42825.41,2519.14,8.1,30,0.076,1,4,51.0,24,8.0,11,2,9,0
CUST_01868,35.0,Mumbai,2.2,20,58728.33,2936.42,9.09,16,0.463,1,4,59.0,27,14.0,15,0,11,0
CUST_01869,41.0,Pune,1.7,17,54810.77,3224.16,10.0,13,0.297,0,3,72.0,26,18.0,15,2,8,2
CUST_01870,18.0,Mumbai,3.0,6,9434.3,1572.38,2.0,84,0.476,1,4,17.0,9,5.0,5,6,2,1
CUST_01871,18.0,Mumbai,5.5,10,9910.69,991.07,1.82,51,0.388,1,2,11.0,13,9.0,12,3,3,3
CUST_01872,37.0,Hyderabad,3.9,23,53800.82,2339.17,5.9,12,0.415,1,5,54.0,33,13.0,12,6,13,2
CUST_01873,20.0,Hyderabad,4.6,8,11181.62,1397.7,1.74,36,0.889,5,3,55.0,19,29.0,11,11,18,3
CUST_01874,32.0,Mumbai,,2,2370.42,1185.21,0.59,46,0.374,0,1,15.0,3,6.0,1,5,3,3
CUST_01875,31.0,Other,0.4,7,17007.32,2429.62,17.5,138,0.513,0,3,18.0,11,7.0,3,1,0,1
CUST_01876,50.0,Bengaluru,10.0,13,14685.98,1129.69,1.3,52,0.84,3,4,41.0,21,12.0,14,13,13,2
CUST_01877,38.0,Mumbai,6.1,8,9674.82,1209.35,1.31,35,0.48,1,4,38.0,21,21.0,11,10,13,4
CUST_01878,36.0,Mumbai,3.5,12,7849.56,654.13,3.43,13,0.592,3,3,40.0,12,18.0,14,10,12,1
CUST_01879,42.0,Hyderabad,1.2,28,39515.0,1411.25,23.33,13,0.379,2,4,79.0,32,11.0,13,7,14,0
CUST_01880,38.0,Other,4.5,14,18619.08,1329.93,3.11,18,0.756,5,7,36.0,16,15.0,8,13,6,1
CUST_01881,29.0,Hyderabad,2.9,3,5260.67,1753.56,1.03,86,0.455,2,1,14.0,4,6.0,6,4,5,4
CUST_01882,45.0,Other,3.3,5,10568.89,2113.78,1.52,206,0.681,2,4,10.0,4,1.0,3,1,1,2
CUST_01883,23.0,Bengaluru,5.4,4,4243.16,1060.79,0.74,38,0.377,2,6,20.0,6,4.0,9,9,0,3
CUST_01884,37.0,Bengaluru,3.8,3,7425.23,2475.08,0.79,66,0.272,0,6,20.0,12,3.0,5,4,3,3
CUST_01885,19.0,Bengaluru,6.9,14,34149.18,2439.23,2.03,14,0.216,2,6,68.0,19,11.0,18,3,7,1
CUST_01886,36.0,Chennai,2.1,16,19616.17,1226.01,7.62,8,0.657,2,4,40.0,16,22.0,10,10,7,2
CUST_01887,36.0,Delhi,0.7,11,36480.29,3316.39,15.71,3,0.148,1,5,59.0,30,19.0,10,3,10,4
CUST_01888,51.0,Jaipur,2.8,25,59585.03,2383.4,8.93,26,0.228,0,4,63.0,30,9.0,19,4,10,3
CUST_01889,18.0,Mumbai,2.1,3,3631.18,1210.39,1.43,52,0.47,0,1,19.0,8,7.0,9,8,4,1
CUST_01890,,Bengaluru,4.1,5,9791.67,1958.33,1.22,131,0.416,2,4,11.0,2,2.0,1,1,1,3
CUST_01891,42.0,Bengaluru,1.5,20,51762.03,2588.1,13.33,15,0.322,0,2,55.0,33,13.0,16,3,9,3
CUST_01892,37.0,Hyderabad,2.1,13,17583.33,1352.56,6.19,5,0.132,0,3,73.0,35,9.0,19,1,8,1
CUST_01893,36.0,Pune,4.2,4,3400.75,850.19,0.95,106,0.429,1,6,14.0,9,6.0,4,3,6,3
CUST_01894,24.0,Bengaluru,2.4,24,63549.63,2647.9,10.0,6,0.105,2,4,73.0,31,8.0,13,4,11,4
CUST_01895,28.0,Bengaluru,5.7,17,20513.31,1206.67,2.98,34,0.693,5,2,58.0,17,19.0,14,9,17,3
CUST_01896,46.0,Chennai,1.5,7,9929.3,1418.47,4.67,117,0.194,0,5,20.0,8,5.0,7,7,7,0
CUST_01897,33.0,Kolkata,1.1,15,15048.33,1003.22,13.64,56,0.633,2,4,36.0,24,18.0,10,10,19,1
CUST_01898,38.0,Kolkata,4.5,25,63771.78,2550.87,5.56,5,0.409,0,4,57.0,16,18.0,9,2,7,2
CUST_01899,33.0,Delhi,0.9,27,68007.2,2518.79,30.0,9,0.324,1,5,86.0,31,12.0,7,5,8,2
CUST_01900,22.0,Other,0.5,4,4964.42,1241.1,8.0,51,0.524,2,5,21.0,5,5.0,4,1,1,2
CUST_01901,43.0,Ahmedabad,1.1,12,11371.91,947.66,10.91,41,0.801,2,2,52.0,16,16.0,12,8,13,2
CUST_01902,39.0,Pune,6.0,13,28097.68,2161.36,2.17,7,0.173,2,2,52.0,21,17.0,14,4,16,2
CUST_01903,57.0,Pune,1.8,4,4587.21,1146.8,2.22,78,0.413,0,3,15.0,4,6.0,5,6,1,1
CUST_01904,24.0,Delhi,2.1,17,46076.04,2710.36,8.1,12,0.271,0,3,50.0,19,15.0,7,0,5,2
CUST_01905,42.0,Bengaluru,4.7,6,15390.87,2565.15,1.28,49,0.179,2,4,14.0,8,8.0,7,4,2,1
CUST_01906,21.0,Jaipur,5.4,32,44208.57,1381.52,5.93,25,0.289,1,3,59.0,35,12.0,17,0,12,3
CUST_01907,36.0,Kolkata,4.8,9,21867.58,2429.73,1.88,202,0.547,2,6,6.0,5,1.0,0,3,4,4
CUST_01908,44.0,Jaipur,4.5,21,32693.84,1556.85,4.67,6,0.245,1,6,65.0,34,14.0,8,4,18,4
CUST_01909,18.0,Pune,1.7,28,64186.46,2292.37,16.47,7,0.288,3,5,61.0,32,6.0,12,5,12,4
CUST_01910,32.0,Hyderabad,3.1,24,75840.76,3160.03,7.74,26,0.107,0,1,63.0,33,18.0,14,1,7,3
CUST_01911,28.0,Delhi,0.9,25,47469.04,1898.76,27.78,2,0.179,0,6,62.0,30,17.0,16,3,10,3
CUST_01912,27.0,Mumbai,2.2,12,21322.77,1776.9,5.45,68,0.743,1,5,9.0,3,3.0,3,2,2,5
CUST_01913,38.0,Chennai,0.6,10,19336.01,1933.6,16.67,228,0.63,1,5,11.0,3,2.0,0,3,2,1
CUST_01914,45.0,Mumbai,5.7,25,51179.47,2047.18,4.39,6,0.308,1,6,50.0,33,12.0,15,5,13,3
CUST_01915,33.0,Chennai,2.1,8,8248.41,1031.05,3.81,21,0.759,2,2,48.0,19,17.0,13,12,15,1
CUST_01916,36.0,Chennai,3.0,2,3750.94,1875.47,0.67,53,0.165,2,5,16.0,9,9.0,3,3,0,1
CUST_01917,35.0,Ahmedabad,1.9,5,9815.51,1963.1,2.63,171,0.685,1,4,12.0,2,4.0,1,2,0,2
CUST_01918,34.0,Mumbai,6.1,11,10249.76,931.8,1.8,11,0.666,3,3,52.0,16,22.0,10,5,9,2
CUST_01919,23.0,Ahmedabad,0.9,26,54089.2,2080.35,28.89,4,0.08,1,4,63.0,28,11.0,11,7,9,2
CUST_01920,45.0,Other,1.2,31,62336.93,2010.87,25.83,1,0.225,0,4,62.0,19,9.0,21,4,11,1
CUST_01921,37.0,Jaipur,3.0,6,11499.15,1916.53,2.0,126,0.48,3,4,20.0,7,8.0,1,7,3,3
CUST_01922,38.0,Kolkata,3.1,20,29401.58,1470.08,6.45,10,0.16,2,4,64.0,24,16.0,11,3,7,3
CUST_01923,26.0,Chennai,5.7,13,16425.55,1263.5,2.28,18,0.917,3,1,46.0,22,23.0,15,14,9,1
CUST_01924,29.0,Bengaluru,3.4,34,48316.3,1421.07,10.0,4,0.512,1,5,81.0,33,12.0,13,3,13,0
CUST_01925,32.0,Kolkata,3.1,3,3497.87,1165.96,0.97,56,0.291,1,1,21.0,9,3.0,3,9,1,2
CUST_01926,19.0,Kolkata,1.6,21,58203.48,2771.59,13.12,4,0.203,0,1,54.0,28,12.0,11,2,5,1
CUST_01927,18.0,Chennai,6.2,11,10949.79,995.44,1.77,33,0.743,0,2,47.0,25,24.0,19,10,12,2
CUST_01928,28.0,Ahmedabad,2.5,18,15182.91,843.49,7.2,35,0.854,3,3,42.0,19,22.0,10,4,10,5
CUST_01929,39.0,Bengaluru,1.7,5,9859.69,1971.94,2.94,5,0.351,0,3,25.0,3,,7,3,3,1
CUST_01930,27.0,Mumbai,1.5,20,59258.8,2962.94,13.33,13,0.279,1,3,61.0,26,14.0,9,4,11,1
CUST_01931,24.0,Hyderabad,3.1,12,10356.37,863.03,3.87,28,0.93,4,4,50.0,23,27.0,14,10,7,1
CUST_01932,26.0,Pune,0.8,18,22685.94,1260.33,22.5,22,0.914,2,3,44.0,18,20.0,16,7,9,0
CUST_01933,29.0,Delhi,0.9,10,4354.55,435.46,11.11,53,0.862,2,3,49.0,19,23.0,18,9,9,2
CUST_01934,30.0,Mumbai,0.9,15,16109.12,1073.94,16.67,21,0.771,0,2,39.0,19,19.0,7,12,9,2
CUST_01935,56.0,Delhi,8.4,2,2374.76,1187.38,0.24,59,0.552,0,1,16.0,7,4.0,6,5,2,2
CUST_01936,45.0,Ahmedabad,7.1,2,3141.72,1570.86,0.28,42,0.368,0,4,18.0,7,5.0,7,8,3,1
CUST_01937,44.0,Hyderabad,1.4,23,34811.95,1513.56,16.43,13,0.636,0,4,37.0,33,16.0,19,1,12,4
CUST_01938,,Mumbai,3.5,4,7367.51,1841.88,1.14,39,0.424,0,5,15.0,7,4.0,5,2,3,3
CUST_01939,24.0,Bengaluru,4.6,14,9319.57,665.68,3.04,27,0.903,3,5,34.0,16,17.0,21,12,20,3
CUST_01940,22.0,Delhi,3.8,17,45213.13,2659.6,4.47,12,0.166,0,3,54.0,26,11.0,9,3,5,0
CUST_01941,23.0,Bengaluru,1.1,13,21011.0,1616.23,11.82,19,0.17,1,3,50.0,28,16.0,15,1,7,1
CUST_01942,47.0,Delhi,1.6,27,36329.99,1345.56,16.88,16,0.388,1,4,72.0,31,4.0,25,3,9,4
CUST_01943,29.0,Other,3.5,4,4529.92,1132.48,1.14,60,0.589,1,4,15.0,7,3.0,11,7,3,3
CUST_01944,21.0,Mumbai,0.9,3,5661.89,1887.3,3.33,95,0.181,2,3,21.0,10,9.0,6,7,6,1
CUST_01945,30.0,Chennai,5.9,7,7355.48,1050.78,1.19,75,0.173,0,3,18.0,5,10.0,5,1,2,1
CUST_01946,32.0,Jaipur,1.1,11,11864.62,1078.6,10.0,66,0.873,1,2,37.0,15,19.0,9,10,9,2
CUST_01947,37.0,Other,3.2,11,11020.67,1001.88,3.44,13,0.934,0,1,36.0,19,10.0,13,3,9,1
CUST_01948,37.0,Mumbai,5.1,13,24966.56,1920.5,2.55,31,0.137,0,1,70.0,23,12.0,12,7,9,0
CUST_01949,26.0,Hyderabad,5.5,27,39178.8,1451.07,4.91,13,0.422,0,3,60.0,39,15.0,12,5,10,2
CUST_01950,41.0,Mumbai,5.5,17,37757.73,2221.04,3.09,2,0.323,2,5,46.0,33,17.0,18,5,10,6
CUST_01951,28.0,Bengaluru,1.6,14,35840.21,2560.02,8.75,9,0.074,0,5,45.0,22,18.0,10,5,9,2
CUST_01952,32.0,Mumbai,1.8,21,50253.09,2393.0,11.67,14,0.131,2,6,59.0,29,11.0,19,5,5,1
CUST_01953,41.0,Ahmedabad,3.7,10,10321.85,1032.18,2.7,56,0.563,3,5,38.0,21,16.0,15,7,16,0
CUST_01954,28.0,Mumbai,4.5,4,1672.39,418.1,0.89,45,0.575,0,3,21.0,4,6.0,5,5,3,3
CUST_01955,28.0,Bengaluru,4.4,11,26541.9,2412.9,2.5,112,0.676,0,1,12.0,6,4.0,2,0,3,4
CUST_01956,40.0,Bengaluru,4.7,8,13511.82,1688.98,1.7,116,0.512,4,3,17.0,5,8.0,1,2,1,4
CUST_01957,25.0,Other,4.0,4,8073.31,2018.33,1.0,63,0.36,1,5,18.0,9,7.0,6,5,1,2
CUST_01958,30.0,Chennai,3.5,34,75697.33,2226.39,9.71,15,0.378,0,3,66.0,34,12.0,19,6,13,3
CUST_01959,40.0,Delhi,1.7,8,10928.05,1366.01,4.71,22,0.347,2,5,25.0,9,5.0,7,1,1,1
CUST_01960,55.0,Pune,3.6,2,2346.25,1173.13,0.56,138,0.462,3,4,12.0,6,6.0,7,6,1,0
CUST_01961,40.0,Mumbai,7.8,20,35268.01,1763.4,2.56,6,0.093,0,4,60.0,30,17.0,8,4,14,6
CUST_01962,39.0,Kolkata,2.3,17,29475.24,1733.84,7.39,9,0.305,1,5,69.0,38,11.0,21,3,9,4
CUST_01963,39.0,Chennai,2.1,4,5082.39,1270.6,1.9,101,0.356,0,6,17.0,7,3.0,3,5,2,1
CUST_01964,23.0,Hyderabad,4.3,28,35754.0,1276.93,6.51,4,0.318,1,2,68.0,25,9.0,16,2,8,4
CUST_01965,35.0,Mumbai,1.1,11,14937.81,1357.98,10.0,35,0.897,5,4,49.0,20,17.0,14,4,9,2
CUST_01966,34.0,Kolkata,3.2,7,4668.3,666.9,2.19,4,0.681,0,3,45.0,23,27.0,17,10,14,5
CUST_01967,37.0,Chennai,5.7,20,78852.18,3942.61,3.51,20,0.247,1,3,59.0,34,12.0,4,1,6,2
CUST_01968,35.0,Other,3.2,28,24117.76,861.35,8.75,7,0.325,2,4,64.0,40,14.0,16,4,6,6
CUST_01969,38.0,Hyderabad,3.2,29,58357.03,2012.31,9.06,12,0.466,1,3,58.0,38,11.0,10,1,8,2
CUST_01970,31.0,Delhi,0.4,17,55230.8,3248.87,42.5,7,0.105,2,3,50.0,25,16.0,13,1,3,2
CUST_01971,35.0,Delhi,2.3,26,54123.7,2081.68,11.3,15,0.35,1,3,42.0,20,,11,1,7,3
CUST_01972,22.0,Mumbai,1.3,2,2286.79,1143.39,1.54,97,0.247,1,4,22.0,4,13.0,5,9,4,1
CUST_01973,31.0,Kolkata,1.0,25,56997.93,2279.92,25.0,14,0.316,3,4,72.0,27,14.0,10,6,12,2
CUST_01974,48.0,Chennai,2.7,12,13975.53,1164.63,4.44,100,0.962,1,4,49.0,18,21.0,6,12,4,4
CUST_01975,37.0,Pune,4.5,30,74645.73,2488.19,6.67,2,0.354,0,6,82.0,36,15.0,11,4,7,0
CUST_01976,34.0,Mumbai,2.5,10,20160.64,2016.06,4.0,142,0.495,3,4,11.0,7,3.0,4,7,6,2
CUST_01977,53.0,Mumbai,5.2,28,58278.9,2081.39,5.38,17,0.222,0,5,63.0,29,13.0,16,6,13,3
CUST_01978,20.0,Other,4.4,28,53549.49,1912.48,6.36,4,0.148,2,2,70.0,26,14.0,16,4,6,3
CUST_01979,23.0,Pune,1.8,7,10351.15,1478.74,3.89,104,0.742,0,3,8.0,2,3.0,7,2,2,1
CUST_01980,51.0,Delhi,2.0,6,5523.68,920.61,3.0,52,0.328,0,2,19.0,8,14.0,3,3,1,1
CUST_01981,34.0,Delhi,0.5,15,45549.86,3036.66,30.0,15,0.54,1,3,49.0,24,12.0,15,2,12,5
CUST_01982,32.0,Bengaluru,9.5,6,5815.5,969.25,0.63,38,0.312,2,3,23.0,4,7.0,7,3,0,1
CUST_01983,22.0,Kolkata,1.4,14,15867.0,1133.36,10.0,22,0.835,2,4,43.0,16,23.0,17,7,17,3
CUST_01984,38.0,Jaipur,3.3,8,9416.37,,2.42,7,0.875,2,2,45.0,17,22.0,21,7,19,4
CUST_01985,39.0,Pune,2.6,20,58700.39,2935.02,7.69,7,0.213,1,2,47.0,29,13.0,10,3,10,2
CUST_01986,23.0,Chennai,7.5,26,62886.86,2418.73,3.47,26,0.438,2,4,45.0,25,12.0,17,3,7,4
CUST_01987,33.0,Delhi,3.6,3,3418.52,1139.51,0.83,95,0.191,0,1,14.0,7,6.0,7,0,2,6
CUST_01988,31.0,Other,2.9,7,11150.86,1592.98,2.41,77,0.609,1,3,42.0,26,20.0,11,10,13,3
CUST_01989,37.0,Delhi,6.4,22,42346.16,1924.83,3.44,6,0.337,3,2,62.0,27,12.0,12,2,6,1
CUST_01990,23.0,Mumbai,3.3,7,6553.97,936.28,2.12,40,0.268,1,4,13.0,9,8.0,7,7,1,0
CUST_01991,47.0,Bengaluru,1.5,1,2540.18,2540.18,0.67,32,0.453,0,3,10.0,13,9.0,8,6,1,4
CUST_01992,43.0,Mumbai,4.1,18,55646.23,3091.46,4.39,18,0.204,0,5,45.0,24,11.0,6,1,4,2
CUST_01993,30.0,Mumbai,0.9,8,4231.25,528.91,8.89,45,0.769,1,2,60.0,21,13.0,11,9,5,0
CUST_01994,32.0,Chennai,1.3,20,31135.31,1556.77,15.38,14,0.429,0,5,60.0,25,15.0,13,8,12,2
CUST_01995,33.0,Kolkata,2.1,5,7892.34,1578.47,2.38,60,0.472,0,3,23.0,5,7.0,4,2,3,1
CUST_01996,26.0,Bengaluru,1.1,6,15533.33,2588.89,5.45,39,0.39,1,4,9.0,3,4.0,5,6,3,0
CUST_01997,,Chennai,2.3,10,12280.26,1228.03,4.35,84,0.433,2,4,6.0,4,5.0,1,1,2,2
CUST_01998,31.0,Hyderabad,0.2,14,34007.24,2429.09,70.0,5,0.192,2,2,56.0,26,20.0,13,1,10,6
CUST_01999,50.0,Hyderabad,3.2,13,30403.04,2338.7,4.06,1,0.049,2,3,57.0,35,7.0,12,1,11,1
CUST_02000,43.0,Hyderabad,4.0,31,51475.5,1660.5,7.75,2,0.082,1,5,72.0,38,13.0,16,4,14,4
CUST_02001,43.0,Chennai,1.9,24,52142.03,2172.58,12.63,4,0.236,1,5,68.0,34,4.0,19,2,11,4
CUST_02002,38.0,Pune,0.7,18,34212.19,1900.68,25.71,3,0.336,2,4,70.0,36,21.0,15,7,8,1
CUST_02003,23.0,Pune,2.8,11,14955.16,1359.56,3.93,110,0.22,2,4,8.0,5,2.0,3,4,0,5
CUST_02004,34.0,Bengaluru,4.4,29,65649.42,2263.77,6.59,10,0.251,1,2,70.0,32,11.0,10,4,6,0
CUST_02005,44.0,Bengaluru,0.9,26,36803.95,1415.54,28.89,6,0.105,1,3,61.0,38,11.0,20,5,13,1
CUST_02006,21.0,Kolkata,10.0,4,4491.9,1122.97,0.4,55,0.56,2,4,12.0,10,1.0,6,7,0,0
CUST_02007,40.0,Delhi,3.3,11,13426.82,1220.62,3.33,16,0.832,2,2,48.0,21,22.0,9,5,12,2
CUST_02008,57.0,Mumbai,4.6,6,10419.66,1736.61,1.3,51,0.431,1,3,20.0,7,5.0,4,3,1,1
CUST_02009,45.0,Pune,,17,59478.52,3498.74,1.7,38,0.094,2,3,42.0,32,18.0,11,4,10,3
CUST_02010,48.0,Pune,3.8,6,9831.94,1638.66,1.58,4,0.724,1,3,46.0,20,28.0,14,12,6,2
CUST_02011,36.0,Kolkata,1.5,17,36036.77,2119.81,11.33,5,0.247,2,5,64.0,24,10.0,9,2,15,1
CUST_02012,44.0,Bengaluru,1.7,22,64738.77,2942.67,12.94,5,0.078,1,3,58.0,32,11.0,13,2,9,3
CUST_02013,27.0,Chennai,5.6,10,8624.56,862.46,1.79,121,0.233,1,6,11.0,6,,1,1,5,2
CUST_02014,42.0,Bengaluru,4.9,17,38356.29,2256.25,3.47,8,0.227,1,5,56.0,28,11.0,6,3,13,0
CUST_02015,41.0,Jaipur,5.6,12,12255.94,1021.33,2.14,8,0.678,3,5,,19,22.0,20,5,9,1
CUST_02016,37.0,Other,4.3,35,69931.4,1998.04,8.14,5,0.451,1,3,64.0,40,19.0,20,5,10,4
CUST_02017,47.0,Chennai,3.9,19,24852.75,1308.04,4.87,3,0.19,2,4,62.0,34,17.0,17,4,5,1
CUST_02018,29.0,Jaipur,4.7,6,13192.11,2198.69,1.28,99,0.498,2,6,,2,3.0,1,3,1,3
CUST_02019,32.0,Bengaluru,3.7,17,53233.37,3131.37,4.59,8,0.058,0,1,51.0,33,19.0,10,3,4,4
CUST_02020,35.0,Other,1.2,7,12966.16,1852.31,5.83,40,0.496,2,6,22.0,8,7.0,4,4,5,2
CUST_02021,24.0,Ahmedabad,1.7,13,25339.72,1949.21,7.65,118,0.492,0,3,14.0,4,4.0,6,2,4,1
CUST_02022,36.0,Other,5.1,12,12140.93,1011.74,2.35,30,0.848,3,1,37.0,16,21.0,13,5,13,5
CUST_02023,18.0,Hyderabad,10.0,12,19282.53,1606.88,1.2,110,0.309,1,4,11.0,2,3.0,0,1,2,2
CUST_02024,44.0,Kolkata,5.8,22,52452.34,2384.2,3.79,13,0.119,0,4,50.0,22,18.0,15,2,11,5
CUST_02025,34.0,Hyderabad,8.0,15,37178.28,2478.55,1.88,18,0.165,2,2,57.0,29,12.0,9,3,6,1
CUST_02026,29.0,Pune,0.8,18,27017.89,1500.99,22.5,1,0.586,3,5,62.0,28,11.0,17,0,18,1
CUST_02027,26.0,Delhi,6.0,9,17923.31,1991.48,1.5,88,0.517,2,3,15.0,4,7.0,4,6,6,2
CUST_02028,32.0,Jaipur,4.8,19,45169.06,2377.32,3.96,40,0.229,2,3,18.0,2,4.0,1,2,1,3
CUST_02029,41.0,Mumbai,3.6,27,43931.57,1627.1,7.5,8,0.546,2,4,61.0,38,10.0,24,7,8,1
CUST_02030,39.0,Hyderabad,2.0,4,3096.89,774.22,2.0,51,0.499,3,4,25.0,5,5.0,4,6,4,2
CUST_02031,27.0,Delhi,4.0,14,27899.12,1992.79,3.5,5,0.093,0,5,64.0,13,16.0,13,4,10,4
CUST_02032,26.0,Delhi,5.3,14,21931.18,1566.51,2.64,4,0.683,2,3,52.0,24,14.0,15,12,14,2
CUST_02033,41.0,Jaipur,3.0,12,16957.12,1413.09,4.0,10,0.743,6,3,40.0,13,14.0,8,9,18,1
CUST_02034,27.0,Jaipur,1.7,7,10531.37,1504.48,4.12,75,0.322,3,3,16.0,2,2.0,2,1,1,2
CUST_02035,35.0,Hyderabad,7.2,5,7034.41,1406.88,0.69,31,0.988,3,3,57.0,16,17.0,10,12,16,2
CUST_02036,35.0,Pune,2.4,29,76619.48,2642.05,12.08,10,0.5,0,5,62.0,40,8.0,13,6,6,0
CUST_02037,37.0,Bengaluru,3.6,21,54285.57,2585.03,5.83,1,0.166,2,5,56.0,26,9.0,14,4,12,5
CUST_02038,43.0,Delhi,0.5,15,45328.85,3021.92,30.0,40,0.445,0,3,52.0,25,15.0,15,5,10,1
CUST_02039,21.0,Delhi,1.5,24,58796.42,2449.85,16.0,5,0.351,0,4,65.0,28,11.0,15,5,8,3
CUST_02040,18.0,Mumbai,6.1,30,70822.59,2360.75,4.92,12,0.344,2,1,56.0,33,12.0,13,1,10,2
CUST_02041,28.0,Hyderabad,5.8,7,12444.76,1777.82,1.21,65,0.489,0,3,7.0,7,5.0,2,2,1,0
CUST_02042,52.0,Delhi,3.9,12,12659.69,1054.97,3.08,20,0.45,4,2,42.0,11,13.0,14,7,12,1
CUST_02043,54.0,Chennai,0.5,8,10788.12,1348.52,16.0,35,0.944,2,5,42.0,19,18.0,11,10,12,0
CUST_02044,52.0,Delhi,1.7,16,45782.18,2861.39,9.41,7,0.558,0,1,55.0,30,9.0,13,7,11,2
CUST_02045,32.0,Bengaluru,9.4,6,10937.08,1822.85,0.64,90,0.527,2,5,9.0,5,2.0,2,3,2,4
CUST_02046,18.0,Mumbai,3.0,5,6411.98,1282.4,1.67,117,0.597,1,2,16.0,5,9.0,2,9,4,2
CUST_02047,18.0,Other,5.2,22,40778.82,1853.58,4.23,13,0.264,0,6,48.0,27,14.0,10,5,11,3
CUST_02048,28.0,Bengaluru,1.7,3,5536.17,1845.39,1.76,42,0.215,0,5,20.0,10,5.0,0,6,1,3
CUST_02049,32.0,Mumbai,2.9,15,13321.56,888.1,5.17,8,0.719,5,3,47.0,18,18.0,15,12,12,2
CUST_02050,47.0,Hyderabad,1.7,19,34217.71,1800.93,11.18,48,0.281,2,1,58.0,18,22.0,15,2,8,2
CUST_02051,43.0,Jaipur,2.2,4,2937.8,734.45,1.82,60,0.766,3,3,51.0,21,20.0,11,8,7,2
CUST_02052,36.0,Kolkata,1.5,12,8437.52,703.13,8.0,3,0.922,5,3,45.0,23,12.0,12,13,13,2
CUST_02053,25.0,Chennai,2.5,14,31896.18,2278.3,5.6,2,0.232,0,5,51.0,24,16.0,14,5,7,2
CUST_02054,24.0,Mumbai,2.6,11,10444.39,949.49,4.23,107,0.671,3,5,9.0,6,6.0,1,1,2,3
CUST_02055,37.0,Chennai,4.8,4,7558.68,1889.67,0.83,47,0.332,0,3,20.0,7,6.0,3,8,2,3
CUST_02056,41.0,Kolkata,0.7,5,7001.73,1400.35,7.14,110,0.369,0,3,17.0,3,4.0,8,5,5,4
CUST_02057,38.0,Hyderabad,1.0,8,7976.59,997.07,8.0,47,0.759,0,3,38.0,25,22.0,11,12,10,0
CUST_02058,24.0,Jaipur,3.0,22,34101.97,1550.09,7.33,15,0.312,1,3,69.0,35,13.0,18,3,8,2
CUST_02059,41.0,Pune,1.1,7,10981.35,1568.76,6.36,78,0.579,2,3,11.0,10,6.0,1,7,6,3
CUST_02060,38.0,Pune,1.3,13,15554.04,1196.46,10.0,14,0.765,2,4,50.0,19,21.0,9,13,12,1
CUST_02061,23.0,Jaipur,7.9,13,27397.94,2107.53,1.65,30,0.23,1,4,44.0,20,17.0,18,6,8,3
CUST_02062,26.0,Hyderabad,4.5,15,15811.92,1054.13,3.33,30,0.879,2,2,45.0,17,20.0,21,6,16,2
CUST_02063,41.0,Mumbai,2.5,2,2138.0,1069.0,0.8,35,0.436,1,5,17.0,11,9.0,6,7,3,0
CUST_02064,32.0,Delhi,1.6,10,7891.87,789.19,6.25,39,0.76,1,5,36.0,10,23.0,17,8,15,2
CUST_02065,50.0,Jaipur,8.2,15,32234.63,2148.98,1.83,11,0.581,3,4,59.0,24,13.0,12,4,8,1
CUST_02066,39.0,Mumbai,0.9,4,7061.47,1765.37,4.44,35,0.246,0,5,20.0,7,3.0,6,3,2,1
CUST_02067,29.0,Mumbai,5.6,30,51962.99,1732.1,5.36,1,0.301,0,4,72.0,36,10.0,18,5,11,0
CUST_02068,34.0,Delhi,8.6,21,34966.5,1665.07,2.44,20,0.201,1,3,55.0,38,11.0,18,3,6,3
CUST_02069,35.0,Other,3.0,15,35540.82,2369.39,5.0,8,0.121,2,5,51.0,21,20.0,10,3,6,2
CUST_02070,27.0,Other,3.8,30,51397.97,1713.27,7.89,11,0.276,3,5,64.0,28,14.0,10,8,5,2
CUST_02071,25.0,Bengaluru,4.0,2,2424.44,1212.22,0.5,180,0.256,0,3,15.0,9,8.0,5,8,3,1
CUST_02072,41.0,Hyderabad,4.7,8,11402.3,1425.29,1.7,14,0.807,5,4,35.0,17,19.0,21,7,10,1
CUST_02073,42.0,Delhi,3.5,30,82372.96,2745.77,8.57,9,0.372,2,3,66.0,32,11.0,17,3,2,4
CUST_02074,40.0,Pune,3.7,8,9973.43,1246.68,2.16,66,0.356,0,3,7.0,3,2.0,1,3,3,2
CUST_02075,49.0,Ahmedabad,1.6,11,17550.96,1595.54,6.88,94,0.637,3,1,9.0,5,5.0,0,5,1,0
CUST_02076,29.0,Mumbai,0.5,8,10804.85,1350.61,16.0,162,0.279,6,2,3.0,7,1.0,1,2,1,4
CUST_02077,51.0,Bengaluru,5.3,31,32948.27,1062.85,5.85,11,0.526,1,3,57.0,32,8.0,15,3,7,3
CUST_02078,25.0,Chennai,1.1,11,8388.46,762.59,10.0,15,0.509,3,5,49.0,21,30.0,18,14,11,1
CUST_02079,24.0,Mumbai,7.5,6,6254.35,1042.39,0.8,69,0.458,2,4,4.0,7,4.0,3,1,0,0
CUST_02080,18.0,Bengaluru,2.6,7,12188.6,1741.23,2.69,93,0.545,1,2,15.0,6,6.0,2,8,5,5
CUST_02081,30.0,Hyderabad,10.0,16,46335.1,2895.94,1.6,24,0.222,1,4,51.0,20,12.0,9,6,11,3
CUST_02082,29.0,Kolkata,3.7,27,66471.22,2461.9,7.3,24,0.094,1,2,49.0,30,11.0,17,1,6,1
CUST_02083,39.0,Pune,2.1,16,12740.7,796.29,7.62,82,0.773,2,3,47.0,15,25.0,10,10,14,0
CUST_02084,36.0,Delhi,4.5,4,5143.44,1285.86,0.89,218,0.44,2,6,5.0,3,2.0,2,2,3,1
CUST_02085,22.0,Hyderabad,9.2,15,13573.88,904.93,1.63,29,0.796,2,1,53.0,22,25.0,17,4,13,7
CUST_02086,30.0,Other,3.1,9,9683.59,1075.95,2.9,29,0.45,0,6,51.0,13,11.0,12,9,9,3
CUST_02087,30.0,Pune,3.0,22,44167.31,2007.61,7.33,28,0.239,2,2,56.0,25,13.0,7,5,11,1
CUST_02088,18.0,Other,2.8,9,16762.57,1862.51,3.21,66,0.284,1,5,16.0,8,6.0,1,4,2,5
CUST_02089,24.0,Kolkata,2.1,7,9290.25,1327.18,3.33,11,0.403,1,3,16.0,5,4.0,7,6,4,5
CUST_02090,26.0,Ahmedabad,3.5,30,60355.85,2011.86,8.57,4,0.337,2,4,73.0,29,10.0,15,5,13,2
CUST_02091,48.0,Mumbai,3.9,6,8710.83,1451.81,1.54,118,0.54,1,6,18.0,9,8.0,6,6,1,0
CUST_02092,36.0,Delhi,9.8,5,5470.3,1094.06,0.51,189,0.529,2,4,10.0,4,4.0,1,1,1,4
CUST_02093,41.0,Mumbai,2.1,22,47238.64,2147.21,10.48,32,0.15,2,2,68.0,28,9.0,14,2,8,2
CUST_02094,19.0,Delhi,8.1,14,14855.05,1061.07,1.73,16,0.461,4,5,46.0,23,16.0,16,6,14,2
CUST_02095,46.0,Other,4.0,34,81329.02,2392.03,8.5,3,0.117,2,3,69.0,35,11.0,18,9,10,3
CUST_02096,47.0,Mumbai,4.5,4,3264.46,816.11,0.89,73,0.39,1,2,17.0,5,3.0,5,5,0,1
CUST_02097,18.0,Hyderabad,1.9,6,5246.19,874.37,3.16,2,0.687,1,3,34.0,17,26.0,24,6,11,2
CUST_02098,27.0,Mumbai,2.7,5,6281.54,1256.31,1.85,74,0.348,1,4,16.0,5,11.0,4,5,2,1
CUST_02099,39.0,Kolkata,2.3,1,1211.27,1211.27,0.43,170,0.309,0,3,20.0,4,2.0,4,8,4,1
CUST_02100,40.0,Pune,4.8,25,63105.56,2524.22,5.21,6,0.107,1,1,57.0,41,6.0,14,5,9,2
CUST_02101,27.0,Mumbai,1.4,9,16505.3,1833.92,6.43,118,0.285,1,4,9.0,1,3.0,4,3,0,1
CUST_02102,31.0,Delhi,1.3,15,15986.26,1065.75,11.54,23,0.797,3,4,50.0,16,23.0,12,10,18,4
CUST_02103,28.0,Kolkata,0.4,23,49252.46,2141.41,57.5,9,0.05,1,2,56.0,23,13.0,14,4,10,0
CUST_02104,35.0,Mumbai,4.5,1,1043.03,1043.03,0.22,21,0.316,1,1,13.0,6,7.0,4,5,5,3
CUST_02105,46.0,Pune,1.0,3,3655.67,1218.56,3.0,13,0.379,1,2,20.0,10,10.0,11,4,1,1
CUST_02106,26.0,Mumbai,2.9,28,60954.55,2176.95,9.66,3,0.212,3,5,58.0,27,7.0,17,7,7,3
CUST_02107,44.0,Other,0.9,13,15482.76,1190.98,14.44,55,0.318,1,4,6.0,5,5.0,0,4,1,4
CUST_02108,26.0,Hyderabad,3.0,9,13531.39,1503.49,3.0,145,0.558,4,1,11.0,2,3.0,1,3,1,4
CUST_02109,26.0,Kolkata,2.9,28,49638.35,1772.8,9.66,7,0.145,2,3,63.0,28,17.0,17,4,13,2
CUST_02110,42.0,Chennai,1.9,8,11267.25,1408.41,4.21,39,0.555,1,3,11.0,0,4.0,1,2,1,3
CUST_02111,43.0,Mumbai,3.9,19,53615.91,2821.89,4.87,26,0.407,1,3,60.0,26,9.0,11,3,12,1
CUST_02112,43.0,Hyderabad,1.9,15,18553.01,1236.87,7.89,29,0.168,0,3,58.0,42,12.0,19,5,11,9
CUST_02113,21.0,Mumbai,5.3,21,53432.15,2544.39,3.96,30,0.235,1,4,50.0,35,18.0,9,5,10,1
CUST_02114,29.0,Delhi,6.1,9,22931.85,2547.98,1.48,136,0.748,1,2,7.0,6,5.0,1,2,0,1
CUST_02115,42.0,Hyderabad,6.3,8,17773.43,2221.68,1.27,54,0.374,0,5,16.0,12,6.0,3,4,5,1
CUST_02116,34.0,Hyderabad,3.0,18,40392.94,2244.05,6.0,6,0.01,1,4,52.0,29,25.0,9,3,8,4
CUST_02117,23.0,Mumbai,4.4,14,12956.23,925.45,3.18,32,0.799,2,6,35.0,14,18.0,12,6,9,5
CUST_02118,39.0,Mumbai,3.0,9,9076.72,1008.52,3.0,15,0.846,4,3,47.0,17,12.0,10,8,5,2
CUST_02119,27.0,Ahmedabad,4.0,15,43736.26,2915.75,3.75,15,0.098,1,2,59.0,27,12.0,12,3,9,4
CUST_02120,52.0,Kolkata,3.1,8,12739.51,1592.44,2.58,53,0.43,1,4,16.0,3,7.0,3,2,0,1
CUST_02121,49.0,Mumbai,3.3,5,7032.35,1406.47,1.52,38,0.227,0,5,16.0,6,9.0,6,6,2,4
CUST_02122,40.0,Mumbai,7.7,12,17068.76,1422.4,1.56,10,0.561,1,3,53.0,21,25.0,12,8,14,1
CUST_02123,48.0,Jaipur,0.5,7,12417.06,1773.87,14.0,220,0.317,1,6,13.0,8,3.0,2,6,2,0
CUST_02124,35.0,Kolkata,3.4,31,62692.08,2022.33,9.12,17,0.328,2,6,77.0,28,13.0,20,4,12,3
CUST_02125,42.0,Other,3.4,11,19490.58,1771.87,3.24,76,0.611,2,3,5.0,3,1.0,5,3,2,1
CUST_02126,49.0,Pune,1.8,3,4149.34,1383.11,1.67,25,0.495,0,2,16.0,4,5.0,4,5,1,5
CUST_02127,36.0,Bengaluru,4.3,4,7514.83,1878.71,0.93,37,0.247,2,5,21.0,3,6.0,5,6,3,1
CUST_02128,31.0,Pune,2.8,18,54063.27,3003.51,6.43,24,0.227,0,4,65.0,30,12.0,13,3,9,3
CUST_02129,18.0,Hyderabad,2.0,9,12980.67,1442.3,4.5,142,0.431,2,4,9.0,5,3.0,0,4,4,2
CUST_02130,33.0,Mumbai,3.3,17,25399.35,1494.08,5.15,6,0.161,4,5,59.0,27,13.0,16,5,13,0
CUST_02131,42.0,Mumbai,8.0,18,53689.97,2982.78,2.25,6,0.108,1,2,63.0,24,12.0,13,1,18,1
CUST_02132,43.0,Mumbai,10.0,17,43341.8,2549.52,1.7,21,0.087,2,4,62.0,22,15.0,13,5,8,1
CUST_02133,39.0,Chennai,2.5,11,9776.17,888.74,4.4,42,0.884,1,6,46.0,12,20.0,19,10,12,2
CUST_02134,29.0,Bengaluru,2.3,13,9633.29,741.02,5.65,11,0.901,4,4,41.0,17,19.0,8,6,11,2
CUST_02135,18.0,Hyderabad,2.8,4,5972.61,1493.15,1.43,71,0.233,0,5,10.0,11,9.0,4,9,3,4
CUST_02136,29.0,Jaipur,0.7,8,11741.02,1467.63,11.43,144,0.609,1,2,11.0,4,2.0,2,4,1,7
CUST_02137,31.0,Kolkata,2.6,16,34401.82,2150.11,6.15,10,0.278,0,3,60.0,22,15.0,17,3,12,0
CUST_02138,31.0,Bengaluru,0.5,6,9009.58,1501.6,12.0,43,0.206,3,5,14.0,10,7.0,1,5,2,5
CUST_02139,40.0,Other,1.5,20,49745.61,2487.28,13.33,15,0.239,0,1,53.0,22,16.0,19,5,15,4
CUST_02140,54.0,Bengaluru,4.1,4,6122.35,1530.59,0.98,132,0.39,1,5,9.0,4,4.0,2,0,3,0
CUST_02141,35.0,Mumbai,1.4,3,5155.51,1718.5,2.14,86,0.273,1,2,17.0,5,7.0,5,8,2,1
CUST_02142,32.0,Other,3.6,18,16388.93,910.5,5.0,18,0.962,2,4,41.0,13,22.0,14,6,7,4
CUST_02143,31.0,Mumbai,2.3,8,15833.07,1979.13,3.48,85,0.365,2,4,21.0,9,4.0,4,5,4,2
CUST_02144,35.0,Hyderabad,1.8,25,59038.68,2361.55,13.89,7,0.529,3,3,70.0,29,6.0,17,3,17,4
CUST_02145,26.0,Delhi,5.4,10,11208.32,1120.83,1.85,15,0.826,5,4,50.0,18,16.0,14,10,14,3
CUST_02146,35.0,Bengaluru,3.1,6,11998.9,1999.82,1.94,79,0.507,1,5,19.0,3,7.0,4,5,0,3
CUST_02147,39.0,Hyderabad,3.9,15,26625.85,1775.06,3.85,38,0.809,3,4,48.0,12,18.0,10,11,10,1
CUST_02148,36.0,Pune,2.3,23,59461.31,2585.27,10.0,7,0.237,0,5,73.0,26,9.0,14,2,6,4
CUST_02149,39.0,Hyderabad,4.9,16,10811.66,675.73,3.27,8,0.691,1,4,45.0,25,11.0,13,10,11,6
CUST_02150,38.0,Kolkata,1.1,6,12070.15,2011.69,5.45,22,0.472,0,3,24.0,7,5.0,4,8,3,1
CUST_02151,18.0,Pune,6.3,23,49516.69,2152.9,3.65,3,0.218,0,4,67.0,29,5.0,12,4,10,3
CUST_02152,40.0,Delhi,0.3,24,53882.95,2245.12,80.0,16,0.236,0,7,55.0,35,14.0,14,2,15,3
CUST_02153,27.0,Pune,0.3,5,2839.97,567.99,16.67,83,0.282,1,6,18.0,6,7.0,2,1,3,4
CUST_02154,23.0,Ahmedabad,2.0,7,13419.9,1917.13,3.5,108,0.345,5,3,20.0,6,5.0,4,2,3,5
CUST_02155,23.0,Kolkata,2.3,21,26950.23,1283.34,9.13,8,0.097,1,2,53.0,18,12.0,14,2,11,1
CUST_02156,38.0,Jaipur,2.2,25,57192.2,2287.69,11.36,8,0.348,2,5,53.0,34,11.0,12,6,13,3
CUST_02157,32.0,Mumbai,1.4,17,42193.73,2481.98,12.14,14,0.458,2,3,64.0,24,11.0,15,3,12,2
CUST_02158,18.0,Mumbai,8.3,23,31466.5,1368.11,2.77,9,0.114,3,3,82.0,30,22.0,19,3,6,3
CUST_02159,39.0,Mumbai,2.7,7,8788.63,1255.52,2.59,28,0.871,3,3,48.0,28,23.0,9,7,11,2
CUST_02160,20.0,Mumbai,6.4,5,9018.78,1803.76,0.78,115,0.209,0,2,20.0,7,10.0,5,7,1,3
CUST_02161,35.0,Hyderabad,0.6,7,8611.19,1230.17,11.67,38,0.542,1,4,20.0,6,4.0,8,9,2,1
CUST_02162,36.0,Other,1.4,3,4141.88,1380.63,2.14,32,0.333,1,2,16.0,10,6.0,3,5,1,2
CUST_02163,43.0,Delhi,1.1,27,39371.5,1458.2,24.55,51,0.296,0,4,72.0,28,13.0,12,5,15,1
CUST_02164,52.0,Other,0.5,1,1785.3,1785.3,2.0,7,0.569,0,3,21.0,6,3.0,6,6,1,1
CUST_02165,20.0,Mumbai,3.3,13,18403.73,1415.67,3.94,37,0.872,3,3,52.0,16,18.0,17,8,11,2
CUST_02166,33.0,Other,1.9,4,7229.5,1807.37,2.11,186,0.645,1,2,10.0,7,3.0,1,0,2,5
CUST_02167,31.0,Pune,0.9,4,6551.77,1637.94,4.44,65,0.471,0,4,21.0,6,11.0,6,6,0,0
CUST_02168,38.0,Other,1.5,24,36613.67,1525.57,16.0,5,0.288,2,2,57.0,24,14.0,20,5,12,4
CUST_02169,36.0,Mumbai,4.4,3,2739.04,913.01,0.68,38,0.489,1,7,18.0,4,6.0,7,8,3,2
CUST_02170,30.0,Other,7.1,22,28400.95,1290.95,3.1,3,0.303,1,6,65.0,27,5.0,11,5,11,2
CUST_02171,30.0,Pune,2.0,3,4421.24,1473.75,1.5,44,0.647,1,5,29.0,9,7.0,3,5,2,4
CUST_02172,23.0,Delhi,1.7,14,31318.31,2237.02,8.24,15,0.086,0,4,63.0,29,10.0,17,2,11,1
CUST_02173,44.0,Bengaluru,2.1,21,48480.09,2308.58,10.0,26,0.232,1,5,61.0,31,18.0,13,2,8,4
CUST_02174,39.0,Delhi,1.6,10,20706.98,2070.7,6.25,85,0.412,1,8,12.0,2,4.0,3,1,5,3
CUST_02175,43.0,Chennai,1.7,29,59477.17,2050.94,17.06,7,0.195,0,5,62.0,32,17.0,8,4,9,3
CUST_02176,31.0,Other,7.6,2,4375.37,2187.68,0.26,180,0.186,0,3,19.0,6,12.0,5,8,2,3
CUST_02177,27.0,Hyderabad,4.6,26,33598.95,1292.27,5.65,15,0.367,2,3,65.0,30,11.0,11,3,15,2
CUST_02178,23.0,Kolkata,5.1,3,5601.94,1867.31,0.59,40,0.467,1,5,20.0,8,12.0,3,4,3,3
CUST_02179,38.0,Mumbai,1.3,6,11144.92,1857.49,4.62,62,0.76,1,5,26.0,9,4.0,5,3,2,1
CUST_02180,24.0,Hyderabad,4.4,12,17304.7,1442.06,2.73,17,0.894,4,1,35.0,18,23.0,15,8,11,3
CUST_02181,52.0,Bengaluru,2.4,20,26451.89,1322.59,8.33,7,0.52,1,4,69.0,36,14.0,25,4,10,1
CUST_02182,21.0,Jaipur,1.2,24,42861.04,1785.88,20.0,25,0.116,0,3,56.0,27,9.0,16,2,6,5
CUST_02183,37.0,Delhi,10.0,17,57329.68,3372.33,1.7,15,0.044,3,2,63.0,27,17.0,12,5,3,4
CUST_02184,50.0,Chennai,3.8,17,29271.79,1721.87,4.47,21,0.425,2,3,63.0,26,15.0,14,4,11,0
CUST_02185,40.0,Pune,7.4,5,8394.01,1678.8,0.68,29,0.518,3,2,16.0,3,6.0,8,5,1,2
CUST_02186,36.0,Pune,5.8,13,30496.4,2345.88,2.24,88,0.539,1,3,9.0,4,7.0,3,3,2,1
CUST_02187,24.0,Delhi,0.5,7,3559.97,508.57,14.0,168,0.228,1,4,13.0,5,2.0,1,1,2,2
CUST_02188,20.0,Delhi,1.4,1,1337.98,1337.98,0.71,52,0.263,0,5,18.0,5,5.0,4,4,5,3
CUST_02189,42.0,Pune,4.4,5,6444.83,1288.97,1.14,64,0.688,0,4,14.0,9,3.0,0,4,1,6
CUST_02190,49.0,Mumbai,2.2,4,3572.25,893.06,1.82,39,0.306,0,2,22.0,7,5.0,6,6,5,3
CUST_02191,30.0,Ahmedabad,3.8,31,57495.49,1854.69,8.16,26,0.128,1,2,73.0,36,15.0,15,5,8,3
CUST_02192,23.0,Mumbai,5.7,8,14260.32,1782.54,1.4,70,0.409,2,3,11.0,2,3.0,1,1,0,3
CUST_02193,18.0,Jaipur,0.5,1,1941.34,1941.34,2.0,81,0.372,0,4,14.0,7,9.0,3,3,5,1
CUST_02194,24.0,Mumbai,3.6,10,9712.08,971.21,2.78,15,0.563,6,6,54.0,21,17.0,7,8,9,1
CUST_02195,33.0,Mumbai,1.9,14,28099.93,2007.14,7.37,5,0.168,1,6,49.0,25,12.0,14,1,12,1
CUST_02196,50.0,Hyderabad,4.7,8,8130.66,1016.33,1.7,3,0.859,3,4,45.0,18,14.0,13,3,12,1
CUST_02197,41.0,Bengaluru,6.3,8,7725.35,965.67,1.27,9,0.742,1,6,37.0,21,16.0,12,6,14,3
CUST_02198,37.0,Bengaluru,2.7,7,12499.64,1785.66,2.59,189,0.405,2,7,7.0,3,3.0,1,2,1,4
CUST_02199,30.0,Hyderabad,2.5,4,5445.64,1361.41,1.6,8,0.76,2,3,45.0,18,19.0,13,12,16,2
CUST_02200,28.0,Delhi,3.8,27,57489.95,2129.26,7.11,4,0.249,2,7,70.0,42,9.0,12,3,12,2
CUST_02201,48.0,Chennai,4.7,7,9284.93,1326.42,1.49,67,0.649,0,4,8.0,2,2.0,1,3,1,6
CUST_02202,36.0,Bengaluru,9.5,21,57049.07,2716.62,2.21,9,0.236,0,4,41.0,21,13.0,13,5,10,4
CUST_02203,18.0,Delhi,9.1,16,11372.14,710.76,1.76,7,0.158,1,1,57.0,27,4.0,21,8,15,2
CUST_02204,27.0,Ahmedabad,5.9,18,43958.11,2442.12,3.05,16,0.056,2,1,68.0,21,22.0,16,4,5,2
CUST_02205,25.0,Kolkata,7.4,4,4793.07,1198.27,0.54,93,0.524,1,6,14.0,4,8.0,7,4,4,1
CUST_02206,29.0,Delhi,2.7,9,11647.65,1294.18,3.33,98,0.652,1,5,7.0,4,2.0,1,2,2,4
CUST_02207,40.0,Ahmedabad,2.1,22,38203.81,1736.54,10.48,13,0.229,2,3,86.0,30,16.0,8,8,7,2
CUST_02208,33.0,Other,0.6,10,27063.3,2706.33,16.67,30,0.383,1,4,8.0,2,2.0,1,4,4,1
CUST_02209,33.0,Hyderabad,1.7,22,44075.86,2003.45,12.94,5,0.285,1,2,81.0,36,9.0,17,0,10,2
CUST_02210,47.0,Pune,4.4,13,18506.42,1423.57,2.95,69,0.555,1,4,13.0,2,5.0,3,0,2,3
CUST_02211,27.0,Other,1.7,4,8468.04,2117.01,2.35,122,0.415,1,4,15.0,7,7.0,10,7,1,2
CUST_02212,53.0,Pune,3.1,7,3008.57,429.8,2.26,107,0.733,0,5,18.0,10,4.0,3,7,5,2
CUST_02213,27.0,Mumbai,4.0,23,65098.75,2830.38,5.75,37,0.119,1,3,65.0,25,11.0,9,4,9,4
CUST_02214,35.0,Delhi,4.8,8,14953.53,1869.19,1.67,65,0.46,5,2,7.0,5,5.0,2,3,1,6
CUST_02215,31.0,Kolkata,10.0,1,923.66,923.66,0.1,45,0.598,1,2,26.0,5,13.0,3,7,4,5
CUST_02216,35.0,Other,3.1,24,49085.18,2045.22,7.74,21,0.069,0,5,45.0,26,14.0,21,4,10,9
CUST_02217,38.0,Chennai,4.6,3,5075.74,1691.91,0.65,157,0.569,1,2,22.0,9,6.0,2,4,4,1
CUST_02218,38.0,Other,2.3,25,64385.35,2575.41,10.87,45,0.306,3,5,64.0,24,16.0,10,2,6,4
CUST_02219,26.0,Mumbai,1.2,7,12822.22,1831.75,5.83,30,0.436,0,7,16.0,1,3.0,1,2,3,2
CUST_02220,23.0,Mumbai,1.8,21,47638.49,2268.5,11.67,4,0.057,0,5,55.0,21,14.0,16,2,6,2
CUST_02221,59.0,Hyderabad,2.6,5,3324.26,664.85,1.92,112,0.339,0,4,26.0,6,4.0,5,4,0,1
CUST_02222,29.0,Other,4.0,9,10238.01,1137.56,2.25,38,0.682,3,2,51.0,16,23.0,16,7,12,0
CUST_02223,41.0,Bengaluru,9.2,18,32592.02,1810.67,1.96,18,0.129,0,4,46.0,24,15.0,13,2,9,2
CUST_02224,18.0,Mumbai,2.9,21,36826.78,1753.66,7.24,1,0.22,2,4,64.0,30,9.0,14,4,12,2
CUST_02225,31.0,Pune,2.0,16,42456.45,2653.53,8.0,13,0.139,1,4,45.0,22,12.0,9,7,10,1
CUST_02226,33.0,Pune,2.0,8,11421.65,1427.71,4.0,19,0.961,3,5,44.0,20,15.0,13,15,19,2
CUST_02227,39.0,Delhi,3.6,23,42249.2,1836.92,6.39,5,0.171,1,5,72.0,32,9.0,13,4,11,2
CUST_02228,18.0,Mumbai,3.5,12,12414.78,1034.57,3.43,36,0.798,4,3,54.0,16,24.0,8,12,8,1
CUST_02229,36.0,Other,3.4,29,57830.19,1994.14,8.53,2,0.551,1,5,67.0,26,7.0,12,3,14,5
CUST_02230,23.0,Bengaluru,2.7,29,64296.05,2217.11,10.74,12,0.187,0,2,60.0,23,9.0,17,5,9,1
CUST_02231,37.0,Chennai,5.0,4,4895.67,1223.92,0.8,144,0.549,3,4,17.0,5,4.0,9,4,3,2
CUST_02232,24.0,Mumbai,0.5,19,49563.91,2608.63,38.0,11,0.207,0,5,47.0,32,14.0,13,2,10,2
CUST_02233,25.0,Mumbai,4.4,10,8806.51,880.65,2.27,132,0.626,1,3,16.0,4,4.0,1,5,2,4
CUST_02234,31.0,Hyderabad,2.1,18,23294.79,1294.15,8.57,56,0.341,1,1,13.0,3,1.0,1,5,1,5
CUST_02235,23.0,Jaipur,3.9,4,7968.44,1992.11,1.03,95,0.343,1,5,15.0,4,5.0,4,6,2,2
CUST_02236,29.0,Bengaluru,4.3,13,12108.01,931.39,3.02,7,0.776,5,4,59.0,25,22.0,11,12,13,2
CUST_02237,22.0,Jaipur,2.0,13,24425.23,1878.86,6.5,107,0.702,4,2,12.0,2,2.0,1,4,2,3
CUST_02238,18.0,Ahmedabad,10.0,17,45796.17,2693.89,1.7,11,0.162,2,4,64.0,21,7.0,13,2,8,3
CUST_02239,44.0,Mumbai,1.3,22,53900.95,2450.04,16.92,3,0.206,1,5,59.0,32,14.0,16,1,11,1
CUST_02240,21.0,Pune,6.9,22,42291.32,1922.33,3.19,12,0.128,1,2,64.0,30,7.0,17,1,11,5
CUST_02241,32.0,Chennai,2.7,1,1325.87,1325.87,0.37,9,0.378,0,2,25.0,5,4.0,8,7,3,2
CUST_02242,42.0,Bengaluru,5.5,20,48441.54,2422.08,3.64,12,0.485,0,2,48.0,34,20.0,17,3,9,1
CUST_02243,28.0,Delhi,0.7,12,7663.83,638.65,17.14,20,0.884,3,5,45.0,11,18.0,11,7,12,3
CUST_02244,26.0,Bengaluru,4.2,11,16784.27,1525.84,2.62,247,0.36,4,3,10.0,2,3.0,2,3,3,2
CUST_02245,36.0,Bengaluru,2.8,11,15234.58,1384.96,3.93,209,0.703,1,5,12.0,5,4.0,0,5,2,2
CUST_02246,45.0,Other,4.4,12,20889.61,1740.8,2.73,21,0.955,2,4,43.0,17,17.0,13,8,14,5
CUST_02247,22.0,Mumbai,4.4,26,78056.34,3002.17,5.91,28,0.163,0,3,51.0,22,13.0,8,1,1,1
CUST_02248,32.0,Pune,5.2,2,3493.58,1746.79,0.38,58,0.374,0,2,11.0,6,6.0,10,2,2,1
CUST_02249,18.0,Hyderabad,6.8,12,8208.59,684.05,1.76,39,0.783,3,4,37.0,23,23.0,17,7,4,2
CUST_02250,30.0,Chennai,8.0,20,59125.11,2956.26,2.5,8,0.082,0,3,57.0,27,16.0,15,1,6,3
CUST_02251,34.0,Chennai,0.9,14,30770.32,2197.88,15.56,43,0.122,1,3,61.0,24,19.0,9,3,8,2
CUST_02252,25.0,Other,0.6,3,4926.21,1642.07,5.0,239,0.384,0,4,6.0,5,7.0,6,2,4,1
CUST_02253,29.0,Ahmedabad,2.1,4,2844.53,711.13,1.9,57,0.659,0,5,24.0,13,4.0,4,8,7,1
CUST_02254,20.0,Hyderabad,3.4,6,8658.92,1443.15,1.76,70,0.539,2,4,13.0,7,4.0,4,7,5,1
CUST_02255,35.0,Pune,2.2,8,15993.41,1999.18,3.64,34,0.523,2,5,9.0,3,1.0,1,2,4,2
CUST_02256,45.0,Bengaluru,5.5,10,6629.82,662.98,1.82,40,0.657,1,5,51.0,25,18.0,16,9,5,2
CUST_02257,,Chennai,7.5,7,3143.4,449.06,0.93,16,0.59,1,2,37.0,21,22.0,13,10,11,3
CUST_02258,28.0,Ahmedabad,5.0,30,48154.52,1605.15,6.0,38,0.183,0,4,55.0,27,8.0,29,8,16,1
CUST_02259,39.0,Other,1.0,23,35974.34,1564.1,23.0,3,0.404,0,4,66.0,29,8.0,16,3,9,2
CUST_02260,46.0,Hyderabad,6.9,27,46070.57,1706.32,3.91,7,0.088,2,3,74.0,23,7.0,12,8,12,0
CUST_02261,19.0,Bengaluru,1.9,6,12152.86,2025.48,3.16,42,0.34,1,4,20.0,4,6.0,6,1,2,4
CUST_02262,32.0,Mumbai,0.4,11,13139.37,1194.49,27.5,51,0.953,4,3,45.0,20,24.0,5,8,12,2
CUST_02263,37.0,Mumbai,1.1,10,20409.95,2041.0,9.09,40,0.318,2,2,13.0,7,1.0,3,2,1,1
CUST_02264,33.0,Mumbai,5.5,12,11047.06,920.59,2.18,26,0.925,1,3,46.0,13,27.0,9,5,8,4
CUST_02265,,Mumbai,4.5,13,21349.19,1642.25,2.89,69,0.693,2,2,42.0,24,21.0,9,8,17,3
CUST_02266,39.0,Delhi,3.0,6,14095.03,2349.17,2.0,33,0.246,0,4,19.0,9,6.0,3,7,3,2
CUST_02267,49.0,Delhi,2.3,8,6551.18,818.9,3.48,85,0.776,2,3,55.0,18,14.0,19,7,10,2
CUST_02268,35.0,Chennai,1.0,2,3031.58,1515.79,2.0,29,0.403,1,4,21.0,6,4.0,4,8,3,5
CUST_02269,24.0,Hyderabad,2.1,26,33599.53,1292.29,12.38,9,0.155,4,3,53.0,33,15.0,18,3,11,5
CUST_02270,29.0,Hyderabad,0.8,8,8580.34,1072.54,10.0,38,0.891,2,4,37.0,18,22.0,12,10,12,3
CUST_02271,52.0,Bengaluru,4.5,17,42938.7,2525.81,3.78,1,0.235,1,1,44.0,21,17.0,15,4,6,6
CUST_02272,43.0,Pune,5.4,39,66531.21,1705.93,7.22,2,0.174,1,2,66.0,36,9.0,16,5,7,0
CUST_02273,40.0,Other,4.6,11,7969.63,724.51,2.39,25,0.66,1,3,51.0,20,29.0,17,8,13,2
CUST_02274,38.0,Mumbai,5.7,5,6845.93,1369.19,0.88,83,0.656,0,3,21.0,4,3.0,5,5,4,3
CUST_02275,27.0,Other,3.3,9,9613.86,1068.21,2.73,365,0.786,1,5,8.0,6,1.0,0,2,3,4
CUST_02276,32.0,Delhi,5.5,14,18704.44,1336.03,2.55,36,0.649,2,6,32.0,21,22.0,19,10,15,6
CUST_02277,33.0,Bengaluru,0.2,3,6279.97,,15.0,132,0.122,4,5,19.0,4,4.0,6,6,5,5
CUST_02278,39.0,Mumbai,2.7,12,6006.92,500.58,4.44,40,0.773,5,3,54.0,20,14.0,13,8,18,2
CUST_02279,49.0,Mumbai,4.5,2,5270.8,2635.4,0.44,17,0.457,0,4,20.0,3,4.0,7,6,5,2
CUST_02280,45.0,Bengaluru,1.9,24,47977.55,1999.06,12.63,5,0.06,2,3,69.0,24,18.0,11,5,8,5
CUST_02281,20.0,Kolkata,2.6,24,39771.66,1657.15,9.23,1,0.481,2,1,76.0,27,16.0,15,6,12,4
CUST_02282,36.0,Pune,2.7,12,16583.18,1381.93,4.44,11,0.233,5,5,64.0,38,11.0,9,3,7,2
CUST_02283,41.0,Hyderabad,3.1,12,10474.15,872.85,3.87,47,0.969,3,4,34.0,21,28.0,8,6,11,1
CUST_02284,40.0,Pune,1.4,28,80750.92,2883.96,20.0,38,0.119,0,4,57.0,29,14.0,17,3,8,2
CUST_02285,28.0,Delhi,2.7,8,22648.42,2831.05,2.96,10,0.242,2,2,50.0,30,18.0,14,1,11,4
CUST_02286,63.0,Other,5.4,19,24690.15,1299.48,3.52,12,0.19,2,2,58.0,34,11.0,14,2,11,2
CUST_02287,21.0,Jaipur,1.0,7,19350.64,2764.38,7.0,64,0.214,3,2,11.0,4,4.0,3,2,1,2
CUST_02288,23.0,Bengaluru,1.5,26,41105.76,1580.99,17.33,15,0.494,0,3,59.0,33,8.0,13,2,8,3
CUST_02289,36.0,Pune,2.9,11,6437.02,585.18,3.79,11,0.656,3,4,42.0,21,18.0,11,7,5,2
CUST_02290,55.0,Pune,4.5,14,46310.09,3307.86,3.11,36,0.382,0,1,57.0,33,13.0,12,5,7,3
CUST_02291,26.0,Other,1.0,8,8773.1,1096.64,8.0,17,0.928,3,5,40.0,16,21.0,13,5,11,0
CUST_02292,31.0,Pune,1.8,31,41678.72,1344.47,17.22,26,0.372,2,2,64.0,38,9.0,14,3,9,4
CUST_02293,45.0,Ahmedabad,7.9,36,60272.57,1674.24,4.56,9,0.304,0,2,60.0,38,11.0,18,2,8,3
CUST_02294,34.0,Delhi,3.1,7,4986.8,712.4,2.26,14,0.635,1,4,55.0,13,27.0,18,9,21,2
CUST_02295,31.0,Other,4.3,13,38589.39,2968.41,3.02,14,0.077,0,3,48.0,26,17.0,15,2,7,2
CUST_02296,40.0,Delhi,5.7,22,59165.23,2689.33,3.86,20,0.097,0,3,61.0,26,9.0,9,2,11,2
CUST_02297,37.0,Delhi,3.1,26,46627.65,1793.37,8.39,23,0.2,2,4,68.0,44,14.0,6,4,7,2
CUST_02298,44.0,Chennai,1.1,11,42786.68,3889.7,10.0,11,0.394,1,4,58.0,22,14.0,10,3,4,1
CUST_02299,47.0,Other,2.5,14,38831.42,2773.67,5.6,17,0.152,1,4,61.0,32,10.0,10,4,7,0
CUST_02300,37.0,Other,4.5,27,52082.62,1928.99,6.0,7,0.39,2,3,72.0,38,5.0,13,6,10,3
CUST_02301,37.0,Chennai,4.8,1,250.0,250.0,0.21,18,0.519,2,6,13.0,7,8.0,4,9,4,2
CUST_02302,36.0,Kolkata,1.9,9,8671.84,963.54,4.74,75,0.729,1,4,40.0,25,33.0,14,12,9,2
CUST_02303,39.0,Hyderabad,1.7,12,11823.99,985.33,7.06,30,0.738,5,4,42.0,12,23.0,17,6,8,1
CUST_02304,35.0,Kolkata,1.7,26,34129.1,1312.66,15.29,10,0.359,2,6,66.0,31,10.0,19,2,13,1
CUST_02305,34.0,Jaipur,4.8,12,18425.48,1535.46,2.5,37,0.643,2,2,10.0,4,8.0,1,1,1,1
CUST_02306,46.0,Bengaluru,2.0,28,65809.61,2350.34,14.0,11,0.3,1,5,62.0,35,12.0,20,7,6,2
CUST_02307,49.0,Hyderabad,0.5,20,57557.36,2877.87,40.0,21,0.246,0,3,57.0,23,17.0,15,2,9,1
CUST_02308,19.0,Hyderabad,2.3,8,8036.19,1004.52,3.48,15,0.642,3,3,45.0,7,19.0,10,8,13,3
CUST_02309,34.0,Hyderabad,4.4,13,22032.58,1694.81,2.95,29,0.107,0,5,59.0,20,14.0,14,1,12,0
CUST_02310,27.0,Jaipur,5.5,19,31087.7,1636.19,3.45,8,0.37,1,3,,28,9.0,21,3,10,2
CUST_02311,31.0,Delhi,1.9,11,7976.81,725.16,5.79,8,0.764,3,3,45.0,25,24.0,10,6,10,4
CUST_02312,38.0,Pune,2.8,6,9237.23,1539.54,2.14,111,0.363,1,3,14.0,1,7.0,2,0,2,2
CUST_02313,41.0,Bengaluru,2.7,10,9582.09,958.21,3.7,38,0.848,0,4,35.0,16,21.0,11,4,10,5
CUST_02314,33.0,Pune,2.5,2,3757.13,1878.57,0.8,54,0.569,0,1,20.0,11,7.0,5,5,6,3
CUST_02315,18.0,Bengaluru,2.5,12,15479.22,1289.93,4.8,89,0.242,0,4,8.0,5,1.0,2,2,3,2
CUST_02316,24.0,Other,4.0,22,66134.21,3006.1,5.5,20,0.149,1,3,59.0,23,17.0,9,3,6,3
CUST_02317,43.0,Hyderabad,5.6,21,35767.15,1703.2,3.75,7,0.24,1,4,68.0,25,7.0,16,4,15,2
CUST_02318,18.0,Jaipur,2.5,18,34753.17,1930.73,7.2,23,0.501,1,3,61.0,29,13.0,15,4,6,3
CUST_02319,46.0,Mumbai,1.3,25,59484.29,2379.37,19.23,20,0.414,3,2,50.0,31,9.0,15,4,8,4
CUST_02320,39.0,Other,3.8,21,43074.67,2051.17,5.53,1,0.328,0,2,71.0,30,15.0,23,4,12,0
CUST_02321,47.0,Hyderabad,9.2,7,4887.33,698.19,0.76,61,0.543,1,2,12.0,2,2.0,2,1,1,1
CUST_02322,32.0,Mumbai,3.7,1,1463.17,1463.17,0.27,69,0.407,2,4,17.0,8,4.0,4,7,6,2
CUST_02323,18.0,Chennai,3.3,12,7418.08,618.17,3.64,18,0.877,6,3,44.0,24,17.0,15,7,10,2
CUST_02324,38.0,Other,1.4,24,32761.17,,17.14,1,0.204,3,2,65.0,28,20.0,16,3,11,1
CUST_02325,47.0,Mumbai,0.6,1,1879.06,1879.06,1.67,74,0.306,0,2,24.0,8,6.0,4,5,4,5
CUST_02326,43.0,Hyderabad,2.7,10,19997.94,1999.79,3.7,68,0.353,2,6,13.0,3,3.0,0,2,1,5
CUST_02327,27.0,Other,3.7,5,10829.81,2165.96,1.35,42,0.583,0,3,12.0,11,5.0,6,7,5,1
CUST_02328,35.0,Mumbai,6.9,17,64741.32,3808.31,2.46,17,0.093,1,3,51.0,26,20.0,6,2,6,1
CUST_02329,29.0,Chennai,3.2,4,7348.78,1837.19,1.25,109,0.47,1,5,18.0,12,4.0,5,6,4,3
CUST_02330,26.0,Bengaluru,0.7,20,54865.32,2743.27,28.57,36,0.285,0,2,57.0,28,17.0,10,4,6,2
CUST_02331,44.0,Delhi,1.4,29,43299.08,1493.07,20.71,17,0.272,1,6,61.0,27,9.0,11,5,10,3
CUST_02332,22.0,Hyderabad,3.3,15,44879.4,2991.96,4.55,4,0.215,0,4,56.0,26,10.0,11,9,6,0
CUST_02333,25.0,Mumbai,3.3,7,6314.11,902.02,2.12,16,0.963,0,5,57.0,18,23.0,11,15,9,5
CUST_02334,23.0,Kolkata,4.7,5,8480.48,1696.1,1.06,108,0.325,1,4,16.0,5,6.0,3,5,1,2
CUST_02335,19.0,Mumbai,1.6,15,47319.44,3154.63,9.38,2,0.274,2,2,48.0,26,8.0,7,3,7,1
CUST_02336,35.0,Delhi,7.0,14,21396.5,1528.32,2.0,10,0.089,0,2,66.0,32,10.0,9,3,15,3
CUST_02337,46.0,Bengaluru,3.9,16,14834.54,927.16,4.1,26,0.821,3,3,44.0,20,17.0,15,4,21,3
CUST_02338,32.0,Delhi,1.5,19,34077.42,1793.55,12.67,1,0.282,2,2,63.0,29,15.0,14,3,6,2
CUST_02339,19.0,Delhi,2.4,12,42012.85,3501.07,5.0,5,0.259,1,5,59.0,22,15.0,9,2,8,7
CUST_02340,42.0,Ahmedabad,1.1,29,64794.48,2234.29,26.36,34,0.31,1,4,61.0,34,13.0,16,4,10,6
CUST_02341,51.0,Other,4.7,4,6000.97,1500.24,0.85,54,0.58,0,1,,9,6.0,5,4,2,2
CUST_02342,28.0,Jaipur,6.1,18,52284.11,2904.67,2.95,32,0.17,0,2,43.0,29,10.0,14,4,10,5
CUST_02343,29.0,Bengaluru,8.5,20,36175.85,1808.79,2.35,7,0.158,1,2,44.0,23,14.0,15,4,13,6
CUST_02344,39.0,Jaipur,2.8,30,72633.25,2421.11,10.71,16,0.107,2,3,73.0,21,7.0,23,3,10,4
CUST_02345,50.0,Other,3.4,7,15236.66,2176.67,2.06,123,0.423,1,4,11.0,6,5.0,1,1,0,0
CUST_02346,29.0,Delhi,3.2,1,1353.0,1353.0,0.31,53,0.356,2,4,21.0,10,4.0,3,7,2,4
CUST_02347,21.0,Delhi,5.8,4,7093.81,1773.45,0.69,21,0.297,1,6,16.0,6,4.0,4,8,5,1
CUST_02348,40.0,Mumbai,1.7,29,54339.41,1873.77,17.06,7,0.179,1,2,75.0,32,11.0,17,3,5,4
CUST_02349,42.0,Bengaluru,2.4,14,15171.75,1083.7,5.83,14,0.728,2,2,45.0,18,19.0,24,7,15,1
CUST_02350,34.0,Other,3.5,13,35288.4,2714.49,3.71,7,0.105,0,3,66.0,20,10.0,13,0,13,3
CUST_02351,28.0,Hyderabad,5.6,4,6450.05,1612.51,0.71,180,0.145,1,3,16.0,7,2.0,3,3,2,0
CUST_02352,44.0,Chennai,6.6,15,16319.63,1087.98,2.27,185,0.564,2,4,9.0,1,3.0,4,4,1,2
CUST_02353,39.0,Mumbai,5.2,11,10725.21,975.02,2.12,79,0.646,5,5,39.0,15,22.0,16,13,10,3
CUST_02354,26.0,Mumbai,2.6,11,15570.99,1415.54,4.23,183,0.611,1,2,16.0,5,2.0,2,4,2,5
CUST_02355,34.0,Bengaluru,4.3,2,3123.79,1561.89,0.47,54,0.578,0,5,12.0,6,3.0,7,4,4,0
CUST_02356,20.0,Other,2.9,12,35862.01,2988.5,4.14,18,0.141,5,3,57.0,24,10.0,9,1,11,2
CUST_02357,41.0,Delhi,2.0,7,6624.62,946.37,3.5,88,0.643,1,1,13.0,4,0.0,3,0,3,4
CUST_02358,31.0,Jaipur,3.2,18,53078.5,2948.81,5.62,15,0.215,0,2,66.0,27,11.0,15,1,8,2
CUST_02359,30.0,Mumbai,10.0,13,12930.59,994.66,1.3,48,0.78,5,2,39.0,15,23.0,13,5,7,2
CUST_02360,34.0,Hyderabad,1.6,15,37856.93,2523.8,9.38,2,0.106,1,5,40.0,20,22.0,12,3,10,1
CUST_02361,34.0,Hyderabad,1.8,20,48323.83,2416.19,11.11,12,0.206,0,4,56.0,27,7.0,12,2,5,2
CUST_02362,43.0,Jaipur,2.8,29,33594.58,1158.43,10.36,16,0.433,0,4,66.0,39,16.0,13,4,11,3
CUST_02363,40.0,Mumbai,5.5,28,48974.17,1749.08,5.09,6,0.407,0,5,59.0,41,10.0,8,1,6,4
CUST_02364,32.0,Pune,0.7,9,11229.65,1247.74,12.86,20,0.791,3,2,59.0,20,16.0,12,11,9,3
CUST_02365,42.0,Pune,4.9,17,17329.74,1019.4,3.47,41,0.944,1,5,55.0,21,19.0,13,14,9,1
CUST_02366,38.0,Other,1.9,14,33870.26,2419.3,7.37,20,0.056,1,5,46.0,28,17.0,5,1,9,0
CUST_02367,30.0,Mumbai,4.6,26,65660.94,2525.42,5.65,9,0.129,1,7,60.0,25,12.0,12,3,8,5
CUST_02368,33.0,Mumbai,3.6,11,8027.25,729.75,3.06,10,0.772,4,1,35.0,10,18.0,14,10,14,2
CUST_02369,33.0,Hyderabad,2.3,21,43688.95,2080.43,9.13,15,0.176,2,4,77.0,16,11.0,15,3,5,2
CUST_02370,39.0,Bengaluru,1.0,8,20123.74,2515.47,8.0,38,0.653,0,5,11.0,6,9.0,2,4,5,3
CUST_02371,30.0,Ahmedabad,5.6,4,5543.15,1385.79,0.71,96,0.236,1,4,20.0,9,6.0,3,7,5,0
CUST_02372,30.0,Other,2.7,7,18379.3,2625.61,2.59,129,0.399,0,4,15.0,9,3.0,5,6,2,1
CUST_02373,54.0,Hyderabad,2.3,5,6786.33,1357.27,2.17,58,0.329,1,2,20.0,10,7.0,11,9,2,3
CUST_02374,43.0,Other,1.7,25,49646.1,1985.84,14.71,16,0.359,2,5,74.0,31,10.0,15,7,11,0
CUST_02375,26.0,Kolkata,3.8,6,8988.12,1498.02,1.58,180,0.519,0,3,20.0,10,7.0,8,4,5,2
CUST_02376,40.0,Pune,5.5,28,63567.7,2270.27,5.09,19,0.276,0,2,67.0,36,,13,4,7,1
CUST_02377,35.0,Other,3.0,22,44204.94,2009.32,7.33,5,0.214,3,1,74.0,31,12.0,16,5,4,1
CUST_02378,38.0,Chennai,1.7,3,5342.02,1780.67,1.76,47,0.448,0,4,15.0,8,6.0,5,4,1,4
CUST_02379,35.0,Bengaluru,6.4,14,14292.57,1020.9,2.19,24,0.891,1,1,45.0,23,17.0,11,10,5,0
CUST_02380,46.0,Chennai,1.3,2,2824.7,1412.35,1.54,90,0.199,0,1,12.0,7,4.0,5,4,1,1
CUST_02381,37.0,Delhi,2.6,2,3503.97,1751.98,0.77,63,0.411,0,4,21.0,5,9.0,4,6,3,1
CUST_02382,33.0,Mumbai,5.9,9,18822.24,2091.36,1.53,30,0.496,4,5,9.0,2,2.0,0,0,1,2
CUST_02383,44.0,Kolkata,2.5,10,15321.05,1532.11,4.0,119,0.557,2,3,8.0,5,1.0,3,0,0,2
CUST_02384,36.0,Ahmedabad,0.9,29,52051.19,1794.87,32.22,5,0.233,1,4,96.0,37,17.0,18,7,13,5
CUST_02385,35.0,Kolkata,3.4,29,46569.65,1605.85,8.53,5,0.326,0,3,74.0,30,16.0,11,4,12,1
CUST_02386,37.0,Pune,6.5,7,9236.54,1319.51,1.08,21,0.857,7,3,39.0,17,21.0,15,13,11,4
CUST_02387,33.0,Other,2.0,13,20071.67,1543.97,6.5,4,0.163,0,1,53.0,33,8.0,13,2,6,4
CUST_02388,34.0,Mumbai,2.2,10,13686.82,1368.68,4.55,29,0.783,4,3,57.0,17,22.0,16,8,8,1
CUST_02389,28.0,Delhi,5.6,1,1386.46,1386.46,0.18,113,0.134,2,5,24.0,8,6.0,8,7,4,0
CUST_02390,26.0,Pune,0.2,3,5717.12,1905.71,15.0,176,0.191,0,5,15.0,10,8.0,9,4,1,1
CUST_02391,24.0,Mumbai,6.6,26,45542.88,1751.65,3.94,14,0.28,0,5,73.0,39,17.0,9,0,9,4
CUST_02392,20.0,Delhi,1.9,14,37318.05,2665.57,7.37,4,0.06,0,3,56.0,21,12.0,8,2,7,1
CUST_02393,25.0,Hyderabad,0.7,24,40059.46,1669.14,34.29,6,0.208,1,4,69.0,35,,22,2,9,3
CUST_02394,32.0,Jaipur,2.5,11,31582.34,2871.12,4.4,6,0.166,2,2,54.0,29,9.0,12,9,8,5
CUST_02395,,Other,4.4,13,17375.0,1336.54,2.95,91,0.648,4,5,16.0,3,4.0,1,1,2,0
CUST_02396,31.0,Ahmedabad,2.3,24,29780.75,1240.86,10.43,16,0.215,2,1,61.0,36,7.0,24,6,4,1
CUST_02397,18.0,Bengaluru,1.2,15,41819.29,2787.95,12.5,7,0.272,1,3,62.0,17,17.0,11,7,8,1
CUST_02398,50.0,Kolkata,5.5,18,42913.08,2384.06,3.27,4,0.015,0,3,54.0,24,13.0,9,1,12,1
CUST_02399,45.0,Ahmedabad,2.7,5,5792.2,1158.44,1.85,73,0.388,2,4,12.0,11,3.0,5,2,4,3
CUST_02400,38.0,Bengaluru,0.7,2,2956.18,1478.09,2.86,26,0.461,0,5,19.0,7,10.0,3,4,6,2
CUST_02401,53.0,Ahmedabad,3.8,31,43692.05,1409.42,8.16,10,0.576,3,5,65.0,38,13.0,14,1,16,2
CUST_02402,24.0,Bengaluru,0.9,16,32089.74,2005.61,17.78,18,0.105,0,4,53.0,28,12.0,18,4,4,1
CUST_02403,53.0,Delhi,8.6,17,41234.44,2425.56,1.98,12,0.313,5,4,59.0,26,13.0,15,1,13,2
CUST_02404,24.0,Bengaluru,3.1,24,52121.33,2171.72,7.74,8,0.157,1,4,50.0,40,13.0,20,2,10,7
CUST_02405,36.0,Chennai,1.6,5,9459.61,1891.92,3.12,57,0.074,2,2,13.0,7,10.0,6,7,2,4
CUST_02406,21.0,Kolkata,1.5,14,14362.91,1025.92,9.33,28,0.897,3,5,48.0,19,28.0,8,10,14,5
CUST_02407,34.0,Delhi,3.0,27,61440.57,2275.58,9.0,3,0.538,1,3,65.0,31,16.0,19,5,14,2
CUST_02408,38.0,Hyderabad,7.4,17,26695.53,1570.33,2.3,14,0.355,0,6,58.0,38,15.0,10,2,15,2
CUST_02409,32.0,Other,1.8,13,23396.03,1799.69,7.22,178,0.2,2,2,12.0,4,3.0,5,3,1,3
CUST_02410,41.0,Other,2.4,15,26341.41,1756.09,6.25,53,0.657,1,4,43.0,19,19.0,16,9,10,2
CUST_02411,35.0,Pune,3.7,2,3031.79,1515.9,0.54,56,0.254,0,5,27.0,9,3.0,4,3,3,3
CUST_02412,29.0,Pune,2.5,18,50204.76,2789.15,7.2,20,0.031,0,3,55.0,29,15.0,4,1,7,1
CUST_02413,28.0,Chennai,0.9,10,8459.28,845.93,11.11,15,0.57,6,2,54.0,22,18.0,15,8,17,0
CUST_02414,42.0,Bengaluru,3.1,18,44194.52,2455.25,5.81,22,0.128,2,3,45.0,27,17.0,13,1,12,7
CUST_02415,27.0,Mumbai,1.8,9,9874.88,1097.21,5.0,20,0.698,2,3,38.0,17,18.0,15,8,10,2
CUST_02416,43.0,Delhi,2.4,11,21192.56,1926.6,4.58,334,0.1,1,3,9.0,1,3.0,1,2,1,1
CUST_02417,46.0,Ahmedabad,8.0,24,52427.25,2184.47,3.0,6,0.482,1,2,79.0,22,12.0,18,3,11,5
CUST_02418,18.0,Ahmedabad,2.5,21,71477.19,3403.68,8.4,19,0.188,2,2,64.0,16,13.0,14,2,13,0
CUST_02419,45.0,Bengaluru,0.4,31,94737.95,3056.06,77.5,25,0.173,1,4,41.0,28,14.0,14,3,9,1
CUST_02420,55.0,Bengaluru,2.3,19,21810.17,1147.9,8.26,2,0.162,3,4,78.0,31,11.0,14,5,8,3
CUST_02421,37.0,Hyderabad,2.7,22,60949.84,2770.45,8.15,11,0.15,0,5,52.0,21,13.0,12,2,8,4
CUST_02422,40.0,Pune,4.4,17,37777.8,2222.22,3.86,5,0.082,1,1,56.0,21,13.0,7,0,7,2
CUST_02423,44.0,Bengaluru,3.4,3,3865.78,1288.59,0.88,127,0.524,1,4,17.0,5,7.0,7,6,1,2
CUST_02424,31.0,Mumbai,3.4,8,4830.7,603.84,2.35,2,0.762,2,4,46.0,19,22.0,13,4,6,2
CUST_02425,36.0,Bengaluru,3.6,28,44056.35,1573.44,7.78,34,0.572,2,2,80.0,31,12.0,21,3,6,4
CUST_02426,21.0,Delhi,4.8,9,10975.64,1219.52,1.88,106,0.754,0,2,6.0,1,2.0,0,0,1,3
CUST_02427,35.0,Chennai,0.9,13,25016.82,1924.37,14.44,14,0.169,3,1,51.0,31,15.0,12,2,7,0
CUST_02428,39.0,Chennai,9.9,6,11904.85,1984.14,0.61,124,0.398,5,2,14.0,3,5.0,1,1,2,2
CUST_02429,39.0,Delhi,2.2,33,57993.35,1757.37,15.0,27,0.202,0,7,57.0,27,16.0,12,3,13,5
CUST_02430,45.0,Mumbai,1.2,8,11863.66,1482.96,6.67,132,0.626,1,4,13.0,3,3.0,2,1,3,5
CUST_02431,26.0,Pune,3.8,8,5870.16,733.77,2.11,47,0.695,3,4,43.0,14,16.0,10,9,13,1
CUST_02432,29.0,Chennai,2.4,5,8105.26,1621.05,2.08,39,0.334,2,5,18.0,8,6.0,5,6,7,4
CUST_02433,53.0,Mumbai,5.2,6,12625.72,2104.29,1.15,43,0.762,1,6,4.0,7,3.0,3,2,3,0
CUST_02434,32.0,Mumbai,1.9,27,63210.75,2341.14,14.21,9,0.125,1,1,69.0,35,11.0,10,4,14,5
CUST_02435,36.0,Chennai,5.7,7,13516.4,1930.91,1.23,308,0.532,1,2,11.0,3,1.0,3,4,3,2
CUST_02436,33.0,Kolkata,1.3,23,44553.53,1937.11,17.69,2,0.283,0,1,65.0,34,13.0,13,8,11,2
CUST_02437,26.0,Delhi,8.7,32,59276.57,1852.39,3.68,24,0.096,0,2,58.0,37,17.0,14,3,11,5
CUST_02438,50.0,Bengaluru,2.8,18,30193.1,1677.39,6.43,2,0.26,2,4,48.0,19,15.0,18,2,9,2
CUST_02439,29.0,Other,7.2,9,14568.01,1618.67,1.25,14,0.66,3,4,44.0,17,23.0,11,10,11,0
CUST_02440,23.0,Other,1.1,19,49422.65,2601.19,17.27,7,0.494,2,2,53.0,22,,10,1,7,0
CUST_02441,29.0,Delhi,4.6,12,14006.64,1167.22,2.61,6,0.532,1,5,51.0,20,22.0,13,7,11,2
CUST_02442,18.0,Ahmedabad,4.6,11,14884.24,1353.11,2.39,11,0.848,0,3,45.0,29,12.0,13,5,10,5
CUST_02443,27.0,Hyderabad,2.5,4,4536.93,1134.23,1.6,57,0.2,3,1,21.0,9,3.0,4,3,4,3
CUST_02444,24.0,Other,0.4,2,3254.25,1627.13,5.0,35,0.272,0,4,11.0,6,,3,5,5,0
CUST_02445,40.0,Bengaluru,4.7,13,13937.49,1072.11,2.77,29,0.793,3,3,44.0,20,23.0,14,7,11,1
CUST_02446,27.0,Kolkata,2.3,23,20465.18,889.79,10.0,14,0.133,1,2,59.0,34,17.0,12,5,6,5
CUST_02447,43.0,Kolkata,6.4,22,40958.19,1861.74,3.44,9,0.273,2,4,65.0,28,19.0,14,5,11,2
CUST_02448,48.0,Bengaluru,5.4,23,61480.23,2673.05,4.26,19,0.114,1,4,60.0,24,16.0,8,4,7,1
CUST_02449,42.0,Ahmedabad,6.4,10,17316.14,1731.61,1.56,8,0.305,0,4,59.0,28,7.0,14,3,8,1
CUST_02450,32.0,Pune,4.2,30,45939.56,1531.32,7.14,11,0.267,4,3,42.0,37,10.0,15,7,11,3
CUST_02451,35.0,Mumbai,3.1,34,74142.73,2180.67,10.97,20,0.441,1,1,57.0,37,12.0,11,4,15,4
CUST_02452,19.0,Bengaluru,7.3,6,7752.88,1292.15,0.82,214,0.529,0,4,11.0,4,6.0,2,3,2,2
CUST_02453,33.0,Other,10.0,8,9116.74,1139.59,0.8,18,0.86,4,5,52.0,16,18.0,16,7,9,5
CUST_02454,25.0,Bengaluru,2.9,25,29243.95,1169.76,8.62,18,0.21,3,5,68.0,35,12.0,14,7,13,2
CUST_02455,41.0,Chennai,6.3,6,9647.57,1607.93,0.95,50,0.939,2,5,37.0,15,21.0,9,7,14,8
CUST_02456,60.0,Hyderabad,1.7,19,53898.73,2836.78,11.18,24,0.129,1,7,53.0,31,20.0,5,2,10,3
CUST_02457,39.0,Mumbai,1.2,16,22601.07,1412.57,13.33,24,0.926,2,1,34.0,10,22.0,16,10,11,2
CUST_02458,18.0,Delhi,1.7,8,16136.66,2017.0825,2.35,95,0.539,1,3,23.0,4,3.0,4,4,4,4
CUST_02459,30.0,Chennai,1.6,9,3143.9,349.32,5.62,12,0.928,5,3,46.0,16,26.0,11,8,17,1
CUST_02460,35.0,Other,4.8,30,46193.69,1539.79,6.25,10,0.226,3,1,65.0,45,12.0,16,1,7,2
CUST_02461,35.0,Mumbai,2.0,7,15088.06,2155.44,3.5,30,0.495,1,2,11.0,3,2.0,2,2,5,9
CUST_02462,27.0,Bengaluru,1.3,10,13185.39,1318.54,7.69,67,0.203,1,3,10.0,5,6.0,3,0,0,4
CUST_02463,36.0,Mumbai,1.3,1,2705.39,2705.39,0.77,11,0.461,0,3,22.0,6,8.0,7,5,3,5
CUST_02464,22.0,Pune,4.1,10,16478.15,1647.81,2.44,12,0.717,3,6,49.0,14,20.0,11,4,18,2
CUST_02465,25.0,Delhi,4.8,3,2564.98,854.99,0.62,17,0.455,0,3,26.0,5,4.0,6,4,1,4
CUST_02466,40.0,Hyderabad,4.3,20,33372.65,1668.63,4.65,2,0.635,2,8,70.0,29,9.0,9,5,8,3
CUST_02467,24.0,Pune,4.6,28,60719.14,2168.54,6.09,3,0.175,1,3,60.0,35,13.0,18,4,8,5
CUST_02468,39.0,Pune,2.3,12,31496.13,2624.68,5.22,3,0.146,2,5,51.0,24,18.0,12,4,8,1
CUST_02469,20.0,Kolkata,9.7,10,11002.02,1100.2,1.03,17,0.603,0,5,40.0,16,15.0,15,10,13,3
CUST_02470,52.0,Other,2.3,16,19342.22,1208.89,6.96,42,0.745,0,5,39.0,19,13.0,11,10,13,1
CUST_02471,26.0,Delhi,1.9,19,29979.14,1577.85,10.0,4,0.5,0,4,58.0,35,18.0,13,5,8,2
CUST_02472,32.0,Chennai,4.7,11,16277.56,1479.78,2.34,182,0.632,4,2,8.0,8,6.0,0,2,4,4
CUST_02473,37.0,Pune,2.2,14,19473.56,1390.97,6.36,158,0.409,5,3,15.0,3,1.0,5,3,3,2
CUST_02474,28.0,Other,1.9,3,4932.91,1644.3,1.58,58,0.534,0,3,18.0,7,7.0,4,6,2,3
CUST_02475,35.0,Chennai,2.4,7,10117.22,1445.32,2.92,17,0.959,0,4,33.0,22,18.0,12,6,12,2
CUST_02476,40.0,Ahmedabad,3.3,8,9528.03,1191.0,2.42,342,0.477,0,5,7.0,4,2.0,1,0,1,2
CUST_02477,44.0,Mumbai,5.7,13,16439.59,1264.58,2.28,14,0.22,0,5,49.0,35,13.0,17,2,8,4
CUST_02478,42.0,Hyderabad,0.7,4,4196.62,1049.15,5.71,68,0.206,1,5,27.0,3,7.0,3,5,1,3
CUST_02479,32.0,Bengaluru,5.7,18,39097.17,2172.06,3.16,17,0.081,1,6,,31,10.0,14,4,9,3
CUST_02480,33.0,Delhi,0.9,3,3610.48,1203.49,3.33,24,0.567,1,3,21.0,4,9.0,7,3,4,2
CUST_02481,57.0,Pune,1.0,27,43775.36,1621.31,27.0,27,0.12,2,4,55.0,31,6.0,12,3,9,6
CUST_02482,43.0,Hyderabad,3.4,11,22975.7,2088.7,3.24,129,0.462,0,3,13.0,3,3.0,5,5,2,3
CUST_02483,25.0,Chennai,0.7,11,12753.48,1159.41,15.71,133,0.626,0,2,12.0,3,4.0,0,4,0,1
CUST_02484,35.0,Mumbai,1.9,28,61746.69,2205.24,14.74,5,0.11,2,4,61.0,17,13.0,11,4,7,2
CUST_02485,31.0,Hyderabad,5.3,9,4369.95,485.55,1.7,29,0.718,1,1,41.0,19,18.0,9,8,17,3
CUST_02486,33.0,Mumbai,4.7,7,9425.82,1346.55,1.49,257,0.442,0,4,13.0,1,3.0,1,3,1,3
CUST_02487,22.0,Mumbai,5.7,13,14839.47,1141.5,2.28,52,0.817,2,3,40.0,14,16.0,15,11,14,1
CUST_02488,30.0,Hyderabad,1.8,10,25974.88,2597.49,5.56,30,0.46,3,3,8.0,5,5.0,2,5,1,2
CUST_02489,52.0,Delhi,2.3,7,9670.41,1381.49,3.04,27,0.958,2,6,50.0,14,15.0,16,10,16,1
CUST_02490,40.0,Bengaluru,0.9,31,50365.81,1624.7,34.44,16,0.325,1,3,77.0,42,10.0,13,5,13,2
CUST_02491,18.0,Delhi,2.4,22,34721.98,1578.27,9.17,15,0.527,2,7,64.0,39,9.0,13,2,12,5
CUST_02492,46.0,Chennai,0.9,19,39831.27,2096.38,21.11,8,0.408,2,3,63.0,24,17.0,16,4,11,3
CUST_02493,45.0,Bengaluru,10.0,3,5622.99,1874.33,0.3,30,0.503,0,5,16.0,5,8.0,4,7,3,1
CUST_02494,30.0,Other,3.9,19,37862.73,1992.78,4.87,27,0.429,5,5,71.0,33,15.0,12,4,9,4
CUST_02495,41.0,Delhi,3.3,12,11576.28,964.69,3.64,48,0.581,1,3,34.0,19,21.0,11,6,14,3
CUST_02496,25.0,Kolkata,1.7,16,14857.88,928.62,9.41,35,0.913,3,4,50.0,24,21.0,17,2,16,3
CUST_02497,29.0,Pune,1.6,8,9516.24,1189.53,5.0,40,0.728,0,4,38.0,17,17.0,13,11,18,2
CUST_02498,49.0,Bengaluru,2.1,11,19051.28,1731.93,5.24,365,0.75,2,3,7.0,2,0.0,1,2,1,2
CUST_02499,31.0,Hyderabad,3.6,13,8226.58,632.81,3.61,56,0.482,3,4,16.0,7,4.0,2,3,2,2
CUST_02500,18.0,Delhi,1.2,26,25944.62,997.87,21.67,6,0.244,1,4,65.0,35,5.0,18,5,14,0
CUST_02501,33.0,Bengaluru,0.9,3,3328.45,1109.48,3.33,174,0.549,1,6,25.0,9,5.0,5,8,6,2
CUST_02502,33.0,Pune,0.2,8,9415.82,,40.0,122,0.492,1,6,18.0,6,9.0,5,10,0,1
CUST_02503,46.0,Mumbai,3.9,8,10381.7,1297.71,2.05,7,0.882,3,2,41.0,21,15.0,15,11,7,2
CUST_02504,34.0,Pune,2.6,10,15645.81,1564.58,3.85,134,0.692,1,1,8.0,1,3.0,3,1,3,1
CUST_02505,30.0,Chennai,2.1,16,36824.97,2301.56,7.62,3,0.19,2,3,60.0,23,10.0,15,5,11,3
CUST_02506,44.0,Kolkata,1.2,19,37808.75,1989.93,15.83,19,0.034,0,5,62.0,27,17.0,10,1,9,5
CUST_02507,35.0,Delhi,2.1,8,9089.17,1136.15,3.81,212,0.441,2,4,11.0,5,2.0,3,2,0,3
CUST_02508,26.0,Delhi,6.5,22,36980.84,1680.95,3.38,26,0.204,1,3,58.0,31,13.0,9,5,9,1
CUST_02509,46.0,Mumbai,1.5,3,4985.22,1661.74,2.0,84,0.371,1,1,16.0,3,7.0,10,5,2,4
CUST_02510,36.0,Pune,4.2,6,7200.24,1200.04,1.43,93,0.635,2,2,10.0,9,6.0,3,0,0,3
CUST_02511,34.0,Kolkata,4.7,13,36318.7,2793.75,2.77,10,0.223,1,3,49.0,22,9.0,6,5,9,3
CUST_02512,36.0,Hyderabad,1.1,8,13690.87,1711.36,7.27,46,0.333,2,2,12.0,7,2.0,2,2,0,1
CUST_02513,23.0,Pune,1.3,14,15195.99,1085.43,10.77,30,0.912,2,4,48.0,19,17.0,12,6,9,2
CUST_02514,29.0,Pune,2.7,16,12426.4,776.65,5.93,68,0.728,5,6,39.0,14,20.0,18,9,12,0
CUST_02515,34.0,Ahmedabad,9.4,3,4221.47,1407.16,0.32,85,0.218,1,4,17.0,12,8.0,4,1,4,6
CUST_02516,32.0,Pune,5.3,9,20982.5,2331.39,1.7,68,0.566,5,5,13.0,3,1.0,1,5,3,0
CUST_02517,47.0,Delhi,2.7,14,48917.66,3494.12,5.19,2,0.342,3,5,47.0,19,14.0,8,3,9,0
CUST_02518,36.0,Chennai,5.4,14,21023.03,1501.65,2.59,17,0.93,4,5,53.0,17,15.0,16,12,12,2
CUST_02519,43.0,Hyderabad,0.4,2,2701.86,1350.93,5.0,70,0.577,1,3,20.0,7,2.0,4,4,5,2
CUST_02520,34.0,Bengaluru,2.5,3,4137.01,1379.0,1.2,28,0.437,3,6,22.0,5,5.0,3,5,3,3
CUST_02521,45.0,Jaipur,0.3,4,6357.8,1589.45,13.33,34,0.833,1,4,22.0,6,3.0,4,6,6,2
CUST_02522,38.0,Pune,3.1,12,33981.43,2831.79,3.87,13,0.038,1,2,64.0,25,19.0,12,3,13,2
CUST_02523,34.0,Kolkata,4.5,24,59179.8,2465.82,5.33,5,0.192,2,1,79.0,37,11.0,16,3,13,2
CUST_02524,34.0,Mumbai,1.9,29,59168.53,2040.29,15.26,1,0.466,2,4,72.0,20,11.0,8,2,10,5
CUST_02525,24.0,Hyderabad,1.8,5,5164.65,1032.93,2.78,6,0.28,0,4,13.0,7,7.0,3,4,5,6
CUST_02526,39.0,Jaipur,2.7,26,42290.17,1626.54,9.63,2,0.39,1,3,59.0,37,16.0,10,5,8,4
CUST_02527,34.0,Bengaluru,2.0,29,54679.2,1885.49,14.5,12,0.372,3,1,86.0,35,16.0,21,3,7,4
CUST_02528,29.0,Kolkata,2.2,2,2411.04,1205.52,0.91,208,0.505,3,4,12.0,5,0.0,1,0,4,2
CUST_02529,45.0,Ahmedabad,5.8,16,46657.83,2916.11,2.76,4,0.193,1,3,47.0,30,17.0,16,2,7,3
CUST_02530,21.0,Mumbai,4.7,14,26680.23,1905.73,2.98,130,0.412,1,5,9.0,6,2.0,1,1,3,4
CUST_02531,30.0,Chennai,3.6,7,10160.21,1451.46,1.94,134,0.436,0,5,22.0,10,5.0,8,6,2,0
CUST_02532,44.0,Other,0.8,7,10794.24,1542.03,8.75,99,0.187,2,5,13.0,7,6.0,6,4,2,4
CUST_02533,37.0,Hyderabad,4.1,21,44411.3,2114.82,5.12,4,0.166,2,1,63.0,36,12.0,14,3,12,1
CUST_02534,34.0,Pune,2.7,28,61937.78,2212.06,10.37,24,0.204,0,6,,22,14.0,16,4,13,4
CUST_02535,37.0,Mumbai,2.0,3,5411.78,1803.93,1.5,140,0.254,0,4,19.0,4,3.0,7,4,4,5
CUST_02536,36.0,Pune,2.2,3,5409.42,1803.14,1.36,88,0.327,3,3,23.0,6,6.0,3,8,8,6
CUST_02537,19.0,Mumbai,6.6,3,5792.6,1930.87,0.45,117,0.336,1,5,11.0,8,9.0,6,6,1,2
CUST_02538,31.0,Bengaluru,5.2,22,62806.46,2854.84,4.23,7,0.126,0,1,62.0,34,13.0,13,4,11,4
CUST_02539,50.0,Mumbai,2.2,2,2032.85,1016.43,0.91,100,0.321,1,5,21.0,4,7.0,4,3,4,4
CUST_02540,27.0,Pune,7.6,8,16714.84,2089.35,1.05,73,0.532,1,5,19.0,9,7.0,4,7,9,3
CUST_02541,31.0,Bengaluru,4.9,7,11552.4,1650.34,1.43,29,0.41,1,7,21.0,3,6.0,7,5,3,5
CUST_02542,29.0,Bengaluru,1.6,6,6560.08,1093.35,3.75,65,0.283,1,2,20.0,3,5.0,5,6,5,3
CUST_02543,33.0,Hyderabad,1.5,3,4149.49,1383.16,2.0,27,0.575,2,7,15.0,9,7.0,4,7,2,1
CUST_02544,28.0,Chennai,3.1,8,11857.72,1482.21,2.58,13,0.546,5,5,52.0,18,29.0,11,9,14,2
CUST_02545,39.0,Mumbai,1.3,17,42641.54,2508.33,13.08,10,0.102,1,2,56.0,22,16.0,12,1,10,5
CUST_02546,36.0,Mumbai,8.2,11,13250.95,1204.63,1.34,17,0.77,0,3,46.0,19,15.0,13,9,17,4
CUST_02547,42.0,Mumbai,3.2,12,31204.74,2600.4,3.75,7,0.034,0,5,59.0,22,11.0,8,1,6,3
CUST_02548,23.0,Bengaluru,1.4,22,28077.47,1276.25,15.71,20,0.244,1,4,68.0,24,11.0,21,4,8,4
CUST_02549,31.0,Mumbai,6.9,20,37151.15,1857.56,2.9,16,0.461,3,4,57.0,36,13.0,18,1,6,2
CUST_02550,32.0,Kolkata,0.3,17,39069.18,2298.19,56.67,7,0.112,2,3,53.0,19,8.0,9,4,9,2
CUST_02551,39.0,Pune,3.2,23,38125.61,1657.64,7.19,4,0.33,6,3,68.0,30,16.0,15,5,11,2
CUST_02552,26.0,Other,2.6,25,45272.24,1810.89,9.62,8,0.243,4,4,63.0,21,14.0,14,3,6,4
CUST_02553,43.0,Bengaluru,0.9,6,7024.45,1170.74,6.67,109,0.542,1,4,14.0,3,4.0,7,5,0,2
CUST_02554,46.0,Bengaluru,7.3,8,6904.76,863.1,1.1,205,0.352,2,5,16.0,6,3.0,0,0,1,6
CUST_02555,24.0,Ahmedabad,1.9,13,39777.33,3059.79,6.84,6,0.33,1,3,56.0,20,13.0,12,3,8,4
CUST_02556,29.0,Kolkata,1.7,7,7340.8,1048.69,4.12,103,0.336,3,3,9.0,8,1.0,5,1,2,0
CUST_02557,29.0,Hyderabad,4.7,10,8682.08,868.21,2.13,12,0.867,3,5,55.0,13,12.0,10,10,12,7
CUST_02558,60.0,Other,3.1,25,57051.53,2282.06,8.06,3,0.522,0,3,62.0,37,16.0,21,3,9,1
CUST_02559,30.0,Bengaluru,1.4,24,64336.03,2680.67,17.14,1,0.144,1,2,58.0,21,15.0,11,3,5,6
CUST_02560,51.0,Ahmedabad,1.9,9,15826.99,1758.55,4.74,23,0.882,2,3,44.0,19,22.0,14,11,14,0
CUST_02561,21.0,Delhi,6.7,2,3280.64,1640.32,0.3,180,0.385,2,5,13.0,4,2.0,4,6,3,4
CUST_02562,24.0,Ahmedabad,2.4,4,6086.12,1521.53,1.67,70,0.208,1,4,18.0,9,7.0,7,4,1,3
CUST_02563,27.0,Pune,9.3,17,42252.47,2485.44,1.83,11,0.214,1,7,59.0,27,8.0,9,3,7,1
CUST_02564,26.0,Delhi,1.3,14,49178.65,3512.76,10.77,43,0.476,1,4,52.0,21,19.0,8,2,10,3
CUST_02565,31.0,Chennai,2.1,21,43719.99,2081.9,10.0,14,0.439,0,4,64.0,44,14.0,22,3,8,4
CUST_02566,27.0,Pune,1.6,23,29636.43,1288.54,14.38,2,0.542,1,5,61.0,31,13.0,20,8,13,4
CUST_02567,26.0,Pune,4.5,26,45483.55,1749.37,5.78,3,0.326,3,5,59.0,26,15.0,21,6,19,1
CUST_02568,46.0,Delhi,9.6,17,36468.32,2145.2,1.77,18,0.213,2,2,63.0,30,16.0,9,2,8,1
CUST_02569,46.0,Chennai,2.9,2,3268.21,1634.11,0.69,63,0.232,1,5,26.0,6,5.0,6,8,5,3
CUST_02570,43.0,Jaipur,3.3,14,30715.03,2193.93,4.24,58,0.375,0,4,12.0,1,8.0,1,2,1,1
CUST_02571,39.0,Chennai,2.0,20,22241.03,1112.05,10.0,6,0.163,0,4,65.0,28,6.0,12,4,9,2
CUST_02572,35.0,Ahmedabad,0.8,7,13398.09,1914.01,8.75,151,0.456,1,2,5.0,4,3.0,2,4,3,3
CUST_02573,29.0,Hyderabad,2.4,25,36477.52,1459.1,10.42,7,0.468,0,6,65.0,28,13.0,17,3,8,2
CUST_02574,24.0,Mumbai,3.8,7,10764.86,1537.84,1.84,46,0.643,4,6,42.0,16,23.0,15,10,16,1
CUST_02575,38.0,Mumbai,1.8,23,49271.6,2142.24,12.78,9,0.113,2,5,81.0,38,12.0,11,7,11,3
CUST_02576,22.0,Hyderabad,0.9,1,1676.89,1676.89,1.11,122,0.306,1,3,17.0,3,10.0,9,10,4,1
CUST_02577,24.0,Delhi,0.2,7,12148.55,1735.51,35.0,281,0.742,2,3,7.0,3,3.0,3,0,2,5
CUST_02578,46.0,Pune,7.6,8,7376.98,922.12,1.05,7,0.964,4,1,45.0,17,22.0,15,8,9,4
CUST_02579,53.0,Bengaluru,2.0,30,29354.74,978.49,15.0,4,0.271,2,5,64.0,29,8.0,12,4,8,2
CUST_02580,38.0,Chennai,3.7,4,5341.97,1335.49,1.08,97,0.242,1,3,8.0,2,5.0,6,7,4,0
CUST_02581,45.0,Delhi,5.6,19,39934.66,2101.82,3.39,4,0.24,2,4,59.0,29,16.0,9,2,4,2
CUST_02582,32.0,Ahmedabad,6.4,11,15476.53,1406.96,1.72,180,0.579,2,4,13.0,2,3.0,4,1,0,5
CUST_02583,21.0,Kolkata,1.8,18,9258.15,514.34,10.0,17,0.82,1,3,31.0,12,23.0,19,14,15,2
CUST_02584,40.0,Kolkata,3.6,9,9843.6,1093.73,2.5,19,0.578,1,3,42.0,12,26.0,13,12,14,7
CUST_02585,40.0,Other,3.9,10,9424.77,942.48,2.56,10,0.45,3,4,53.0,25,17.0,20,11,15,4
CUST_02586,35.0,Delhi,5.1,5,8052.4,1610.48,0.98,66,0.248,2,6,23.0,8,4.0,4,8,2,2
CUST_02587,32.0,Chennai,3.9,15,43801.68,2920.11,3.85,16,0.112,1,5,66.0,16,8.0,15,3,7,3
CUST_02588,44.0,Jaipur,3.3,3,5309.52,1769.84,0.91,180,0.411,1,3,16.0,8,4.0,3,3,6,2
CUST_02589,24.0,Hyderabad,,29,43567.87,1502.34,22.31,14,0.368,1,3,69.0,31,14.0,17,3,9,1
CUST_02590,26.0,Ahmedabad,4.4,3,2483.56,827.85,0.68,163,0.451,1,5,12.0,8,7.0,7,4,4,4
CUST_02591,24.0,Bengaluru,2.7,5,5217.2,1043.44,1.85,138,0.539,2,3,15.0,2,10.0,4,9,3,0
CUST_02592,35.0,Hyderabad,7.0,5,10787.59,2157.52,0.71,47,0.703,1,4,18.0,6,11.0,3,7,4,2
CUST_02593,23.0,Mumbai,4.4,10,7168.99,716.9,2.27,13,0.959,2,3,29.0,10,23.0,11,15,11,3
CUST_02594,27.0,Other,0.5,13,15893.95,1222.61,26.0,15,0.741,3,1,41.0,20,18.0,13,6,7,1
CUST_02595,27.0,Ahmedabad,1.2,18,65277.51,3626.53,15.0,11,0.157,2,4,53.0,28,11.0,9,3,14,1
CUST_02596,31.0,Jaipur,2.1,3,4934.46,1644.82,1.43,28,0.281,2,6,21.0,6,4.0,6,2,2,2
CUST_02597,19.0,Chennai,2.7,18,17714.7,984.15,6.67,11,0.058,1,5,62.0,26,10.0,19,3,13,1
CUST_02598,35.0,Pune,10.0,5,6275.83,1255.17,0.5,17,0.9,2,4,51.0,14,21.0,12,10,13,4
CUST_02599,46.0,Mumbai,4.8,20,33312.94,1665.65,4.17,25,0.399,2,2,60.0,29,11.0,15,2,7,2
CUST_02600,35.0,Jaipur,1.6,21,58997.93,2809.43,13.12,10,0.332,2,2,55.0,20,10.0,10,3,6,4
CUST_02601,49.0,Delhi,4.9,5,7313.95,1462.79,1.02,92,0.414,1,2,13.0,12,3.0,4,2,4,1
CUST_02602,47.0,Pune,3.2,18,36359.19,2019.95,5.62,18,0.285,0,3,57.0,22,13.0,8,1,10,0
CUST_02603,42.0,Hyderabad,4.9,4,7112.32,1778.08,0.82,47,0.45,1,4,18.0,9,10.0,2,8,4,5
CUST_02604,35.0,Bengaluru,2.2,23,40942.78,1780.12,10.45,5,0.259,2,3,58.0,35,18.0,18,2,13,1
CUST_02605,34.0,Chennai,10.0,21,64873.16,3089.2,2.1,2,0.119,1,4,60.0,25,18.0,15,5,12,1
CUST_02606,42.0,Bengaluru,7.5,19,23289.62,1225.77,2.53,27,0.816,7,4,29.0,18,19.0,21,5,8,2
CUST_02607,30.0,Chennai,4.3,17,39563.53,2327.27,3.95,18,0.149,0,5,65.0,25,11.0,6,0,6,2
CUST_02608,18.0,Jaipur,2.0,38,49690.87,1307.65,19.0,7,0.15,3,5,71.0,35,16.0,16,2,6,1
CUST_02609,39.0,Pune,4.9,1,1334.16,1334.16,0.2,83,0.384,0,4,13.0,6,4.0,12,8,1,2
CUST_02610,23.0,Delhi,0.8,22,50441.63,2292.8,27.5,7,0.074,2,1,52.0,18,16.0,15,5,9,2
CUST_02611,24.0,Bengaluru,7.9,1,1566.36,1566.36,0.13,77,0.313,1,1,17.0,7,4.0,4,5,1,2
CUST_02612,34.0,Other,,18,38677.04,2148.72,2.65,16,0.056,2,1,52.0,26,14.0,14,4,6,4
CUST_02613,33.0,Delhi,4.0,21,42101.35,2004.83,5.25,3,0.403,1,2,59.0,31,11.0,17,3,9,3
CUST_02614,20.0,Delhi,1.3,2,4498.79,2249.4,1.54,28,0.439,1,1,20.0,7,6.0,5,3,4,2
CUST_02615,36.0,Chennai,2.2,26,54403.76,2092.45,11.82,2,0.088,1,3,61.0,31,12.0,13,6,8,3
CUST_02616,44.0,Bengaluru,0.3,17,58041.17,3414.19,56.67,3,0.126,1,4,49.0,22,15.0,9,2,4,1
CUST_02617,23.0,Other,0.4,23,33561.67,1459.2,57.5,4,0.161,1,3,63.0,27,10.0,18,3,18,5
CUST_02618,47.0,Jaipur,2.4,30,49183.17,1639.44,12.5,6,0.214,1,2,68.0,42,8.0,15,9,7,0
CUST_02619,18.0,Bengaluru,1.2,4,4602.92,1150.73,3.33,31,0.246,0,6,24.0,11,7.0,6,5,3,1
CUST_02620,55.0,Chennai,0.5,33,57062.62,1729.17,66.0,10,0.193,0,4,60.0,32,8.0,16,4,13,2
CUST_02621,30.0,Mumbai,2.0,4,5437.99,1359.5,2.0,71,0.255,1,6,20.0,8,5.0,5,5,2,2
CUST_02622,35.0,Chennai,2.1,10,20640.75,2064.08,4.76,203,0.485,2,3,6.0,4,0.0,2,1,0,2
CUST_02623,18.0,Chennai,1.0,17,34910.8,2053.58,17.0,8,0.432,0,4,63.0,30,20.0,10,5,10,2
CUST_02624,33.0,Delhi,3.5,13,16468.46,1266.8,3.71,125,0.609,2,3,3.0,3,3.0,0,1,1,1
CUST_02625,36.0,Pune,5.4,22,23399.89,1063.63,4.07,14,0.174,0,3,67.0,29,13.0,13,4,7,2
CUST_02626,33.0,Other,3.6,9,21786.38,2420.71,2.5,30,0.402,4,3,18.0,5,2.0,2,3,0,3
CUST_02627,28.0,Bengaluru,2.7,21,50347.55,2397.5,7.78,15,0.167,1,3,53.0,23,19.0,20,4,10,0
CUST_02628,25.0,Chennai,2.8,2,1478.31,739.16,0.71,91,0.497,1,1,22.0,9,7.0,2,1,2,3
CUST_02629,45.0,Mumbai,2.3,13,14652.85,1127.14,5.65,17,0.937,4,2,45.0,22,18.0,17,10,17,2
CUST_02630,34.0,Bengaluru,2.0,25,38326.81,1533.07,12.5,23,0.158,2,4,73.0,25,16.0,9,2,8,2
CUST_02631,49.0,Ahmedabad,3.6,2,2203.93,1101.97,0.56,30,0.251,1,4,16.0,3,7.0,2,3,6,3
CUST_02632,29.0,Delhi,3.7,3,5356.07,1785.36,0.81,48,0.12,1,2,21.0,9,6.0,7,4,3,3
CUST_02633,30.0,Hyderabad,2.9,20,42799.96,2140.0,6.9,33,0.239,1,2,52.0,28,13.0,12,4,6,4
CUST_02634,42.0,Pune,,20,64468.0,3223.4,10.0,29,0.142,1,5,51.0,40,10.0,21,2,10,4
CUST_02635,18.0,Bengaluru,1.3,4,6134.01,1533.5,3.08,78,0.312,2,3,21.0,6,4.0,12,6,2,2
CUST_02636,22.0,Other,0.7,3,4247.73,1415.91,4.29,180,0.324,1,4,18.0,6,3.0,5,6,3,1
CUST_02637,45.0,Hyderabad,1.3,17,20527.6,1207.51,13.08,190,0.178,0,3,4.0,6,4.0,3,2,1,2
CUST_02638,22.0,Other,2.0,4,3420.28,855.07,2.0,27,0.323,0,4,20.0,10,4.0,5,7,4,0
CUST_02639,18.0,Other,2.2,9,9521.02,1057.89,4.09,49,0.503,1,6,17.0,4,2.0,1,1,1,2
CUST_02640,53.0,Other,10.0,5,8743.36,1748.67,0.5,73,0.618,0,3,20.0,8,10.0,7,8,3,2
CUST_02641,20.0,Jaipur,5.1,23,37420.82,1626.99,4.51,27,0.109,2,4,69.0,36,12.0,9,3,12,3
CUST_02642,36.0,Mumbai,3.6,18,32511.3,1806.18,5.0,17,0.284,0,3,75.0,23,14.0,13,2,4,5
CUST_02643,35.0,Other,4.3,7,12237.64,1748.23,1.63,67,0.376,0,2,28.0,7,12.0,7,6,2,2
CUST_02644,18.0,Mumbai,10.0,2,2331.68,1165.84,0.2,68,0.34,1,5,,5,5.0,1,7,4,4
CUST_02645,31.0,Mumbai,1.6,19,50010.19,2632.12,11.88,27,0.26,0,2,58.0,35,16.0,14,3,14,3
CUST_02646,38.0,Mumbai,8.1,29,58598.99,2020.65,3.58,19,0.072,1,4,81.0,33,16.0,14,3,13,6
CUST_02647,38.0,Delhi,0.2,6,11764.54,1960.76,30.0,66,0.649,0,3,8.0,5,1.0,0,1,2,1
CUST_02648,43.0,Hyderabad,2.4,11,6146.09,558.74,4.58,15,0.941,3,4,49.0,16,17.0,13,5,13,1
CUST_02649,30.0,Delhi,1.1,27,40069.97,1484.07,24.55,1,0.224,1,5,64.0,32,12.0,21,5,9,0
CUST_02650,41.0,Mumbai,0.6,9,13081.48,1453.5,15.0,12,0.824,6,2,49.0,16,20.0,11,11,13,1
CUST_02651,27.0,Bengaluru,6.8,29,61565.73,2122.96,4.26,6,0.305,1,4,78.0,25,11.0,21,0,12,1
CUST_02652,20.0,Bengaluru,2.4,20,40685.66,2034.28,8.33,10,0.15,1,4,65.0,31,9.0,18,3,10,0
CUST_02653,21.0,Kolkata,2.1,24,41100.42,1712.52,11.43,8,0.445,4,2,66.0,36,8.0,18,4,8,2
CUST_02654,19.0,Pune,2.4,18,40679.34,2259.96,7.5,16,0.374,0,1,56.0,27,26.0,8,2,12,4
CUST_02655,44.0,Pune,3.1,3,5907.79,1969.26,0.97,138,0.445,0,5,22.0,7,8.0,8,9,4,3
CUST_02656,19.0,Pune,1.4,29,69883.48,2409.78,20.71,5,0.341,1,4,52.0,29,8.0,13,3,1,3
CUST_02657,37.0,Delhi,0.6,1,1494.04,1494.04,1.67,12,0.329,0,4,22.0,6,3.0,2,5,2,3
CUST_02658,31.0,Hyderabad,2.7,5,8641.82,1728.36,1.85,45,0.376,3,4,6.0,7,5.0,1,4,1,4
CUST_02659,33.0,Bengaluru,3.1,30,65172.79,2172.43,9.68,10,0.325,1,3,64.0,34,16.0,17,3,15,2
CUST_02660,48.0,Delhi,7.2,4,4995.0,1248.75,0.56,36,0.404,0,4,19.0,5,7.0,3,5,3,0
CUST_02661,30.0,Delhi,2.6,6,5835.8,972.63,2.31,33,0.86,3,3,50.0,23,17.0,15,14,11,3
CUST_02662,40.0,Delhi,3.0,7,11937.5,1705.36,2.33,143,0.6,1,2,6.0,4,2.0,0,2,0,4
CUST_02663,34.0,Other,1.2,24,32330.85,1347.12,20.0,13,0.354,3,5,67.0,34,10.0,16,3,9,2
CUST_02664,32.0,Pune,1.2,6,8942.25,1490.37,5.0,5,0.723,0,5,20.0,6,9.0,5,6,6,2
CUST_02665,57.0,Ahmedabad,3.6,10,13415.18,1341.52,2.78,33,0.882,3,5,48.0,22,14.0,11,11,18,4
CUST_02666,20.0,Chennai,4.7,22,43504.65,1977.48,4.68,5,0.226,2,6,77.0,29,11.0,18,2,9,7
CUST_02667,47.0,Mumbai,5.7,14,40643.72,2903.12,2.46,27,0.174,2,3,54.0,20,15.0,17,0,13,2
CUST_02668,41.0,Other,,3,4496.95,1498.98,0.86,76,0.702,0,4,23.0,7,1.0,5,7,2,2
CUST_02669,29.0,Kolkata,1.4,4,4304.27,1076.07,2.86,101,0.279,0,4,20.0,7,10.0,3,2,4,3
CUST_02670,50.0,Chennai,0.7,22,43791.44,1990.52,31.43,22,0.465,3,3,68.0,30,9.0,19,5,8,0
CUST_02671,18.0,Delhi,1.1,4,9570.78,2392.7,3.64,133,0.658,1,5,17.0,11,11.0,6,9,1,3
CUST_02672,29.0,Hyderabad,3.5,19,49561.64,2608.51,5.43,11,0.409,2,5,72.0,31,15.0,17,8,4,2
CUST_02673,22.0,Pune,0.8,2,2473.81,1236.9,2.5,67,0.451,1,4,16.0,15,7.0,5,3,6,4
CUST_02674,38.0,Mumbai,1.2,14,33436.23,2388.3,11.67,10,0.358,2,2,65.0,14,11.0,14,2,3,1
CUST_02675,23.0,Ahmedabad,1.6,12,22920.43,1910.04,7.5,176,0.443,3,2,16.0,6,7.0,2,0,1,2
CUST_02676,38.0,Jaipur,4.1,19,22736.04,1196.63,4.63,2,0.377,0,5,62.0,31,12.0,8,2,12,4
CUST_02677,32.0,Mumbai,6.5,28,62978.69,2249.24,4.31,16,0.281,1,7,65.0,37,10.0,16,5,11,4
CUST_02678,29.0,Ahmedabad,2.9,28,53040.57,1894.31,9.66,29,0.356,0,5,63.0,33,11.0,15,2,11,4
CUST_02679,38.0,Kolkata,3.3,20,53438.44,2671.92,6.06,8,0.293,0,3,51.0,28,12.0,19,3,6,4
CUST_02680,31.0,Mumbai,2.7,10,7130.11,713.01,3.7,21,0.474,1,4,43.0,14,23.0,11,13,12,5
CUST_02681,23.0,Bengaluru,2.4,31,57094.0,1841.74,12.92,22,0.475,1,1,64.0,34,15.0,18,6,6,0
CUST_02682,62.0,Bengaluru,3.8,2,2243.44,1121.72,0.53,73,0.13,0,2,13.0,4,6.0,5,4,1,2
CUST_02683,29.0,Kolkata,2.4,13,30815.85,2370.45,5.42,1,0.2,1,6,63.0,30,9.0,20,2,17,3
CUST_02684,18.0,Ahmedabad,7.8,18,33180.18,1843.34,2.31,23,0.336,1,5,65.0,39,21.0,10,4,12,2
CUST_02685,26.0,Mumbai,3.2,38,62576.44,1646.75,11.88,5,0.363,2,3,59.0,30,16.0,13,1,9,4
CUST_02686,21.0,Hyderabad,3.4,42,126880.56,3020.965714285714,6.18,33,0.251,2,4,60.0,25,11.0,8,3,4,3
CUST_02687,42.0,Kolkata,2.7,22,57937.04,2633.5,8.15,8,0.65,0,3,53.0,27,12.0,11,4,10,0
CUST_02688,37.0,Ahmedabad,4.8,34,74276.75,2184.61,7.08,14,0.25,3,3,60.0,36,20.0,14,3,8,1
CUST_02689,38.0,Mumbai,1.5,11,15845.98,1440.54,7.33,16,0.604,4,4,63.0,23,15.0,11,9,23,3
CUST_02690,30.0,Bengaluru,1.2,36,85465.68,2374.05,30.0,10,0.145,1,3,60.0,39,14.0,14,5,12,5
CUST_02691,31.0,Jaipur,4.4,14,15580.73,1112.91,3.18,49,0.797,5,4,47.0,15,26.0,11,8,10,2
CUST_02692,30.0,Delhi,3.2,9,6924.86,769.43,2.81,19,0.918,7,4,45.0,20,17.0,20,13,13,2
CUST_02693,33.0,Bengaluru,4.4,8,29365.83,3670.73,1.82,24,0.185,1,4,61.0,23,9.0,14,3,13,5
CUST_02694,42.0,Ahmedabad,2.2,18,14777.75,820.99,8.18,55,0.835,0,3,45.0,14,21.0,13,11,11,1
CUST_02695,37.0,Mumbai,3.0,9,19126.53,2125.17,3.0,143,0.411,4,5,5.0,6,1.0,1,3,4,3
CUST_02696,39.0,Jaipur,2.0,13,11052.67,850.21,6.5,65,0.847,4,5,43.0,10,18.0,8,10,8,1
CUST_02697,39.0,Delhi,2.6,4,8138.83,2034.71,1.54,60,0.389,0,2,11.0,6,5.0,4,5,4,2
CUST_02698,43.0,Mumbai,0.7,21,33920.68,1615.27,30.0,10,0.369,2,3,73.0,45,8.0,15,3,13,2
CUST_02699,37.0,Pune,0.3,3,4270.13,1423.38,10.0,46,0.444,1,2,24.0,8,3.0,4,4,4,2
CUST_02700,38.0,Mumbai,,6,8222.53,1370.42,7.5,47,0.248,4,4,20.0,9,10.0,3,4,6,2
CUST_02701,46.0,Mumbai,4.7,9,5579.08,619.9,1.91,6,0.582,4,5,41.0,18,22.0,6,15,18,3
CUST_02702,27.0,Chennai,4.6,6,11670.1,1945.02,1.3,61,0.511,0,5,9.0,3,3.0,2,2,2,3
CUST_02703,25.0,Pune,8.0,15,34825.0,2321.67,1.88,8,0.295,1,6,57.0,19,10.0,9,3,8,2
CUST_02704,22.0,Other,4.5,22,70098.98,3186.32,4.89,3,0.113,2,4,58.0,25,12.0,12,4,7,5
CUST_02705,36.0,Bengaluru,2.1,4,4580.73,1145.18,1.9,30,0.097,1,3,15.0,8,10.0,7,6,3,5
CUST_02706,18.0,Bengaluru,2.7,2,4179.65,2089.83,0.74,31,0.605,0,1,17.0,11,,3,3,4,0
CUST_02707,39.0,Bengaluru,0.3,22,53347.32,2424.88,73.33,19,0.332,1,7,70.0,29,17.0,5,2,6,1
CUST_02708,33.0,Chennai,2.1,23,38120.94,1657.43,10.95,7,0.276,3,4,65.0,37,11.0,20,7,12,2
CUST_02709,45.0,Bengaluru,3.0,17,43170.82,2539.46,5.67,10,0.262,1,4,66.0,16,15.0,14,3,9,2
CUST_02710,27.0,Mumbai,5.4,21,15096.92,718.9,3.89,8,0.216,1,4,67.0,29,10.0,18,8,16,0
CUST_02711,32.0,Jaipur,2.8,6,12012.09,2002.01,2.14,62,0.224,1,6,24.0,6,6.0,5,5,2,2
CUST_02712,45.0,Bengaluru,1.1,10,6067.83,606.78,9.09,31,0.972,2,2,51.0,16,10.0,6,7,13,2
CUST_02713,48.0,Mumbai,5.2,17,36897.92,2170.47,3.27,4,0.496,2,4,55.0,31,21.0,16,3,18,5
CUST_02714,27.0,Bengaluru,1.9,35,62210.59,1777.45,18.42,11,0.487,2,5,60.0,29,12.0,11,1,7,1
CUST_02715,36.0,Chennai,1.4,21,62540.27,2978.11,15.0,6,0.173,0,2,65.0,23,12.0,16,3,8,3
CUST_02716,37.0,Pune,2.6,29,55096.29,1899.87,11.15,16,0.485,0,3,67.0,27,11.0,25,4,10,2
CUST_02717,38.0,Ahmedabad,1.9,3,4626.52,1542.17,1.58,75,0.261,1,2,22.0,5,8.0,5,4,9,3
CUST_02718,31.0,Chennai,3.0,8,11227.93,1403.49,2.67,69,0.475,2,4,12.0,2,5.0,2,1,0,2
CUST_02719,47.0,Chennai,4.3,5,12133.87,2426.77,1.16,13,0.406,1,4,23.0,6,10.0,7,6,5,4
CUST_02720,18.0,Bengaluru,2.1,23,48970.14,2129.14,10.95,9,0.114,0,1,37.0,31,6.0,10,7,7,4
CUST_02721,30.0,Other,2.1,7,18446.43,2635.2,3.33,94,0.422,3,1,9.0,7,1.0,2,0,2,1
CUST_02722,38.0,Pune,4.3,6,6757.97,1126.33,1.4,12,0.206,2,4,17.0,10,4.0,5,7,4,2
CUST_02723,39.0,Hyderabad,4.3,3,3629.0,1209.67,0.7,86,0.595,2,4,20.0,11,6.0,5,5,6,2
CUST_02724,48.0,Delhi,3.2,5,4534.03,906.81,1.56,29,0.819,0,4,39.0,15,19.0,12,10,6,2
CUST_02725,46.0,Kolkata,2.5,31,48181.66,1554.25,12.4,15,0.208,2,4,63.0,35,17.0,20,5,13,3
CUST_02726,31.0,Mumbai,6.0,18,29589.73,1643.87,3.0,6,0.24,0,3,60.0,34,11.0,13,4,7,1
CUST_02727,47.0,Mumbai,1.6,20,63886.32,3194.32,12.5,1,0.217,1,3,32.0,27,15.0,13,0,9,3
CUST_02728,27.0,Ahmedabad,4.3,28,32436.14,1158.43,6.51,18,0.203,2,5,87.0,39,7.0,17,1,8,0
CUST_02729,43.0,Bengaluru,1.5,22,39412.02,1791.46,14.67,4,0.406,0,6,61.0,36,10.0,20,5,3,3
CUST_02730,52.0,Delhi,3.0,11,13942.12,1267.47,3.67,29,0.839,3,3,39.0,17,20.0,7,10,13,1
CUST_02731,46.0,Hyderabad,0.9,2,2344.9,1172.45,2.22,180,0.376,4,4,14.0,7,5.0,5,4,3,0
CUST_02732,35.0,Chennai,3.0,9,10056.92,1117.44,3.0,20,0.614,3,3,61.0,15,23.0,9,10,15,3
CUST_02733,31.0,Pune,6.3,18,53032.67,2946.26,2.86,1,0.221,2,6,66.0,21,14.0,19,2,9,2
CUST_02734,19.0,Pune,5.0,13,33374.01,2567.23,2.6,36,0.535,2,5,8.0,5,5.0,3,0,0,4
CUST_02735,37.0,Other,0.5,7,5337.81,762.54,14.0,237,0.247,2,4,13.0,4,2.0,2,2,0,0
CUST_02736,23.0,Hyderabad,6.1,4,7068.13,1767.03,0.66,58,0.368,2,3,13.0,4,7.0,2,3,2,4
CUST_02737,26.0,Delhi,1.8,11,14035.13,1275.92,6.11,206,0.284,2,4,9.0,3,9.0,2,4,2,5
CUST_02738,22.0,Ahmedabad,3.8,9,10649.64,1183.29,2.37,22,0.62,4,2,47.0,21,19.0,11,7,17,3
CUST_02739,29.0,Bengaluru,2.7,6,7820.28,1303.38,2.22,192,0.607,1,4,6.0,5,1.0,1,1,2,0
CUST_02740,34.0,Pune,1.7,23,68899.93,2995.65,13.53,16,0.131,0,5,50.0,35,14.0,17,3,6,2
CUST_02741,37.0,Pune,3.5,25,43537.32,1741.49,7.14,7,0.351,3,6,62.0,26,9.0,21,3,8,4
CUST_02742,28.0,Delhi,1.8,20,38729.16,1936.46,11.11,26,0.246,1,3,57.0,32,12.0,12,3,11,0
CUST_02743,45.0,Jaipur,4.4,20,61357.64,3067.88,4.55,3,0.384,1,3,58.0,16,21.0,11,5,10,0
CUST_02744,32.0,Mumbai,1.7,12,34671.88,2889.32,7.06,30,0.025,1,5,62.0,29,14.0,13,2,11,2
CUST_02745,26.0,Pune,1.6,3,4311.63,1437.21,1.88,49,0.189,0,7,16.0,8,8.0,8,5,2,4
CUST_02746,36.0,Jaipur,4.5,4,3695.31,923.83,0.89,63,0.311,1,6,16.0,9,6.0,1,7,3,4
CUST_02747,54.0,Mumbai,10.0,9,12352.41,1372.49,0.9,20,0.743,4,1,38.0,10,15.0,13,6,6,1
CUST_02748,37.0,Hyderabad,5.3,16,47042.36,2940.15,3.02,1,0.024,0,4,63.0,26,11.0,13,4,12,1
CUST_02749,30.0,Pune,4.8,7,7093.79,1013.4,1.46,98,0.565,0,4,11.0,9,2.0,9,3,2,3
CUST_02750,19.0,Hyderabad,2.8,4,3833.86,958.46,1.43,52,0.442,0,3,20.0,8,3.0,8,7,4,2
CUST_02751,,Delhi,4.3,25,64368.14,2574.73,5.81,7,0.125,1,4,56.0,34,8.0,17,5,9,3
CUST_02752,36.0,Mumbai,2.1,8,14664.07,1833.01,3.81,37,0.259,2,4,19.0,7,4.0,4,4,3,5
CUST_02753,30.0,Hyderabad,6.9,29,57014.18,1966.01,4.2,15,0.392,2,5,61.0,34,6.0,12,5,7,0
CUST_02754,18.0,Chennai,,17,37105.84,2182.7,28.33,11,0.13,1,1,72.0,38,9.0,10,5,11,2
CUST_02755,25.0,Chennai,2.7,9,16863.65,1873.74,3.33,126,0.337,0,1,10.0,4,4.0,1,4,1,2
CUST_02756,49.0,Chennai,2.2,18,36553.68,2030.76,8.18,3,0.689,0,4,56.0,31,11.0,14,7,8,3
CUST_02757,48.0,Bengaluru,2.8,11,11467.33,1042.48,3.93,29,0.754,7,5,55.0,18,27.0,10,8,12,0
CUST_02758,25.0,Bengaluru,1.6,4,6481.26,1620.31,2.5,85,0.633,2,4,14.0,9,2.0,1,1,1,3
CUST_02759,41.0,Chennai,3.1,2,3940.08,1970.04,0.65,112,0.259,1,2,24.0,9,9.0,9,2,4,3
CUST_02760,22.0,Chennai,1.6,19,61905.45,3258.18,11.88,23,0.033,1,3,65.0,22,13.0,11,9,8,2
CUST_02761,48.0,Chennai,2.0,18,46850.85,2602.83,9.0,5,0.135,2,4,55.0,26,12.0,13,2,11,1
CUST_02762,36.0,Hyderabad,3.9,11,27617.2,2510.65,2.82,19,0.139,2,4,63.0,21,15.0,10,3,5,1
CUST_02763,43.0,Mumbai,10.0,3,5393.05,1797.68,0.3,92,0.412,4,1,21.0,5,6.0,11,3,0,2
CUST_02764,18.0,Pune,2.0,9,12515.56,1390.62,4.5,8,0.884,3,2,47.0,20,23.0,12,8,9,1
CUST_02765,41.0,Pune,3.5,14,39787.32,2841.95,4.0,6,0.396,2,5,57.0,29,12.0,18,2,5,1
CUST_02766,34.0,Other,5.8,10,19737.75,1973.78,1.72,97,0.583,3,4,15.0,4,1.0,2,0,0,3
CUST_02767,43.0,Kolkata,3.7,14,19837.63,1416.97,3.78,9,0.977,0,4,44.0,12,22.0,14,12,6,2
CUST_02768,43.0,Hyderabad,2.4,23,48680.78,2116.56,9.58,3,0.283,4,4,67.0,32,14.0,15,9,6,1
CUST_02769,35.0,Pune,2.4,13,18984.5,1460.35,5.42,25,0.959,4,2,52.0,22,19.0,14,10,18,2
CUST_02770,28.0,Mumbai,6.1,2,2634.17,,0.33,5,0.47,1,6,15.0,8,4.0,3,3,2,3
CUST_02771,42.0,Jaipur,0.4,18,47700.56,2650.03,45.0,7,0.302,3,3,55.0,26,11.0,11,2,7,4
CUST_02772,33.0,Jaipur,3.1,26,52772.0,2029.69,8.39,10,0.147,1,3,59.0,21,10.0,22,2,8,2
CUST_02773,25.0,Mumbai,2.2,6,7216.99,1202.83,2.73,58,0.687,1,1,12.0,4,6.0,3,4,1,3
CUST_02774,25.0,Ahmedabad,0.7,10,10748.48,1074.85,14.29,18,0.808,2,4,53.0,17,18.0,15,7,16,2
CUST_02775,19.0,Bengaluru,2.9,13,8805.67,677.36,4.48,35,0.863,3,7,48.0,22,17.0,11,7,17,3
CUST_02776,29.0,Delhi,1.7,24,46533.7,1938.9,14.12,5,0.218,1,4,71.0,37,10.0,13,0,12,3
CUST_02777,45.0,Kolkata,1.2,21,64422.8,3067.75,17.5,9,0.417,1,3,72.0,29,14.0,8,3,10,2
CUST_02778,36.0,Hyderabad,6.6,11,38858.82,,1.67,58,0.066,1,2,57.0,26,11.0,17,2,7,0
CUST_02779,29.0,Ahmedabad,1.3,11,8610.68,782.79,8.46,31,0.866,2,1,47.0,16,24.0,12,14,9,3
CUST_02780,42.0,Mumbai,1.1,20,48949.96,2447.5,18.18,7,0.257,0,3,60.0,42,10.0,12,0,14,4
CUST_02781,26.0,Delhi,0.8,15,31906.47,2127.1,18.75,8,0.231,0,3,67.0,28,13.0,15,3,9,1
CUST_02782,35.0,Delhi,3.4,4,7348.37,1837.09,1.18,33,0.205,3,3,17.0,9,8.0,3,5,2,2
CUST_02783,32.0,Delhi,3.7,10,21569.82,2156.98,2.7,137,0.469,0,4,8.0,1,1.0,2,1,2,1
CUST_02784,42.0,Bengaluru,10.0,4,5393.04,1348.26,0.4,119,0.578,0,3,16.0,7,9.0,4,5,3,1
CUST_02785,18.0,Delhi,2.2,15,26150.01,1743.33,6.82,124,0.638,3,3,11.0,2,4.0,3,1,5,1
CUST_02786,25.0,Bengaluru,1.9,31,68488.42,2209.3,16.32,14,0.048,2,2,58.0,32,15.0,7,2,10,2
CUST_02787,18.0,Delhi,1.0,8,21136.26,2642.03,8.0,94,0.386,1,3,11.0,5,6.0,0,1,3,2
CUST_02788,31.0,Kolkata,3.9,20,52982.12,2649.11,5.13,16,0.247,0,4,53.0,24,15.0,9,2,3,3
CUST_02789,46.0,Hyderabad,0.8,3,5654.78,1884.93,3.75,79,0.437,1,6,12.0,0,2.0,0,1,2,2
CUST_02790,29.0,Chennai,1.7,11,16996.37,1545.12,6.47,52,0.49,1,4,10.0,4,4.0,3,6,2,6
CUST_02791,29.0,Pune,3.3,8,8537.82,1067.23,2.42,67,0.4,0,5,12.0,3,10.0,3,3,2,3
CUST_02792,43.0,Delhi,1.8,11,16267.05,1478.82,6.11,111,0.656,1,2,16.0,7,1.0,1,4,3,6
CUST_02793,45.0,Mumbai,1.7,16,16754.04,1047.13,9.41,8,0.88,2,3,42.0,13,26.0,19,15,13,2
CUST_02794,33.0,Mumbai,1.5,30,61989.58,2066.32,20.0,14,0.218,0,4,72.0,30,15.0,23,3,13,3
CUST_02795,41.0,Pune,6.8,18,32786.57,1821.48,2.65,35,0.248,2,3,54.0,35,15.0,14,1,14,0
CUST_02796,23.0,Mumbai,1.7,7,7434.82,1062.12,4.12,22,0.567,3,7,44.0,20,12.0,9,5,16,2
CUST_02797,48.0,Hyderabad,3.9,18,37230.28,2068.35,4.62,6,0.104,1,5,54.0,20,18.0,16,4,5,4
CUST_02798,55.0,Other,1.6,7,15892.45,2270.35,4.38,76,0.303,0,3,21.0,12,6.0,7,4,4,4
CUST_02799,39.0,Mumbai,1.9,10,11215.21,1121.52,5.26,137,0.525,1,3,8.0,6,5.0,1,1,4,5
CUST_02800,18.0,Ahmedabad,2.8,21,52389.93,2494.76,7.5,8,0.28,1,3,62.0,27,20.0,14,2,7,1
CUST_02801,28.0,Mumbai,6.4,5,10079.23,2015.85,0.78,47,0.514,0,3,18.0,9,3.0,5,7,2,3
CUST_02802,40.0,Chennai,0.3,7,12863.71,1837.67,23.33,101,0.723,2,3,8.0,5,3.0,2,1,6,5
CUST_02803,30.0,Chennai,5.9,3,3296.46,1098.82,0.51,186,0.593,1,3,8.0,3,2.0,1,3,1,0
CUST_02804,47.0,Other,1.3,14,26604.62,1900.33,10.77,30,0.706,3,5,6.0,7,3.0,1,1,2,2
CUST_02805,40.0,Mumbai,3.1,10,8746.28,874.63,3.23,36,0.88,5,4,49.0,23,18.0,13,12,20,2
CUST_02806,27.0,Delhi,2.6,16,25561.23,1597.58,6.15,45,0.535,4,5,11.0,4,1.0,1,1,4,1
CUST_02807,34.0,Mumbai,0.9,7,9613.73,1373.39,7.78,46,0.346,1,5,18.0,9,8.0,7,5,1,2
CUST_02808,25.0,Delhi,1.7,23,58090.75,2525.68,13.53,6,0.178,0,4,49.0,44,19.0,4,2,9,2
CUST_02809,32.0,Other,2.6,8,9772.01,1221.5,3.08,29,0.824,3,3,37.0,11,19.0,11,5,13,2
CUST_02810,28.0,Ahmedabad,0.9,8,16048.5,2006.06,8.89,83,0.139,1,1,18.0,8,5.0,9,0,2,1
CUST_02811,46.0,Kolkata,5.1,23,30355.04,1319.78,4.51,32,0.2,2,3,54.0,33,6.0,16,3,11,3
CUST_02812,55.0,Hyderabad,2.8,3,2558.45,852.82,1.07,70,0.415,2,3,20.0,5,4.0,8,5,3,3
CUST_02813,20.0,Jaipur,1.8,1,1563.4,1563.4,0.56,149,0.428,0,2,17.0,3,7.0,5,4,3,0
CUST_02814,18.0,Bengaluru,2.1,21,50506.49,2405.07,10.0,3,0.147,0,5,45.0,23,8.0,7,2,9,3
CUST_02815,32.0,Mumbai,5.1,11,10144.25,922.2,2.16,18,0.944,2,3,40.0,15,19.0,9,8,11,6
CUST_02816,19.0,Ahmedabad,5.9,5,11396.94,2279.39,0.85,70,0.166,2,6,14.0,9,,4,6,7,3
CUST_02817,34.0,Pune,1.4,12,15993.77,1332.81,8.57,34,0.902,4,3,57.0,19,22.0,8,11,8,1
CUST_02818,41.0,Mumbai,1.0,9,27471.09,3052.34,9.0,14,0.33,1,5,53.0,24,15.0,16,7,11,1
CUST_02819,49.0,Mumbai,4.2,14,38911.08,2779.36,3.33,12,0.113,0,4,62.0,34,21.0,8,3,12,2
CUST_02820,36.0,Hyderabad,1.2,18,39257.9,2180.99,15.0,12,0.418,2,6,61.0,34,13.0,13,2,13,3
CUST_02821,32.0,Hyderabad,3.7,7,10183.59,1454.8,1.89,92,0.372,1,2,13.0,5,3.0,1,3,3,1
CUST_02822,18.0,Pune,1.3,24,38925.74,1621.91,18.46,3,0.085,3,4,81.0,38,19.0,13,8,15,3
CUST_02823,34.0,Kolkata,1.3,3,3165.49,1055.16,2.31,101,0.174,0,3,17.0,5,4.0,5,5,3,1
CUST_02824,35.0,Kolkata,0.7,27,58788.09,2177.34,38.57,5,0.247,2,1,64.0,26,8.0,23,5,10,0
CUST_02825,40.0,Other,8.4,29,49835.28,1718.46,3.45,36,0.544,3,5,81.0,26,10.0,13,2,13,3
CUST_02826,27.0,Hyderabad,5.9,3,4081.91,1360.64,0.51,47,0.399,1,4,29.0,6,4.0,8,3,1,3
CUST_02827,30.0,Kolkata,2.2,4,6727.35,1681.84,1.82,17,0.286,2,4,19.0,7,8.0,4,3,1,1
CUST_02828,19.0,Kolkata,3.2,16,36802.43,2300.15,5.0,7,0.19,1,1,53.0,34,18.0,15,4,5,2
CUST_02829,18.0,Pune,3.1,19,35902.19,1889.59,6.13,11,0.289,0,2,65.0,30,16.0,10,3,9,4
CUST_02830,23.0,Delhi,8.5,14,42745.9,3053.28,1.65,11,0.072,2,4,52.0,16,15.0,10,1,12,3
CUST_02831,18.0,Bengaluru,3.6,7,5304.09,757.73,1.94,100,0.891,3,3,36.0,10,30.0,14,8,8,5
CUST_02832,37.0,Mumbai,4.8,2,3496.41,1748.21,0.42,95,0.542,0,3,21.0,13,9.0,6,5,2,6
CUST_02833,29.0,Delhi,6.6,22,55945.27,2542.97,3.33,7,0.18,0,4,53.0,18,20.0,13,2,10,2
CUST_02834,29.0,Bengaluru,1.4,21,38723.9,1844.0,15.0,6,0.64,0,3,55.0,32,11.0,23,6,7,3
CUST_02835,24.0,Mumbai,1.6,28,35025.04,1250.89,17.5,10,0.218,3,7,73.0,33,15.0,14,3,6,1
CUST_02836,18.0,Mumbai,5.9,11,19209.77,1746.34,1.86,165,0.246,0,6,6.0,8,5.0,1,1,3,2
CUST_02837,49.0,Bengaluru,2.1,9,15042.02,1671.34,4.29,132,0.881,3,3,16.0,5,2.0,4,4,2,1
CUST_02838,24.0,Kolkata,1.2,15,35009.13,2333.94,12.5,9,0.036,1,2,60.0,22,13.0,15,6,12,3
CUST_02839,30.0,Ahmedabad,3.0,2,2399.54,1199.77,0.67,34,0.366,1,1,25.0,7,12.0,9,5,2,3
CUST_02840,19.0,Hyderabad,5.8,21,41841.49,1992.45,3.62,11,0.372,1,2,81.0,27,13.0,17,3,11,2
CUST_02841,44.0,Bengaluru,9.1,26,45333.24,1743.59,2.86,10,0.316,3,4,56.0,30,13.0,12,5,14,3
CUST_02842,35.0,Delhi,7.5,3,5910.21,1970.07,0.4,97,0.458,0,4,24.0,8,6.0,6,4,1,1
CUST_02843,26.0,Pune,0.3,8,14198.84,1774.86,26.67,136,0.617,3,5,7.0,5,2.0,3,2,4,5
CUST_02844,30.0,Mumbai,2.2,8,10641.31,1330.16,3.64,69,0.46,0,3,5.0,3,3.0,1,1,3,2
CUST_02845,51.0,Ahmedabad,1.0,13,13109.92,1008.46,13.0,43,0.839,2,7,55.0,19,29.0,13,12,9,1
CUST_02846,33.0,Bengaluru,,24,42320.35,1763.35,17.14,11,0.056,1,5,70.0,44,12.0,10,5,9,3
CUST_02847,32.0,Ahmedabad,3.1,4,6542.97,1635.74,1.29,81,0.355,1,4,12.0,7,4.0,8,4,3,3
CUST_02848,25.0,Chennai,3.1,23,58327.48,2535.98,7.42,17,0.257,3,2,68.0,27,15.0,21,8,9,3
CUST_02849,18.0,Pune,0.3,8,10581.39,1322.67,26.67,12,0.618,4,1,41.0,22,19.0,14,12,14,6
CUST_02850,32.0,Bengaluru,1.4,17,25836.14,1519.77,12.14,1,0.499,2,3,70.0,29,12.0,21,5,12,4
CUST_02851,37.0,Bengaluru,7.8,6,3267.92,,0.77,69,0.469,1,4,21.0,7,2.0,5,6,1,3
CUST_02852,45.0,Bengaluru,0.8,32,47922.18,1497.57,40.0,5,0.487,0,5,67.0,29,6.0,13,4,5,1
CUST_02853,18.0,Hyderabad,5.8,10,20908.06,2090.81,1.72,34,0.2,1,1,55.0,23,19.0,10,3,8,5
CUST_02854,23.0,Other,1.8,8,12416.52,1552.07,4.44,123,0.491,0,2,11.0,7,1.0,1,1,0,1
CUST_02855,28.0,Ahmedabad,2.7,17,31745.58,1867.39,6.3,6,0.152,1,2,71.0,32,21.0,7,2,8,2
CUST_02856,34.0,Other,6.3,10,13547.91,1354.79,1.59,20,0.647,4,4,42.0,14,22.0,9,7,9,1
CUST_02857,33.0,Mumbai,2.3,27,45396.14,1681.34,11.74,33,0.219,2,3,67.0,34,11.0,5,5,7,1
CUST_02858,33.0,Mumbai,8.1,25,59188.26,2367.53,3.09,11,0.071,1,2,69.0,27,13.0,9,1,13,4
CUST_02859,38.0,Mumbai,0.8,20,52585.14,2629.26,25.0,27,0.147,1,3,63.0,26,19.0,14,5,10,2
CUST_02860,25.0,Pune,5.0,17,52085.09,3063.83,3.4,11,0.072,2,2,40.0,24,19.0,15,1,9,3
CUST_02861,43.0,Bengaluru,4.6,7,14058.28,2008.33,1.52,121,0.624,0,1,11.0,1,2.0,2,2,3,2
CUST_02862,38.0,Chennai,7.5,33,77057.58,2335.08,4.4,20,0.245,1,3,67.0,32,14.0,14,4,7,1
CUST_02863,31.0,Bengaluru,4.1,8,12746.53,1593.32,1.95,82,0.307,0,1,9.0,1,6.0,2,3,3,3
CUST_02864,50.0,Other,2.5,12,12207.36,1017.28,4.8,44,0.959,6,4,45.0,18,27.0,16,10,12,4
CUST_02865,50.0,Other,1.4,20,30357.59,1517.88,14.29,8,0.176,2,3,75.0,29,16.0,15,1,9,5
CUST_02866,43.0,Mumbai,2.1,11,13659.06,1241.73,5.24,2,0.732,2,5,47.0,20,27.0,9,12,8,5
CUST_02867,18.0,Jaipur,0.7,9,10894.77,1210.53,12.86,10,0.605,3,2,59.0,19,,9,9,13,2
CUST_02868,50.0,Bengaluru,4.9,2,5054.43,2527.22,0.41,80,0.442,0,4,13.0,3,6.0,7,5,4,4
CUST_02869,42.0,Bengaluru,2.7,29,68536.05,2363.31,10.74,2,0.307,1,3,52.0,29,11.0,17,1,5,5
CUST_02870,54.0,Ahmedabad,2.4,21,61823.61,2943.98,8.75,10,0.337,0,4,70.0,33,15.0,16,2,9,1
CUST_02871,46.0,Mumbai,2.0,9,12563.31,1395.92,4.5,148,0.308,2,5,,6,4.0,2,3,4,4
CUST_02872,50.0,Jaipur,4.5,10,17195.55,1719.55,2.22,68,0.342,3,3,7.0,6,1.0,1,4,1,2
CUST_02873,43.0,Chennai,2.4,9,13335.55,1481.73,3.75,102,0.495,1,4,12.0,3,3.0,0,2,5,2
CUST_02874,47.0,Jaipur,2.9,13,33031.0,2540.85,4.48,5,0.127,0,4,59.0,32,,18,7,9,2
CUST_02875,54.0,Other,2.8,4,6429.43,,1.43,96,0.118,1,1,22.0,4,6.0,4,7,2,1
CUST_02876,36.0,Bengaluru,4.1,14,5696.04,406.86,3.41,46,0.846,1,6,51.0,18,20.0,17,12,13,2
CUST_02877,18.0,Mumbai,3.9,10,11443.42,1144.34,2.56,28,0.79,5,3,37.0,13,27.0,11,9,13,1
CUST_02878,31.0,Mumbai,6.3,28,35850.76,1280.38,4.44,9,0.432,0,4,61.0,39,15.0,10,3,11,1
CUST_02879,38.0,Delhi,5.8,11,8364.27,760.39,1.9,24,0.847,4,4,41.0,11,22.0,11,11,11,1
CUST_02880,35.0,Mumbai,2.0,16,25247.78,1577.99,8.0,4,0.269,1,1,56.0,28,7.0,11,0,10,3
CUST_02881,22.0,Ahmedabad,8.9,18,24228.8,1346.04,2.02,9,0.167,1,4,71.0,28,11.0,15,2,7,4
CUST_02882,18.0,Delhi,3.8,7,8646.08,1235.15,1.84,118,0.529,0,5,17.0,7,3.0,4,2,3,4
CUST_02883,,Other,10.0,22,42818.34,1946.29,2.2,1,0.091,1,4,76.0,25,19.0,14,3,14,2
CUST_02884,42.0,Chennai,3.5,17,60043.6,3531.98,4.86,21,0.294,3,5,58.0,22,22.0,5,1,13,2
CUST_02885,50.0,Mumbai,2.1,27,59813.01,2215.3,12.86,2,0.034,0,5,60.0,25,11.0,16,4,4,2
CUST_02886,43.0,Bengaluru,1.8,6,9914.68,1652.45,3.33,158,0.639,0,4,10.0,2,2.0,0,2,1,3
CUST_02887,45.0,Bengaluru,0.6,11,14746.3,1340.57,18.33,51,0.45,3,4,46.0,20,11.0,18,15,19,2
CUST_02888,33.0,Bengaluru,3.3,30,51776.07,1725.87,9.09,55,0.643,1,3,49.0,28,12.0,13,0,11,2
CUST_02889,18.0,Hyderabad,3.4,3,4742.9,1580.97,0.88,37,0.495,2,4,13.0,9,6.0,3,11,4,2
CUST_02890,29.0,Mumbai,2.7,3,3044.14,1014.71,1.11,61,0.279,0,3,21.0,7,10.0,4,6,1,4
CUST_02891,31.0,Chennai,3.6,27,46128.02,1708.45,7.5,14,0.274,2,5,58.0,28,9.0,12,3,9,4
CUST_02892,29.0,Bengaluru,0.9,3,4613.61,1537.87,3.33,168,0.489,1,5,8.0,7,5.0,3,6,2,1
CUST_02893,35.0,Ahmedabad,2.5,1,2718.34,2718.34,0.4,107,0.227,1,6,16.0,13,4.0,7,3,6,2
CUST_02894,38.0,Ahmedabad,1.1,6,7269.79,1211.63,5.45,180,0.572,0,4,11.0,7,4.0,5,6,4,2
CUST_02895,43.0,Pune,3.7,23,55367.07,2407.26,6.22,40,0.426,0,2,47.0,19,17.0,11,4,8,2
CUST_02896,31.0,Mumbai,3.1,8,14604.93,1825.62,2.58,32,0.593,2,4,7.0,4,2.0,4,0,4,3
CUST_02897,18.0,Chennai,5.7,12,19865.33,1655.44,2.11,36,0.83,1,2,43.0,26,26.0,11,12,11,1
CUST_02898,29.0,Other,2.2,23,37248.44,,10.45,40,0.42,1,5,80.0,19,16.0,17,9,5,3
CUST_02899,34.0,Bengaluru,5.7,25,42912.81,1716.51,4.39,13,0.275,2,3,77.0,26,11.0,10,2,10,1
CUST_02900,46.0,Pune,2.5,25,60631.24,2425.25,10.0,24,0.123,1,4,51.0,25,12.0,9,2,10,1
CUST_02901,28.0,Mumbai,4.4,16,36548.61,2284.29,3.64,8,0.242,0,6,58.0,20,16.0,13,2,14,2
CUST_02902,39.0,Delhi,1.5,2,4344.71,2172.36,1.33,121,0.57,2,3,24.0,8,7.0,10,3,1,1
CUST_02903,37.0,Delhi,2.8,21,51401.72,2447.7,7.5,11,0.187,1,2,49.0,26,11.0,10,3,8,4
CUST_02904,34.0,Bengaluru,2.6,21,42962.37,2045.83,8.08,8,0.522,2,6,48.0,30,9.0,13,1,6,2
CUST_02905,43.0,Chennai,6.0,13,17516.73,1347.44,2.17,23,0.929,0,3,35.0,16,15.0,17,7,7,6
CUST_02906,27.0,Pune,2.6,16,39693.64,2480.85,6.15,11,0.023,0,3,58.0,32,13.0,9,3,15,2
CUST_02907,28.0,Mumbai,2.6,11,13871.07,1261.01,4.23,155,0.326,1,4,9.0,3,2.0,2,5,4,1
CUST_02908,34.0,Delhi,9.6,32,52610.5,1644.08,3.33,5,0.151,0,3,61.0,41,12.0,18,6,8,4
CUST_02909,28.0,Jaipur,4.9,31,51224.95,1652.42,6.33,24,0.626,1,3,54.0,38,12.0,14,7,8,7
CUST_02910,39.0,Bengaluru,2.3,21,51838.78,2468.51,9.13,2,0.511,3,5,73.0,30,17.0,17,4,11,7
CUST_02911,27.0,Other,4.1,30,45404.82,1513.49,7.32,20,0.167,2,3,72.0,28,17.0,8,2,6,0
CUST_02912,36.0,Bengaluru,5.2,13,32811.1,2523.93,2.5,13,0.137,0,3,56.0,26,18.0,14,2,8,3
CUST_02913,33.0,Pune,3.0,1,2051.73,2051.73,0.33,88,0.417,1,5,20.0,7,7.0,6,7,6,1
CUST_02914,36.0,Pune,4.8,5,7214.79,1442.96,1.04,123,0.598,2,5,14.0,4,6.0,4,1,3,0
CUST_02915,29.0,Chennai,2.8,28,35153.67,1255.49,10.0,2,0.184,1,3,70.0,33,19.0,17,6,9,6
CUST_02916,31.0,Hyderabad,6.0,3,5166.77,1722.26,0.5,52,0.42,4,4,15.0,3,3.0,5,4,5,4
CUST_02917,35.0,Hyderabad,0.5,6,10003.34,1667.22,12.0,50,0.138,0,3,21.0,4,4.0,7,1,5,4
CUST_02918,36.0,Kolkata,1.3,2,2326.0,1163.0,1.54,135,0.732,1,3,21.0,7,9.0,2,6,2,4
CUST_02919,34.0,Kolkata,2.0,27,60502.41,2240.83,13.5,26,0.438,2,3,73.0,26,15.0,12,5,11,5
CUST_02920,51.0,Mumbai,4.8,21,24611.33,1171.97,4.38,11,0.32,0,5,72.0,32,5.0,17,4,12,5
CUST_02921,24.0,Ahmedabad,3.6,28,45163.55,1612.98,7.78,14,0.129,1,2,86.0,34,16.0,13,4,10,0
CUST_02922,33.0,Hyderabad,1.6,3,2770.08,923.36,1.88,40,0.555,1,3,20.0,11,5.0,10,3,2,2
CUST_02923,18.0,Delhi,3.1,4,8888.33,2222.08,1.29,73,0.779,1,3,18.0,7,2.0,6,5,6,1
CUST_02924,38.0,Hyderabad,0.6,13,44104.18,3392.63,21.67,17,0.043,3,4,48.0,39,16.0,17,3,7,3
CUST_02925,23.0,Hyderabad,0.8,30,38646.8,1288.23,37.5,1,0.405,1,7,67.0,20,8.0,11,3,12,2
CUST_02926,31.0,Mumbai,0.7,9,12696.7,1410.74,12.86,45,0.478,1,6,14.0,4,1.0,3,1,0,2
CUST_02927,30.0,Bengaluru,1.1,3,3863.11,1287.7,2.73,68,0.136,1,6,24.0,5,2.0,13,4,3,3
CUST_02928,37.0,Delhi,4.6,16,18091.16,1130.7,3.48,187,0.627,2,5,12.0,3,5.0,3,2,2,0
CUST_02929,28.0,Delhi,3.7,4,5823.13,1455.78,1.08,59,0.585,1,2,16.0,6,4.0,5,7,3,4
CUST_02930,28.0,Mumbai,2.3,23,37831.08,1644.83,10.0,27,0.302,1,5,77.0,25,16.0,11,2,7,3
CUST_02931,48.0,Mumbai,4.7,14,25273.91,1805.28,2.98,10,0.954,2,6,48.0,22,19.0,15,3,13,1
CUST_02932,37.0,Mumbai,6.2,3,3911.74,1303.91,0.48,71,0.449,0,2,15.0,6,6.0,5,3,6,3
CUST_02933,28.0,Delhi,1.2,16,35721.12,2232.57,13.33,15,0.317,0,6,68.0,29,15.0,9,2,11,5
CUST_02934,31.0,Jaipur,5.9,12,12049.99,1004.17,2.03,15,0.88,1,5,46.0,22,19.0,10,6,7,3
CUST_02935,50.0,Pune,1.5,5,8223.99,1644.8,3.33,38,0.523,1,3,18.0,7,4.0,4,3,4,6
CUST_02936,32.0,Bengaluru,1.8,16,56270.74,3516.92,8.89,2,0.058,1,3,56.0,29,11.0,17,2,7,1
CUST_02937,27.0,Delhi,8.4,6,11016.62,1836.1,0.71,70,0.465,0,3,17.0,8,6.0,5,4,5,1
CUST_02938,27.0,Ahmedabad,3.2,12,11879.91,989.99,3.75,24,0.969,5,4,47.0,18,18.0,6,6,17,3
CUST_02939,29.0,Mumbai,2.0,11,17443.46,1585.77,5.5,33,0.384,2,2,11.0,5,4.0,1,1,2,3
CUST_02940,28.0,Pune,,18,51707.09,2872.62,4.29,14,0.198,1,2,58.0,22,16.0,8,6,9,3
CUST_02941,21.0,Pune,5.1,20,31225.63,1561.28,3.92,6,0.276,3,3,52.0,20,14.0,20,3,9,3
CUST_02942,23.0,Other,3.2,7,8812.96,,2.19,8,0.752,3,4,34.0,19,25.0,9,7,4,3
CUST_02943,26.0,Hyderabad,2.0,18,42414.88,2356.38,9.0,7,0.327,1,5,70.0,42,10.0,12,3,12,4
CUST_02944,40.0,Mumbai,3.6,3,5917.98,1972.66,0.83,116,0.326,0,2,16.0,8,2.0,8,4,5,2
CUST_02945,30.0,Pune,4.4,7,16591.32,2370.19,1.59,82,0.375,0,5,19.0,5,6.0,7,4,3,2
CUST_02946,32.0,Mumbai,2.6,14,25531.79,1823.7,5.38,16,0.19,0,2,50.0,23,12.0,5,6,11,5
CUST_02947,47.0,Mumbai,8.1,15,22727.17,1515.14,1.85,14,0.606,1,3,53.0,18,16.0,15,4,13,2
CUST_02948,47.0,Ahmedabad,3.5,9,14644.79,1627.2,2.57,13,0.653,2,5,41.0,19,14.0,10,7,16,2
CUST_02949,31.0,Bengaluru,4.9,24,55461.46,2310.89,4.9,15,0.194,1,3,69.0,30,10.0,17,5,11,3
CUST_02950,28.0,Chennai,5.0,8,19325.09,2415.64,1.6,74,0.458,0,2,10.0,0,2.0,3,3,5,1
CUST_02951,25.0,Delhi,0.8,3,6387.63,2129.21,3.75,36,0.437,1,6,17.0,5,4.0,5,7,4,1
CUST_02952,41.0,Hyderabad,4.2,3,5366.72,1788.91,0.71,37,0.461,1,4,,10,5.0,1,2,4,3
CUST_02953,32.0,Pune,4.5,2,1683.67,841.83,0.44,26,0.384,0,2,18.0,8,6.0,6,4,3,7
CUST_02954,30.0,Delhi,1.9,11,17614.29,1601.3,5.79,77,0.766,1,5,45.0,20,21.0,16,7,15,2
CUST_02955,26.0,Chennai,1.7,11,18239.9,1658.17,6.47,139,0.57,0,5,13.0,4,4.0,3,0,3,1
CUST_02956,26.0,Mumbai,0.8,5,7791.21,1558.24,6.25,70,0.405,0,4,17.0,6,6.0,1,3,5,1
CUST_02957,37.0,Hyderabad,6.6,3,3745.72,1248.57,0.45,115,0.288,2,1,17.0,9,4.0,7,2,6,3
CUST_02958,21.0,Jaipur,1.5,8,18376.31,2297.04,5.33,61,0.461,0,2,9.0,6,3.0,2,3,2,1
CUST_02959,44.0,Mumbai,0.8,20,24112.79,1205.64,25.0,5,0.254,0,1,55.0,39,9.0,14,2,7,3
CUST_02960,29.0,Jaipur,2.2,4,4759.18,1189.8,1.82,47,0.244,0,4,15.0,12,5.0,3,1,2,3
CUST_02961,33.0,Mumbai,1.3,18,39318.8,2184.38,13.85,31,0.29,3,3,50.0,26,18.0,16,1,10,4
CUST_02962,21.0,Delhi,0.8,23,36161.32,1572.23,28.75,10,0.145,0,1,57.0,28,7.0,26,5,8,6
CUST_02963,34.0,Hyderabad,10.0,17,20057.83,1179.87,1.7,5,0.275,0,7,68.0,26,9.0,14,4,12,1
CUST_02964,31.0,Hyderabad,1.2,8,19262.22,2407.78,6.67,102,0.559,2,4,11.0,7,2.0,2,2,3,3
CUST_02965,33.0,Mumbai,1.6,10,19553.92,1955.39,6.25,145,0.551,2,1,9.0,5,5.0,0,3,1,2
CUST_02966,49.0,Ahmedabad,3.1,2,2386.12,1193.06,0.65,121,0.213,0,4,24.0,6,8.0,5,4,2,3
CUST_02967,36.0,Other,0.8,3,4732.68,1577.56,3.75,66,0.384,0,2,16.0,6,4.0,4,5,6,0
CUST_02968,26.0,Pune,2.7,6,7981.42,1330.24,2.22,16,0.928,0,4,58.0,26,27.0,12,8,13,1
CUST_02969,27.0,Jaipur,4.3,6,11708.44,1951.41,1.4,56,0.484,1,3,17.0,3,2.0,6,5,2,3
CUST_02970,40.0,Hyderabad,3.3,12,18314.11,1526.18,3.64,14,0.989,3,1,47.0,17,25.0,14,4,14,4
CUST_02971,47.0,Other,3.8,26,47771.42,1837.36,6.84,22,0.631,0,4,58.0,28,14.0,9,7,9,3
CUST_02972,37.0,Mumbai,2.6,21,44620.08,2124.77,8.08,11,0.043,1,4,50.0,24,21.0,13,2,6,2
CUST_02973,41.0,Ahmedabad,2.0,3,3500.72,1166.91,1.5,71,0.267,1,4,28.0,5,6.0,3,6,2,0
CUST_02974,40.0,Mumbai,3.9,4,6269.19,1567.3,1.03,39,0.379,2,4,18.0,6,8.0,6,3,5,2
CUST_02975,48.0,Jaipur,3.7,29,52249.29,1801.7,7.84,5,0.055,2,4,67.0,28,11.0,16,1,11,0
CUST_02976,18.0,Chennai,1.2,15,38832.63,2588.84,12.5,9,0.229,2,4,45.0,31,14.0,9,8,6,7
CUST_02977,41.0,Delhi,3.1,3,3544.1,1181.37,0.97,103,0.346,2,2,18.0,8,9.0,5,2,2,5
CUST_02978,44.0,Pune,2.7,28,91274.65,3259.81,10.37,10,0.226,2,5,45.0,32,7.0,14,2,10,4
CUST_02979,21.0,Ahmedabad,4.4,1,2012.18,2012.18,0.23,63,0.387,3,2,13.0,5,3.0,9,3,2,4
CUST_02980,25.0,Hyderabad,3.6,10,12044.44,1204.44,2.78,41,0.302,2,5,13.0,5,3.0,4,3,1,3
CUST_02981,25.0,Delhi,6.2,21,23966.4,1141.26,3.39,9,0.227,1,4,59.0,27,13.0,11,2,10,2
CUST_02982,27.0,Bengaluru,5.2,32,86186.15,2693.32,6.15,13,0.485,2,1,59.0,36,18.0,17,5,18,0
CUST_02983,29.0,Ahmedabad,5.6,3,3139.63,1046.54,0.54,72,0.378,0,2,13.0,6,5.0,8,2,2,2
CUST_02984,36.0,Delhi,4.4,2,3833.28,1916.64,0.45,26,0.741,1,5,16.0,9,6.0,5,7,3,2
CUST_02985,43.0,Mumbai,5.4,15,17604.78,1173.65,2.78,22,0.917,0,3,42.0,14,16.0,18,14,11,3
CUST_02986,45.0,Other,2.1,4,6020.7,1505.18,1.9,47,0.261,1,3,9.0,1,4.0,2,1,0,1
CUST_02987,26.0,Delhi,5.0,15,45105.76,3007.05,3.0,10,0.135,0,5,50.0,20,11.0,8,2,11,2
CUST_02988,26.0,Delhi,2.7,14,23032.31,1645.17,5.19,35,0.612,1,3,34.0,16,21.0,6,8,14,4
CUST_02989,47.0,Pune,0.9,7,9577.12,1368.16,7.78,105,0.405,0,1,13.0,9,9.0,4,7,3,0
CUST_02990,40.0,Jaipur,,7,11997.71,1713.96,1.4,185,0.713,3,5,4.0,4,1.0,3,2,2,1
CUST_02991,35.0,Pune,3.3,22,46009.72,2091.35,6.67,10,0.061,1,4,57.0,26,,17,2,10,2
CUST_02992,39.0,Chennai,6.9,4,7788.02,1947.0,0.58,29,0.246,3,1,14.0,6,6.0,6,3,3,3
CUST_02993,34.0,Jaipur,3.0,9,5650.5,,3.0,25,0.757,1,4,42.0,20,20.0,12,8,10,3
CUST_02994,39.0,Mumbai,1.5,21,32462.39,1545.83,14.0,5,0.24,2,3,63.0,27,11.0,15,3,9,3
CUST_02995,31.0,Ahmedabad,1.8,19,60942.54,3207.5,10.56,5,0.489,2,3,38.0,22,8.0,13,3,11,1
CUST_02996,37.0,Bengaluru,2.4,8,12287.41,1535.93,3.33,143,0.459,4,3,15.0,2,3.0,1,6,3,5
CUST_02997,19.0,Chennai,3.4,19,39491.2,2078.48,5.59,11,0.206,2,1,53.0,28,9.0,11,1,7,2
CUST_02998,27.0,Delhi,5.5,26,33435.12,1285.97,4.73,13,0.263,0,3,62.0,36,13.0,17,6,17,3
CUST_02999,27.0,Chennai,3.4,32,55298.28,1728.07,9.41,22,0.277,3,6,59.0,31,10.0,17,5,15,2
CUST_03000,30.0,Pune,1.1,11,19046.03,1731.46,10.0,138,0.354,2,3,5.0,3,6.0,1,4,3,1
CUST_03001,25.0,Mumbai,3.4,4,10960.37,2740.09,1.18,22,0.486,1,2,13.0,5,5.0,7,6,5,0
CUST_03002,29.0,Other,6.0,4,6278.99,1569.75,0.67,98,0.324,1,2,23.0,6,9.0,6,6,0,2
CUST_03003,19.0,Mumbai,3.1,25,59387.93,2375.52,8.06,8,0.096,0,3,67.0,27,19.0,15,2,15,3
CUST_03004,39.0,Ahmedabad,3.8,5,6207.73,1241.55,1.32,89,0.534,0,3,18.0,5,6.0,4,6,2,0
CUST_03005,33.0,Mumbai,2.7,9,12911.91,1434.66,3.33,24,0.875,3,1,41.0,16,17.0,6,7,18,3
CUST_03006,18.0,Delhi,2.6,5,9384.93,1876.99,1.92,33,0.544,2,2,18.0,7,11.0,7,6,3,2
CUST_03007,26.0,Ahmedabad,5.6,5,8786.73,1757.35,0.89,57,0.481,0,5,13.0,2,1.0,2,0,1,1
CUST_03008,37.0,Pune,4.7,29,62465.78,2153.99,6.17,9,0.141,2,5,52.0,20,17.0,11,7,10,1
CUST_03009,29.0,Jaipur,10.0,2,1899.72,949.86,0.2,40,0.42,2,3,14.0,11,3.0,9,6,3,1
CUST_03010,27.0,Bengaluru,2.0,18,56240.01,3124.45,9.0,7,0.146,2,1,58.0,29,19.0,15,5,8,4
CUST_03011,33.0,Delhi,1.7,14,18615.76,1329.7,8.24,16,0.918,5,3,39.0,17,10.0,15,8,16,1
CUST_03012,37.0,Chennai,0.9,27,36731.12,1360.41,30.0,1,0.518,1,4,58.0,33,12.0,11,3,6,1
CUST_03013,20.0,Delhi,2.4,27,61909.65,2292.95,11.25,12,0.285,3,1,68.0,30,15.0,19,4,10,3
CUST_03014,40.0,Delhi,2.7,26,48275.45,1856.75,9.63,12,0.27,0,3,67.0,31,6.0,20,3,10,3
CUST_03015,26.0,Kolkata,1.6,6,10287.7,1714.62,3.75,45,0.65,0,2,25.0,9,2.0,4,6,4,3
CUST_03016,34.0,Delhi,3.9,17,21041.09,1237.71,4.36,5,0.334,1,5,73.0,32,16.0,11,5,8,2
CUST_03017,34.0,Pune,4.8,2,1902.67,951.33,0.42,38,0.45,1,2,12.0,9,7.0,4,9,3,3
CUST_03018,29.0,Ahmedabad,3.8,19,28065.16,1477.11,5.0,23,0.308,2,5,71.0,35,9.0,17,1,8,2
CUST_03019,24.0,Ahmedabad,1.3,18,56050.73,3113.93,13.85,11,0.115,0,4,57.0,19,13.0,8,3,10,3
CUST_03020,31.0,Bengaluru,1.7,2,4031.38,2015.69,1.18,44,0.499,1,1,17.0,7,7.0,3,3,7,0
CUST_03021,50.0,Bengaluru,3.0,23,38605.45,1678.5,7.67,1,0.472,1,4,61.0,26,8.0,22,4,9,1
CUST_03022,20.0,Chennai,5.8,24,33723.37,1405.14,4.14,9,0.45,2,1,62.0,31,11.0,19,6,8,4
CUST_03023,51.0,Bengaluru,2.6,4,4831.25,1207.81,1.54,65,0.443,1,4,7.0,6,5.0,6,4,2,1
CUST_03024,31.0,Bengaluru,0.4,24,26148.74,1089.53,60.0,17,0.321,0,4,59.0,28,11.0,12,2,5,1
CUST_03025,34.0,Other,2.4,19,57142.97,3007.52,7.92,18,0.136,2,5,55.0,27,13.0,15,3,8,4
CUST_03026,23.0,Mumbai,2.9,18,28593.62,1588.53,6.21,9,0.58,1,6,60.0,43,8.0,12,3,7,6
CUST_03027,26.0,Hyderabad,7.4,7,17078.37,2439.77,0.95,251,0.732,3,2,15.0,6,5.0,3,2,1,1
CUST_03028,29.0,Jaipur,0.4,3,3441.86,1147.29,7.5,180,0.477,1,4,19.0,7,9.0,5,3,2,2
CUST_03029,24.0,Chennai,4.8,7,10251.32,1464.47,1.46,59,0.413,0,6,10.0,2,6.0,6,4,0,1
CUST_03030,32.0,Jaipur,0.9,3,3740.01,1246.67,3.33,148,0.49,0,3,12.0,7,10.0,7,2,2,2
CUST_03031,30.0,Delhi,2.0,18,46980.52,2610.03,9.0,8,0.215,0,7,52.0,20,16.0,13,4,15,1
CUST_03032,53.0,Pune,3.7,21,51196.24,2437.92,5.68,5,0.113,2,4,66.0,31,12.0,10,4,16,1
CUST_03033,22.0,Jaipur,5.2,7,6367.37,909.62,1.35,125,0.591,0,2,18.0,7,8.0,1,2,1,4
CUST_03034,35.0,Delhi,1.7,12,30750.43,2562.54,7.06,16,0.096,1,3,66.0,27,13.0,14,4,6,3
CUST_03035,36.0,Chennai,2.1,25,47198.04,1887.92,11.9,10,0.659,1,2,62.0,29,11.0,13,4,10,5
CUST_03036,23.0,Mumbai,2.5,29,60099.09,2072.38,11.6,10,0.212,1,4,60.0,40,11.0,20,6,12,5
CUST_03037,41.0,Kolkata,1.7,32,54792.27,1712.26,18.82,8,0.26,2,4,61.0,45,8.0,17,3,8,3
CUST_03038,30.0,Hyderabad,,10,17637.36,1763.74,1.45,30,0.305,1,3,15.0,6,0.0,3,0,2,4
CUST_03039,18.0,Pune,3.3,23,46334.59,2014.55,6.97,11,0.026,0,1,49.0,26,19.0,8,2,11,2
CUST_03040,41.0,Bengaluru,4.5,14,10399.06,742.79,3.11,4,0.623,5,4,42.0,21,21.0,13,13,3,2
CUST_03041,23.0,Chennai,2.6,17,44094.68,2593.8,6.54,4,0.195,0,4,59.0,30,14.0,16,4,6,2
CUST_03042,24.0,Mumbai,2.5,7,15682.86,2240.41,2.8,51,0.436,2,1,12.0,5,5.0,3,4,0,1
CUST_03043,41.0,Chennai,5.5,14,31686.04,2263.29,2.55,6,0.453,0,2,50.0,19,12.0,11,2,8,2
CUST_03044,31.0,Hyderabad,2.8,27,51575.27,1910.2,9.64,19,0.357,1,1,66.0,43,16.0,10,6,5,7
CUST_03045,43.0,Pune,4.1,4,7138.32,1784.58,0.98,17,0.537,2,6,23.0,7,12.0,5,5,2,3
CUST_03046,46.0,Kolkata,2.2,4,7107.54,1776.88,1.82,64,0.699,0,4,15.0,7,6.0,7,4,6,5
CUST_03047,28.0,Delhi,1.8,24,34745.2,1447.72,13.33,3,0.322,1,5,55.0,41,11.0,14,3,9,7
CUST_03048,42.0,Pune,3.2,34,77715.56,2285.75,10.62,8,0.067,2,1,65.0,30,9.0,14,6,9,2
CUST_03049,26.0,Bengaluru,1.5,20,44169.42,2208.47,13.33,13,0.263,0,3,49.0,23,15.0,15,3,8,4
CUST_03050,56.0,Chennai,0.8,27,34861.09,1291.15,33.75,4,0.413,1,5,71.0,34,13.0,13,3,4,6
CUST_03051,27.0,Other,2.2,26,53745.18,2067.12,11.82,8,0.414,1,4,56.0,33,12.0,25,4,7,3
CUST_03052,44.0,Mumbai,7.9,10,10463.89,1046.39,1.27,17,0.687,2,2,54.0,9,15.0,7,8,10,4
CUST_03053,42.0,Delhi,4.0,28,44069.58,1573.91,7.0,23,0.295,0,1,65.0,24,13.0,10,2,11,3
CUST_03054,37.0,Mumbai,2.0,26,37721.35,1450.82,13.0,2,0.56,2,5,56.0,30,11.0,12,4,12,1
CUST_03055,27.0,Kolkata,4.1,2,3497.86,1748.93,0.49,57,0.273,1,3,17.0,10,5.0,5,4,6,3
CUST_03056,32.0,Bengaluru,6.0,8,12637.82,1579.73,1.33,30,0.206,2,3,13.0,6,1.0,1,3,3,1
CUST_03057,18.0,Chennai,1.6,12,15144.56,1262.05,7.5,34,0.713,4,1,39.0,13,22.0,9,10,8,5
CUST_03058,36.0,Delhi,4.1,18,45195.07,2510.84,4.39,27,0.167,2,3,56.0,22,14.0,12,2,8,2
CUST_03059,37.0,Ahmedabad,2.2,11,41222.3,3747.48,5.0,7,0.155,2,4,38.0,19,18.0,12,4,11,1
CUST_03060,35.0,Hyderabad,6.5,7,2668.81,381.26,1.08,139,0.757,0,2,10.0,3,1.0,4,4,5,3
CUST_03061,18.0,Other,1.9,22,54519.72,2478.17,11.58,6,0.342,2,4,63.0,30,17.0,19,3,6,2
CUST_03062,21.0,Mumbai,2.1,14,38664.12,2761.72,6.67,32,0.26,0,5,38.0,20,9.0,13,2,10,2
CUST_03063,27.0,Bengaluru,3.8,17,7397.87,435.17,4.47,13,0.866,6,3,47.0,16,19.0,24,12,11,6
CUST_03064,37.0,Kolkata,1.5,5,12328.88,2465.78,3.33,30,0.505,0,6,23.0,7,5.0,3,5,8,3
CUST_03065,37.0,Hyderabad,1.4,1,1811.84,1811.84,0.71,94,0.312,0,1,18.0,9,6.0,4,3,4,3
CUST_03066,32.0,Mumbai,6.3,23,33392.17,1451.83,3.65,27,0.318,1,4,61.0,41,10.0,17,2,13,2
CUST_03067,40.0,Other,5.5,18,36822.29,2045.68,3.27,19,0.153,1,5,50.0,18,12.0,9,3,5,2
CUST_03068,24.0,Delhi,4.6,9,17589.96,1954.44,1.96,105,0.435,4,3,9.0,3,4.0,0,2,1,3
CUST_03069,40.0,Pune,,29,67876.29,2340.56,17.06,1,0.435,2,5,65.0,36,12.0,14,2,8,3
CUST_03070,39.0,Bengaluru,2.9,5,7717.35,1543.47,1.72,27,0.569,1,1,21.0,5,9.0,5,5,6,1
CUST_03071,38.0,Hyderabad,3.2,3,3781.99,1260.66,0.94,53,0.384,3,4,16.0,8,4.0,10,6,2,3
CUST_03072,32.0,Kolkata,7.6,12,7343.46,611.95,1.58,16,0.925,1,4,42.0,16,27.0,11,8,11,2
CUST_03073,52.0,Delhi,2.8,26,28873.14,,9.29,27,0.532,1,5,53.0,26,13.0,13,4,11,1
CUST_03074,39.0,Bengaluru,1.6,26,47996.58,1846.02,16.25,8,0.101,1,6,66.0,22,10.0,20,3,12,2
CUST_03075,24.0,Hyderabad,4.4,10,6818.63,681.86,2.27,17,0.745,3,1,36.0,13,19.0,14,5,13,3
CUST_03076,36.0,Delhi,3.2,10,26063.58,2606.36,3.12,160,0.81,2,4,14.0,5,2.0,3,0,3,5
CUST_03077,42.0,Other,4.8,7,15494.52,2213.5,1.46,113,0.517,0,5,6.0,7,4.0,0,2,1,2
CUST_03078,28.0,Jaipur,6.8,19,61210.61,3221.61,2.79,15,0.077,1,3,60.0,17,17.0,8,3,6,5
CUST_03079,45.0,Bengaluru,7.1,15,49071.0,3271.4,2.11,21,0.25,0,2,52.0,25,12.0,11,2,11,1
CUST_03080,38.0,Mumbai,1.9,12,25631.53,2135.96,6.32,169,0.5,1,2,11.0,3,7.0,3,1,1,1
CUST_03081,18.0,Other,2.2,6,10053.85,1675.64,2.73,80,0.492,0,1,22.0,1,6.0,1,9,1,3
CUST_03082,37.0,Mumbai,0.3,12,19738.64,1644.89,40.0,99,0.792,1,2,17.0,1,2.0,4,5,3,3
CUST_03083,30.0,Pune,1.6,24,28444.7,1185.2,15.0,15,0.122,4,2,62.0,33,9.0,16,2,15,1
CUST_03084,39.0,Mumbai,2.7,13,9458.86,727.6,4.81,24,0.862,1,4,51.0,18,30.0,12,10,13,2
CUST_03085,43.0,Mumbai,6.4,5,6705.95,1341.19,0.78,26,0.17,0,5,17.0,11,11.0,10,6,4,2
CUST_03086,36.0,Ahmedabad,2.6,3,4644.06,1548.02,1.15,118,0.265,0,3,13.0,13,7.0,8,10,0,3
CUST_03087,51.0,Hyderabad,5.2,20,27227.09,1361.35,3.85,26,0.311,4,2,63.0,24,8.0,25,3,4,2
CUST_03088,32.0,Other,1.8,24,79613.92,3317.25,13.33,5,0.03,0,2,55.0,34,15.0,18,0,7,2
CUST_03089,40.0,Pune,1.2,9,13582.69,1509.19,7.5,23,0.738,1,4,48.0,16,14.0,12,6,11,1
CUST_03090,42.0,Bengaluru,2.9,25,30533.85,1221.35,8.62,14,0.271,4,1,65.0,43,10.0,9,7,16,4
CUST_03091,33.0,Other,3.5,11,9588.59,871.69,3.14,65,0.686,1,7,39.0,21,17.0,12,8,12,1
CUST_03092,42.0,Ahmedabad,1.6,11,16047.42,1458.86,6.88,145,0.574,2,4,8.0,7,6.0,0,2,1,1
CUST_03093,28.0,Kolkata,1.0,22,39920.63,1814.57,22.0,14,0.231,1,7,62.0,36,12.0,23,8,10,5
CUST_03094,30.0,Pune,2.0,1,945.77,945.77,0.5,6,0.056,3,4,20.0,5,3.0,4,10,1,2
CUST_03095,21.0,Kolkata,4.3,17,40148.7,2361.69,3.95,17,0.447,2,4,56.0,32,22.0,10,4,5,5
CUST_03096,36.0,Delhi,2.9,5,9676.61,1935.32,1.72,121,0.421,1,3,10.0,9,10.0,2,3,3,4
CUST_03097,37.0,Hyderabad,1.4,3,7341.68,2447.23,2.14,125,0.67,2,4,11.0,7,6.0,2,1,1,7
CUST_03098,46.0,Hyderabad,1.5,26,66152.68,2544.33,17.33,40,0.441,2,4,44.0,19,10.0,17,2,11,0
CUST_03099,42.0,Hyderabad,4.7,16,31506.92,1969.18,3.4,7,0.225,1,4,55.0,19,21.0,13,3,7,3
CUST_03100,31.0,Kolkata,2.5,26,52841.13,2032.35,10.4,5,0.457,5,4,51.0,33,9.0,14,11,6,0
CUST_03101,22.0,Chennai,0.8,19,64213.43,3379.65,23.75,24,0.027,0,6,45.0,33,15.0,15,1,9,2
CUST_03102,38.0,Mumbai,5.9,7,10458.29,1494.04,1.19,27,0.45,0,2,19.0,6,2.0,4,5,4,3
CUST_03103,45.0,Bengaluru,0.9,7,6503.81,929.12,7.78,332,0.647,2,3,9.0,2,3.0,4,3,2,1
CUST_03104,42.0,Chennai,5.4,29,46148.39,1591.32,5.37,6,0.327,2,4,86.0,28,24.0,21,4,12,5
CUST_03105,45.0,Delhi,1.9,30,45039.68,1501.32,15.79,11,0.284,3,5,75.0,35,15.0,16,7,8,4
CUST_03106,32.0,Delhi,1.3,19,25635.28,1349.23,14.62,8,0.186,0,4,73.0,25,14.0,20,1,11,2
CUST_03107,29.0,Mumbai,3.1,1,1542.84,1542.84,0.32,173,0.292,0,5,17.0,7,7.0,5,4,3,1
CUST_03108,27.0,Bengaluru,2.4,18,47917.14,2662.06,7.5,9,0.278,0,6,56.0,30,18.0,11,4,9,2
CUST_03109,33.0,Other,1.9,12,19713.34,1642.78,6.32,18,0.725,3,2,47.0,18,19.0,20,8,15,2
CUST_03110,33.0,Delhi,3.3,8,10186.4,1273.3,2.42,29,0.944,4,5,40.0,20,14.0,11,14,8,1
CUST_03111,36.0,Hyderabad,1.0,11,17698.11,1608.92,11.0,82,0.051,0,3,17.0,11,4.0,4,4,1,4
CUST_03112,33.0,Kolkata,3.0,23,60881.84,2647.04,7.67,20,0.302,2,4,63.0,30,19.0,16,5,7,1
CUST_03113,33.0,Mumbai,3.2,7,14969.58,2138.51,2.19,46,0.219,1,3,21.0,7,9.0,8,5,0,3
CUST_03114,26.0,Other,1.8,12,22977.85,1914.82,6.67,11,0.053,3,4,43.0,16,13.0,15,3,14,3
CUST_03115,43.0,Delhi,0.2,21,71963.95,3426.85,105.0,11,0.146,2,5,60.0,22,16.0,9,4,10,2
CUST_03116,35.0,Jaipur,2.5,9,11324.5,1258.28,3.6,65,0.23,1,4,15.0,1,1.0,4,2,3,1
CUST_03117,32.0,Mumbai,2.4,5,6446.54,1289.31,2.08,45,0.357,0,5,20.0,5,5.0,4,7,2,2
CUST_03118,27.0,Mumbai,2.2,16,36171.62,2260.73,7.27,2,0.054,1,1,67.0,30,12.0,13,4,12,4
CUST_03119,21.0,Delhi,0.6,23,40398.77,1756.47,38.33,7,0.24,2,3,61.0,32,15.0,16,6,10,3
CUST_03120,,Delhi,3.0,22,27852.45,1266.02,7.33,20,0.151,1,5,77.0,32,16.0,6,4,7,3
CUST_03121,40.0,Ahmedabad,5.0,24,43238.8,1801.62,4.8,3,0.472,4,5,55.0,41,12.0,14,1,8,2
CUST_03122,18.0,Mumbai,2.3,27,70938.43,,11.74,1,0.514,2,3,69.0,34,7.0,16,5,10,5
CUST_03123,42.0,Chennai,1.0,16,38443.26,2402.7,16.0,19,0.291,1,4,65.0,25,23.0,10,1,5,1
CUST_03124,43.0,Mumbai,3.8,14,12349.06,882.08,3.68,64,0.927,4,6,44.0,10,,13,8,11,5
CUST_03125,35.0,Ahmedabad,6.9,10,21106.31,2110.63,1.45,78,0.232,2,4,17.0,10,3.0,10,4,2,3
CUST_03126,50.0,Kolkata,1.4,17,19346.5,1138.03,12.14,15,0.781,4,3,44.0,20,23.0,9,8,9,0
CUST_03127,36.0,Bengaluru,1.4,1,1682.12,1682.12,0.71,63,0.639,1,4,20.0,7,3.0,6,5,3,5
CUST_03128,20.0,Pune,6.0,14,29073.9,2076.71,2.33,6,0.135,0,4,68.0,24,6.0,11,2,11,2
CUST_03129,38.0,Chennai,2.5,13,26573.83,2044.14,5.2,91,0.712,4,2,10.0,3,4.0,1,2,0,3
CUST_03130,36.0,Mumbai,0.6,10,12654.19,1265.42,16.67,96,0.558,1,6,19.0,6,13.0,4,8,4,4
CUST_03131,28.0,Pune,8.3,3,5127.49,1709.16,0.36,113,0.164,0,5,19.0,4,5.0,3,7,3,2
CUST_03132,40.0,Hyderabad,0.2,4,8080.18,2020.04,20.0,39,0.356,1,2,13.0,9,4.0,4,7,3,2
CUST_03133,18.0,Other,0.5,10,19477.94,1947.79,20.0,208,0.611,2,2,14.0,5,0.0,4,2,3,2
CUST_03134,44.0,Jaipur,1.1,6,3730.43,621.74,5.45,10,0.983,3,4,52.0,26,15.0,17,6,15,1
CUST_03135,25.0,Hyderabad,4.4,31,44737.68,1443.15,7.05,5,0.263,2,3,61.0,26,13.0,18,2,14,0
CUST_03136,24.0,Hyderabad,4.7,13,10803.02,831.0,2.77,23,0.926,4,3,42.0,19,15.0,10,11,12,1
CUST_03137,33.0,Other,0.9,3,3520.22,1173.41,3.33,97,0.433,1,3,20.0,9,8.0,2,8,8,1
CUST_03138,38.0,Hyderabad,1.4,8,10402.43,1300.3,5.71,37,0.277,1,2,14.0,5,5.0,4,3,3,2
CUST_03139,36.0,Bengaluru,3.4,8,9625.86,1203.23,2.35,36,0.872,3,4,49.0,17,28.0,6,8,8,3
CUST_03140,27.0,Other,6.9,18,35937.35,1996.52,2.61,10,0.467,3,4,60.0,22,14.0,17,2,11,2
CUST_03141,29.0,Pune,0.2,30,47856.22,1595.21,150.0,10,0.255,1,4,56.0,31,13.0,21,6,12,4
CUST_03142,23.0,Mumbai,0.5,12,17474.95,1456.25,24.0,141,0.685,0,3,5.0,8,4.0,3,1,0,2
CUST_03143,32.0,Chennai,1.8,18,26239.24,1457.7355555555557,5.0,89,0.947,1,4,43.0,14,21.0,14,11,9,4
CUST_03144,45.0,Mumbai,0.7,12,8026.28,668.86,17.14,13,0.883,2,4,43.0,14,16.0,25,12,14,6
CUST_03145,34.0,Delhi,5.8,31,47164.58,1521.44,5.34,13,0.459,1,5,81.0,50,10.0,14,7,14,1
CUST_03146,43.0,Bengaluru,2.6,23,28198.32,1226.01,8.85,9,0.565,3,3,45.0,20,11.0,17,7,6,4
CUST_03147,49.0,Hyderabad,5.5,14,21628.83,1544.92,2.55,30,0.757,4,3,7.0,3,6.0,1,2,2,1
CUST_03148,28.0,Other,3.4,4,6230.27,1557.57,1.18,91,0.551,2,1,18.0,8,5.0,8,3,2,3
CUST_03149,32.0,Pune,4.3,3,6898.17,2299.39,0.7,35,0.357,1,4,20.0,8,3.0,8,4,3,4
CUST_03150,56.0,Delhi,1.6,10,7939.18,793.92,6.25,23,0.74,2,3,41.0,21,24.0,10,9,12,3
CUST_03151,48.0,Mumbai,0.4,5,7523.89,1504.78,12.5,72,0.332,2,6,19.0,4,4.0,3,6,6,7
CUST_03152,18.0,Hyderabad,2.4,22,40970.12,1862.28,9.17,13,0.565,1,3,75.0,31,9.0,10,2,7,4
CUST_03153,38.0,Kolkata,5.0,2,5171.27,2585.63,0.4,48,0.356,0,2,19.0,12,6.0,3,8,3,3
CUST_03154,34.0,Bengaluru,8.1,24,44707.97,1862.83,2.96,7,0.15,4,4,74.0,32,10.0,15,6,11,3
CUST_03155,42.0,Pune,2.2,15,15179.84,1011.99,6.82,41,0.928,1,2,40.0,20,18.0,20,13,9,3
CUST_03156,27.0,Hyderabad,4.5,11,13942.73,1267.52,2.44,49,0.187,1,4,14.0,6,9.0,3,1,0,2
CUST_03157,26.0,Hyderabad,1.6,3,3518.29,1172.76,1.88,87,0.665,2,3,10.0,4,4.0,4,4,1,2
CUST_03158,27.0,Mumbai,2.0,16,44716.75,2794.8,8.0,26,0.305,0,2,52.0,28,19.0,13,2,11,2
CUST_03159,28.0,Delhi,2.6,3,4052.19,1350.73,1.15,77,0.221,3,6,12.0,10,1.0,2,1,5,3
CUST_03160,42.0,Bengaluru,7.2,21,30494.02,1452.1,2.92,3,0.231,1,1,77.0,32,14.0,13,4,6,2
CUST_03161,22.0,Other,4.4,10,17209.78,1720.98,2.27,8,0.952,4,4,40.0,18,20.0,20,7,9,3
CUST_03162,28.0,Ahmedabad,3.9,13,29272.42,2251.72,3.33,7,0.241,1,2,60.0,39,12.0,14,3,11,0
CUST_03163,18.0,Kolkata,7.0,20,48762.66,2438.13,2.86,14,0.22,2,5,66.0,28,13.0,12,5,6,4
CUST_03164,44.0,Jaipur,1.4,13,16611.49,1277.81,9.29,19,0.963,3,5,36.0,24,13.0,13,11,15,1
CUST_03165,47.0,Kolkata,2.2,16,29400.03,1837.5,7.27,4,0.076,2,2,54.0,23,10.0,14,2,10,4
CUST_03166,31.0,Other,4.0,12,13206.22,1100.52,3.0,11,0.888,1,1,41.0,25,14.0,16,5,7,2
CUST_03167,31.0,Mumbai,1.8,8,9275.5,1159.44,4.44,149,0.528,1,5,5.0,6,4.0,2,4,2,7
CUST_03168,39.0,Bengaluru,2.1,11,34050.26,3095.48,5.24,22,0.18,0,7,57.0,22,22.0,8,5,8,6
CUST_03169,49.0,Kolkata,3.2,1,1707.27,1707.27,0.31,93,0.248,0,4,14.0,7,6.0,1,4,4,3
CUST_03170,38.0,Hyderabad,2.6,18,39041.83,2168.99,6.92,23,0.198,3,2,83.0,25,16.0,15,6,15,2
CUST_03171,27.0,Mumbai,1.1,7,12660.94,1808.71,6.36,69,0.558,1,1,18.0,2,6.0,6,6,0,3
CUST_03172,18.0,Delhi,1.6,31,49774.04,1605.61,19.38,7,0.52,1,3,59.0,31,14.0,13,5,9,2
CUST_03173,23.0,Delhi,1.1,20,57031.52,2851.58,18.18,26,0.175,2,4,57.0,29,19.0,16,3,10,0
CUST_03174,35.0,Pune,4.5,13,45420.92,,2.89,11,0.135,2,5,68.0,25,15.0,13,4,3,5
CUST_03175,27.0,Delhi,1.5,21,50686.58,2413.65,14.0,7,0.074,2,2,44.0,23,13.0,7,3,6,2
CUST_03176,36.0,Bengaluru,4.0,18,47160.43,2620.02,4.5,21,0.342,1,3,63.0,24,19.0,15,4,12,3
CUST_03177,28.0,Jaipur,3.0,5,10772.91,2154.58,1.67,38,0.471,0,3,22.0,8,5.0,8,8,1,2
CUST_03178,23.0,Kolkata,2.7,9,17669.1,1963.23,3.33,218,0.272,5,3,9.0,3,1.0,2,3,2,1
CUST_03179,22.0,Ahmedabad,0.9,5,7526.65,1505.33,5.56,91,0.682,0,4,19.0,5,8.0,7,8,6,4
CUST_03180,50.0,Jaipur,3.0,2,1839.81,919.9,0.67,66,0.194,0,6,12.0,5,3.0,7,7,1,4
CUST_03181,43.0,Bengaluru,3.7,22,59527.29,2705.79,5.95,12,0.258,3,2,50.0,22,12.0,9,4,9,0
CUST_03182,51.0,Delhi,4.5,22,45098.69,2049.94,4.89,6,0.286,3,3,61.0,35,16.0,9,4,7,3
CUST_03183,39.0,Mumbai,1.1,17,33927.74,1995.75,15.45,11,0.366,3,4,72.0,35,20.0,10,4,8,4
CUST_03184,30.0,Other,2.3,29,59589.21,2054.8,12.61,34,0.266,0,8,58.0,25,15.0,8,2,13,5
CUST_03185,47.0,Mumbai,5.3,11,10058.25,914.39,2.08,23,0.746,3,5,44.0,20,23.0,12,14,10,2
CUST_03186,34.0,Kolkata,4.9,16,16633.71,1039.61,3.27,16,0.706,2,5,51.0,13,24.0,9,5,15,1
CUST_03187,36.0,Delhi,2.6,25,52687.93,2107.52,9.62,25,0.371,0,4,65.0,26,13.0,9,2,11,4
CUST_03188,34.0,Other,0.9,26,52759.62,2029.22,28.89,8,0.242,1,3,69.0,21,14.0,10,2,9,0
CUST_03189,18.0,Bengaluru,4.6,3,5197.34,1732.45,0.65,36,0.389,1,3,14.0,11,5.0,7,4,4,4
CUST_03190,50.0,Ahmedabad,2.7,5,11762.56,2352.51,1.85,31,0.424,0,3,19.0,7,11.0,5,8,3,2
CUST_03191,39.0,Delhi,1.3,23,46174.92,2007.61,17.69,7,0.12,1,2,48.0,40,9.0,22,3,7,3
CUST_03192,37.0,Delhi,2.3,6,7117.58,1186.26,2.61,279,0.608,0,5,8.0,2,4.0,2,0,1,3
CUST_03193,33.0,Hyderabad,0.9,10,19230.07,1923.01,11.11,152,0.618,2,4,10.0,4,2.0,2,1,0,3
CUST_03194,36.0,Other,4.6,20,52565.46,2628.27,4.35,10,0.298,3,4,48.0,34,5.0,18,3,11,2
CUST_03195,28.0,Bengaluru,0.6,24,40076.52,1669.85,40.0,8,0.125,1,3,56.0,27,15.0,13,1,10,2
CUST_03196,40.0,Other,5.5,10,10929.19,1092.92,1.82,8,0.887,3,4,42.0,14,27.0,20,15,12,2
CUST_03197,21.0,Ahmedabad,3.3,6,10746.09,1791.02,1.82,287,0.474,1,1,11.0,4,2.0,4,0,2,3
CUST_03198,36.0,Ahmedabad,1.0,6,9710.03,1618.34,6.0,132,0.661,1,1,8.0,3,3.0,1,1,2,2
CUST_03199,40.0,Bengaluru,2.2,20,53395.43,2669.77,9.09,5,0.163,0,3,61.0,24,11.0,9,2,7,3
CUST_03200,32.0,Delhi,2.0,21,36544.49,1740.21,10.5,6,0.09,3,4,60.0,33,8.0,11,2,15,4
CUST_03201,38.0,Pune,1.4,13,22703.83,1746.45,9.29,34,0.995,1,2,32.0,28,18.0,13,4,14,2
CUST_03202,24.0,Other,3.1,13,7924.91,609.61,4.19,63,0.858,3,3,,14,18.0,13,6,13,2
CUST_03203,24.0,Other,7.0,20,54511.48,2725.57,2.86,9,0.092,0,4,58.0,26,13.0,14,2,12,1
CUST_03204,36.0,Kolkata,1.5,13,15078.88,1159.91,8.67,205,0.629,1,3,13.0,3,4.0,1,2,3,3
CUST_03205,41.0,Delhi,2.9,5,10062.93,2012.59,1.72,85,0.461,0,3,18.0,2,2.0,5,3,2,0
CUST_03206,18.0,Pune,2.8,2,4146.8,2073.4,0.71,29,0.418,1,4,14.0,10,7.0,5,8,7,2
CUST_03207,39.0,Other,3.1,4,10284.37,2571.09,1.29,61,0.42,2,3,12.0,4,3.0,1,0,5,6
CUST_03208,29.0,Mumbai,0.3,7,15926.46,2275.21,23.33,72,0.104,0,3,18.0,5,9.0,4,5,6,4
CUST_03209,32.0,Ahmedabad,5.8,27,47050.71,1742.62,4.66,10,0.224,1,1,66.0,27,6.0,19,6,6,2
CUST_03210,21.0,Delhi,10.0,16,10693.03,668.31,1.6,100,0.772,2,2,50.0,18,19.0,10,13,12,1
CUST_03211,25.0,Bengaluru,2.7,16,39032.81,2439.55,5.93,4,0.049,1,5,60.0,28,16.0,14,3,7,5
CUST_03212,44.0,Ahmedabad,4.4,7,10600.61,1514.37,1.59,138,0.438,0,1,20.0,8,7.0,2,6,3,4
CUST_03213,34.0,Mumbai,3.6,22,37374.77,1698.85,6.11,10,0.276,0,5,40.0,26,22.0,12,3,10,6
CUST_03214,30.0,Delhi,1.1,4,4741.24,1185.31,3.64,86,0.281,1,2,17.0,4,8.0,3,5,2,2
CUST_03215,33.0,Other,2.6,29,41794.64,1441.19,11.15,6,0.478,4,5,56.0,36,8.0,18,3,11,3
CUST_03216,39.0,Chennai,1.6,17,46648.01,2744.0,10.62,20,0.106,0,2,51.0,27,18.0,13,3,8,2
CUST_03217,38.0,Kolkata,2.4,21,60638.49,2887.55,8.75,22,0.079,2,2,62.0,18,16.0,11,2,7,5
CUST_03218,33.0,Kolkata,2.8,21,51067.71,2431.8,7.5,6,0.067,0,3,62.0,31,11.0,13,1,9,3
CUST_03219,45.0,Mumbai,3.0,4,7042.85,1760.71,1.33,62,0.613,1,3,18.0,2,6.0,4,4,2,3
CUST_03220,44.0,Pune,1.5,3,4196.51,1398.84,2.0,121,0.482,0,5,17.0,9,9.0,3,7,7,2
CUST_03221,38.0,Bengaluru,3.0,14,13166.32,940.45,4.67,9,0.926,1,5,43.0,24,22.0,9,6,17,2
CUST_03222,35.0,Delhi,2.4,15,57646.35,3843.09,6.25,3,0.092,2,5,50.0,21,19.0,9,1,5,3
CUST_03223,41.0,Bengaluru,5.5,18,42505.57,2361.42,3.27,16,0.339,3,2,45.0,34,12.0,14,2,7,1
CUST_03224,37.0,Ahmedabad,4.3,19,43458.13,2287.27,4.42,6,0.139,1,6,39.0,20,13.0,11,2,9,1
CUST_03225,45.0,Mumbai,4.8,12,33862.64,2821.89,2.5,15,0.064,1,5,50.0,27,11.0,8,2,4,8
CUST_03226,43.0,Chennai,5.1,12,25495.36,2124.61,2.35,85,0.826,0,1,12.0,1,3.0,1,2,1,1
CUST_03227,24.0,Mumbai,1.3,19,35316.03,1858.74,14.62,9,0.21,4,5,63.0,33,8.0,13,3,15,2
CUST_03228,23.0,Mumbai,4.1,26,46668.2,1794.93,6.34,15,0.231,1,1,74.0,32,10.0,17,4,10,1
CUST_03229,27.0,Delhi,1.2,11,29892.6,2717.51,9.17,4,0.259,0,5,57.0,25,14.0,17,1,10,2
CUST_03230,44.0,Ahmedabad,6.5,39,82697.73,2120.45,6.0,6,0.557,0,4,60.0,52,6.0,19,6,8,0
CUST_03231,18.0,Mumbai,4.1,13,19742.04,1518.62,3.17,6,0.87,2,5,45.0,20,16.0,17,9,13,1
CUST_03232,38.0,Hyderabad,1.2,14,16219.77,1158.56,11.67,48,0.703,3,3,49.0,16,20.0,20,9,12,3
CUST_03233,38.0,Chennai,3.0,20,30498.61,1524.93,6.67,11,0.302,3,2,56.0,36,11.0,10,7,6,4
CUST_03234,46.0,Pune,1.4,16,29008.26,1813.02,11.43,12,0.203,1,3,48.0,28,14.0,17,5,10,1
CUST_03235,36.0,Bengaluru,1.9,25,30543.06,1221.72,13.16,8,0.329,1,2,73.0,27,8.0,14,9,13,2
CUST_03236,21.0,Other,3.4,24,53934.05,2247.25,7.06,5,0.181,1,1,63.0,36,10.0,18,3,7,3
CUST_03237,24.0,Bengaluru,1.7,29,52021.64,1793.85,17.06,19,0.455,5,1,62.0,32,8.0,19,5,9,2
CUST_03238,22.0,Mumbai,2.2,6,12293.16,2048.86,2.73,52,0.699,2,6,11.0,6,2.0,3,2,2,5
CUST_03239,29.0,Hyderabad,5.1,5,7141.67,1428.33,0.98,13,0.751,5,3,42.0,18,17.0,16,6,9,1
CUST_03240,32.0,Hyderabad,2.4,15,15657.48,1043.83,6.25,17,0.8,1,3,41.0,17,26.0,16,6,11,3
CUST_03241,22.0,Mumbai,1.3,25,38846.26,1553.85,19.23,3,0.176,2,1,69.0,33,16.0,23,4,9,1
CUST_03242,49.0,Mumbai,0.5,28,70279.09,2509.97,56.0,18,0.458,2,4,60.0,37,11.0,13,3,6,1
CUST_03243,21.0,Mumbai,4.3,14,16454.8,1175.34,3.26,78,0.962,6,1,51.0,15,20.0,13,14,13,1
CUST_03244,47.0,Mumbai,4.2,6,4806.42,801.07,1.43,166,0.548,2,5,17.0,7,3.0,6,6,7,4
CUST_03245,46.0,Pune,3.1,4,7399.22,1849.8,1.29,72,0.636,1,1,21.0,5,8.0,6,2,5,3
CUST_03246,43.0,Bengaluru,10.0,11,32981.92,2998.36,1.1,10,0.058,0,3,50.0,25,19.0,7,2,15,3
CUST_03247,27.0,Delhi,2.2,13,17248.61,1326.82,5.91,20,0.876,3,4,45.0,26,19.0,13,9,9,1
CUST_03248,,Jaipur,5.5,25,58895.19,2355.81,4.55,15,0.113,0,1,68.0,30,8.0,15,4,15,4
CUST_03249,21.0,Hyderabad,1.6,12,11357.87,946.49,7.5,106,0.673,2,1,6.0,5,6.0,2,0,3,0
CUST_03250,43.0,Jaipur,4.5,5,10958.39,2191.68,1.11,70,0.111,0,4,22.0,4,9.0,10,3,4,3
CUST_03251,33.0,Bengaluru,1.1,16,15921.19,995.07,14.55,4,0.861,4,6,40.0,19,23.0,11,9,12,2
CUST_03252,30.0,Mumbai,4.4,28,66411.02,2371.82,6.36,15,0.1,0,6,63.0,20,15.0,19,2,15,1
CUST_03253,22.0,Bengaluru,2.2,10,11123.34,1112.33,4.55,21,0.837,3,3,50.0,23,21.0,11,10,7,3
CUST_03254,18.0,Ahmedabad,3.8,12,38630.83,3219.24,3.16,6,0.114,2,5,,33,13.0,17,5,7,3
CUST_03255,24.0,Pune,3.1,24,53537.48,2230.73,7.74,24,0.43,2,2,61.0,30,14.0,18,7,16,2
CUST_03256,45.0,Mumbai,4.2,20,55997.65,2799.88,4.76,4,0.131,0,4,49.0,25,13.0,11,2,13,0
CUST_03257,30.0,Delhi,0.5,1,2287.74,2287.74,2.0,79,0.515,1,2,21.0,10,7.0,11,5,6,1
CUST_03258,32.0,Delhi,2.4,25,35200.52,1408.02,10.42,18,0.059,1,3,72.0,27,16.0,18,6,8,1
CUST_03259,41.0,Delhi,5.3,20,26773.94,1338.7,3.77,7,0.405,1,1,48.0,35,19.0,15,5,11,3
CUST_03260,52.0,Mumbai,5.8,9,13304.29,1478.25,1.55,182,0.41,0,4,6.0,4,3.0,1,2,1,1
CUST_03261,47.0,Pune,3.7,31,69164.96,2231.13,8.38,3,0.22,1,1,62.0,29,8.0,12,7,18,5
CUST_03262,24.0,Chennai,5.4,9,11545.77,1282.86,1.67,10,0.869,2,4,33.0,18,20.0,9,9,15,1
CUST_03263,18.0,Delhi,2.4,25,53955.24,2158.21,10.42,6,0.109,2,2,61.0,27,14.0,20,2,9,6
CUST_03264,58.0,Chennai,0.2,21,52132.1,2482.48,105.0,2,0.437,0,2,54.0,21,16.0,11,4,16,1
CUST_03265,57.0,Hyderabad,1.6,7,9204.39,1314.91,4.38,40,0.512,1,4,17.0,7,8.0,4,7,1,2
CUST_03266,36.0,Hyderabad,2.9,28,90648.71,3237.45,9.66,4,0.239,1,4,54.0,20,11.0,16,1,6,4
CUST_03267,21.0,Pune,3.2,18,33272.6,1848.48,5.62,7,0.837,2,1,,19,31.0,13,10,13,1
CUST_03268,44.0,Bengaluru,3.5,15,14099.44,939.96,4.29,17,0.641,1,4,45.0,26,20.0,13,7,10,3
CUST_03269,33.0,Mumbai,2.7,5,8150.58,1630.12,1.85,76,0.461,1,6,22.0,4,5.0,9,5,5,1
CUST_03270,33.0,Bengaluru,2.8,3,4026.06,1342.02,1.07,32,0.322,0,3,15.0,5,4.0,3,5,0,4
CUST_03271,43.0,Hyderabad,4.6,36,77057.86,2140.5,7.83,9,0.071,2,4,60.0,39,10.0,17,3,6,2
CUST_03272,37.0,Pune,1.4,20,46511.69,2325.58,14.29,15,0.057,0,3,52.0,34,15.0,11,3,6,4
CUST_03273,22.0,Pune,3.1,3,2177.88,725.96,0.97,22,0.191,0,4,15.0,8,9.0,7,6,1,2
CUST_03274,31.0,Pune,3.7,14,13296.69,949.76,3.78,11,0.817,2,6,49.0,22,16.0,13,12,13,1
CUST_03275,41.0,Mumbai,1.7,3,4901.95,1633.98,1.76,53,0.369,0,1,19.0,3,4.0,6,2,6,2
CUST_03276,39.0,Delhi,2.2,7,13094.78,1870.68,3.18,81,0.498,0,2,23.0,8,7.0,5,1,3,2
CUST_03277,37.0,Other,7.2,4,5018.37,1254.59,0.56,75,0.233,1,1,15.0,5,6.0,2,5,0,2
CUST_03278,43.0,Delhi,3.0,12,15691.49,1307.62,4.0,8,0.847,3,5,34.0,18,14.0,12,5,10,2
CUST_03279,30.0,Bengaluru,10.0,27,45783.89,1695.7,2.7,7,0.447,2,3,70.0,38,16.0,16,5,13,4
CUST_03280,36.0,Chennai,2.9,9,13590.2,1510.02,3.1,78,0.353,1,1,23.0,8,9.0,5,8,3,0
CUST_03281,18.0,Chennai,4.7,4,3123.26,780.82,0.85,55,0.854,2,6,46.0,12,17.0,16,13,8,4
CUST_03282,30.0,Other,0.8,23,44442.01,1932.26,28.75,7,0.233,0,5,56.0,31,14.0,8,4,10,1
CUST_03283,42.0,Jaipur,0.5,5,11175.64,2235.13,10.0,106,0.411,2,4,2.0,3,3.0,1,1,2,3
CUST_03284,30.0,Ahmedabad,,6,12590.7,2098.45,5.0,161,0.246,4,5,13.0,7,4.0,1,1,3,4
CUST_03285,29.0,Other,5.1,7,10251.36,1464.48,1.37,100,0.477,2,3,51.0,21,22.0,21,7,15,2
CUST_03286,24.0,Pune,2.2,15,28778.28,1918.55,6.82,6,0.205,1,3,51.0,23,7.0,13,2,7,3
CUST_03287,44.0,Hyderabad,0.7,43,97874.4,2276.15,61.43,7,0.129,0,4,70.0,31,10.0,16,3,13,5
CUST_03288,39.0,Jaipur,2.8,1,1653.72,1653.72,0.36,43,0.498,0,3,20.0,4,2.0,9,11,4,0
CUST_03289,42.0,Hyderabad,4.8,15,30855.49,2057.03,3.12,221,0.873,4,4,4.0,0,5.0,1,2,2,0
CUST_03290,18.0,Other,1.4,26,56402.54,2169.33,18.57,14,0.235,2,3,53.0,28,12.0,14,5,11,5
CUST_03291,32.0,Mumbai,5.0,16,43541.53,2721.35,3.2,22,0.169,0,4,51.0,29,13.0,13,0,8,0
CUST_03292,31.0,Bengaluru,0.9,6,5955.17,992.53,6.67,59,0.288,4,2,8.0,3,3.0,5,0,1,1
CUST_03293,31.0,Other,4.7,36,83321.01,2314.47,7.66,31,0.232,1,1,59.0,28,11.0,15,5,7,1
CUST_03294,28.0,Delhi,5.6,12,13188.02,1099.0,2.14,41,0.916,0,2,47.0,23,14.0,14,6,19,2
CUST_03295,,Kolkata,1.6,10,22497.98,2249.8,6.25,144,0.474,3,3,9.0,3,1.0,3,2,4,0
CUST_03296,42.0,Mumbai,6.1,23,80734.39,3510.19,3.77,11,0.102,2,4,63.0,21,21.0,7,8,8,7
CUST_03297,18.0,Chennai,6.9,4,7412.16,1853.04,0.58,70,0.402,1,4,13.0,8,6.0,4,5,3,3
CUST_03298,52.0,Other,3.6,20,50574.0,2528.7,5.56,2,0.11,0,6,50.0,24,15.0,13,3,8,0
CUST_03299,39.0,Delhi,1.7,32,54195.98,1693.62,18.82,8,0.324,2,5,72.0,29,15.0,13,5,7,3
CUST_03300,34.0,Mumbai,10.0,4,4269.29,1067.32,0.4,90,0.544,1,4,14.0,4,6.0,5,3,3,1
CUST_03301,43.0,Mumbai,1.5,29,54923.96,1893.93,19.33,18,0.359,4,4,88.0,30,17.0,11,4,10,2
CUST_03302,19.0,Jaipur,7.5,11,11841.91,1076.54,1.47,95,0.392,2,3,11.0,2,0.0,3,4,1,2
CUST_03303,27.0,Kolkata,9.3,15,14793.13,986.21,1.61,47,0.752,2,5,42.0,17,22.0,9,10,7,3
CUST_03304,33.0,Mumbai,3.7,31,51612.52,1664.92,8.38,1,0.13,1,3,74.0,22,15.0,7,5,12,2
CUST_03305,48.0,Mumbai,1.1,25,59666.15,2386.65,22.73,21,0.196,2,4,67.0,27,13.0,22,4,10,3
CUST_03306,34.0,Ahmedabad,3.5,26,41730.51,1605.02,7.43,5,0.401,0,1,77.0,30,11.0,12,4,8,1
CUST_03307,39.0,Ahmedabad,10.0,22,29777.97,1353.54,2.2,16,0.387,0,3,77.0,32,10.0,18,5,12,2
CUST_03308,28.0,Mumbai,1.7,21,62579.02,2979.95,12.35,29,0.136,0,4,66.0,34,12.0,13,4,4,2
CUST_03309,39.0,Delhi,2.6,34,62257.58,1831.11,13.08,6,0.178,2,6,74.0,40,14.0,16,6,12,0
CUST_03310,51.0,Ahmedabad,0.4,8,9048.19,1131.02,20.0,9,0.622,0,4,39.0,18,27.0,10,8,8,4
CUST_03311,44.0,Bengaluru,2.6,5,7396.94,1479.39,1.92,44,0.465,0,3,18.0,6,9.0,6,2,1,2
CUST_03312,33.0,Other,4.3,5,6520.82,1304.16,1.16,17,0.39,0,1,18.0,7,5.0,5,6,2,0
CUST_03313,41.0,Bengaluru,1.3,4,6670.71,1667.68,3.08,22,0.421,1,4,21.0,3,3.0,4,5,3,1
CUST_03314,40.0,Chennai,7.3,21,57869.84,2755.71,2.88,3,0.414,0,6,53.0,27,15.0,7,1,8,3
CUST_03315,39.0,Bengaluru,,28,54986.9,1963.82,35.0,6,0.158,0,2,67.0,33,17.0,11,2,11,4
CUST_03316,45.0,Other,1.7,1,842.42,842.42,0.59,63,0.26,3,3,16.0,7,8.0,3,8,3,1
CUST_03317,45.0,Delhi,6.5,10,18445.82,1844.58,1.54,75,0.782,2,4,55.0,13,22.0,10,10,10,1
CUST_03318,33.0,Pune,2.5,28,67017.96,2393.5,11.2,43,0.26,0,3,59.0,25,12.0,9,6,8,2
CUST_03319,40.0,Delhi,8.4,4,6988.25,1747.06,0.48,63,0.426,0,7,19.0,10,11.0,4,6,6,2
CUST_03320,30.0,Jaipur,0.5,8,9444.24,1180.53,16.0,60,0.277,0,4,10.0,6,4.0,4,4,0,7
CUST_03321,25.0,Bengaluru,2.1,14,12046.62,860.47,6.67,17,0.673,4,1,49.0,9,18.0,11,8,7,1
CUST_03322,31.0,Delhi,3.5,19,33652.71,1771.2,5.43,19,0.331,0,2,39.0,27,13.0,12,7,3,3
CUST_03323,33.0,Hyderabad,10.0,5,7741.96,1548.39,0.5,85,0.473,3,4,25.0,5,6.0,6,5,3,2
CUST_03324,18.0,Mumbai,3.1,7,4207.7,601.1,2.26,20,0.788,4,4,42.0,17,19.0,16,11,15,3
CUST_03325,43.0,Mumbai,4.1,3,5500.26,1833.42,0.73,68,0.379,0,3,16.0,8,9.0,10,9,2,2
CUST_03326,18.0,Delhi,2.7,5,1250.0,250.0,1.85,92,0.566,0,2,15.0,4,6.0,5,6,3,2
CUST_03327,61.0,Hyderabad,2.5,6,5602.65,933.77,2.4,31,0.624,0,5,23.0,8,7.0,3,6,6,4
CUST_03328,49.0,Kolkata,1.7,16,23270.95,1454.43,9.41,11,0.722,3,5,37.0,14,15.0,13,7,12,0
CUST_03329,31.0,Ahmedabad,3.7,16,42931.46,2683.22,4.32,4,0.067,0,2,53.0,33,19.0,16,4,6,2
CUST_03330,34.0,Other,2.3,4,7226.05,1806.51,1.74,34,0.606,1,5,22.0,7,6.0,4,5,4,2
CUST_03331,37.0,Bengaluru,4.3,2,4381.63,2190.82,0.47,49,0.191,2,5,28.0,6,12.0,3,7,3,2
CUST_03332,28.0,Kolkata,3.0,4,4476.92,1119.23,1.33,139,0.15,0,5,12.0,8,8.0,4,6,2,0
CUST_03333,36.0,Mumbai,2.1,18,54039.85,3002.21,8.57,13,0.564,0,3,50.0,21,12.0,13,4,8,4
CUST_03334,33.0,Mumbai,7.4,14,39586.17,2827.58,1.89,43,0.033,0,3,48.0,29,14.0,23,2,13,2
CUST_03335,33.0,Mumbai,1.6,8,13012.5,1626.56,5.0,83,0.467,1,6,15.0,5,5.0,1,3,0,6
CUST_03336,36.0,Bengaluru,1.8,3,6054.54,2018.18,1.67,180,0.567,1,6,20.0,11,4.0,10,5,2,0
CUST_03337,21.0,Pune,0.3,6,10778.57,1796.43,20.0,133,0.484,3,3,4.0,2,1.0,2,2,3,1
CUST_03338,34.0,Delhi,2.3,3,7026.16,2342.05,1.3,20,0.34,0,5,12.0,6,7.0,6,1,2,1
CUST_03339,36.0,Chennai,7.0,13,13276.28,,1.86,35,0.847,2,5,48.0,27,23.0,16,11,11,1
CUST_03340,35.0,Delhi,7.1,2,1873.28,936.64,0.28,60,0.358,3,5,21.0,5,5.0,4,3,1,5
CUST_03341,32.0,Hyderabad,1.9,7,13648.92,1949.85,3.68,85,0.322,0,2,9.0,1,0.0,2,0,0,5
CUST_03342,45.0,Bengaluru,4.0,11,9465.99,860.54,2.75,15,0.72,3,5,40.0,10,25.0,17,12,16,2
CUST_03343,30.0,Mumbai,4.6,3,5355.63,1785.21,0.65,47,0.299,1,3,17.0,9,5.0,4,8,5,4
CUST_03344,36.0,Mumbai,0.8,22,53463.85,2430.18,27.5,11,0.077,1,4,65.0,20,19.0,8,6,10,3
CUST_03345,47.0,Pune,6.0,7,4835.01,690.72,1.17,43,0.793,2,4,31.0,14,22.0,18,11,12,1
CUST_03346,33.0,Mumbai,0.9,5,11930.2,2386.04,5.56,77,0.453,1,4,17.0,7,2.0,3,7,1,4
CUST_03347,36.0,Hyderabad,2.0,31,46833.41,1510.76,15.5,5,0.162,0,3,70.0,44,11.0,15,3,11,0
CUST_03348,33.0,Ahmedabad,1.1,32,38029.02,1188.41,29.09,34,0.302,0,4,74.0,28,13.0,12,1,10,1
CUST_03349,46.0,Delhi,3.5,20,24877.14,1243.86,5.71,11,0.58,1,4,64.0,35,11.0,10,3,7,2
CUST_03350,31.0,Delhi,1.4,17,35344.98,2079.12,12.14,11,0.427,6,2,58.0,32,14.0,12,9,8,2
CUST_03351,47.0,Ahmedabad,1.7,28,64317.74,2297.06,16.47,5,0.291,3,3,52.0,34,13.0,17,5,11,2
CUST_03352,33.0,Pune,5.2,24,44152.19,1839.67,4.62,11,0.385,2,4,69.0,31,14.0,14,5,9,1
CUST_03353,25.0,Mumbai,1.9,15,34308.32,2287.22,7.89,117,0.261,3,1,9.0,2,4.0,3,3,2,3
CUST_03354,41.0,Bengaluru,2.8,26,41294.59,1588.25,9.29,27,0.694,3,2,47.0,19,33.0,17,4,15,0
CUST_03355,31.0,Chennai,0.9,18,42041.11,2335.62,20.0,3,0.096,0,5,46.0,24,4.0,13,7,8,2
CUST_03356,40.0,Hyderabad,0.7,18,41095.91,2283.11,25.71,14,0.233,0,1,54.0,16,8.0,10,4,9,3
CUST_03357,18.0,Kolkata,3.2,9,5155.74,572.86,2.81,54,0.499,2,4,21.0,9,4.0,4,2,3,3
CUST_03358,34.0,Mumbai,1.8,21,40641.15,1935.29,11.67,3,0.346,0,2,47.0,24,10.0,16,7,11,2
CUST_03359,29.0,Bengaluru,8.2,1,1838.39,1838.39,0.12,108,0.331,0,2,,6,6.0,5,6,1,4
CUST_03360,23.0,Pune,10.0,4,3618.73,904.68,0.4,100,0.336,0,5,16.0,2,6.0,6,5,4,7
CUST_03361,28.0,Kolkata,1.0,5,8678.97,1735.79,5.0,101,0.162,1,2,12.0,4,5.0,4,5,5,3
CUST_03362,28.0,Jaipur,0.7,25,61570.44,2462.82,35.71,8,0.132,3,2,65.0,28,12.0,8,5,10,1
CUST_03363,34.0,Delhi,8.3,5,9025.45,1805.09,0.6,113,0.485,2,2,22.0,6,10.0,4,8,1,5
CUST_03364,20.0,Mumbai,3.8,21,33514.39,1595.92,5.53,4,0.393,1,4,61.0,23,13.0,17,3,12,0
CUST_03365,37.0,Pune,3.1,7,13148.08,1878.3,2.26,201,0.653,3,3,13.0,6,6.0,0,1,2,2
CUST_03366,48.0,Mumbai,0.8,6,7720.23,1286.7,7.5,114,0.484,0,3,23.0,6,7.0,5,1,0,2
CUST_03367,37.0,Delhi,10.0,26,53693.81,2065.15,2.6,9,0.226,1,3,80.0,42,16.0,13,2,6,5
CUST_03368,42.0,Hyderabad,1.4,20,33249.85,1662.49,14.29,2,0.484,2,3,58.0,28,10.0,11,5,13,3
CUST_03369,45.0,Other,4.8,16,36329.6,2270.6,3.33,7,0.291,0,6,56.0,24,14.0,12,4,13,4
CUST_03370,46.0,Delhi,4.6,5,4817.1,963.42,1.09,48,0.234,2,5,11.0,8,4.0,4,3,1,3
CUST_03371,53.0,Pune,0.6,35,74766.74,2136.19,58.33,13,0.11,1,2,70.0,21,11.0,13,3,5,3
CUST_03372,29.0,Mumbai,1.6,14,22859.15,1632.8,8.75,50,0.776,4,2,48.0,13,28.0,12,5,11,1
CUST_03373,27.0,Mumbai,0.8,35,53777.0,1536.49,43.75,7,0.318,1,3,65.0,44,13.0,16,2,10,2
CUST_03374,42.0,Pune,0.4,6,9349.41,1558.23,15.0,38,0.151,0,2,21.0,10,5.0,4,6,3,2
CUST_03375,41.0,Kolkata,2.3,8,10569.22,1321.15,3.48,96,0.314,2,2,15.0,8,5.0,4,0,2,6
CUST_03376,42.0,Mumbai,0.9,3,5881.59,1960.53,3.33,117,0.173,1,4,12.0,8,9.0,3,8,7,3
CUST_03377,53.0,Other,1.4,3,6067.79,2022.6,2.14,64,0.357,0,1,22.0,11,6.0,9,4,2,2
CUST_03378,34.0,Bengaluru,0.7,14,36715.13,2622.51,20.0,12,0.219,4,3,52.0,27,11.0,10,3,8,3
CUST_03379,38.0,Hyderabad,2.1,18,45390.05,2521.67,8.57,3,0.163,0,2,53.0,26,8.0,12,4,10,0
CUST_03380,24.0,Delhi,8.1,4,8227.04,2056.76,0.49,40,0.393,0,4,15.0,5,9.0,4,4,3,4
CUST_03381,55.0,Chennai,3.5,20,27475.97,1373.8,5.71,12,0.546,2,4,74.0,29,9.0,15,6,9,4
CUST_03382,31.0,Bengaluru,1.8,22,41665.94,1893.91,12.22,19,0.132,0,3,66.0,38,14.0,15,5,10,4
CUST_03383,31.0,Delhi,2.6,16,45646.24,2852.89,6.15,5,0.28,0,1,54.0,19,13.0,16,5,7,5
CUST_03384,31.0,Pune,3.3,21,41145.99,1959.33,6.36,8,0.068,2,4,60.0,30,7.0,18,2,12,4
CUST_03385,28.0,Other,3.3,11,23264.1,2114.92,3.33,10,0.145,3,3,65.0,26,17.0,10,5,9,2
CUST_03386,27.0,Delhi,2.2,9,18130.19,2014.47,4.09,98,0.207,3,2,13.0,2,2.0,5,1,3,5
CUST_03387,29.0,Bengaluru,1.5,35,62135.47,1775.3,23.33,25,0.1,1,3,62.0,33,7.0,17,4,8,1
CUST_03388,20.0,Delhi,4.7,7,6052.72,864.67,1.49,18,0.793,4,5,57.0,22,10.0,14,9,14,4
CUST_03389,26.0,Mumbai,1.1,17,43976.34,2586.84,15.45,10,0.07,0,3,55.0,30,10.0,9,4,9,3
CUST_03390,53.0,Pune,4.8,5,4198.1,839.62,1.04,93,0.399,3,4,16.0,5,3.0,9,6,0,3
CUST_03391,41.0,Pune,1.9,22,26524.62,1205.66,11.58,4,0.201,1,3,69.0,35,12.0,9,6,7,3
CUST_03392,43.0,Chennai,6.0,7,8711.05,1244.44,1.17,175,0.157,2,4,14.0,5,1.0,2,3,3,4
CUST_03393,46.0,Delhi,1.2,11,23462.51,2132.96,9.17,34,0.406,2,1,5.0,3,6.0,1,1,1,0
CUST_03394,52.0,Ahmedabad,1.2,25,37472.13,1498.89,20.83,15,0.335,0,4,63.0,34,6.0,10,5,11,3
CUST_03395,18.0,Chennai,2.8,8,14999.92,1874.99,2.86,197,0.504,0,3,6.0,0,2.0,1,3,2,4
CUST_03396,22.0,Pune,1.4,13,27991.06,2153.16,9.29,103,0.337,3,2,4.0,3,7.0,3,2,2,3
CUST_03397,26.0,Hyderabad,8.4,5,10310.91,2062.18,0.6,49,0.489,1,6,12.0,8,7.0,5,3,5,0
CUST_03398,29.0,Kolkata,1.6,3,5012.92,1670.97,1.88,20,0.553,2,4,21.0,7,7.0,10,4,2,6
CUST_03399,31.0,Chennai,1.3,24,34394.35,1433.1,18.46,14,0.315,1,2,64.0,39,12.0,21,4,8,4
CUST_03400,30.0,Hyderabad,3.7,6,6843.39,1140.56,1.62,22,0.891,2,3,36.0,20,22.0,7,11,6,0
CUST_03401,36.0,Kolkata,0.3,18,46484.94,2582.5,60.0,24,0.046,1,5,44.0,33,16.0,10,3,5,4
CUST_03402,34.0,Mumbai,8.7,17,39878.07,2345.77,1.95,40,0.076,1,4,38.0,20,18.0,3,6,14,4
CUST_03403,27.0,Kolkata,4.2,10,8605.7,860.57,2.38,80,0.703,2,2,15.0,7,4.0,1,2,1,0
CUST_03404,18.0,Pune,3.3,31,58373.68,1883.02,9.39,16,0.513,0,4,67.0,41,6.0,8,2,11,3
CUST_03405,24.0,Hyderabad,1.5,3,6404.27,2134.76,2.0,179,0.28,0,3,27.0,5,5.0,4,5,3,4
CUST_03406,29.0,Pune,2.5,4,5914.08,1478.52,1.6,11,0.258,1,4,23.0,9,6.0,4,2,4,3
CUST_03407,32.0,Ahmedabad,1.6,7,11845.11,1692.16,4.38,159,0.335,2,4,3.0,2,1.0,1,1,4,2
CUST_03408,23.0,Bengaluru,1.9,6,10363.97,1727.33,3.16,58,0.325,2,1,15.0,4,2.0,2,1,3,4
CUST_03409,29.0,Chennai,5.1,28,44159.53,1577.13,5.49,15,0.293,2,2,53.0,39,9.0,10,5,10,9
CUST_03410,23.0,Ahmedabad,3.5,13,35798.3,2753.72,3.71,3,0.105,2,4,47.0,34,11.0,17,2,18,4
CUST_03411,33.0,Jaipur,2.0,24,62762.06,2615.09,12.0,21,0.38,1,4,57.0,26,19.0,14,4,10,4
CUST_03412,23.0,Kolkata,0.6,23,49536.1,2153.74,38.33,7,0.077,0,6,58.0,32,9.0,9,2,4,2
CUST_03413,26.0,Mumbai,10.0,13,41551.91,3196.3,1.3,7,0.274,0,7,64.0,33,18.0,12,3,7,8
CUST_03414,21.0,Jaipur,1.1,24,47134.62,1963.94,21.82,5,0.438,0,3,50.0,37,7.0,17,3,12,3
CUST_03415,32.0,Hyderabad,5.1,1,2183.14,2183.14,0.2,49,0.321,0,1,17.0,10,10.0,6,10,5,1
CUST_03416,25.0,Hyderabad,1.6,15,23028.77,1535.25,9.38,21,0.708,0,7,46.0,20,18.0,7,11,11,3
CUST_03417,43.0,Other,3.1,31,67770.47,2186.14,10.0,3,0.443,0,6,70.0,26,7.0,15,6,6,0
CUST_03418,38.0,Pune,1.3,3,4268.31,1422.77,2.31,92,0.411,3,5,24.0,5,4.0,3,5,4,3
CUST_03419,33.0,Pune,1.5,28,46636.93,1665.6,18.67,22,0.416,1,5,68.0,29,19.0,13,4,9,2
CUST_03420,26.0,Bengaluru,1.4,25,70300.44,2812.02,17.86,10,0.052,2,1,57.0,27,14.0,18,0,7,3
CUST_03421,38.0,Kolkata,2.9,6,10734.86,1789.14,2.07,79,0.193,1,3,12.0,4,1.0,3,2,3,1
CUST_03422,41.0,Bengaluru,1.5,4,6530.44,1632.61,2.67,78,0.577,0,5,15.0,6,5.0,2,4,2,3
CUST_03423,35.0,Chennai,2.8,5,6408.57,1281.71,1.79,20,0.484,0,6,26.0,8,5.0,7,2,0,1
CUST_03424,50.0,Bengaluru,6.5,24,68934.46,2872.27,3.69,5,0.32,2,1,52.0,20,18.0,19,4,3,1
CUST_03425,39.0,Hyderabad,1.0,3,4978.15,1659.38,3.0,43,0.334,1,4,17.0,4,2.0,5,3,0,2
CUST_03426,43.0,Ahmedabad,1.0,6,5746.71,957.79,6.0,5,0.919,2,5,36.0,17,19.0,9,10,10,4
CUST_03427,35.0,Pune,7.5,10,11781.53,1178.15,1.33,21,0.701,2,1,34.0,21,17.0,14,9,14,3
CUST_03428,41.0,Chennai,4.3,3,3906.05,1302.02,0.7,24,0.648,1,5,22.0,8,7.0,6,10,4,7
CUST_03429,26.0,Ahmedabad,2.7,9,13258.23,1473.14,3.33,134,0.55,2,6,9.0,6,2.0,2,2,1,1
CUST_03430,29.0,Bengaluru,0.7,10,13983.0,1398.3,14.29,29,0.818,4,2,40.0,25,18.0,13,11,11,3
CUST_03431,37.0,Delhi,0.6,12,11517.99,959.83,20.0,14,0.867,6,6,53.0,17,18.0,11,10,16,3
CUST_03432,37.0,Mumbai,1.3,7,23728.56,3389.79,5.38,150,0.431,4,5,12.0,1,2.0,2,2,4,0
CUST_03433,39.0,Ahmedabad,3.0,8,5473.55,684.19,2.67,95,0.552,0,7,23.0,7,6.0,2,7,4,4
CUST_03434,45.0,Delhi,5.4,18,25487.13,1415.95,3.33,15,0.763,3,3,46.0,15,22.0,14,10,12,2
CUST_03435,20.0,Delhi,2.9,5,8153.39,1630.68,1.72,78,0.551,0,4,20.0,7,10.0,6,4,5,1
CUST_03436,24.0,Delhi,3.1,18,36462.66,2025.7,5.81,5,0.256,1,5,58.0,30,6.0,7,2,9,0
CUST_03437,36.0,Bengaluru,5.8,31,56271.42,1815.21,5.34,21,0.075,4,5,63.0,24,17.0,16,2,3,2
CUST_03438,27.0,Chennai,3.7,16,10942.02,683.88,4.32,26,0.649,4,3,44.0,18,15.0,5,10,12,2
CUST_03439,68.0,Kolkata,1.8,10,12778.82,1277.88,5.56,104,0.412,1,4,9.0,6,3.0,2,1,1,1
CUST_03440,39.0,Delhi,2.6,12,18565.83,1547.15,4.62,50,0.424,2,5,12.0,4,0.0,2,3,3,0
CUST_03441,33.0,Chennai,5.5,29,54232.36,1870.08,5.27,10,0.402,3,3,60.0,36,15.0,17,3,16,1
CUST_03442,29.0,Kolkata,3.3,18,17078.46,948.8,5.45,20,0.947,4,4,53.0,17,23.0,13,7,9,2
CUST_03443,29.0,Delhi,7.9,29,66673.94,2299.1,3.67,8,0.643,2,3,57.0,31,11.0,13,2,9,2
CUST_03444,34.0,Mumbai,1.5,12,12339.87,1028.32,8.0,249,0.328,1,4,11.0,0,3.0,1,1,0,0
CUST_03445,35.0,Jaipur,1.1,9,11821.66,1313.52,8.18,30,0.393,2,3,5.0,2,4.0,1,2,7,2
CUST_03446,29.0,Chennai,3.5,2,2370.85,1185.43,0.57,68,0.18,0,1,18.0,5,3.0,3,4,1,2
CUST_03447,31.0,Chennai,2.9,2,2418.27,1209.14,0.69,25,0.258,0,4,24.0,3,3.0,6,4,4,4
CUST_03448,47.0,Mumbai,1.0,3,5573.88,1857.96,3.0,73,0.506,3,2,18.0,2,3.0,4,7,2,4
CUST_03449,48.0,Ahmedabad,1.6,9,10590.0,1176.67,5.62,58,0.904,2,4,40.0,20,24.0,9,4,13,1
CUST_03450,37.0,Hyderabad,6.5,14,35897.75,2564.13,2.15,2,0.135,3,7,47.0,26,13.0,12,0,9,0
CUST_03451,21.0,Ahmedabad,3.8,11,11915.56,1083.23,2.89,86,0.808,1,3,25.0,19,28.0,14,10,16,4
CUST_03452,39.0,Other,1.7,1,1139.51,1139.51,0.59,91,0.377,0,4,18.0,9,4.0,5,2,1,3
CUST_03453,50.0,Other,1.2,3,4150.13,1383.38,2.5,107,0.519,0,3,23.0,4,3.0,8,7,4,1
CUST_03454,48.0,Jaipur,2.1,17,42173.49,2480.79,8.1,24,0.332,0,3,77.0,19,23.0,8,3,11,5
CUST_03455,41.0,Mumbai,5.3,8,10042.1,1255.26,1.51,101,0.303,1,2,14.0,5,4.0,3,1,1,4
CUST_03456,48.0,Jaipur,2.8,22,53584.04,2435.64,7.86,14,0.037,1,2,56.0,25,14.0,15,5,13,3
CUST_03457,35.0,Mumbai,2.5,13,13905.62,1069.66,5.2,26,0.989,0,2,34.0,14,23.0,9,7,11,5
CUST_03458,40.0,Jaipur,,7,14296.33,2042.33,1.3,78,0.386,0,1,14.0,5,4.0,5,5,2,5
CUST_03459,27.0,Delhi,1.0,8,12000.08,1500.01,8.0,156,0.8,1,3,17.0,10,8.0,6,3,3,4
CUST_03460,37.0,Hyderabad,1.4,2,2585.42,1292.71,1.43,57,0.486,0,3,17.0,8,5.0,3,5,3,2
CUST_03461,47.0,Mumbai,3.0,15,31221.61,2081.44,5.0,14,0.137,3,5,73.0,24,11.0,22,5,7,0
CUST_03462,28.0,Kolkata,2.5,16,35823.8,2238.99,6.4,14,0.394,0,4,61.0,26,13.0,16,5,12,2
CUST_03463,25.0,Mumbai,2.2,4,5625.79,1406.45,1.82,14,0.345,0,5,15.0,14,7.0,3,4,2,2
CUST_03464,35.0,Bengaluru,5.6,13,12713.39,977.95,2.32,27,0.588,5,6,49.0,21,25.0,10,10,12,3
CUST_03465,32.0,Ahmedabad,0.4,22,48041.81,2183.72,55.0,19,0.346,3,4,45.0,22,14.0,12,6,15,6
CUST_03466,40.0,Chennai,1.1,3,4619.89,1539.96,2.73,83,0.676,1,3,16.0,11,5.0,8,3,6,3
CUST_03467,29.0,Mumbai,1.1,12,12955.61,1079.63,10.91,10,0.842,3,3,39.0,19,14.0,16,8,3,4
CUST_03468,51.0,Delhi,4.1,5,8758.04,1751.61,1.22,62,0.576,0,3,20.0,6,6.0,3,3,2,4
CUST_03469,21.0,Mumbai,1.9,4,5632.46,1408.11,2.11,25,0.235,3,1,17.0,12,9.0,7,5,4,1
CUST_03470,47.0,Chennai,10.0,16,29367.93,1835.5,1.6,34,0.124,0,4,53.0,24,10.0,10,3,5,2
CUST_03471,26.0,Other,5.8,12,31757.09,2646.42,2.07,14,0.063,2,6,40.0,29,10.0,14,4,9,3
CUST_03472,18.0,Chennai,1.9,1,1250.72,1250.72,0.53,32,0.455,0,4,17.0,6,9.0,6,4,7,5
CUST_03473,36.0,Pune,4.0,10,5676.17,567.62,2.5,51,0.923,3,3,50.0,12,19.0,10,6,14,7
CUST_03474,31.0,Delhi,3.8,1,719.61,719.61,0.26,134,0.312,1,4,14.0,5,4.0,4,6,1,2
CUST_03475,23.0,Other,7.0,2,2811.44,1405.72,0.29,136,0.375,0,4,25.0,6,10.0,5,7,2,3
CUST_03476,18.0,Pune,2.2,2,2512.75,1256.37,0.91,82,0.308,0,6,14.0,6,8.0,4,3,4,2
CUST_03477,34.0,Hyderabad,1.7,9,18511.13,2056.79,5.29,143,0.297,4,2,9.0,2,3.0,1,0,3,1
CUST_03478,44.0,Delhi,3.7,14,17217.41,1229.81,3.78,26,0.944,2,5,43.0,17,27.0,11,7,8,4
CUST_03479,40.0,Kolkata,2.2,15,20215.11,1347.67,6.82,22,0.608,1,3,46.0,21,22.0,20,14,10,4
CUST_03480,35.0,Jaipur,4.3,18,32614.46,1811.91,4.19,12,0.309,2,6,55.0,33,10.0,19,3,8,3
CUST_03481,39.0,Delhi,6.4,18,53088.67,2949.37,2.81,20,0.313,2,4,47.0,19,16.0,4,1,4,4
CUST_03482,34.0,Chennai,1.3,12,18792.14,1566.01,9.23,26,0.91,0,1,24.0,18,16.0,11,5,11,3
CUST_03483,20.0,Hyderabad,1.6,23,33715.17,1465.88,14.38,8,0.397,1,3,64.0,35,15.0,12,5,12,3
CUST_03484,20.0,Pune,6.1,3,3874.02,1291.34,0.49,47,0.399,2,2,7.0,6,1.0,1,6,3,3
CUST_03485,32.0,Pune,2.7,8,12227.47,1528.43,2.96,37,0.88,4,5,44.0,19,19.0,12,5,12,2
CUST_03486,32.0,Hyderabad,2.8,10,13548.41,1354.84,3.57,18,0.607,2,3,59.0,25,26.0,10,9,9,0
CUST_03487,43.0,Mumbai,5.4,14,28190.88,2013.63,2.59,4,0.158,1,3,72.0,43,10.0,18,3,10,3
CUST_03488,42.0,Ahmedabad,2.5,18,35804.44,1989.14,7.2,38,0.142,0,6,67.0,21,16.0,16,1,13,4
CUST_03489,40.0,Mumbai,4.8,24,78273.24,3261.38,5.0,7,0.147,4,5,58.0,31,12.0,7,5,9,2
CUST_03490,31.0,Mumbai,1.4,29,41035.67,1415.02,20.71,18,0.379,3,5,71.0,28,15.0,20,2,14,2
CUST_03491,20.0,Delhi,2.0,11,19950.24,1813.66,5.5,7,0.213,2,2,54.0,22,19.0,14,2,10,2
CUST_03492,38.0,Mumbai,7.2,12,9770.86,814.24,1.67,34,0.723,4,4,38.0,19,19.0,13,3,18,0
CUST_03493,39.0,Bengaluru,2.7,7,14019.61,2002.8,2.59,250,0.57,1,6,8.0,5,4.0,3,2,2,0
CUST_03494,18.0,Delhi,1.3,7,10848.68,1549.81,5.38,65,0.73,1,4,11.0,8,5.0,3,0,6,6
CUST_03495,26.0,Kolkata,1.3,2,2424.18,1212.09,1.54,78,0.28,1,4,26.0,8,7.0,6,6,3,4
CUST_03496,27.0,Other,2.5,27,53003.56,1963.09,10.8,7,0.123,0,1,61.0,37,12.0,15,7,11,1
CUST_03497,35.0,Kolkata,4.9,7,14589.32,2084.19,1.43,30,0.519,5,1,3.0,1,6.0,1,1,0,3
CUST_03498,26.0,Mumbai,0.2,12,22740.71,1895.06,60.0,107,0.337,3,8,13.0,5,5.0,3,2,2,2
CUST_03499,34.0,Other,1.8,19,57516.54,3027.19,10.56,8,0.272,0,5,62.0,20,10.0,17,3,8,4
CUST_03500,32.0,Delhi,3.9,3,2107.04,702.35,0.77,15,0.379,1,4,15.0,7,3.0,6,5,3,3
CUST_03501,32.0,Bengaluru,3.2,28,44829.56,1601.06,8.75,10,0.173,2,5,58.0,35,11.0,14,2,8,3
CUST_03502,27.0,Bengaluru,3.6,8,13056.06,1632.01,2.22,152,0.437,3,4,19.0,13,10.0,4,8,4,0
CUST_03503,28.0,Delhi,1.5,8,13541.05,1692.63,5.33,121,0.666,1,5,7.0,3,5.0,1,2,2,1
CUST_03504,23.0,Jaipur,3.0,21,45722.04,2177.24,7.0,23,0.425,0,2,58.0,19,13.0,14,4,6,6
CUST_03505,38.0,Delhi,5.5,12,19041.78,1586.81,2.18,77,0.335,4,4,8.0,2,5.0,0,2,0,5
CUST_03506,40.0,Hyderabad,1.9,1,1931.8,1931.8,0.53,62,0.365,0,5,20.0,5,11.0,4,5,6,1
CUST_03507,26.0,Pune,2.8,7,11750.87,1678.7,2.5,254,0.586,3,2,16.0,3,2.0,0,3,2,3
CUST_03508,49.0,Ahmedabad,0.5,12,15693.71,1307.81,24.0,18,0.922,2,3,48.0,19,13.0,21,11,12,4
CUST_03509,31.0,Kolkata,3.8,5,7046.03,1409.21,1.32,89,0.382,0,2,21.0,5,5.0,5,7,2,2
CUST_03510,49.0,Delhi,1.5,21,65929.58,3139.5,14.0,48,0.125,0,5,48.0,22,18.0,10,4,9,1
CUST_03511,28.0,Chennai,0.9,26,35126.9,1351.03,28.89,23,0.177,0,4,64.0,30,15.0,16,2,9,2
CUST_03512,18.0,Chennai,1.8,17,50685.22,2981.48,9.44,9,0.203,1,4,51.0,22,11.0,14,0,8,2
CUST_03513,38.0,Hyderabad,3.9,9,17251.42,1916.82,2.31,110,0.302,1,6,5.0,7,2.0,0,2,2,3
CUST_03514,36.0,Hyderabad,1.6,3,5096.28,1698.76,1.88,36,0.271,0,1,15.0,10,3.0,5,6,2,3
CUST_03515,34.0,Hyderabad,1.1,8,11684.59,1460.57,7.27,171,0.489,4,5,9.0,3,6.0,4,0,4,3
CUST_03516,28.0,Mumbai,4.4,6,7807.39,1301.23,1.36,39,0.736,3,5,6.0,3,3.0,2,5,3,1
CUST_03517,34.0,Chennai,1.3,15,58873.14,3924.88,11.54,11,0.342,0,6,45.0,23,16.0,15,3,7,5
CUST_03518,29.0,Bengaluru,9.8,17,32901.02,1935.35,1.73,11,0.243,1,3,63.0,43,11.0,12,4,11,2
CUST_03519,31.0,Bengaluru,5.4,23,52632.05,2288.35,4.26,10,0.035,2,3,55.0,23,15.0,21,0,8,2
CUST_03520,42.0,Jaipur,7.2,32,44588.43,1393.39,4.44,30,0.284,1,2,58.0,27,11.0,17,8,13,3
CUST_03521,36.0,Mumbai,3.0,27,44822.9,1660.11,9.0,4,0.406,0,3,68.0,33,12.0,14,5,9,4
CUST_03522,40.0,Pune,1.5,13,13858.46,1066.04,8.67,58,0.682,2,4,63.0,15,19.0,14,7,19,2
CUST_03523,32.0,Mumbai,5.7,25,42012.61,1680.5,4.39,23,0.347,1,6,54.0,27,7.0,15,3,8,2
CUST_03524,31.0,Mumbai,1.0,19,28151.79,1481.67,19.0,17,0.091,1,2,43.0,23,15.0,7,3,11,2
CUST_03525,22.0,Pune,0.5,18,29781.84,1654.55,36.0,29,0.2,0,2,46.0,22,9.0,9,4,10,5
CUST_03526,,Other,3.6,15,37454.22,2496.95,4.17,37,0.274,1,4,60.0,23,10.0,14,5,12,4
CUST_03527,18.0,Pune,0.8,17,19727.9,1160.46,21.25,84,0.353,2,4,11.0,3,3.0,1,1,0,0
CUST_03528,28.0,Chennai,2.5,4,8865.66,2216.42,1.6,61,0.427,0,6,16.0,9,6.0,3,4,1,0
CUST_03529,33.0,Mumbai,2.4,11,19006.56,1727.87,4.58,88,0.527,2,4,12.0,3,2.0,2,3,4,3
CUST_03530,40.0,Hyderabad,4.8,35,66097.93,1888.51,7.29,19,0.234,2,7,61.0,31,11.0,10,4,10,2
CUST_03531,31.0,Other,0.9,27,69503.34,2574.2,30.0,1,0.357,1,3,82.0,25,12.0,21,5,13,3
CUST_03532,37.0,Delhi,0.7,4,6394.77,1598.69,5.71,12,0.676,1,1,21.0,5,4.0,2,3,2,5
CUST_03533,18.0,Ahmedabad,2.3,27,66494.74,2462.77,11.74,14,0.409,1,3,52.0,36,10.0,15,3,8,4
CUST_03534,33.0,Other,0.2,25,39089.65,1563.59,125.0,8,0.398,2,6,59.0,29,15.0,14,6,9,3
CUST_03535,18.0,Hyderabad,3.4,21,31200.49,1485.74,6.18,1,0.404,1,2,64.0,29,7.0,13,4,9,0
CUST_03536,22.0,Delhi,3.2,16,42914.8,2682.17,5.0,10,0.146,3,4,49.0,18,15.0,9,1,5,1
CUST_03537,32.0,Chennai,3.2,35,67286.9,1922.48,10.94,32,0.392,3,5,65.0,38,9.0,15,5,8,4
CUST_03538,47.0,Ahmedabad,2.2,20,37741.58,1887.08,9.09,5,0.305,3,6,68.0,25,24.0,13,3,13,3
CUST_03539,38.0,Mumbai,8.5,3,7002.9,2334.3,0.35,125,0.084,1,4,25.0,7,6.0,6,6,3,5
CUST_03540,34.0,Bengaluru,3.7,20,44825.12,2241.26,5.41,6,0.303,1,6,49.0,27,13.0,21,3,15,2
CUST_03541,34.0,Delhi,4.4,24,36567.85,1523.66,5.45,9,0.326,0,2,81.0,33,17.0,18,4,6,5
CUST_03542,27.0,Delhi,1.7,2,2454.84,1227.42,1.18,65,0.284,1,4,17.0,9,6.0,3,5,1,2
CUST_03543,29.0,Jaipur,2.3,18,50077.15,2782.06,7.83,13,0.056,0,4,51.0,24,17.0,9,2,8,2
CUST_03544,38.0,Bengaluru,1.3,31,32521.84,1049.09,23.85,4,0.043,2,3,71.0,27,14.0,19,8,8,4
CUST_03545,20.0,Delhi,3.0,12,25787.19,2148.93,4.0,157,0.395,4,4,7.0,0,1.0,1,1,3,0
CUST_03546,40.0,Hyderabad,1.3,12,36560.6,3046.72,9.23,10,0.12,1,4,56.0,26,15.0,14,3,4,2
CUST_03547,30.0,Pune,4.5,23,66516.5,2892.02,5.11,20,0.07,1,3,61.0,24,14.0,10,5,7,1
CUST_03548,42.0,Pune,2.6,6,6283.57,1047.26,2.31,26,0.834,2,5,37.0,16,16.0,7,12,14,3
CUST_03549,44.0,Bengaluru,0.2,24,37307.14,1554.46,120.0,1,0.231,2,1,73.0,31,15.0,13,3,5,1
CUST_03550,18.0,Delhi,1.2,11,11223.1,1020.28,9.17,45,0.775,3,4,59.0,10,27.0,11,5,9,4
CUST_03551,28.0,Delhi,6.8,3,5041.35,1680.45,0.44,167,0.56,2,5,16.0,7,3.0,3,10,1,3
CUST_03552,25.0,Mumbai,7.1,13,33542.39,2580.18,1.83,6,0.159,0,3,53.0,35,14.0,7,3,12,3
CUST_03553,18.0,Bengaluru,4.0,12,14595.23,1216.27,3.0,8,0.475,3,4,46.0,19,24.0,12,5,8,3
CUST_03554,24.0,Ahmedabad,2.3,10,8446.59,844.66,4.35,23,0.872,2,3,53.0,17,22.0,12,16,12,3
CUST_03555,58.0,Jaipur,6.2,21,45718.11,2177.05,3.39,5,0.269,1,4,51.0,18,20.0,9,2,6,2
CUST_03556,40.0,Pune,2.4,7,7197.41,1028.2,2.92,51,0.501,1,3,15.0,5,5.0,3,7,5,1
CUST_03557,53.0,Hyderabad,6.0,28,52966.31,1891.65,4.67,8,0.321,2,1,60.0,37,16.0,8,4,9,6
CUST_03558,42.0,Jaipur,2.9,8,9940.81,1242.6,2.76,8,0.934,4,5,44.0,16,27.0,14,14,17,4
CUST_03559,27.0,Delhi,2.1,25,75401.08,3016.04,11.9,13,0.098,2,3,64.0,21,18.0,10,3,10,1
CUST_03560,30.0,Other,4.5,11,10172.17,924.74,2.44,89,0.793,5,4,53.0,28,26.0,10,10,6,4
CUST_03561,40.0,Other,1.1,20,28951.99,1447.6,18.18,3,0.5,3,3,67.0,34,14.0,15,4,10,4
CUST_03562,38.0,Pune,1.3,6,10543.69,1757.28,4.62,180,0.333,0,6,14.0,3,4.0,8,4,4,2
CUST_03563,28.0,Pune,0.8,17,55945.66,3290.92,21.25,7,0.204,0,4,54.0,29,12.0,10,1,4,0
CUST_03564,19.0,Pune,3.7,26,48869.2,1879.58,7.03,2,0.239,3,1,71.0,31,17.0,17,7,7,0
CUST_03565,67.0,Pune,2.6,11,8407.26,764.3,4.23,26,0.585,3,3,34.0,17,16.0,13,7,5,5
CUST_03566,33.0,Other,10.0,2,2834.68,1417.34,0.2,36,0.334,0,1,12.0,6,4.0,4,4,2,2
CUST_03567,31.0,Other,3.8,13,18731.66,1440.9,3.42,49,0.905,1,3,60.0,17,18.0,14,5,9,3
CUST_03568,35.0,Mumbai,2.1,3,6829.87,2276.62,1.43,112,0.539,0,4,12.0,1,7.0,8,8,2,2
CUST_03569,32.0,Hyderabad,2.4,6,10163.8,1693.97,2.5,106,0.287,1,1,10.0,7,5.0,5,9,5,2
CUST_03570,35.0,Hyderabad,3.2,10,11706.88,1170.69,3.12,38,0.62,1,4,15.0,4,4.0,1,1,1,3
CUST_03571,47.0,Delhi,1.7,24,37542.16,1564.26,14.12,5,0.22,0,3,79.0,40,11.0,11,7,3,4
CUST_03572,33.0,Chennai,0.2,17,19129.11,1125.24,85.0,32,0.892,4,5,40.0,21,16.0,10,11,12,2
CUST_03573,22.0,Other,0.8,6,9240.85,1540.14,7.5,43,0.274,0,3,18.0,11,3.0,4,4,4,4
CUST_03574,32.0,Mumbai,1.9,12,26322.14,2193.51,6.32,94,0.398,0,5,7.0,6,3.0,1,3,1,3
CUST_03575,29.0,Mumbai,0.6,8,18912.51,2364.06,13.33,129,0.201,1,2,8.0,5,4.0,0,2,3,2
CUST_03576,48.0,Mumbai,2.7,18,35202.85,1955.71,6.67,15,0.174,3,2,60.0,24,10.0,18,3,7,0
CUST_03577,46.0,Delhi,5.3,18,41389.26,2299.4,3.4,38,0.041,1,5,53.0,32,14.0,11,3,12,2
CUST_03578,35.0,Delhi,1.3,7,9044.29,1292.04,5.38,31,0.858,2,1,45.0,22,18.0,13,8,10,5
CUST_03579,21.0,Bengaluru,1.9,3,5822.85,1940.95,1.58,69,0.478,0,3,22.0,8,5.0,6,5,5,3
CUST_03580,22.0,Bengaluru,2.4,10,8657.93,865.79,4.17,24,0.873,2,1,38.0,26,25.0,11,14,12,1
CUST_03581,34.0,Kolkata,2.1,14,12564.86,897.49,6.67,42,0.983,3,3,37.0,21,19.0,15,8,10,2
CUST_03582,37.0,Delhi,2.7,3,3119.79,1039.93,1.11,66,0.379,1,7,11.0,5,7.0,3,8,2,3
CUST_03583,30.0,Delhi,0.3,29,73473.63,2533.57,96.67,8,0.513,0,4,64.0,29,7.0,11,5,6,4
CUST_03584,29.0,Ahmedabad,5.7,16,30994.06,1937.13,2.81,179,0.737,3,2,8.0,7,4.0,1,0,6,3
CUST_03585,28.0,Ahmedabad,2.2,27,45468.13,1684.0,12.27,23,0.127,0,3,56.0,36,9.0,16,2,13,3
CUST_03586,34.0,Pune,1.2,24,50999.67,2124.99,20.0,10,0.239,0,6,68.0,34,18.0,16,5,9,2
CUST_03587,18.0,Delhi,3.3,8,13174.14,1646.77,2.42,42,0.766,1,2,48.0,12,19.0,13,8,10,2
CUST_03588,23.0,Ahmedabad,5.2,6,10668.52,1778.09,1.15,87,0.426,0,4,21.0,4,8.0,12,7,3,1
CUST_03589,28.0,Mumbai,1.1,20,40288.09,2014.4,18.18,16,0.4,2,5,42.0,32,14.0,14,4,8,3
CUST_03590,46.0,Delhi,3.4,11,34949.77,3177.25,3.24,7,0.148,0,1,50.0,25,19.0,7,1,7,2
CUST_03591,26.0,Bengaluru,6.4,6,8871.69,1478.62,0.94,220,0.406,4,3,8.0,3,2.0,2,5,3,1
CUST_03592,36.0,Pune,6.4,22,60736.06,2760.73,3.44,15,0.016,0,4,59.0,28,29.0,8,3,13,1
CUST_03593,36.0,Mumbai,4.6,9,8288.34,920.93,1.96,60,0.672,0,2,61.0,9,21.0,15,7,18,1
CUST_03594,47.0,Bengaluru,1.7,15,22324.7,1488.31,8.82,11,0.846,3,5,39.0,10,24.0,17,8,16,1
CUST_03595,47.0,Kolkata,1.1,11,11406.0,1036.91,10.0,13,0.86,5,3,41.0,22,22.0,15,9,10,3
CUST_03596,33.0,Ahmedabad,1.3,6,2424.7,404.12,4.62,57,0.466,3,4,20.0,4,6.0,5,3,5,3
CUST_03597,29.0,Other,6.3,17,36596.15,2152.71,2.7,5,0.405,3,2,70.0,25,8.0,19,6,9,2
CUST_03598,27.0,Mumbai,4.0,14,15913.03,1136.64,3.5,100,0.833,3,2,48.0,16,21.0,10,4,14,3
CUST_03599,32.0,Pune,4.7,48,64841.32,1350.8608333333334,5.11,13,0.349,2,4,61.0,29,12.0,14,4,4,2
CUST_03600,30.0,Kolkata,2.6,4,4535.17,1133.79,1.54,131,0.522,2,4,22.0,7,3.0,8,3,3,3
CUST_03601,40.0,Hyderabad,0.4,20,55016.05,2750.8,50.0,40,0.447,1,4,52.0,27,7.0,14,2,18,2
CUST_03602,38.0,Delhi,3.4,6,9906.29,1651.05,1.76,36,0.86,2,3,38.0,19,17.0,12,12,10,3
CUST_03603,40.0,Pune,1.2,16,55353.19,3459.57,13.33,4,0.234,1,2,51.0,29,14.0,8,3,11,0
CUST_03604,47.0,Delhi,5.4,29,44829.69,1545.85,5.37,11,0.365,2,5,70.0,35,8.0,15,5,9,3
CUST_03605,53.0,Bengaluru,1.3,21,39671.14,1889.1,16.15,8,0.321,0,5,59.0,29,14.0,11,3,13,1
CUST_03606,35.0,Mumbai,3.1,23,39175.88,1703.3,7.42,5,0.098,1,3,60.0,28,12.0,19,1,10,2
CUST_03607,45.0,Other,4.1,1,1134.62,1134.62,0.24,90,0.518,2,1,19.0,9,4.0,7,3,3,1
CUST_03608,30.0,Mumbai,10.0,29,59680.59,2057.95,2.9,5,0.146,2,5,54.0,44,9.0,19,2,7,1
CUST_03609,46.0,Other,2.5,6,12994.61,2165.77,2.4,68,0.645,1,3,14.0,3,1.0,2,0,5,1
CUST_03610,45.0,Ahmedabad,2.6,8,16555.16,2069.39,3.08,151,0.358,4,3,10.0,4,6.0,1,0,2,2
CUST_03611,44.0,Bengaluru,5.5,5,5304.91,1060.98,0.91,37,0.877,2,4,38.0,15,22.0,9,7,7,1
CUST_03612,35.0,Kolkata,2.3,18,44892.4,2494.02,7.83,2,0.158,0,5,51.0,25,15.0,16,2,10,2
CUST_03613,27.0,Chennai,1.9,18,19851.15,1102.84,9.47,6,0.247,5,6,67.0,31,8.0,13,5,6,4
CUST_03614,20.0,Pune,1.5,5,6846.22,1369.24,3.33,35,0.26,1,3,19.0,7,5.0,6,7,4,3
CUST_03615,34.0,Delhi,2.8,32,60956.26,1904.88,11.43,3,0.314,0,5,67.0,29,14.0,19,6,12,2
CUST_03616,49.0,Bengaluru,1.7,17,47410.37,2788.85,10.0,14,0.233,0,2,51.0,25,12.0,14,1,10,0
CUST_03617,31.0,Chennai,6.6,9,10320.9,1146.77,1.36,14,0.874,1,2,50.0,25,20.0,7,11,9,2
CUST_03618,42.0,Hyderabad,4.5,4,4273.57,1068.39,0.89,97,0.65,0,5,24.0,4,5.0,5,6,1,0
CUST_03619,42.0,Bengaluru,3.0,5,3689.65,737.93,1.67,17,0.183,0,5,19.0,7,5.0,8,9,3,5
CUST_03620,31.0,Bengaluru,2.8,21,75756.14,3607.44,7.5,16,0.252,0,4,53.0,22,10.0,12,3,8,6
CUST_03621,47.0,Bengaluru,1.5,6,7430.68,1238.45,4.0,101,0.5,0,1,23.0,2,7.0,8,8,1,2
CUST_03622,,Bengaluru,2.5,25,30710.62,1228.42,10.0,3,0.218,2,4,73.0,35,10.0,20,2,12,1
CUST_03623,22.0,Hyderabad,2.4,25,33110.79,1324.43,10.42,2,0.478,2,5,75.0,30,14.0,14,4,7,2
CUST_03624,25.0,Jaipur,8.7,13,28590.58,2199.28,1.49,225,0.384,3,4,7.0,3,2.0,0,1,2,4
CUST_03625,26.0,Chennai,2.2,29,45667.48,1574.74,13.18,12,0.209,1,4,66.0,29,17.0,17,4,7,2
CUST_03626,37.0,Kolkata,3.8,28,49495.2,1767.69,7.37,9,0.783,1,2,64.0,31,6.0,12,1,10,3
CUST_03627,37.0,Hyderabad,,17,43781.73,2575.4,4.25,29,0.294,1,3,45.0,28,16.0,14,2,12,4
CUST_03628,38.0,Chennai,1.2,9,14546.17,1616.24,7.5,145,0.613,3,4,6.0,4,1.0,2,2,0,2
CUST_03629,40.0,Hyderabad,2.2,3,4351.9,1450.63,1.36,38,0.291,2,2,10.0,6,5.0,3,6,1,2
CUST_03630,24.0,Mumbai,4.5,8,9960.21,1245.03,1.78,81,0.429,0,5,15.0,8,5.0,8,6,4,3
CUST_03631,22.0,Other,1.1,5,10934.02,2186.8,4.55,32,0.388,0,1,15.0,8,7.0,3,6,5,2
CUST_03632,38.0,Mumbai,10.0,17,40090.93,2358.29,1.7,11,0.144,4,5,45.0,19,15.0,16,2,7,3
CUST_03633,28.0,Delhi,2.9,14,6257.1,446.94,4.83,15,0.727,2,3,41.0,20,25.0,12,3,15,2
CUST_03634,18.0,Mumbai,1.7,31,70954.12,2288.84,18.24,16,0.244,0,5,100.0,31,8.0,10,2,11,1
CUST_03635,44.0,Mumbai,0.9,16,43333.7,2708.36,17.78,10,0.338,1,2,52.0,28,8.0,11,4,9,6
CUST_03636,48.0,Ahmedabad,7.4,5,6889.13,1377.83,0.68,35,0.926,1,6,44.0,14,30.0,18,13,7,2
CUST_03637,50.0,Bengaluru,2.3,11,11388.53,1035.32,4.78,63,0.349,2,4,6.0,7,1.0,2,1,1,2
CUST_03638,36.0,Ahmedabad,3.8,15,44481.91,2965.46,3.95,34,0.125,0,5,50.0,11,12.0,7,1,5,2
CUST_03639,40.0,Pune,1.0,14,25594.99,1828.21,14.0,2,0.137,1,2,75.0,20,16.0,16,4,8,4
CUST_03640,48.0,Pune,1.5,28,55626.65,1986.67,18.67,11,0.392,0,5,,31,16.0,18,5,10,1
CUST_03641,28.0,Pune,5.3,28,36976.72,1320.6,5.28,20,0.395,1,4,56.0,23,11.0,12,5,11,4
CUST_03642,45.0,Hyderabad,7.3,8,17384.83,2173.1,1.1,279,0.223,3,1,9.0,7,4.0,1,3,3,1
CUST_03643,37.0,Ahmedabad,1.3,12,14212.51,1184.38,9.23,18,0.851,3,4,44.0,16,28.0,9,14,11,2
CUST_03644,43.0,Bengaluru,3.7,10,8830.99,883.1,2.7,15,0.844,4,5,51.0,12,17.0,11,5,12,2
CUST_03645,36.0,Delhi,3.6,4,6203.86,1550.97,1.11,79,0.598,0,1,13.0,7,9.0,7,7,6,0
CUST_03646,47.0,Other,5.3,12,38354.43,3196.2,2.26,9,0.169,0,4,55.0,33,11.0,10,4,10,6
CUST_03647,36.0,Mumbai,3.9,8,15035.82,1879.48,2.05,26,0.746,5,3,49.0,15,19.0,16,10,12,1
CUST_03648,19.0,Bengaluru,4.4,23,35678.21,1551.23,5.23,9,0.444,1,1,57.0,34,9.0,17,1,12,1
CUST_03649,49.0,Delhi,0.4,13,11853.58,911.81,32.5,22,0.7,2,4,46.0,23,14.0,14,4,10,2
CUST_03650,25.0,Mumbai,3.6,11,29003.14,2636.65,3.06,164,0.414,2,3,,5,7.0,2,2,2,4
CUST_03651,47.0,Pune,0.9,6,6769.99,1128.33,6.67,38,0.408,0,3,21.0,8,7.0,7,4,0,3
CUST_03652,33.0,Mumbai,3.3,29,48750.29,1681.04,8.79,3,0.35,1,3,59.0,36,9.0,10,6,10,3
CUST_03653,,Jaipur,5.8,4,4387.67,1096.92,0.69,87,0.341,1,2,15.0,6,5.0,4,2,3,4
CUST_03654,45.0,Hyderabad,3.2,18,60037.06,3335.39,5.62,4,0.307,3,6,63.0,34,15.0,13,4,8,2
CUST_03655,38.0,Ahmedabad,4.4,16,26296.45,1643.53,3.64,5,0.154,0,1,53.0,39,21.0,16,1,5,3
CUST_03656,39.0,Bengaluru,5.1,32,53974.83,1686.71,6.27,5,0.13,2,1,57.0,28,15.0,16,3,7,4
CUST_03657,38.0,Hyderabad,4.8,33,70968.06,2150.55,6.88,12,0.156,1,3,56.0,33,13.0,21,2,9,4
CUST_03658,18.0,Chennai,3.3,12,10228.49,852.37,3.64,33,0.631,1,4,54.0,12,9.0,10,9,16,1
CUST_03659,35.0,Other,3.5,10,10696.32,1069.63,2.86,9,0.917,1,5,41.0,18,17.0,15,8,9,0
CUST_03660,23.0,Mumbai,5.6,7,13132.23,1876.03,1.25,36,0.545,0,2,7.0,5,5.0,2,1,3,4
CUST_03661,36.0,Delhi,10.0,10,7182.29,718.23,1.0,13,0.926,2,5,50.0,12,19.0,10,8,11,2
CUST_03662,23.0,Chennai,1.4,8,8905.63,1113.2,5.71,11,0.87,2,2,53.0,27,17.0,14,10,8,1
CUST_03663,22.0,Other,1.9,17,37677.94,2216.35,8.95,43,0.178,1,3,64.0,26,11.0,10,1,11,2
CUST_03664,50.0,Other,4.8,15,45476.39,3031.76,3.12,33,0.138,2,1,58.0,19,16.0,9,1,5,2
CUST_03665,45.0,Chennai,8.9,9,4542.16,504.68,1.01,32,0.865,2,5,43.0,12,22.0,18,12,11,1
CUST_03666,34.0,Pune,0.7,27,55619.56,2059.98,38.57,25,0.735,1,7,77.0,31,6.0,10,8,8,2
CUST_03667,36.0,Mumbai,0.9,3,5988.88,1996.29,3.33,49,0.585,0,5,14.0,3,9.0,4,4,1,5
CUST_03668,32.0,Other,2.9,15,40955.34,2730.36,5.17,6,0.363,1,2,49.0,24,13.0,12,6,11,2
CUST_03669,40.0,Bengaluru,5.0,17,47900.71,2817.69,3.4,19,0.191,1,3,54.0,23,12.0,12,3,11,4
CUST_03670,27.0,Pune,2.9,11,15561.46,1414.68,3.79,56,0.563,1,3,41.0,27,26.0,8,6,14,2
CUST_03671,44.0,Other,3.2,19,43095.48,2268.18,5.94,21,0.301,6,5,57.0,41,7.0,10,7,7,1
CUST_03672,31.0,Mumbai,1.3,19,43459.27,2287.33,14.62,6,0.242,2,4,59.0,23,11.0,11,3,6,2
CUST_03673,30.0,Kolkata,2.7,2,3042.32,1521.16,0.74,15,0.553,0,2,21.0,5,2.0,6,3,4,3
CUST_03674,34.0,Hyderabad,1.7,15,40804.97,2720.33,8.82,48,0.108,0,4,52.0,23,12.0,8,3,14,2
CUST_03675,28.0,Mumbai,3.4,9,9879.05,1097.67,2.65,8,0.939,4,3,39.0,21,16.0,11,7,10,2
CUST_03676,37.0,Delhi,2.3,29,47275.3,1630.18,12.61,18,0.342,1,4,70.0,27,8.0,14,4,9,2
CUST_03677,29.0,Mumbai,1.4,20,49681.93,2484.1,14.29,7,0.204,1,6,55.0,27,6.0,7,1,11,4
CUST_03678,39.0,Hyderabad,7.6,24,31227.6,1301.15,3.16,8,0.079,1,4,72.0,23,10.0,21,5,8,6
CUST_03679,46.0,Bengaluru,4.4,7,12858.53,1836.93,1.59,117,0.368,0,5,18.0,9,4.0,6,4,6,0
CUST_03680,,Mumbai,3.5,13,33827.25,2602.1,3.71,12,0.344,3,1,61.0,29,11.0,14,3,9,3
CUST_03681,33.0,Other,1.5,7,16737.09,2391.01,4.67,26,0.277,0,3,21.0,13,3.0,5,4,4,4
CUST_03682,39.0,Delhi,4.4,20,56745.61,2837.28,4.55,4,0.252,0,3,60.0,24,19.0,13,2,8,5
CUST_03683,30.0,Pune,1.2,7,5696.31,813.76,5.83,106,0.258,0,2,25.0,6,5.0,6,9,3,3
CUST_03684,39.0,Pune,1.5,32,48326.97,1510.22,21.33,4,0.28,1,2,81.0,32,9.0,14,6,15,3
CUST_03685,40.0,Mumbai,2.7,3,3786.78,1262.26,1.11,56,0.691,3,5,23.0,12,9.0,4,10,1,1
CUST_03686,45.0,Other,3.0,10,10394.72,1039.47,3.33,24,0.758,0,4,52.0,21,18.0,12,10,11,3
CUST_03687,28.0,Delhi,1.9,10,16948.15,1694.82,5.26,97,0.283,2,1,6.0,4,2.0,3,1,1,0
CUST_03688,25.0,Delhi,0.7,20,25579.81,1278.99,28.57,1,0.17,1,1,73.0,33,15.0,9,6,7,3
CUST_03689,31.0,Jaipur,2.2,16,45668.62,2854.29,7.27,8,0.37,0,5,63.0,17,17.0,12,3,12,3
CUST_03690,24.0,Chennai,7.0,16,44196.93,2762.31,2.29,14,0.281,2,3,50.0,28,12.0,13,1,4,2
CUST_03691,40.0,Delhi,0.5,8,15558.63,1944.83,16.0,52,0.438,0,6,16.0,8,9.0,5,9,4,3
CUST_03692,22.0,Jaipur,4.0,14,16424.87,1173.2,3.5,5,0.901,4,1,44.0,17,27.0,12,6,16,2
CUST_03693,,Kolkata,2.4,8,15007.63,1875.95,3.33,67,0.265,1,3,18.0,2,4.0,4,2,2,3
CUST_03694,47.0,Pune,0.9,27,44042.53,1631.2,30.0,3,0.127,1,2,77.0,27,8.0,11,4,18,3
CUST_03695,34.0,Chennai,6.4,27,54565.55,2020.95,4.22,29,0.187,2,7,60.0,35,16.0,13,1,9,3
CUST_03696,43.0,Other,1.6,24,65700.1,2737.5,15.0,4,0.203,0,2,55.0,27,17.0,17,3,14,2
CUST_03697,18.0,Bengaluru,7.9,11,19499.24,1772.66,1.39,179,0.204,1,4,9.0,6,6.0,2,3,2,3
CUST_03698,59.0,Kolkata,3.2,6,6703.51,1117.25,1.88,100,0.475,0,2,22.0,8,5.0,7,4,5,1
CUST_03699,28.0,Other,3.4,11,15202.86,1382.08,3.24,61,0.374,1,6,18.0,5,8.0,5,0,2,1
CUST_03700,33.0,Chennai,2.3,26,54690.47,2103.48,11.3,41,0.331,2,4,61.0,24,9.0,11,6,14,3
CUST_03701,18.0,Mumbai,5.5,17,13246.3,779.19,3.09,27,0.976,0,1,59.0,12,22.0,14,7,18,3
CUST_03702,39.0,Pune,2.5,4,7323.6,1830.9,1.6,82,0.379,1,6,25.0,7,4.0,9,2,3,3
CUST_03703,23.0,Hyderabad,5.7,21,42148.69,2007.08,3.68,52,0.235,0,2,59.0,36,10.0,11,3,11,3
CUST_03704,35.0,Pune,3.5,6,9020.19,1503.36,1.71,71,0.667,1,1,21.0,9,7.0,3,7,3,1
CUST_03705,29.0,Other,2.2,8,15217.29,1902.16,3.64,108,0.366,3,3,16.0,5,3.0,1,2,2,3
CUST_03706,23.0,Delhi,0.6,10,16249.08,1624.91,16.67,175,0.461,3,5,9.0,7,3.0,1,2,2,3
CUST_03707,26.0,Bengaluru,6.7,3,4622.83,1540.94,0.45,15,0.2,2,2,19.0,14,6.0,5,7,5,0
CUST_03708,36.0,Chennai,3.1,26,53212.31,2046.63,8.39,13,0.287,3,6,61.0,30,10.0,14,4,11,2
CUST_03709,21.0,Bengaluru,1.7,34,76638.95,2254.09,20.0,5,0.377,3,1,86.0,38,14.0,10,6,6,2
CUST_03710,27.0,Delhi,4.5,8,12022.75,1502.84,1.78,129,0.53,2,2,15.0,3,3.0,1,0,2,5
CUST_03711,41.0,Mumbai,3.5,19,47788.62,2515.19,5.43,18,0.227,0,3,54.0,30,10.0,12,2,7,2
CUST_03712,60.0,Hyderabad,3.5,7,16653.14,2379.02,2.0,36,0.296,0,4,15.0,3,13.0,8,2,2,2
CUST_03713,39.0,Jaipur,10.0,4,4844.01,1211.0,0.4,79,0.292,2,4,14.0,5,5.0,8,2,5,5
CUST_03714,25.0,Chennai,1.5,7,14504.14,2072.02,4.67,111,0.355,3,4,15.0,9,3.0,3,4,3,2
CUST_03715,30.0,Delhi,4.6,5,9173.9,1834.78,1.09,126,0.453,2,8,14.0,8,5.0,0,0,1,1
CUST_03716,34.0,Mumbai,6.6,24,37916.09,1579.84,3.64,32,0.226,2,5,68.0,33,11.0,16,5,12,3
CUST_03717,31.0,Ahmedabad,2.3,22,38733.65,1760.62,9.57,10,0.327,1,6,70.0,26,11.0,15,3,8,2
CUST_03718,43.0,Other,1.4,14,47524.77,3394.63,10.0,3,0.122,0,3,50.0,29,15.0,5,3,5,2
CUST_03719,36.0,Delhi,2.3,9,6883.17,764.8,3.91,12,0.753,1,2,33.0,16,26.0,13,16,8,0
CUST_03720,43.0,Kolkata,3.4,26,59018.86,2269.96,7.65,15,0.353,2,3,65.0,32,7.0,12,3,10,6
CUST_03721,31.0,Bengaluru,6.0,16,28927.99,1808.0,2.67,2,0.419,3,4,66.0,29,17.0,9,0,12,1
CUST_03722,47.0,Bengaluru,1.6,6,6106.91,1017.82,3.75,53,0.619,1,2,21.0,6,4.0,3,2,2,1
CUST_03723,32.0,Ahmedabad,2.3,6,12709.92,2118.32,2.61,52,0.311,2,4,11.0,3,1.0,3,2,3,5
CUST_03724,24.0,Mumbai,4.6,16,50549.33,3159.33,3.48,26,0.31,0,3,55.0,25,20.0,12,5,14,5
CUST_03725,56.0,Hyderabad,5.2,27,52075.4,1928.72,5.19,21,0.424,3,4,83.0,30,13.0,16,6,12,1
CUST_03726,18.0,Pune,5.5,5,7212.38,1442.48,0.91,89,0.491,2,4,16.0,5,3.0,3,1,1,2
CUST_03727,27.0,Delhi,0.8,17,44671.17,2627.72,21.25,21,0.226,2,4,56.0,23,13.0,6,4,7,5
CUST_03728,28.0,Chennai,9.9,20,60594.42,3029.72,2.02,23,0.248,1,2,40.0,26,16.0,20,3,15,2
CUST_03729,59.0,Mumbai,2.0,23,83119.68,3613.9,11.5,13,0.055,2,1,49.0,32,17.0,8,4,6,1
CUST_03730,52.0,Hyderabad,9.7,11,14866.99,1351.54,1.13,14,0.84,3,2,52.0,18,20.0,7,5,12,2
CUST_03731,49.0,Delhi,10.0,14,30076.56,2148.33,1.4,16,0.205,2,4,59.0,21,9.0,17,1,7,8
CUST_03732,31.0,Chennai,0.6,5,7346.73,1469.35,8.33,65,0.582,3,5,13.0,2,2.0,2,4,2,2
CUST_03733,58.0,Mumbai,4.5,10,12552.26,1255.23,2.22,14,0.7,7,5,40.0,12,18.0,10,16,15,2
CUST_03734,38.0,Kolkata,2.1,13,10594.45,814.96,6.19,8,0.741,1,3,52.0,14,22.0,7,6,8,4
CUST_03735,44.0,Chennai,2.9,20,60953.29,3047.66,6.9,4,0.124,2,3,60.0,26,11.0,16,3,13,0
CUST_03736,36.0,Other,5.2,10,13235.6,1323.56,1.92,23,0.714,5,2,42.0,19,17.0,5,12,6,2
CUST_03737,34.0,Other,1.2,1,1109.99,1109.99,0.83,42,0.546,1,2,15.0,8,5.0,5,4,2,1
CUST_03738,31.0,Delhi,2.1,3,4549.14,1516.38,1.43,131,0.135,0,5,11.0,6,5.0,6,7,3,5
CUST_03739,32.0,Mumbai,4.4,3,6822.98,2274.33,0.68,36,0.444,0,2,28.0,9,4.0,10,5,8,2
CUST_03740,40.0,Chennai,3.6,9,18236.75,2026.31,2.5,16,0.694,4,9,45.0,24,26.0,15,18,9,2
CUST_03741,38.0,Hyderabad,5.1,8,13315.87,1664.48,1.57,183,0.164,3,4,14.0,3,6.0,2,6,2,3
CUST_03742,34.0,Mumbai,2.0,1,1904.18,,0.5,12,0.241,0,3,20.0,5,6.0,2,4,4,2
CUST_03743,49.0,Mumbai,1.1,3,2665.07,888.36,2.73,79,0.315,0,5,18.0,2,8.0,4,2,10,5
CUST_03744,18.0,Hyderabad,10.0,19,42768.68,2250.98,1.9,17,0.158,0,3,44.0,25,11.0,3,6,12,1
CUST_03745,39.0,Other,1.5,17,44930.94,2643.0,11.33,13,0.226,1,6,59.0,21,11.0,16,5,9,4
CUST_03746,41.0,Other,1.3,25,52810.64,2112.43,19.23,9,0.15,4,1,52.0,33,10.0,16,2,12,2
CUST_03747,45.0,Mumbai,1.6,3,4753.38,1584.46,1.88,14,0.682,1,2,15.0,7,4.0,6,9,1,3
CUST_03748,33.0,Delhi,3.2,30,45286.21,1509.54,9.38,2,0.195,1,2,60.0,30,9.0,12,4,9,0
CUST_03749,36.0,Mumbai,3.4,25,59014.3,2360.57,7.35,5,0.294,0,5,48.0,30,10.0,14,2,6,0
CUST_03750,44.0,Bengaluru,0.8,6,16138.56,2689.76,7.5,212,0.566,4,1,14.0,3,4.0,1,2,2,5
CUST_03751,49.0,Kolkata,1.4,5,11345.47,2269.09,3.57,115,0.585,1,4,12.0,0,2.0,2,1,0,2
CUST_03752,31.0,Ahmedabad,5.6,8,5515.7,689.46,1.43,144,0.474,1,4,14.0,4,2.0,1,1,1,6
CUST_03753,37.0,Bengaluru,2.2,20,36864.14,1843.21,9.09,7,0.13,1,8,53.0,35,13.0,12,2,19,3
CUST_03754,51.0,Mumbai,3.5,6,6016.26,1002.71,1.71,42,0.222,0,3,20.0,6,1.0,6,8,5,1
CUST_03755,18.0,Delhi,1.4,20,43097.61,2154.88,14.29,5,0.164,1,3,60.0,37,9.0,11,1,10,5
CUST_03756,27.0,Other,4.1,14,38593.64,2756.69,3.41,15,0.244,0,1,66.0,28,13.0,9,1,16,4
CUST_03757,49.0,Pune,1.4,25,58322.12,2332.88,17.86,3,0.102,0,4,52.0,26,7.0,12,2,6,3
CUST_03758,45.0,Delhi,1.0,42,49662.34,1182.44,42.0,4,0.625,0,2,55.0,37,5.0,15,4,13,1
CUST_03759,39.0,Kolkata,0.4,21,34227.92,1629.9,52.5,9,0.409,2,5,66.0,36,14.0,14,5,7,4
CUST_03760,30.0,Kolkata,2.8,6,9434.4,1572.4,2.14,81,0.241,1,4,19.0,13,3.0,6,3,4,2
CUST_03761,25.0,Other,4.2,22,64962.44,2952.84,5.24,4,0.372,1,5,52.0,19,15.0,14,3,12,1
CUST_03762,28.0,Delhi,4.3,2,3907.96,1953.98,0.47,103,0.635,1,6,13.0,5,8.0,3,2,4,2
CUST_03763,49.0,Bengaluru,3.1,15,14448.71,963.25,4.84,20,0.789,1,3,45.0,21,14.0,8,7,11,4
CUST_03764,28.0,Bengaluru,5.5,27,64137.94,2375.48,4.91,8,0.4,3,4,77.0,30,15.0,17,2,15,2
CUST_03765,35.0,Other,0.9,11,16687.07,1517.01,12.22,26,0.902,1,4,38.0,19,20.0,13,6,7,3
CUST_03766,26.0,Kolkata,0.9,14,18483.74,1320.27,15.56,1,0.295,0,3,67.0,22,11.0,18,1,9,3
CUST_03767,42.0,Ahmedabad,1.3,10,11391.92,1139.19,7.69,45,0.771,0,5,47.0,19,22.0,7,10,12,3
CUST_03768,29.0,Mumbai,2.1,24,43847.64,1826.99,11.43,5,0.111,1,4,53.0,35,8.0,16,6,9,6
CUST_03769,33.0,Ahmedabad,2.7,16,40946.52,2559.16,5.93,14,0.203,4,4,56.0,22,11.0,16,4,13,3
CUST_03770,18.0,Bengaluru,5.9,20,62928.99,3146.45,3.39,4,0.122,1,6,60.0,26,18.0,13,2,7,10
CUST_03771,18.0,Mumbai,2.2,10,10264.39,1026.44,4.55,25,0.92,3,2,,19,21.0,12,11,10,3
CUST_03772,34.0,Mumbai,4.5,6,15216.91,2536.15,1.33,210,0.403,5,4,12.0,2,3.0,2,2,2,1
CUST_03773,21.0,Chennai,4.0,23,44982.68,1955.77,5.75,12,0.279,0,3,75.0,30,10.0,11,3,9,2
CUST_03774,55.0,Delhi,5.8,3,2215.35,738.45,0.52,82,0.182,0,4,16.0,9,3.0,4,7,4,4
CUST_03775,18.0,Jaipur,3.8,5,8080.2,1616.04,1.32,101,0.336,0,4,21.0,8,9.0,4,4,4,2
CUST_03776,26.0,Kolkata,6.1,13,25676.15,1975.09,2.13,271,0.61,2,1,10.0,3,1.0,5,3,1,1
CUST_03777,34.0,Mumbai,0.4,6,11793.33,1965.55,15.0,31,0.283,0,5,13.0,6,7.0,4,6,2,4
CUST_03778,30.0,Chennai,2.3,7,6163.07,880.44,3.04,15,0.889,3,5,48.0,23,17.0,14,10,11,2
CUST_03779,23.0,Pune,0.6,4,4597.3,1149.32,6.67,180,0.146,1,5,17.0,10,8.0,2,4,2,4
CUST_03780,24.0,Bengaluru,1.3,15,25758.96,1717.26,11.54,307,0.706,1,3,10.0,6,0.0,2,2,2,2
CUST_03781,24.0,Hyderabad,1.2,22,23063.98,1048.36,18.33,13,0.345,2,3,69.0,31,18.0,12,11,10,1
CUST_03782,31.0,Jaipur,6.1,23,44615.37,1939.8,3.77,27,0.051,0,1,52.0,35,14.0,22,3,7,2
CUST_03783,54.0,Bengaluru,2.4,10,22661.19,2266.12,4.17,10,0.163,0,2,55.0,16,19.0,7,2,6,1
CUST_03784,35.0,Ahmedabad,9.8,4,6702.87,1675.72,0.41,165,0.579,1,7,18.0,3,2.0,3,2,1,1
CUST_03785,46.0,Ahmedabad,2.2,1,1497.63,1497.63,0.45,29,0.45,2,6,21.0,4,5.0,4,11,7,6
CUST_03786,39.0,Bengaluru,0.6,20,43405.31,2170.27,33.33,4,0.111,1,3,47.0,26,15.0,8,0,11,4
CUST_03787,45.0,Bengaluru,2.1,14,19391.26,1385.09,6.67,52,0.679,2,5,49.0,18,17.0,12,5,10,2
CUST_03788,18.0,Chennai,3.8,10,12455.43,1245.54,2.63,23,0.77,0,5,39.0,20,15.0,16,8,7,4
CUST_03789,31.0,Mumbai,3.3,19,47544.68,2502.35,5.76,28,0.348,1,4,55.0,25,9.0,7,2,8,3
CUST_03790,47.0,Jaipur,2.8,10,18685.77,1868.58,3.57,121,0.415,2,5,19.0,4,2.0,0,3,1,1
CUST_03791,28.0,Kolkata,3.5,24,45062.93,1877.62,6.86,15,0.42,2,2,62.0,35,12.0,19,4,10,3
CUST_03792,52.0,Pune,5.1,17,42917.64,2524.57,3.33,3,0.098,2,2,53.0,30,11.0,14,2,5,8
CUST_03793,49.0,Other,0.2,6,8554.49,1425.75,30.0,44,0.828,2,2,37.0,15,20.0,14,12,16,2
CUST_03794,29.0,Mumbai,3.0,1,1563.58,1563.58,0.33,81,0.3,2,2,13.0,11,4.0,4,7,2,2
CUST_03795,29.0,Other,1.2,16,34434.21,2152.14,13.33,11,0.376,2,2,60.0,29,21.0,11,2,8,1
CUST_03796,24.0,Delhi,4.2,2,3048.06,1524.03,0.48,91,0.21,1,3,18.0,4,6.0,5,2,0,4
CUST_03797,28.0,Kolkata,1.3,15,20433.45,1362.23,11.54,39,0.877,5,6,42.0,16,12.0,10,4,16,4
CUST_03798,22.0,Bengaluru,1.4,20,53061.1,2653.06,14.29,2,0.13,6,2,57.0,28,8.0,12,3,8,2
CUST_03799,38.0,Kolkata,0.9,17,38632.21,2272.48,18.89,2,0.192,0,6,41.0,25,13.0,14,2,8,0
CUST_03800,19.0,Mumbai,2.9,9,13033.61,1448.18,3.1,12,0.817,4,3,47.0,11,12.0,10,7,12,1
CUST_03801,40.0,Pune,0.6,18,37545.84,2085.88,30.0,40,0.322,0,6,66.0,43,14.0,17,4,15,5
CUST_03802,40.0,Mumbai,0.8,10,13183.79,1318.38,12.5,170,0.473,1,3,5.0,4,3.0,2,1,2,2
CUST_03803,18.0,Jaipur,2.9,1,1051.98,1051.98,0.34,95,0.266,0,4,17.0,8,8.0,4,7,2,2
CUST_03804,49.0,Delhi,2.3,11,21873.79,1988.53,4.78,128,0.512,2,1,14.0,3,2.0,2,4,4,3
CUST_03805,39.0,Chennai,2.3,15,22344.3,1489.62,6.52,7,0.359,5,4,61.0,30,8.0,13,8,13,0
CUST_03806,41.0,Ahmedabad,0.4,8,17361.01,2170.13,20.0,161,0.262,1,3,15.0,4,2.0,2,2,2,2
CUST_03807,26.0,Other,2.9,22,47238.86,2147.22,7.59,21,0.287,2,5,61.0,41,13.0,18,4,15,1
CUST_03808,40.0,Mumbai,3.1,23,38604.76,1678.47,7.42,7,0.061,2,3,85.0,33,9.0,13,8,13,4
CUST_03809,45.0,Jaipur,5.5,23,81647.77,3549.9,4.18,8,0.682,0,1,63.0,18,20.0,7,5,3,3
CUST_03810,33.0,Pune,3.9,22,56544.77,2570.22,5.64,26,0.137,2,3,52.0,24,19.0,10,4,7,1
CUST_03811,54.0,Kolkata,1.2,9,10978.1,1219.79,7.5,33,0.537,2,3,8.0,5,8.0,6,7,4,2
CUST_03812,34.0,Kolkata,1.1,11,16251.23,1477.38,10.0,17,0.731,1,4,46.0,13,21.0,18,16,5,2
CUST_03813,45.0,Mumbai,5.7,27,40347.94,1494.37,4.74,1,0.53,1,1,62.0,34,12.0,11,2,10,4
CUST_03814,37.0,Pune,5.2,8,7983.01,997.88,1.54,16,0.871,1,3,38.0,14,22.0,8,11,16,5
CUST_03815,40.0,Bengaluru,2.5,22,50865.05,2312.05,8.8,16,0.403,1,4,75.0,27,12.0,15,4,10,0
CUST_03816,18.0,Bengaluru,4.3,11,13361.5,1214.68,2.56,44,0.709,2,6,51.0,17,17.0,7,9,12,3
CUST_03817,38.0,Other,4.8,31,62876.13,2028.26,6.46,22,0.085,1,2,62.0,26,16.0,14,3,14,4
CUST_03818,27.0,Delhi,0.7,1,788.95,788.95,1.43,54,0.533,3,1,15.0,13,3.0,5,5,4,6
CUST_03819,26.0,Other,1.0,4,5096.11,1274.03,4.0,40,0.367,1,7,,3,4.0,10,14,1,3
CUST_03820,51.0,Bengaluru,2.0,9,10378.71,1153.19,4.5,9,0.926,5,1,47.0,7,20.0,17,12,7,3
CUST_03821,32.0,Other,5.8,39,59666.34,1529.91,6.72,5,0.293,0,2,65.0,35,14.0,17,2,18,1
CUST_03822,24.0,Kolkata,8.0,21,28716.59,1367.46,2.62,7,0.118,2,3,56.0,36,5.0,13,5,9,0
CUST_03823,30.0,Ahmedabad,3.1,5,5966.94,1193.39,1.61,69,0.481,0,1,22.0,6,5.0,4,4,3,3
CUST_03824,21.0,Mumbai,1.1,28,46820.15,1672.15,25.45,4,0.383,2,3,53.0,33,18.0,15,3,7,2
CUST_03825,48.0,Hyderabad,1.2,25,54320.64,2172.83,20.83,1,0.379,1,4,63.0,37,15.0,15,1,15,2
CUST_03826,27.0,Mumbai,2.1,17,47330.97,2784.17,8.1,12,0.211,1,3,68.0,37,9.0,10,3,9,3
CUST_03827,39.0,Delhi,2.0,17,15498.58,911.68,8.5,62,0.724,3,4,52.0,20,18.0,15,7,9,2
CUST_03828,48.0,Hyderabad,1.2,8,6312.14,789.02,6.67,8,0.904,3,3,58.0,20,27.0,15,8,8,3
CUST_03829,29.0,Kolkata,2.2,4,3994.54,998.63,1.82,5,0.291,0,1,16.0,7,5.0,4,4,2,4
CUST_03830,39.0,Mumbai,0.5,26,57946.24,2228.7,52.0,7,0.282,2,2,70.0,27,12.0,13,5,6,2
CUST_03831,24.0,Hyderabad,2.3,20,26832.32,1341.62,8.7,8,0.412,1,1,63.0,28,10.0,21,3,13,3
CUST_03832,58.0,Hyderabad,1.4,3,4138.79,1379.6,2.14,180,0.243,1,7,22.0,8,8.0,4,3,1,3
CUST_03833,43.0,Mumbai,1.4,6,6219.65,1036.61,4.29,50,0.341,0,3,18.0,7,8.0,8,7,6,5
CUST_03834,32.0,Bengaluru,3.7,24,31844.02,1326.83,6.49,8,0.41,0,2,59.0,22,13.0,17,1,7,1
CUST_03835,26.0,Kolkata,3.8,10,15656.81,1565.68,2.63,36,0.758,0,1,51.0,25,17.0,10,10,13,1
CUST_03836,33.0,Mumbai,1.9,22,44230.24,2010.47,11.58,18,0.308,2,3,60.0,30,13.0,16,5,10,0
CUST_03837,31.0,Kolkata,1.0,9,12876.99,1430.78,9.0,172,0.392,2,3,8.0,5,3.0,2,0,0,2
CUST_03838,54.0,Hyderabad,2.9,27,53377.34,1976.94,9.31,10,0.386,0,3,47.0,28,11.0,7,3,9,1
CUST_03839,22.0,Ahmedabad,1.9,18,31224.06,1734.67,4.74,48,0.533,3,3,11.0,4,2.0,1,5,2,3
CUST_03840,35.0,Pune,4.5,5,7058.54,1411.71,1.11,53,0.203,1,4,23.0,8,3.0,3,1,3,3
CUST_03841,34.0,Ahmedabad,3.7,9,11919.99,1324.44,2.43,47,0.74,4,3,49.0,17,28.0,15,12,10,1
CUST_03842,33.0,Mumbai,4.1,17,48876.35,2875.08,4.15,2,0.232,1,4,53.0,18,16.0,11,3,10,6
CUST_03843,33.0,Delhi,0.3,7,11452.92,1636.13,23.33,39,0.765,0,6,52.0,16,14.0,14,10,16,0
CUST_03844,33.0,Pune,7.2,22,56945.08,2588.41,3.06,2,0.309,0,3,74.0,25,17.0,14,3,9,3
CUST_03845,43.0,Jaipur,3.0,25,54928.16,2197.13,8.33,2,0.103,0,3,50.0,18,14.0,17,5,9,1
CUST_03846,40.0,Chennai,0.4,5,5939.36,1187.87,12.5,99,0.31,1,3,15.0,5,6.0,8,4,2,3
CUST_03847,38.0,Mumbai,2.1,5,10755.18,2151.04,2.38,207,0.561,1,3,12.0,3,3.0,2,0,3,3
CUST_03848,18.0,Mumbai,2.6,16,20123.89,1257.74,6.15,76,0.681,2,5,44.0,25,22.0,9,7,12,7
CUST_03849,37.0,Delhi,6.1,3,5274.21,1758.07,0.49,74,0.462,3,2,21.0,8,4.0,3,9,1,2
CUST_03850,18.0,Mumbai,3.9,29,88651.45,3056.95,7.44,16,0.222,0,5,49.0,27,14.0,12,3,8,5
CUST_03851,40.0,Chennai,3.3,22,36400.6,1654.57,6.67,41,0.34,2,3,68.0,29,12.0,14,1,12,4
CUST_03852,49.0,Chennai,2.6,13,23787.99,1829.85,5.0,14,0.031,0,4,52.0,28,6.0,7,3,7,6
CUST_03853,25.0,Other,2.3,9,9421.59,1046.84,3.91,5,0.834,2,3,60.0,25,23.0,8,9,13,1
CUST_03854,31.0,Other,0.7,9,12970.67,1441.19,12.86,69,0.446,1,5,11.0,4,4.0,1,4,3,4
CUST_03855,28.0,Chennai,3.1,4,4593.17,1148.29,1.29,161,0.31,2,4,18.0,6,4.0,4,6,1,2
CUST_03856,46.0,Mumbai,1.2,19,49098.32,2584.12,15.83,28,0.06,1,1,61.0,32,15.0,8,1,9,2
CUST_03857,35.0,Delhi,1.5,17,41759.17,2456.42,11.33,6,0.229,0,1,68.0,38,11.0,15,6,5,0
CUST_03858,51.0,Bengaluru,4.0,9,9095.01,1010.56,2.25,21,0.753,3,6,42.0,13,16.0,14,5,13,2
CUST_03859,38.0,Bengaluru,1.5,31,62281.86,2009.09,20.67,17,0.131,3,4,48.0,27,14.0,10,5,12,1
CUST_03860,36.0,Hyderabad,0.4,3,3466.41,1155.47,7.5,51,0.511,0,3,22.0,10,8.0,8,4,5,1
CUST_03861,35.0,Other,2.2,2,1885.47,942.74,0.91,56,0.455,0,2,15.0,8,4.0,3,3,2,1
CUST_03862,42.0,Jaipur,0.4,13,12666.9,974.38,32.5,37,0.662,2,2,49.0,15,25.0,12,10,11,5
CUST_03863,18.0,Mumbai,2.8,24,23475.36,978.14,8.57,11,0.274,0,2,66.0,41,9.0,15,4,14,5
CUST_03864,35.0,Pune,4.2,20,26823.28,1341.16,4.76,31,0.118,3,5,66.0,34,15.0,16,5,4,2
CUST_03865,33.0,Ahmedabad,2.3,21,65444.86,3116.42,9.13,30,0.047,1,5,63.0,21,13.0,12,2,11,1
CUST_03866,41.0,Ahmedabad,0.6,25,43195.9,1727.84,41.67,27,0.571,3,3,56.0,28,11.0,16,3,3,4
CUST_03867,32.0,Pune,4.6,15,33012.93,2200.86,3.26,41,0.385,1,5,64.0,33,16.0,15,6,13,3
CUST_03868,24.0,Kolkata,6.4,9,8774.9,974.99,1.41,19,0.211,0,3,8.0,6,3.0,7,2,2,4
CUST_03869,34.0,Chennai,2.1,2,1566.74,783.37,0.95,51,0.493,0,3,24.0,12,7.0,6,1,3,4
CUST_03870,23.0,Bengaluru,1.5,19,51068.4,2687.81,12.67,57,0.462,1,2,62.0,23,19.0,14,2,9,4
CUST_03871,18.0,Pune,0.7,21,41382.17,1970.58,30.0,11,0.337,1,5,74.0,28,19.0,13,6,6,2
CUST_03872,41.0,Jaipur,2.8,18,45540.4,2530.02,6.43,15,0.124,1,5,48.0,25,13.0,13,4,8,2
CUST_03873,,Chennai,5.6,22,71905.97,3268.45,3.93,34,0.073,0,4,55.0,27,15.0,9,4,7,3
CUST_03874,39.0,Mumbai,0.7,5,11958.83,2391.77,7.14,61,0.338,3,2,20.0,10,6.0,4,6,1,1
CUST_03875,47.0,Chennai,0.3,19,41599.33,2189.44,63.33,48,0.142,0,4,45.0,17,8.0,9,0,11,2
CUST_03876,27.0,Kolkata,2.2,24,53922.56,2246.77,10.91,16,0.222,1,4,68.0,23,,13,4,7,0
CUST_03877,20.0,Jaipur,0.7,18,36264.18,2014.68,25.71,11,0.157,0,4,58.0,19,14.0,11,3,13,4
CUST_03878,33.0,Pune,2.6,8,9672.63,1209.08,3.08,60,0.58,3,5,10.0,2,2.0,0,3,3,2
CUST_03879,31.0,Other,3.2,5,5255.64,1051.13,1.56,12,0.869,3,4,41.0,20,15.0,10,14,11,3
CUST_03880,26.0,Mumbai,3.3,25,37780.02,1511.2,7.58,7,0.238,2,4,56.0,32,12.0,11,7,7,1
CUST_03881,33.0,Hyderabad,3.9,8,8501.11,1062.64,2.05,31,0.593,1,2,45.0,16,15.0,16,9,15,2
CUST_03882,28.0,Chennai,7.2,4,4702.16,1175.54,0.56,97,0.479,0,1,14.0,7,5.0,4,5,4,1
CUST_03883,18.0,Bengaluru,4.6,12,13729.86,1144.16,2.61,67,0.24,2,2,13.0,4,4.0,1,0,4,1
CUST_03884,30.0,Bengaluru,4.8,25,39464.87,1578.59,5.21,11,0.082,0,8,63.0,32,5.0,13,2,14,1
CUST_03885,23.0,Jaipur,0.9,8,13947.74,1743.47,8.89,56,0.578,1,5,9.0,2,2.0,2,2,2,1
CUST_03886,36.0,Chennai,2.7,15,22034.07,1468.94,5.56,94,0.433,2,3,11.0,5,3.0,5,3,1,2
CUST_03887,27.0,Bengaluru,5.9,7,11531.99,1647.43,1.19,138,0.429,2,5,9.0,0,3.0,1,0,2,3
CUST_03888,45.0,Mumbai,1.7,9,10983.64,1220.4,5.29,86,0.296,2,6,23.0,7,5.0,3,4,1,4
CUST_03889,50.0,Mumbai,4.4,4,7087.43,1771.86,0.91,32,0.299,1,2,19.0,4,7.0,4,2,2,1
CUST_03890,41.0,Mumbai,8.4,32,59498.31,1859.32,3.81,51,0.262,2,3,56.0,33,15.0,15,2,9,4
CUST_03891,18.0,Other,1.2,2,2793.9,1396.95,1.67,40,0.249,1,3,17.0,5,5.0,6,8,5,6
CUST_03892,49.0,Kolkata,0.7,17,22173.97,1304.35,24.29,28,0.854,5,2,43.0,15,19.0,10,10,16,3
CUST_03893,50.0,Other,3.4,3,5086.43,1695.48,0.88,44,0.481,0,4,19.0,8,8.0,6,5,5,1
CUST_03894,34.0,Mumbai,2.4,27,44120.31,1634.09,11.25,3,0.254,3,4,82.0,44,11.0,14,3,14,4
CUST_03895,47.0,Chennai,6.8,4,3672.96,918.24,0.59,45,0.282,1,4,22.0,4,8.0,4,5,2,3
CUST_03896,28.0,Mumbai,1.0,2,4017.79,2008.89,2.0,70,0.191,0,2,14.0,8,12.0,4,7,3,2
CUST_03897,18.0,Ahmedabad,5.7,16,33250.33,2078.15,2.81,15,0.452,0,3,55.0,15,19.0,12,2,5,1
CUST_03898,26.0,Delhi,2.4,4,6021.36,1505.34,1.67,29,0.545,1,2,19.0,5,11.0,6,3,3,0
CUST_03899,51.0,Mumbai,1.5,8,5830.11,728.76,5.33,47,0.695,1,3,51.0,22,16.0,13,12,8,2
CUST_03900,19.0,Hyderabad,2.8,1,1742.73,1742.73,0.36,56,0.58,1,2,13.0,8,2.0,5,2,0,3
CUST_03901,34.0,Delhi,2.0,16,32328.35,2020.52,8.0,2,0.212,1,1,58.0,28,9.0,14,6,12,3
CUST_03902,34.0,Chennai,2.6,21,35267.73,1679.42,8.08,23,0.321,1,4,70.0,31,11.0,14,6,7,3
CUST_03903,29.0,Chennai,5.5,12,13914.41,1159.53,2.18,248,0.574,0,1,8.0,1,5.0,0,0,1,1
CUST_03904,30.0,Chennai,8.9,21,41585.1,1980.24,2.36,24,0.469,1,6,59.0,32,9.0,14,3,14,2
CUST_03905,35.0,Other,2.5,1,1693.7,1693.7,0.4,28,0.674,3,2,21.0,3,11.0,4,4,2,4
CUST_03906,28.0,Delhi,3.5,11,10084.18,916.74,3.14,45,0.936,2,7,30.0,15,10.0,11,8,16,2
CUST_03907,20.0,Bengaluru,5.0,13,8430.31,648.49,2.6,28,0.798,6,2,49.0,15,27.0,14,13,5,3
CUST_03908,36.0,Ahmedabad,3.5,31,64812.88,2090.74,8.86,6,0.271,1,1,56.0,27,11.0,8,2,10,4
CUST_03909,45.0,Hyderabad,1.6,12,14765.77,1230.48,7.5,13,0.682,2,5,46.0,16,25.0,18,11,10,5
CUST_03910,43.0,Mumbai,3.2,30,62118.92,2070.63,9.38,6,0.156,1,2,69.0,31,14.0,16,7,7,2
CUST_03911,26.0,Ahmedabad,2.4,13,27262.94,2097.15,5.42,5,0.341,2,5,58.0,24,16.0,18,1,7,1
CUST_03912,21.0,Mumbai,0.4,29,54329.5,1873.43,72.5,2,0.042,1,6,70.0,31,7.0,9,7,17,2
CUST_03913,31.0,Mumbai,0.2,18,50540.43,2807.8,90.0,18,0.163,3,6,67.0,27,13.0,7,3,12,5
CUST_03914,50.0,Mumbai,3.2,9,11047.84,1227.54,2.81,132,0.601,0,3,10.0,8,3.0,1,2,2,2
CUST_03915,40.0,Mumbai,1.3,8,12281.06,1535.13,6.15,30,0.512,2,2,14.0,6,3.0,3,1,2,1
CUST_03916,41.0,Mumbai,5.1,26,41832.01,1608.92,5.1,11,0.526,2,1,62.0,34,15.0,11,2,6,2
CUST_03917,43.0,Mumbai,1.5,3,3171.07,1057.02,2.0,6,0.189,1,3,25.0,10,4.0,4,4,2,3
CUST_03918,38.0,Bengaluru,1.7,28,58147.23,2076.69,16.47,9,0.184,1,3,61.0,30,13.0,21,1,10,5
CUST_03919,35.0,Pune,4.3,4,4872.04,1218.01,0.93,145,0.354,0,5,18.0,10,3.0,4,4,2,2
CUST_03920,41.0,Mumbai,2.1,5,7850.56,1570.11,2.38,73,0.408,0,5,14.0,9,8.0,2,6,7,3
CUST_03921,29.0,Chennai,1.3,9,10728.08,1192.01,6.92,135,0.51,1,4,7.0,8,2.0,4,3,2,3
CUST_03922,20.0,Pune,3.8,34,19954.24,586.89,8.95,19,0.336,1,1,55.0,39,12.0,12,5,17,2
CUST_03923,41.0,Mumbai,10.0,3,5637.56,1879.19,0.3,38,0.292,3,5,20.0,10,6.0,2,4,5,0
CUST_03924,46.0,Bengaluru,1.5,31,47932.0,1546.19,20.67,24,0.264,2,3,63.0,25,15.0,26,2,11,3
CUST_03925,23.0,Delhi,4.7,10,23436.3,2343.63,2.13,67,0.432,1,4,12.0,3,8.0,3,1,1,1
CUST_03926,42.0,Delhi,4.1,15,36741.19,2449.41,3.66,5,0.483,1,5,54.0,22,21.0,19,3,16,2
CUST_03927,51.0,Bengaluru,9.7,11,14530.8,1320.98,1.13,25,0.687,5,4,42.0,19,18.0,19,10,21,4
CUST_03928,34.0,Chennai,5.9,4,6900.93,1725.23,0.68,103,0.445,1,3,23.0,14,4.0,7,13,3,4
CUST_03929,26.0,Hyderabad,2.6,3,4463.34,1487.78,1.15,49,0.278,0,3,21.0,3,5.0,6,4,3,3
CUST_03930,35.0,Other,3.7,18,55651.62,3091.76,4.86,7,0.262,2,4,63.0,26,9.0,7,6,13,1
CUST_03931,28.0,Bengaluru,0.5,12,19057.42,1588.12,24.0,312,0.391,1,3,12.0,0,5.0,0,1,1,4
CUST_03932,28.0,Bengaluru,6.8,17,48114.35,2830.26,2.5,31,0.086,1,5,56.0,17,9.0,22,2,13,3
CUST_03933,38.0,Pune,0.9,3,3949.11,1316.37,3.33,32,0.517,0,2,12.0,8,4.0,4,3,2,0
CUST_03934,18.0,Kolkata,3.7,17,22562.74,1327.22,4.59,9,0.273,2,3,62.0,36,10.0,22,3,10,2
CUST_03935,20.0,Mumbai,3.7,28,52012.48,1857.59,7.57,29,0.103,2,2,55.0,27,13.0,13,3,11,2
CUST_03936,34.0,Bengaluru,4.1,10,13149.26,1314.93,2.44,12,0.722,2,4,47.0,24,17.0,7,6,20,3
CUST_03937,34.0,Bengaluru,1.2,23,39622.59,1722.72,19.17,5,0.447,0,1,75.0,30,11.0,17,5,11,3
CUST_03938,37.0,Chennai,2.6,22,61216.97,2782.59,8.46,8,0.136,0,5,44.0,25,8.0,16,6,12,3
CUST_03939,53.0,Other,4.4,16,27709.07,1731.82,3.64,20,0.09,1,5,49.0,27,14.0,7,2,11,2
CUST_03940,35.0,Other,4.1,24,54587.92,2274.5,5.85,4,0.581,0,5,59.0,34,16.0,18,8,12,4
CUST_03941,40.0,Mumbai,9.3,4,8692.19,2173.05,0.43,147,0.109,0,6,20.0,6,7.0,5,2,4,1
CUST_03942,24.0,Pune,6.5,12,14033.16,1169.43,1.85,30,0.449,3,2,11.0,10,3.0,2,4,3,2
CUST_03943,42.0,Ahmedabad,2.4,16,46179.71,2886.23,6.67,20,0.164,1,1,49.0,30,14.0,12,1,7,1
CUST_03944,29.0,Bengaluru,2.3,19,28864.1,1519.16,8.26,1,0.094,0,2,69.0,34,11.0,17,2,8,5
CUST_03945,35.0,Bengaluru,1.4,23,74168.79,3224.73,16.43,1,0.264,1,4,41.0,30,14.0,12,2,11,0
CUST_03946,33.0,Kolkata,4.2,12,31820.78,2651.73,2.86,22,0.231,0,4,70.0,30,20.0,15,2,8,2
CUST_03947,44.0,Hyderabad,0.6,3,3480.96,1160.32,5.0,81,0.36,0,2,18.0,13,9.0,3,11,2,1
CUST_03948,21.0,Other,0.7,8,6724.41,840.55,11.43,20,0.756,2,4,58.0,13,14.0,13,8,11,4
CUST_03949,18.0,Hyderabad,3.9,19,40216.49,2116.66,4.87,8,0.211,0,1,51.0,23,22.0,17,3,8,4
CUST_03950,32.0,Bengaluru,5.4,15,34787.31,2319.15,2.78,10,0.26,1,4,72.0,33,15.0,13,3,15,1
CUST_03951,39.0,Hyderabad,1.6,21,38301.1,1823.86,13.12,6,0.351,0,4,56.0,26,19.0,14,4,13,2
CUST_03952,36.0,Ahmedabad,4.5,1,1372.84,1372.84,0.22,60,0.478,2,3,25.0,10,6.0,1,5,2,0
CUST_03953,46.0,Hyderabad,7.3,8,12009.79,,1.1,139,0.48,1,5,7.0,4,4.0,2,8,3,3
CUST_03954,38.0,Chennai,5.2,11,34077.85,3097.99,2.12,14,0.102,2,3,48.0,23,18.0,17,5,6,1
CUST_03955,28.0,Other,3.5,31,49734.74,1604.35,8.86,24,0.318,2,3,44.0,31,12.0,8,4,8,1
CUST_03956,18.0,Hyderabad,3.8,6,12088.21,2014.7,1.58,72,0.59,1,6,10.0,4,3.0,1,1,1,2
CUST_03957,32.0,Delhi,4.3,11,11470.88,1042.81,2.56,66,0.194,1,6,8.0,1,3.0,5,3,2,3
CUST_03958,44.0,Chennai,3.0,21,42691.42,2032.92,7.0,26,0.165,3,2,69.0,33,8.0,9,4,12,1
CUST_03959,30.0,Chennai,2.0,23,60974.37,2651.06,11.5,9,0.408,0,1,55.0,26,10.0,8,8,10,3
CUST_03960,34.0,Mumbai,3.1,12,23042.89,1920.24,3.87,22,0.123,1,5,56.0,31,12.0,10,3,9,3
CUST_03961,38.0,Bengaluru,1.9,4,3318.67,829.67,2.11,64,0.845,3,7,55.0,17,16.0,9,9,14,4
CUST_03962,24.0,Kolkata,5.3,18,35347.86,1963.77,3.4,6,0.328,2,2,84.0,33,19.0,12,3,5,6
CUST_03963,40.0,Bengaluru,3.0,17,47446.77,2790.99,5.67,19,0.056,0,4,43.0,18,13.0,6,3,7,2
CUST_03964,50.0,Kolkata,1.5,7,6158.16,879.74,4.67,9,0.551,2,3,49.0,20,23.0,18,7,9,4
CUST_03965,32.0,Bengaluru,2.4,21,54371.81,2589.13,8.75,40,0.191,1,7,57.0,22,25.0,7,5,9,0
CUST_03966,23.0,Other,1.5,1,1511.36,1511.36,0.67,26,0.466,1,3,23.0,5,4.0,7,8,4,0
CUST_03967,33.0,Delhi,7.4,20,39551.2,1977.56,2.7,13,0.307,1,5,72.0,39,10.0,21,3,7,2
CUST_03968,18.0,Mumbai,5.1,23,78076.63,3394.64,4.51,12,0.203,3,2,65.0,19,17.0,11,4,11,2
CUST_03969,37.0,Bengaluru,2.1,9,6888.34,765.37,4.29,31,0.857,3,7,47.0,20,23.0,8,4,14,2
CUST_03970,39.0,Hyderabad,1.8,27,41836.98,1549.52,15.0,4,0.52,3,2,71.0,45,8.0,20,6,11,3
CUST_03971,51.0,Delhi,2.1,10,25650.27,2565.03,4.76,121,0.706,5,4,6.0,2,1.0,0,2,0,6
CUST_03972,32.0,Pune,0.9,11,13991.57,1271.96,12.22,62,0.888,0,3,39.0,19,19.0,17,5,7,1
CUST_03973,38.0,Chennai,3.1,34,71427.01,2100.79,10.97,31,0.199,2,3,64.0,44,10.0,20,4,9,4
CUST_03974,25.0,Delhi,1.0,3,2960.55,986.85,3.0,30,0.525,1,3,20.0,6,2.0,4,10,5,2
CUST_03975,30.0,Chennai,2.7,30,54574.31,1819.14,11.11,2,0.623,0,5,68.0,28,16.0,18,4,8,1
CUST_03976,19.0,Kolkata,5.0,11,24948.25,2268.02,2.2,48,0.693,1,1,4.0,3,3.0,3,2,0,3
CUST_03977,32.0,Kolkata,7.1,27,35348.33,1309.2,3.8,6,0.6,1,2,66.0,36,8.0,14,3,9,3
CUST_03978,31.0,Delhi,1.9,6,5209.03,868.17,3.16,55,0.581,2,5,43.0,15,17.0,20,9,8,1
CUST_03979,37.0,Hyderabad,1.8,19,41751.0,2197.42,10.56,11,0.081,0,5,50.0,28,11.0,12,2,11,2
CUST_03980,28.0,Bengaluru,0.8,19,32672.71,1719.62,23.75,34,0.667,2,1,83.0,29,12.0,10,5,17,2
CUST_03981,35.0,Jaipur,4.3,1,1384.96,1384.96,0.23,55,0.44,0,3,16.0,4,4.0,3,1,1,6
CUST_03982,31.0,Jaipur,2.8,2,2672.75,1336.38,0.71,5,0.217,0,2,15.0,5,5.0,5,2,5,0
CUST_03983,31.0,Delhi,1.6,33,84073.9,2547.69,20.62,20,0.347,0,2,74.0,34,9.0,15,4,8,1
CUST_03984,35.0,Mumbai,1.7,27,36272.72,1343.43,15.88,7,0.238,2,2,60.0,35,10.0,16,5,8,0
CUST_03985,34.0,Mumbai,5.7,5,5463.42,1092.68,0.88,180,0.409,1,3,17.0,4,10.0,5,3,4,2
CUST_03986,42.0,Delhi,0.3,10,16671.33,1667.13,33.33,225,0.449,2,1,11.0,3,4.0,2,6,2,2
CUST_03987,33.0,Hyderabad,6.4,16,44582.19,2786.39,2.5,60,0.504,2,3,60.0,24,8.0,11,3,13,4
CUST_03988,31.0,Chennai,1.4,7,8386.05,1198.01,5.0,37,0.69,4,4,45.0,26,25.0,12,10,9,3
CUST_03989,32.0,Delhi,4.7,29,24436.71,842.65,6.17,27,0.585,2,4,70.0,31,10.0,14,4,7,1
CUST_03990,27.0,Chennai,1.1,14,19290.24,1377.87,12.73,82,0.226,0,2,11.0,6,3.0,2,1,1,3
CUST_03991,30.0,Other,3.6,16,51090.35,3193.15,4.44,24,0.192,2,4,71.0,23,11.0,10,2,15,2
CUST_03992,54.0,Chennai,2.4,32,55593.65,1737.3,13.33,7,0.296,1,6,64.0,33,10.0,12,6,5,3
CUST_03993,25.0,Mumbai,6.3,4,5863.53,1465.88,0.63,13,0.582,0,5,11.0,8,4.0,6,2,0,2
CUST_03994,31.0,Hyderabad,2.3,18,50953.28,2830.74,7.83,10,0.198,1,3,59.0,19,9.0,8,1,9,2
CUST_03995,,Hyderabad,6.8,12,17171.51,1430.96,1.76,21,0.923,6,4,54.0,13,22.0,10,7,6,2
CUST_03996,32.0,Jaipur,2.1,12,12401.06,1033.42,5.71,23,0.735,3,3,48.0,14,36.0,11,11,14,4
CUST_03997,31.0,Delhi,4.5,24,46511.06,1937.96,5.33,6,0.066,1,3,66.0,35,10.0,13,4,13,2
CUST_03998,37.0,Bengaluru,5.1,30,86632.72,2887.76,5.88,14,0.088,2,3,60.0,31,8.0,16,5,12,2
CUST_03999,18.0,Hyderabad,2.3,16,16918.37,1057.4,6.96,27,0.712,3,1,38.0,21,14.0,14,7,7,2
CUST_04000,44.0,Bengaluru,2.8,17,42865.05,2521.47,6.07,40,0.379,3,3,51.0,13,20.0,18,4,11,5
CUST_04001,40.0,Kolkata,0.8,12,10395.85,866.32,15.0,35,0.877,2,2,45.0,20,15.0,18,6,14,3
CUST_04002,22.0,Mumbai,3.4,6,12456.98,2076.16,1.76,160,0.274,1,3,22.0,6,5.0,4,6,3,4
CUST_04003,18.0,Hyderabad,4.7,9,16642.82,1849.2,1.91,74,0.517,1,5,20.0,6,5.0,9,2,4,2
CUST_04004,24.0,Mumbai,7.2,21,51057.88,2431.33,2.92,16,0.09,1,2,49.0,31,19.0,19,3,8,3
CUST_04005,32.0,Delhi,4.9,27,65987.0,2443.96,5.51,8,0.159,2,2,61.0,28,12.0,17,3,6,1
CUST_04006,60.0,Chennai,3.2,23,41392.65,1799.68,7.19,13,0.458,2,3,63.0,25,15.0,15,5,9,2
CUST_04007,39.0,Mumbai,2.2,22,35051.28,1593.24,10.0,9,0.516,0,2,56.0,30,7.0,11,4,10,4
CUST_04008,18.0,Delhi,2.7,27,43147.25,1598.05,10.0,3,0.127,2,2,64.0,36,12.0,16,1,12,1
CUST_04009,27.0,Chennai,2.3,4,7498.49,1874.62,1.74,141,0.719,0,4,16.0,7,6.0,5,8,3,2
CUST_04010,33.0,Chennai,5.4,21,49274.01,2346.38,3.89,6,0.055,1,3,49.0,28,14.0,8,3,7,2
CUST_04011,37.0,Mumbai,6.4,30,67489.69,2249.66,4.69,12,0.24,2,3,57.0,30,21.0,10,1,10,3
CUST_04012,21.0,Hyderabad,2.3,33,56854.51,1722.86,14.35,3,0.367,2,3,79.0,38,8.0,14,6,6,1
CUST_04013,33.0,Mumbai,4.0,8,5405.46,675.68,2.0,54,0.563,0,2,15.0,5,11.0,10,3,1,3
CUST_04014,27.0,Pune,2.5,21,66538.12,3168.48,8.4,15,0.284,0,3,64.0,33,15.0,8,3,9,3
CUST_04015,23.0,Bengaluru,0.7,5,6176.28,1235.26,7.14,114,0.477,0,3,20.0,6,4.0,6,1,2,2
CUST_04016,37.0,Mumbai,1.0,24,41301.96,1720.92,24.0,12,0.349,1,5,66.0,39,18.0,22,6,9,3
CUST_04017,42.0,Other,1.5,5,11609.21,2321.84,3.33,122,0.635,3,1,6.0,4,4.0,1,1,1,2
CUST_04018,42.0,Mumbai,2.5,6,8168.98,1361.5,2.4,133,0.667,2,3,9.0,3,5.0,4,3,2,0
CUST_04019,40.0,Ahmedabad,3.3,28,57634.7,2058.38,8.48,21,0.262,0,7,65.0,26,10.0,10,5,13,2
CUST_04020,29.0,Ahmedabad,7.3,21,44920.5,2139.07,2.88,16,0.233,0,4,59.0,35,16.0,17,2,9,6
CUST_04021,41.0,Other,2.9,17,38723.16,2277.83,5.86,12,0.466,2,7,49.0,44,15.0,7,7,8,3
CUST_04022,37.0,Bengaluru,3.0,20,33564.29,1678.21,6.67,1,0.348,0,4,63.0,28,16.0,16,4,8,1
CUST_04023,35.0,Jaipur,4.7,2,2959.21,1479.61,0.43,34,0.544,2,3,24.0,6,5.0,6,9,4,0
CUST_04024,28.0,Other,1.1,3,5105.92,1701.97,2.73,32,0.485,0,4,13.0,9,10.0,6,3,1,1
CUST_04025,29.0,Mumbai,3.3,6,11586.1,1931.02,1.82,32,0.507,1,6,10.0,8,6.0,5,7,4,3
CUST_04026,35.0,Bengaluru,4.4,6,10848.34,1808.06,1.36,55,0.193,0,5,21.0,7,9.0,7,4,1,4
CUST_04027,58.0,Mumbai,2.1,19,43277.62,2277.77,9.05,9,0.394,0,2,55.0,30,8.0,17,1,10,7
CUST_04028,37.0,Hyderabad,2.7,19,59363.3,3124.38,7.04,12,0.305,1,1,66.0,30,12.0,9,1,9,3
CUST_04029,28.0,Hyderabad,2.3,8,16098.29,2012.29,3.48,51,0.404,0,2,20.0,5,7.0,3,2,7,4
CUST_04030,26.0,Pune,2.1,27,64493.27,2388.64,12.86,19,0.302,1,4,59.0,25,12.0,14,5,10,5
CUST_04031,29.0,Ahmedabad,3.1,4,3849.79,962.45,1.29,38,0.347,1,3,22.0,8,8.0,4,4,2,1
CUST_04032,56.0,Mumbai,5.4,30,48144.06,1604.8,5.56,8,0.237,1,3,55.0,25,10.0,20,1,10,2
CUST_04033,30.0,Ahmedabad,3.9,18,53351.02,2963.95,4.62,14,0.405,1,3,60.0,20,10.0,16,6,11,1
CUST_04034,43.0,Mumbai,6.2,16,20263.57,1266.47,2.58,139,0.702,0,2,13.0,2,2.0,0,4,3,1
CUST_04035,30.0,Chennai,2.1,16,43372.58,2710.79,7.62,22,0.242,2,5,50.0,27,10.0,19,2,7,1
CUST_04036,37.0,Mumbai,4.1,8,13681.22,1710.15,1.95,181,0.357,1,6,11.0,5,3.0,5,1,1,1
CUST_04037,42.0,Pune,3.4,8,3091.02,386.38,2.35,132,0.706,1,3,7.0,2,3.0,2,2,0,0
CUST_04038,28.0,Kolkata,5.3,2,2876.38,1438.19,0.38,35,0.617,0,3,21.0,10,2.0,4,3,4,4
CUST_04039,28.0,Delhi,4.2,6,9260.49,1543.41,1.43,148,0.495,2,4,13.0,5,6.0,4,2,6,2
CUST_04040,51.0,Bengaluru,6.0,10,13038.21,1303.82,1.67,88,0.703,1,5,41.0,20,18.0,12,4,16,3
CUST_04041,44.0,Other,1.7,10,19372.87,1937.29,5.88,131,0.472,2,2,10.0,4,0.0,2,3,2,6
CUST_04042,42.0,Mumbai,7.4,25,67852.12,2714.08,3.38,14,0.423,1,3,61.0,32,12.0,13,7,11,3
CUST_04043,42.0,Ahmedabad,2.1,13,12948.68,996.05,6.19,27,0.876,2,4,35.0,28,24.0,14,5,5,2
CUST_04044,39.0,Mumbai,1.9,10,10984.99,1098.5,5.26,23,0.78,5,2,38.0,10,22.0,14,10,11,2
CUST_04045,54.0,Mumbai,3.9,23,41406.39,1800.28,5.9,8,0.134,2,6,57.0,34,10.0,18,2,5,3
CUST_04046,34.0,Mumbai,0.4,23,38849.29,1689.1,57.5,4,0.447,3,5,68.0,28,16.0,14,2,10,1
CUST_04047,40.0,Other,2.7,24,59004.98,2458.54,8.89,10,0.16,2,4,68.0,30,13.0,15,5,11,3
CUST_04048,19.0,Pune,1.6,15,21349.1,1423.27,9.38,24,0.68,5,5,47.0,16,15.0,16,10,9,8
CUST_04049,26.0,Jaipur,1.3,7,15244.67,2177.81,5.38,81,0.275,2,3,14.0,3,4.0,2,1,3,2
CUST_04050,22.0,Other,1.6,27,55712.19,2063.41,16.88,13,0.332,0,3,58.0,36,9.0,15,5,15,1
CUST_04051,47.0,Delhi,2.0,9,21423.6,2380.4,4.5,99,0.5,1,2,14.0,5,3.0,1,3,0,4
CUST_04052,18.0,Chennai,1.6,5,7457.31,1491.46,3.12,59,0.521,1,4,20.0,3,6.0,8,12,4,1
CUST_04053,30.0,Kolkata,1.2,2,3125.04,1562.52,1.67,54,0.496,1,4,18.0,4,4.0,5,6,1,4
CUST_04054,18.0,Delhi,2.0,11,12016.86,1092.44,5.5,26,0.662,2,1,43.0,16,24.0,9,13,12,3
CUST_04055,26.0,Mumbai,0.9,3,4712.72,1570.91,3.33,42,0.43,0,4,14.0,12,6.0,7,5,5,0
CUST_04056,29.0,Bengaluru,4.0,20,53879.03,2693.95,5.0,7,0.204,0,3,50.0,21,22.0,12,2,7,1
CUST_04057,48.0,Kolkata,1.9,3,1644.81,548.27,1.58,57,0.43,5,4,18.0,2,6.0,13,5,5,1
CUST_04058,38.0,Ahmedabad,1.2,20,36350.94,1817.55,16.67,3,0.129,4,4,54.0,21,15.0,17,4,10,4
CUST_04059,26.0,Pune,4.4,7,5277.81,753.97,1.59,94,0.496,1,2,7.0,4,4.0,3,1,3,6
CUST_04060,45.0,Mumbai,4.0,10,27779.81,2777.98,2.5,61,0.282,2,2,10.0,7,4.0,4,1,1,3
CUST_04061,34.0,Other,1.4,20,45379.42,2268.97,14.29,6,0.338,1,2,59.0,34,5.0,14,0,6,1
CUST_04062,34.0,Mumbai,8.7,30,56940.39,1898.01,3.45,47,0.263,1,5,65.0,30,10.0,16,4,10,2
CUST_04063,22.0,Kolkata,7.9,3,4694.58,1564.86,0.38,61,0.128,1,4,17.0,6,5.0,7,4,3,3
CUST_04064,24.0,Mumbai,4.6,25,57599.2,2303.97,5.43,7,0.385,1,5,,36,13.0,11,3,9,2
CUST_04065,26.0,Ahmedabad,6.0,10,17070.55,1707.05,1.67,120,0.469,2,5,10.0,2,4.0,5,1,1,3
CUST_04066,34.0,Other,1.2,25,73706.62,2948.26,20.83,5,0.24,1,4,62.0,21,9.0,11,5,7,3
CUST_04067,35.0,Delhi,3.8,21,54733.39,2606.35,5.53,18,0.182,0,1,73.0,28,14.0,7,1,12,3
CUST_04068,49.0,Mumbai,2.6,6,8424.34,1404.06,2.31,232,0.616,1,3,7.0,2,3.0,3,1,2,4
CUST_04069,38.0,Bengaluru,3.8,6,11662.34,1943.72,1.58,115,0.43,3,4,22.0,7,4.0,5,7,1,2
CUST_04070,18.0,Delhi,4.3,3,3923.16,1307.72,0.7,56,0.354,1,3,11.0,6,11.0,5,6,5,2
CUST_04071,37.0,Bengaluru,4.3,24,49618.34,2067.43,5.58,2,0.109,3,5,60.0,37,12.0,19,7,6,4
CUST_04072,19.0,Chennai,1.5,1,1825.34,1825.34,0.67,12,0.113,0,3,19.0,11,3.0,6,6,4,3
CUST_04073,24.0,Pune,10.0,7,5524.08,789.15,0.7,47,0.96,2,7,44.0,15,21.0,10,5,10,3
CUST_04074,26.0,Delhi,2.9,10,10802.19,1080.22,3.45,72,0.566,2,3,42.0,19,21.0,11,11,9,4
CUST_04075,27.0,Ahmedabad,1.1,2,2395.1,1197.55,1.82,68,0.127,0,4,11.0,7,12.0,6,7,5,3
CUST_04076,20.0,Chennai,5.0,19,20645.78,1086.62,3.8,18,0.812,7,3,54.0,16,19.0,21,10,11,2
CUST_04077,36.0,Delhi,1.6,26,34714.81,1335.18,16.25,4,0.41,2,5,83.0,29,7.0,17,8,11,2
CUST_04078,20.0,Chennai,2.9,30,47477.25,1582.58,10.34,5,0.425,0,4,65.0,43,12.0,11,1,10,3
CUST_04079,38.0,Kolkata,2.3,2,2343.89,1171.94,0.87,97,0.392,1,5,13.0,8,9.0,5,2,3,2
CUST_04080,56.0,Hyderabad,3.8,16,23464.27,1466.52,4.21,10,0.086,4,4,55.0,28,14.0,18,2,13,3
CUST_04081,21.0,Pune,6.0,4,6003.04,1500.76,0.67,44,0.611,1,4,15.0,7,8.0,2,6,3,0
CUST_04082,31.0,Mumbai,3.3,20,30629.18,1531.46,6.06,7,0.137,1,5,77.0,29,16.0,19,4,12,4
CUST_04083,18.0,Ahmedabad,2.0,4,8707.0,2176.75,2.0,62,0.428,0,4,16.0,9,5.0,3,4,6,4
CUST_04084,31.0,Ahmedabad,8.1,4,8050.2,2012.55,0.49,34,0.383,0,3,12.0,8,6.0,6,3,1,1
CUST_04085,40.0,Chennai,6.7,21,53445.07,2545.0,3.13,30,0.449,2,3,72.0,22,11.0,20,5,11,4
CUST_04086,41.0,Mumbai,10.0,12,24018.27,2001.52,1.2,7,0.356,2,4,56.0,29,12.0,13,6,13,3
CUST_04087,35.0,Hyderabad,1.9,9,28117.8,3124.2,4.74,14,0.366,0,4,44.0,20,19.0,14,3,9,0
CUST_04088,43.0,Ahmedabad,1.2,10,12280.3,1228.03,8.33,5,0.922,1,1,50.0,24,17.0,13,11,13,4
CUST_04089,59.0,Delhi,0.7,3,3561.78,1187.26,4.29,16,0.373,1,4,14.0,8,5.0,4,1,2,4
CUST_04090,51.0,Pune,0.9,25,62979.01,2519.16,27.78,7,0.144,0,3,50.0,20,18.0,10,2,8,6
CUST_04091,29.0,Hyderabad,2.3,8,8284.5,1035.56,3.48,97,0.218,1,5,15.0,4,5.0,1,6,3,6
CUST_04092,19.0,Ahmedabad,3.5,23,50712.84,2204.91,6.57,25,0.086,3,1,76.0,30,7.0,17,3,5,3
CUST_04093,30.0,Mumbai,1.6,7,10706.58,1529.51,4.38,47,0.802,1,3,44.0,22,21.0,9,5,11,4
CUST_04094,25.0,Hyderabad,1.1,5,7293.06,1458.61,4.55,242,0.545,3,2,8.0,3,3.0,5,0,0,1
CUST_04095,,Chennai,3.9,30,49787.43,1659.58,7.69,7,0.176,3,5,60.0,29,5.0,14,5,9,5
CUST_04096,22.0,Hyderabad,5.8,6,4478.91,746.48,1.03,31,0.777,0,3,49.0,18,20.0,16,16,15,3
CUST_04097,33.0,Chennai,0.4,9,26773.63,2974.85,22.5,8,0.043,0,3,50.0,29,18.0,12,5,10,4
CUST_04098,42.0,Chennai,0.4,14,39474.39,2819.6,35.0,15,0.221,0,4,52.0,23,17.0,7,4,7,1
CUST_04099,33.0,Mumbai,2.8,24,50220.16,2092.51,8.57,8,0.163,0,4,60.0,35,9.0,20,1,11,3
CUST_04100,25.0,Pune,4.3,19,40792.37,2146.97,4.42,19,0.073,1,4,64.0,19,9.0,10,4,7,3
CUST_04101,46.0,Hyderabad,1.3,5,7501.34,1500.27,3.85,112,0.27,1,4,19.0,7,6.0,4,5,0,5
CUST_04102,18.0,Mumbai,0.8,27,53974.84,1999.07,33.75,20,0.353,2,3,67.0,33,11.0,17,6,12,0
CUST_04103,31.0,Chennai,5.5,9,9872.47,1096.94,1.64,30,0.941,0,2,57.0,19,22.0,15,10,16,2
CUST_04104,34.0,Chennai,2.8,21,62436.96,2973.19,7.5,13,0.129,0,4,58.0,19,10.0,10,3,14,5
CUST_04105,34.0,Pune,1.4,24,40362.14,1681.76,17.14,7,0.338,0,1,82.0,34,17.0,13,3,11,3
CUST_04106,36.0,Hyderabad,8.4,7,6651.82,950.26,0.83,38,0.533,2,3,23.0,10,8.0,5,3,5,1
CUST_04107,40.0,Hyderabad,4.5,7,16326.11,2332.3,1.56,183,0.475,3,4,14.0,1,6.0,2,5,1,1
CUST_04108,34.0,Pune,2.6,23,52119.94,2266.08,8.85,17,0.167,1,5,48.0,26,19.0,8,2,10,6
CUST_04109,30.0,Bengaluru,5.2,9,17636.26,1959.58,1.73,30,0.339,1,5,10.0,3,5.0,3,3,1,0
CUST_04110,30.0,Other,0.7,13,12464.92,958.84,18.57,16,0.86,0,5,40.0,19,32.0,17,9,14,2
CUST_04111,28.0,Bengaluru,2.0,12,15102.19,1258.52,6.0,22,0.851,2,3,42.0,21,19.0,12,7,11,2
CUST_04112,42.0,Hyderabad,1.7,11,13522.35,1229.3,6.47,19,0.585,3,1,44.0,21,21.0,14,10,10,1
CUST_04113,28.0,Mumbai,2.3,14,24750.64,1767.9,6.09,3,0.319,1,7,58.0,22,19.0,13,4,10,3
CUST_04114,42.0,Mumbai,6.7,20,59430.37,2971.52,2.99,10,0.168,3,3,57.0,31,12.0,16,4,5,2
CUST_04115,34.0,Mumbai,7.5,12,12257.37,1021.45,1.6,16,0.915,2,4,46.0,15,18.0,10,5,9,3
CUST_04116,29.0,Kolkata,3.3,19,36225.24,1906.59,5.76,4,0.379,2,3,80.0,28,17.0,15,2,11,4
CUST_04117,40.0,Delhi,1.8,12,31481.24,2623.44,6.67,190,0.451,3,4,15.0,4,6.0,2,2,4,3
CUST_04118,27.0,Pune,1.1,23,43294.81,1882.38,20.91,21,0.111,2,3,54.0,20,14.0,26,6,11,1
CUST_04119,40.0,Kolkata,7.0,20,54004.09,2700.2,2.86,9,0.193,2,4,47.0,29,15.0,13,2,5,2
CUST_04120,36.0,Mumbai,4.0,7,10764.43,1537.78,1.75,98,0.514,2,5,19.0,9,4.0,4,3,2,2
CUST_04121,28.0,Pune,1.6,31,64209.35,2071.27,19.38,1,0.494,0,5,69.0,36,7.0,21,6,14,1
CUST_04122,39.0,Bengaluru,1.7,10,8862.45,886.25,5.88,55,0.942,3,1,46.0,16,26.0,16,15,11,2
CUST_04123,39.0,Delhi,3.2,4,4584.12,1146.03,1.25,52,0.432,0,5,15.0,4,5.0,2,3,1,2
CUST_04124,46.0,Hyderabad,0.7,11,21120.05,1920.0,15.71,317,0.42,2,5,11.0,2,4.0,5,1,1,2
CUST_04125,44.0,Delhi,2.4,3,7422.25,,1.25,172,0.513,0,4,16.0,5,6.0,4,7,4,1
CUST_04126,39.0,Delhi,1.5,5,5150.3,1030.06,3.33,64,0.295,1,1,17.0,5,5.0,2,8,5,0
CUST_04127,23.0,Jaipur,5.3,4,4808.65,1202.16,0.75,48,0.467,0,3,18.0,3,6.0,5,7,4,2
CUST_04128,58.0,Jaipur,3.1,5,10180.27,2036.05,1.61,187,0.665,2,5,9.0,4,1.0,3,3,1,7
CUST_04129,20.0,Ahmedabad,1.9,27,43660.23,1617.05,14.21,7,0.462,1,4,59.0,40,12.0,10,3,7,5
CUST_04130,43.0,Jaipur,1.4,19,50467.17,2656.17,13.57,20,0.394,0,3,53.0,30,11.0,15,7,8,4
CUST_04131,38.0,Hyderabad,8.2,28,39333.1,1404.75,3.41,27,0.172,3,5,72.0,32,12.0,11,3,12,5
CUST_04132,22.0,Chennai,7.2,24,24855.32,1035.64,3.33,10,0.316,1,2,69.0,40,7.0,13,3,11,2
CUST_04133,33.0,Hyderabad,0.2,5,5159.08,1031.82,25.0,77,0.17,1,5,19.0,11,4.0,5,5,6,3
CUST_04134,33.0,Ahmedabad,7.6,7,12985.7,1855.1,0.92,96,0.428,2,4,21.0,5,4.0,5,5,5,0
CUST_04135,47.0,Hyderabad,1.2,10,15663.77,1566.38,8.33,19,0.781,3,6,53.0,13,25.0,12,6,15,1
CUST_04136,27.0,Mumbai,3.6,16,47650.32,2978.15,4.44,6,0.112,1,1,55.0,11,16.0,17,0,10,1
CUST_04137,31.0,Ahmedabad,,2,2855.7,1427.85,0.62,27,0.394,1,2,14.0,9,11.0,3,8,2,3
CUST_04138,18.0,Kolkata,1.1,28,54699.32,1953.55,25.45,4,0.253,0,5,57.0,34,19.0,13,5,9,4
CUST_04139,51.0,Ahmedabad,4.8,6,11476.27,1912.71,1.25,27,0.411,1,3,,9,6.0,3,8,2,4
CUST_04140,23.0,Pune,1.4,12,12877.04,,8.57,47,0.732,1,1,38.0,14,21.0,11,14,9,2
CUST_04141,37.0,Pune,3.2,29,53627.43,1849.22,9.06,24,0.529,1,2,60.0,29,10.0,22,1,11,2
CUST_04142,33.0,Delhi,9.7,23,46612.25,2026.62,2.37,3,0.378,2,4,58.0,24,12.0,12,1,9,2
CUST_04143,33.0,Bengaluru,2.3,17,36109.46,2124.09,7.39,2,0.191,2,3,63.0,15,14.0,10,1,16,1
CUST_04144,42.0,Mumbai,2.7,5,7852.03,1570.41,1.85,106,0.47,3,3,17.0,9,5.0,4,7,4,1
CUST_04145,51.0,Delhi,2.6,12,23290.36,1940.86,4.62,287,0.718,2,7,15.0,5,2.0,2,2,3,4
CUST_04146,37.0,Pune,1.6,3,3484.24,1161.41,1.88,45,0.506,0,5,12.0,9,4.0,5,5,1,2
CUST_04147,41.0,Pune,0.5,15,30657.19,2043.81,30.0,12,0.116,0,6,54.0,21,13.0,6,1,10,1
CUST_04148,37.0,Chennai,2.4,29,78697.76,2713.72,12.08,13,0.106,1,4,65.0,31,12.0,5,4,5,1
CUST_04149,44.0,Jaipur,0.8,3,5389.22,1796.41,3.75,46,0.434,1,6,17.0,7,2.0,5,5,1,0
CUST_04150,29.0,Mumbai,4.4,1,1777.86,1777.86,0.23,23,0.327,0,4,18.0,9,10.0,3,5,4,4
CUST_04151,45.0,Hyderabad,2.4,23,54370.42,2363.93,9.58,16,0.172,2,4,51.0,21,14.0,20,7,11,3
CUST_04152,45.0,Mumbai,0.6,17,47036.32,2766.84,28.33,15,0.133,4,5,61.0,21,9.0,17,0,10,1
CUST_04153,45.0,Mumbai,7.2,5,8597.37,1719.47,0.69,54,0.448,4,6,19.0,3,6.0,5,7,8,2
CUST_04154,27.0,Chennai,2.0,27,57766.18,2139.49,13.5,46,0.374,1,4,60.0,38,11.0,10,2,12,4
CUST_04155,32.0,Kolkata,2.7,18,30927.79,1718.21,6.67,2,0.189,0,3,66.0,32,12.0,13,3,10,6
CUST_04156,36.0,Ahmedabad,2.8,21,76002.83,3619.18,7.5,9,0.065,0,5,47.0,17,16.0,15,3,5,2
CUST_04157,20.0,Bengaluru,5.6,6,5288.5,881.42,1.07,52,0.859,2,6,38.0,11,16.0,8,14,8,3
CUST_04158,50.0,Jaipur,2.7,4,7596.11,1899.03,1.48,114,0.815,3,5,10.0,2,3.0,3,2,3,1
CUST_04159,34.0,Mumbai,2.1,8,13236.23,1654.53,3.81,212,0.47,1,3,11.0,6,3.0,3,1,0,1
CUST_04160,37.0,Pune,1.8,10,3317.8,331.78,5.56,31,0.934,4,5,40.0,9,25.0,14,7,10,2
CUST_04161,28.0,Mumbai,1.7,8,9262.07,1157.76,4.71,25,0.91,2,6,43.0,17,21.0,17,8,8,3
CUST_04162,21.0,Ahmedabad,0.9,29,71882.18,2478.7,32.22,8,0.234,3,4,62.0,22,15.0,13,5,7,2
CUST_04163,28.0,Pune,2.0,10,10898.09,1089.81,5.0,46,0.6,4,1,42.0,17,18.0,7,10,11,3
CUST_04164,36.0,Mumbai,2.3,16,30748.51,1921.78,6.96,19,0.354,1,2,52.0,36,13.0,13,6,8,2
CUST_04165,41.0,Hyderabad,5.6,13,17108.59,1316.05,2.32,27,0.773,1,2,35.0,12,23.0,14,12,14,4
CUST_04166,36.0,Mumbai,5.5,27,59974.27,2221.27,4.91,4,0.353,0,3,69.0,33,15.0,16,2,5,2
CUST_04167,37.0,Mumbai,1.9,31,55125.3,1778.24,16.32,5,0.634,1,2,60.0,35,18.0,19,2,12,1
CUST_04168,31.0,Mumbai,0.8,17,45589.37,2681.73,21.25,15,0.331,2,1,50.0,36,9.0,13,4,6,4
CUST_04169,39.0,Mumbai,1.3,22,32672.31,1485.11,16.92,14,0.212,2,5,63.0,31,10.0,13,4,17,6
CUST_04170,49.0,Chennai,3.3,17,32071.4,1886.55,5.15,5,0.275,2,4,65.0,16,17.0,7,2,8,3
CUST_04171,41.0,Hyderabad,1.5,17,39533.22,2325.48,11.33,10,0.239,2,5,61.0,19,13.0,12,2,8,3
CUST_04172,42.0,Pune,,8,17859.44,2232.43,2.76,123,0.483,1,4,14.0,4,3.0,1,3,2,1
CUST_04173,37.0,Pune,0.5,10,11977.07,1197.71,20.0,26,0.767,2,2,49.0,13,22.0,11,13,8,0
CUST_04174,19.0,Ahmedabad,6.2,13,16236.0,1248.92,2.1,14,0.735,1,4,40.0,21,26.0,10,9,11,4
CUST_04175,24.0,Bengaluru,2.6,10,11739.86,1173.99,3.85,215,0.339,3,4,12.0,2,4.0,1,0,1,4
CUST_04176,39.0,Chennai,2.3,7,11555.7,1650.81,3.04,43,0.615,0,4,8.0,6,7.0,1,1,1,3
CUST_04177,34.0,Bengaluru,4.4,8,6149.18,,1.82,95,0.756,3,2,56.0,18,20.0,12,15,11,6
CUST_04178,38.0,Pune,2.0,8,9918.03,1239.75,4.0,55,0.45,0,5,14.0,8,8.0,6,3,5,2
CUST_04179,51.0,Other,0.5,20,25712.67,1285.63,40.0,5,0.667,2,4,75.0,26,13.0,13,2,8,3
CUST_04180,41.0,Hyderabad,2.4,28,63303.05,2260.82,11.67,1,0.237,3,4,59.0,29,9.0,15,6,12,5
CUST_04181,47.0,Mumbai,2.6,29,66808.28,2303.73,11.15,16,0.274,3,2,64.0,38,16.0,15,5,8,3
CUST_04182,35.0,Delhi,3.1,3,3544.43,1181.48,0.97,73,0.627,0,3,15.0,6,9.0,3,5,2,1
CUST_04183,26.0,Delhi,8.6,3,3108.45,1036.15,0.35,33,0.277,0,3,27.0,8,8.0,8,9,3,2
CUST_04184,33.0,Pune,4.0,32,51007.43,1593.98,8.0,20,0.324,1,3,60.0,30,10.0,20,2,5,0
CUST_04185,26.0,Other,2.9,19,29860.36,1571.6,6.55,12,0.354,1,3,49.0,24,10.0,12,3,6,2
CUST_04186,50.0,Jaipur,4.6,4,6894.29,1723.57,0.87,60,0.352,1,4,21.0,11,11.0,3,3,8,4
CUST_04187,42.0,Pune,0.6,20,74789.74,3739.49,33.33,37,0.179,1,5,50.0,21,12.0,14,4,8,0
CUST_04188,39.0,Delhi,5.9,13,10753.35,827.18,2.2,40,0.95,1,5,46.0,17,16.0,21,9,17,3
CUST_04189,46.0,Kolkata,4.4,5,7383.08,1476.62,1.14,29,0.388,1,2,24.0,7,7.0,3,7,5,1
CUST_04190,18.0,Pune,6.2,3,5883.27,1961.09,0.48,13,0.348,1,7,21.0,7,7.0,3,6,5,3
CUST_04191,40.0,Hyderabad,2.1,6,8919.41,1486.57,2.86,123,0.203,1,1,11.0,6,6.0,6,5,2,5
CUST_04192,21.0,Chennai,3.5,11,15283.64,1389.42,3.14,95,0.303,3,3,8.0,3,6.0,0,2,1,3
CUST_04193,34.0,Chennai,2.1,12,15719.26,1309.94,5.71,75,0.783,2,4,42.0,21,30.0,13,7,9,6
CUST_04194,31.0,Chennai,8.2,6,10564.09,1760.68,0.73,39,0.331,0,5,16.0,7,7.0,4,8,3,3
CUST_04195,41.0,Chennai,2.2,12,11208.09,934.01,5.45,6,0.858,5,2,52.0,20,25.0,7,3,13,1
CUST_04196,36.0,Other,1.2,19,31427.85,1654.1,15.83,2,0.068,0,2,45.0,23,15.0,16,1,5,2
CUST_04197,47.0,Delhi,1.4,10,23412.15,2341.21,7.14,7,0.058,3,5,52.0,25,19.0,14,2,8,3
CUST_04198,28.0,Jaipur,3.1,21,39942.03,1902.0,6.77,12,0.108,3,2,84.0,26,9.0,11,5,10,1
CUST_04199,41.0,Mumbai,4.2,7,7815.0,1116.43,1.67,9,0.957,3,4,45.0,17,20.0,12,8,12,2
CUST_04200,36.0,Delhi,1.4,10,6055.27,605.53,7.14,30,0.933,6,3,51.0,16,21.0,13,7,20,3
CUST_04201,18.0,Mumbai,4.0,3,5098.77,1699.59,0.75,65,0.631,2,3,21.0,7,10.0,8,3,3,2
CUST_04202,25.0,Chennai,5.9,17,42978.57,2528.15,2.88,10,0.36,1,3,63.0,31,12.0,14,0,7,3
CUST_04203,33.0,Mumbai,5.4,14,48779.4,3484.24,2.59,31,0.323,0,3,56.0,31,11.0,18,5,11,3
CUST_04204,45.0,Ahmedabad,4.0,13,29199.81,2246.14,3.25,177,0.584,0,3,8.0,2,3.0,4,4,1,4
CUST_04205,39.0,Chennai,4.3,22,59662.17,2711.92,5.12,14,0.339,1,7,46.0,23,6.0,14,2,8,2
CUST_04206,22.0,Mumbai,3.7,9,5133.29,570.37,2.43,20,0.959,6,1,50.0,14,16.0,8,6,11,6
CUST_04207,33.0,Kolkata,0.6,7,6076.57,868.08,11.67,31,0.864,0,3,52.0,17,22.0,10,6,16,1
CUST_04208,54.0,Jaipur,4.8,10,11027.91,1102.79,2.08,38,0.934,0,4,61.0,11,16.0,13,7,14,1
CUST_04209,35.0,Chennai,2.0,12,22772.02,1897.67,6.0,25,0.161,2,4,57.0,21,19.0,11,0,16,1
CUST_04210,31.0,Mumbai,5.7,14,34287.06,2449.08,2.46,2,0.289,2,3,52.0,16,13.0,8,1,6,2
CUST_04211,39.0,Jaipur,1.7,19,49979.19,2630.48,11.18,28,0.123,2,2,52.0,35,16.0,15,3,8,2
CUST_04212,42.0,Kolkata,2.2,12,14850.55,1237.55,5.45,43,0.789,2,3,53.0,18,13.0,13,4,18,3
CUST_04213,29.0,Delhi,3.3,15,19693.51,1312.9,4.55,43,0.677,5,3,50.0,16,18.0,13,6,14,2
CUST_04214,39.0,Delhi,10.0,33,53019.55,1606.65,3.3,3,0.158,1,2,80.0,35,12.0,18,6,10,0
CUST_04215,31.0,Bengaluru,3.4,4,5995.33,1498.83,1.18,179,0.69,3,3,26.0,8,5.0,2,3,3,2
CUST_04216,41.0,Jaipur,3.4,5,5956.41,1191.28,1.47,47,0.322,1,5,13.0,8,7.0,5,3,3,1
CUST_04217,36.0,Pune,1.2,17,38713.2,2277.25,14.17,5,0.385,1,5,58.0,24,12.0,12,1,14,3
CUST_04218,39.0,Mumbai,1.0,12,11804.8,983.73,12.0,2,0.962,3,4,49.0,16,15.0,6,10,17,2
CUST_04219,26.0,Jaipur,1.9,3,2847.87,949.29,1.58,28,0.609,3,5,15.0,8,7.0,4,8,0,1
CUST_04220,26.0,Mumbai,4.2,20,55811.55,2790.58,4.76,5,0.45,3,3,68.0,31,11.0,11,5,6,3
CUST_04221,43.0,Other,3.4,23,37496.95,1630.3,6.76,9,0.439,2,1,64.0,32,20.0,17,6,14,6
CUST_04222,33.0,Delhi,2.8,12,12529.75,1044.15,4.29,30,0.561,6,3,48.0,19,31.0,13,10,11,1
CUST_04223,37.0,Bengaluru,2.1,4,5580.54,1395.14,1.9,157,0.68,1,4,7.0,4,4.0,1,1,3,1
CUST_04224,31.0,Mumbai,4.8,1,1629.96,1629.96,0.21,92,0.354,2,8,20.0,5,3.0,4,2,4,2
CUST_04225,43.0,Other,7.1,19,22042.66,1160.14,2.68,45,0.635,2,4,55.0,22,23.0,14,7,10,2
CUST_04226,28.0,Kolkata,4.6,4,7456.73,1864.18,0.87,19,0.447,0,1,9.0,3,0.0,5,4,2,2
CUST_04227,33.0,Other,6.2,30,58491.17,1949.71,4.84,9,0.321,1,3,73.0,39,14.0,18,4,5,0
CUST_04228,42.0,Chennai,2.6,2,2519.8,1259.9,0.77,20,0.404,2,2,16.0,8,5.0,7,5,2,0
CUST_04229,46.0,Pune,4.3,14,15468.86,1104.92,3.26,3,0.786,7,5,46.0,15,28.0,16,8,8,2
CUST_04230,29.0,Delhi,8.7,20,44577.04,2228.85,2.3,17,0.297,1,6,53.0,28,17.0,9,2,5,0
CUST_04231,54.0,Bengaluru,6.2,2,5353.04,2676.52,0.32,36,0.476,0,3,19.0,7,4.0,5,3,1,2
CUST_04232,37.0,Hyderabad,7.8,11,12251.94,1113.81,1.41,27,0.799,3,1,48.0,20,23.0,11,12,15,1
CUST_04233,24.0,Other,6.3,29,63919.45,2204.12,4.6,3,0.469,1,6,59.0,23,10.0,12,3,10,2
CUST_04234,38.0,Delhi,7.3,9,19513.17,2168.13,1.23,194,0.386,0,4,11.0,3,3.0,3,2,1,2
CUST_04235,30.0,Chennai,2.0,13,28502.44,2192.5,6.5,12,0.213,3,2,45.0,24,13.0,8,3,6,1
CUST_04236,38.0,Other,1.6,24,50689.17,2112.05,15.0,1,0.42,0,4,60.0,34,17.0,19,7,13,0
CUST_04237,34.0,Mumbai,2.5,17,37517.24,2206.9,6.8,6,0.22,2,5,37.0,28,16.0,14,3,7,2
CUST_04238,35.0,Jaipur,2.2,5,6158.59,1231.72,2.27,5,0.165,0,7,20.0,8,8.0,3,6,3,3
CUST_04239,25.0,Bengaluru,1.8,7,12800.26,1828.61,3.89,61,0.339,0,3,16.0,7,5.0,3,1,2,3
CUST_04240,44.0,Kolkata,7.4,27,55866.41,2069.13,3.65,15,0.42,2,3,70.0,41,8.0,14,2,3,1
CUST_04241,22.0,Delhi,1.0,2,2361.3,1180.65,2.0,24,0.306,2,5,21.0,4,5.0,7,4,4,3
CUST_04242,23.0,Delhi,6.2,25,40315.41,1612.62,4.03,6,0.217,1,3,70.0,24,13.0,18,3,11,5
CUST_04243,38.0,Mumbai,4.5,3,4221.64,1407.21,0.67,137,0.732,2,3,18.0,9,3.0,8,2,4,4
CUST_04244,50.0,Other,0.2,14,20569.96,1469.28,70.0,44,0.913,2,4,48.0,14,15.0,15,8,13,1
CUST_04245,30.0,Ahmedabad,2.1,23,48708.31,2117.75,10.95,12,0.148,0,3,71.0,39,13.0,14,4,9,0
CUST_04246,41.0,Mumbai,1.9,7,9856.05,1408.01,3.68,170,0.583,2,1,5.0,1,1.0,1,6,1,6
CUST_04247,45.0,Other,1.5,25,55738.4,2229.54,16.67,4,0.2,1,3,75.0,32,12.0,17,3,10,2
CUST_04248,42.0,Hyderabad,1.5,18,38419.01,2134.39,12.0,2,0.113,1,2,51.0,25,12.0,9,4,10,6
CUST_04249,31.0,Jaipur,1.7,8,12657.85,1582.23,4.71,47,0.957,1,2,44.0,21,20.0,12,12,8,4
CUST_04250,23.0,Mumbai,1.6,11,18450.52,1677.32,6.88,66,0.67,3,5,9.0,4,1.0,4,2,2,3
CUST_04251,18.0,Delhi,2.1,26,52058.6,2002.25,12.38,13,0.416,2,3,63.0,26,9.0,13,4,8,4
CUST_04252,31.0,Chennai,1.7,13,27974.46,2151.88,7.65,24,0.077,1,4,59.0,24,19.0,13,5,6,3
CUST_04253,46.0,Mumbai,1.9,26,31587.42,1214.9,13.68,16,0.3,0,1,67.0,38,12.0,8,2,11,4
CUST_04254,23.0,Bengaluru,9.6,24,11580.75,482.53,2.5,17,0.807,5,5,46.0,22,23.0,12,8,8,1
CUST_04255,41.0,Bengaluru,4.2,23,55839.1,2427.79,5.48,17,0.173,0,3,57.0,23,13.0,16,4,25,1
CUST_04256,24.0,Pune,6.8,4,7051.39,1762.85,0.59,89,0.304,2,5,23.0,2,5.0,4,6,4,2
CUST_04257,35.0,Delhi,1.0,11,18871.75,1715.61,11.0,126,0.676,3,3,5.0,10,3.0,0,2,2,3
CUST_04258,41.0,Other,1.8,9,10597.82,1177.54,5.0,45,0.851,3,4,57.0,16,13.0,15,14,7,1
CUST_04259,27.0,Delhi,1.4,31,34424.41,1110.46,22.14,4,0.382,2,2,54.0,28,16.0,16,7,5,3
CUST_04260,36.0,Pune,10.0,25,46927.5,1877.1,2.5,11,0.274,2,6,59.0,34,13.0,16,5,9,2
CUST_04261,30.0,Hyderabad,5.2,14,41534.31,2966.74,2.69,20,0.131,1,4,54.0,28,11.0,11,4,6,7
CUST_04262,41.0,Chennai,2.6,9,7670.97,852.33,3.46,30,0.161,0,4,12.0,5,3.0,0,2,1,4
CUST_04263,36.0,Kolkata,5.8,36,44908.74,1247.47,6.21,6,0.437,1,2,57.0,42,8.0,17,3,11,4
CUST_04264,35.0,Kolkata,2.5,27,46856.94,1735.44,10.8,21,0.139,2,1,56.0,30,11.0,11,2,9,7
CUST_04265,50.0,Mumbai,2.6,4,4080.81,1020.2,1.54,180,0.547,2,2,21.0,7,7.0,3,6,4,2
CUST_04266,41.0,Delhi,1.7,10,10062.39,1006.24,5.88,9,0.921,2,2,38.0,14,24.0,13,12,13,2
CUST_04267,27.0,Kolkata,2.3,1,1626.0,1626.0,0.43,70,0.291,0,5,11.0,5,6.0,7,7,3,5
CUST_04268,33.0,Other,2.8,21,41061.14,1955.29,7.5,18,0.012,0,3,57.0,32,14.0,19,4,11,3
CUST_04269,33.0,Hyderabad,1.4,2,1569.85,784.93,1.43,95,0.392,2,3,20.0,2,6.0,6,5,3,2
CUST_04270,35.0,Mumbai,6.4,7,18080.7,2582.96,1.09,223,0.548,0,2,15.0,9,0.0,2,4,6,7
CUST_04271,59.0,Delhi,6.1,3,5622.49,1874.16,0.49,35,0.419,0,3,18.0,5,4.0,3,5,0,2
CUST_04272,38.0,Mumbai,1.8,10,12091.64,1209.16,5.56,96,0.547,1,2,13.0,2,2.0,1,1,3,6
CUST_04273,18.0,Kolkata,0.5,16,34972.13,2185.76,32.0,2,0.204,2,6,57.0,27,17.0,16,2,8,1
CUST_04274,29.0,Mumbai,2.5,14,13373.4,955.24,5.6,17,0.692,2,2,42.0,19,15.0,11,8,8,2
CUST_04275,18.0,Pune,2.6,14,13678.4,977.03,5.38,33,0.802,3,3,38.0,20,20.0,11,9,10,1
CUST_04276,31.0,Bengaluru,5.3,8,12473.31,1559.16,1.51,45,0.677,1,1,42.0,17,14.0,18,8,14,1
CUST_04277,18.0,Bengaluru,3.1,25,58008.67,2320.35,8.06,4,0.227,0,6,62.0,38,18.0,14,3,9,1
CUST_04278,25.0,Delhi,0.6,23,44242.23,1923.58,38.33,26,0.364,0,4,64.0,30,10.0,16,3,9,7
CUST_04279,19.0,Bengaluru,2.4,20,52383.48,2619.17,8.33,8,0.444,0,2,65.0,26,17.0,16,3,7,4
CUST_04280,38.0,Kolkata,3.2,22,28586.77,1299.4,6.88,34,0.307,2,1,66.0,31,16.0,17,8,9,4
CUST_04281,34.0,Delhi,1.7,14,39936.48,2852.61,8.24,17,0.174,0,3,51.0,29,15.0,13,2,10,4
CUST_04282,37.0,Hyderabad,5.5,7,11544.89,1649.27,1.27,25,0.301,3,1,18.0,3,3.0,5,4,1,4
CUST_04283,33.0,Delhi,5.5,23,29875.38,1298.93,4.18,27,0.195,0,1,69.0,31,14.0,13,2,15,2
CUST_04284,20.0,Delhi,3.0,21,69965.78,3331.7,7.0,3,0.379,0,3,67.0,16,14.0,17,4,5,0
CUST_04285,39.0,Hyderabad,6.3,16,19735.89,1233.49,2.54,34,0.913,3,5,46.0,21,19.0,17,9,17,0
CUST_04286,53.0,Bengaluru,0.3,13,20667.53,1589.81,43.33,9,0.901,5,1,48.0,16,23.0,14,10,14,1
CUST_04287,38.0,Kolkata,3.7,12,12903.01,1075.25,3.24,173,0.324,2,4,11.0,4,4.0,3,3,0,1
CUST_04288,30.0,Hyderabad,3.8,11,15423.7,1402.15,2.89,33,0.677,4,6,37.0,15,28.0,15,6,13,2
CUST_04289,20.0,Ahmedabad,2.2,14,31737.17,2266.94,6.36,13,0.227,0,5,66.0,33,17.0,17,7,6,6
CUST_04290,,Bengaluru,0.4,3,750.0,250.0,7.5,42,0.486,1,4,18.0,10,5.0,6,5,2,1
CUST_04291,39.0,Bengaluru,2.3,13,20044.25,1541.87,5.65,14,0.819,0,4,48.0,19,24.0,12,15,15,4
CUST_04292,45.0,Chennai,1.9,24,70643.71,2943.49,12.63,11,0.268,0,5,45.0,28,13.0,19,3,11,6
CUST_04293,37.0,Pune,7.0,15,16870.79,1124.72,2.14,29,0.925,2,4,50.0,25,20.0,9,11,17,1
CUST_04294,42.0,Delhi,4.6,10,20547.72,2054.77,2.17,92,0.529,1,3,5.0,2,4.0,2,1,4,1
CUST_04295,41.0,Hyderabad,,21,37807.08,1800.34,7.24,9,0.164,1,2,74.0,24,18.0,20,4,8,4
CUST_04296,39.0,Mumbai,2.6,26,57811.91,2223.53,10.0,14,0.514,3,4,66.0,29,16.0,13,5,7,3
CUST_04297,27.0,Bengaluru,7.4,17,45357.01,2668.06,2.3,7,0.172,2,1,60.0,24,16.0,12,2,6,0
CUST_04298,36.0,Hyderabad,0.5,21,54093.02,,42.0,25,0.068,2,2,54.0,24,16.0,12,2,9,1
CUST_04299,26.0,Other,0.5,17,29973.99,1763.18,34.0,4,0.124,2,3,63.0,31,13.0,11,4,14,1
CUST_04300,34.0,Jaipur,9.6,12,10533.68,877.81,1.25,8,0.89,1,2,45.0,15,27.0,12,8,16,3
CUST_04301,37.0,Delhi,2.3,15,37921.91,2528.13,6.52,18,0.056,0,6,60.0,29,18.0,9,1,16,4
CUST_04302,51.0,Bengaluru,1.0,12,30169.42,2514.12,12.0,68,0.417,3,2,2.0,3,3.0,2,3,1,2
CUST_04303,21.0,Mumbai,0.5,6,4870.16,811.69,12.0,34,0.525,0,2,18.0,13,4.0,6,7,3,4
CUST_04304,39.0,Pune,7.5,10,11222.15,1122.22,1.33,39,0.772,0,3,,25,15.0,11,10,7,4
CUST_04305,49.0,Kolkata,1.3,4,10287.7,2571.92,3.08,31,0.424,0,3,19.0,13,7.0,7,3,7,4
CUST_04306,42.0,Mumbai,1.1,13,26099.54,2007.66,11.82,9,0.307,3,3,46.0,25,13.0,13,1,6,2
CUST_04307,42.0,Pune,3.6,12,11870.55,989.21,3.33,79,0.701,0,3,55.0,10,19.0,15,12,7,2
CUST_04308,40.0,Other,4.9,4,3032.13,758.03,0.82,143,0.441,2,3,18.0,9,9.0,4,4,2,3
CUST_04309,47.0,Ahmedabad,3.5,5,6240.8,1248.16,1.43,18,0.419,2,4,20.0,9,4.0,3,6,3,2
CUST_04310,23.0,Ahmedabad,3.5,6,10554.39,,1.71,21,0.38,0,2,11.0,5,7.0,4,8,2,2
CUST_04311,20.0,Jaipur,1.5,16,15807.23,987.95,10.67,7,0.252,1,4,60.0,26,9.0,21,9,9,3
CUST_04312,34.0,Kolkata,3.6,10,21454.85,,2.78,224,0.419,8,5,,5,6.0,3,1,5,1
CUST_04313,18.0,Mumbai,6.7,16,44591.94,2787.0,2.39,10,0.199,2,4,51.0,12,16.0,6,3,8,0
CUST_04314,46.0,Bengaluru,3.8,12,23030.09,1919.17,3.16,207,0.727,1,3,11.0,1,1.0,3,2,1,2
CUST_04315,46.0,Bengaluru,1.6,7,10411.38,1487.34,4.38,237,0.61,2,5,7.0,2,2.0,2,0,0,6
CUST_04316,30.0,Delhi,5.0,11,26088.37,2371.67,2.2,13,0.098,0,3,56.0,20,16.0,8,3,4,3
CUST_04317,30.0,Ahmedabad,1.7,2,2127.71,1063.85,1.18,73,0.272,0,1,17.0,4,9.0,7,6,3,3
CUST_04318,33.0,Bengaluru,3.0,12,31986.45,2665.54,4.0,30,0.098,0,2,62.0,20,8.0,8,3,13,2
CUST_04319,35.0,Mumbai,3.1,26,67148.06,2582.62,8.39,26,0.443,2,1,61.0,32,14.0,17,5,12,5
CUST_04320,35.0,Pune,9.7,9,10588.73,1176.53,0.93,38,0.564,1,3,54.0,18,25.0,12,12,16,0
CUST_04321,40.0,Pune,3.9,6,2492.85,415.47,1.54,35,0.822,2,1,52.0,20,26.0,15,18,8,2
CUST_04322,32.0,Jaipur,1.3,10,18834.28,1883.43,7.69,147,0.732,1,8,12.0,3,1.0,3,1,1,3
CUST_04323,43.0,Chennai,1.2,6,7874.08,1312.35,5.0,91,0.552,0,3,25.0,12,5.0,5,5,4,6
CUST_04324,38.0,Hyderabad,3.1,14,12793.93,913.85,4.52,40,0.876,1,1,47.0,30,23.0,11,10,13,4
CUST_04325,28.0,Bengaluru,7.2,6,10708.94,1784.82,0.83,65,0.513,1,2,14.0,9,6.0,5,6,5,1
CUST_04326,47.0,Chennai,0.4,10,17294.94,1729.49,25.0,148,0.41,3,3,19.0,5,1.0,1,2,1,0
CUST_04327,20.0,Kolkata,3.1,12,25470.34,2122.53,3.87,6,0.356,0,4,47.0,21,9.0,13,4,10,5
CUST_04328,33.0,Hyderabad,6.6,8,14309.96,1788.74,1.21,58,0.341,3,3,7.0,6,1.0,2,2,3,3
CUST_04329,44.0,Other,4.5,17,43234.33,2543.2,3.78,6,0.087,1,4,46.0,26,19.0,15,2,12,2
CUST_04330,27.0,Other,8.4,2,2328.05,1164.03,0.24,90,0.28,1,6,12.0,6,8.0,2,5,4,1
CUST_04331,37.0,Other,2.4,16,27590.97,1724.44,6.67,3,0.193,0,5,51.0,37,11.0,19,3,14,4
CUST_04332,39.0,Chennai,1.2,8,17006.26,2125.78,6.67,10,0.167,2,2,49.0,32,9.0,9,1,5,4
CUST_04333,25.0,Other,2.4,23,30698.93,1334.74,9.58,2,0.33,0,5,82.0,37,5.0,18,4,18,5
CUST_04334,33.0,Delhi,1.3,4,7751.92,1937.98,3.08,38,0.504,0,3,14.0,4,5.0,6,6,2,2
CUST_04335,32.0,Jaipur,9.4,23,49287.62,2142.94,2.45,17,0.381,1,4,80.0,34,10.0,14,3,13,0
CUST_04336,28.0,Other,3.3,24,68544.89,2856.04,7.27,14,0.105,4,6,57.0,30,17.0,9,4,10,1
CUST_04337,57.0,Other,3.8,14,15555.14,1111.08,3.68,7,0.655,2,1,44.0,24,12.0,15,10,15,3
CUST_04338,26.0,Ahmedabad,1.2,8,16350.89,2043.86,6.67,40,0.447,1,4,8.0,2,2.0,1,3,0,2
CUST_04339,44.0,Delhi,1.8,32,72321.27,2260.04,17.78,23,0.222,2,3,68.0,27,7.0,15,3,13,2
CUST_04340,30.0,Mumbai,5.4,22,52909.59,2404.98,4.07,14,0.069,0,3,61.0,29,8.0,15,3,13,3
CUST_04341,23.0,Delhi,2.8,9,9623.15,1069.24,3.21,32,0.917,3,4,44.0,16,25.0,12,11,6,3
CUST_04342,35.0,Kolkata,2.1,22,54131.58,2460.53,10.48,1,0.127,0,1,48.0,27,4.0,11,3,6,5
CUST_04343,40.0,Pune,3.2,2,3145.85,1572.93,0.62,18,0.591,0,2,16.0,7,8.0,0,5,2,2
CUST_04344,43.0,Bengaluru,2.2,5,7437.58,1487.52,2.27,173,0.452,3,4,23.0,10,7.0,5,4,1,1
CUST_04345,50.0,Hyderabad,0.3,13,10594.45,814.96,43.33,35,0.91,3,3,53.0,17,25.0,7,9,8,4
CUST_04346,63.0,Hyderabad,0.9,27,44864.61,1661.65,30.0,26,0.231,3,4,53.0,30,9.0,18,5,12,4
CUST_04347,,Other,3.0,7,13137.05,1876.72,2.33,15,0.245,1,4,20.0,9,7.0,5,4,7,5
CUST_04348,27.0,Chennai,5.5,9,13600.02,1511.11,1.64,13,0.937,2,4,48.0,12,16.0,12,12,6,1
CUST_04349,,Ahmedabad,1.9,1,1752.9,1752.9,0.53,36,0.304,0,4,14.0,5,9.0,6,4,5,2
CUST_04350,31.0,Hyderabad,7.4,3,5617.49,1872.5,0.41,22,0.266,1,2,19.0,5,7.0,7,5,2,9
CUST_04351,43.0,Ahmedabad,5.4,4,3584.84,896.21,0.74,146,0.506,2,7,12.0,10,5.0,6,5,0,5
CUST_04352,21.0,Pune,5.9,12,11295.34,941.28,2.03,6,0.742,1,5,42.0,28,20.0,7,10,7,4
CUST_04353,58.0,Pune,0.7,28,32895.3,1174.83,40.0,7,0.225,2,5,74.0,29,19.0,12,4,13,1
CUST_04354,43.0,Other,5.2,12,18763.86,1563.65,2.31,365,0.458,3,5,15.0,2,3.0,3,2,4,3
CUST_04355,18.0,Chennai,1.8,9,11918.15,1324.24,5.0,82,0.898,4,3,43.0,24,22.0,13,8,13,0
CUST_04356,27.0,Chennai,7.7,14,5934.39,423.89,1.82,8,0.8,2,4,42.0,23,23.0,18,12,9,2
CUST_04357,42.0,Bengaluru,2.4,27,55633.32,2060.49,11.25,11,0.356,2,3,55.0,16,13.0,16,5,7,3
CUST_04358,46.0,Delhi,1.8,1,1960.38,1960.38,0.56,35,0.453,2,5,13.0,11,9.0,8,4,5,1
CUST_04359,21.0,Hyderabad,1.8,14,9490.67,677.91,7.78,33,0.841,3,5,43.0,20,12.0,13,7,8,3
CUST_04360,41.0,Mumbai,4.7,22,58898.75,2677.22,4.68,28,0.161,1,2,58.0,24,10.0,13,8,14,2
CUST_04361,18.0,Bengaluru,0.7,15,35547.76,2369.85,21.43,19,0.045,2,2,59.0,35,15.0,8,8,11,3
CUST_04362,33.0,Bengaluru,3.4,6,3278.2,546.37,1.76,32,0.801,4,3,42.0,15,17.0,18,13,16,0
CUST_04363,45.0,Hyderabad,2.7,7,11208.37,1601.2,2.59,99,0.315,0,5,25.0,7,1.0,7,3,1,3
CUST_04364,,Chennai,1.5,11,8455.34,768.67,7.33,38,0.823,2,1,43.0,21,25.0,9,11,7,4
CUST_04365,19.0,Other,5.8,38,74490.16,1960.27,6.55,6,0.264,0,2,81.0,30,12.0,15,4,8,3
CUST_04366,35.0,Chennai,4.4,8,9916.79,1239.6,1.82,35,0.296,1,2,20.0,8,5.0,1,8,1,0
CUST_04367,28.0,Jaipur,1.5,17,49858.8,2932.87,11.33,2,0.357,2,2,43.0,29,14.0,11,3,11,3
CUST_04368,40.0,Hyderabad,1.1,12,11361.37,946.78,10.91,26,0.869,0,5,42.0,22,15.0,14,10,11,1
CUST_04369,25.0,Hyderabad,2.5,16,44273.37,2767.09,6.4,13,0.178,1,4,45.0,23,15.0,11,4,12,5
CUST_04370,26.0,Mumbai,4.5,19,41239.76,2170.51,4.22,4,0.038,0,4,49.0,24,13.0,12,2,14,2
CUST_04371,18.0,Mumbai,3.9,20,29069.92,1453.5,5.13,10,0.416,0,1,60.0,28,8.0,15,2,14,2
CUST_04372,36.0,Hyderabad,4.6,25,40017.45,1600.7,5.43,8,0.235,3,5,69.0,42,10.0,14,9,12,0
CUST_04373,32.0,Delhi,0.4,24,51134.87,2130.62,60.0,11,0.207,4,3,48.0,27,19.0,12,4,5,2
CUST_04374,22.0,Ahmedabad,1.4,19,29937.8,1575.67,13.57,2,0.608,0,4,79.0,37,12.0,11,0,9,2
CUST_04375,36.0,Hyderabad,3.6,8,8039.05,1004.88,2.22,57,0.749,4,1,39.0,15,22.0,13,6,16,4
CUST_04376,44.0,Jaipur,1.5,10,8345.95,834.6,6.67,34,0.801,3,6,52.0,9,20.0,6,13,12,1
CUST_04377,32.0,Other,5.9,24,48058.91,2002.45,4.07,3,0.467,1,5,59.0,42,16.0,19,3,16,1
CUST_04378,37.0,Mumbai,2.4,4,5788.35,1447.09,1.67,123,0.587,0,2,22.0,3,5.0,6,5,4,2
CUST_04379,37.0,Delhi,1.1,25,75589.88,3023.6,22.73,9,0.047,0,3,48.0,35,7.0,10,3,13,3
CUST_04380,22.0,Chennai,1.0,10,6147.6,614.76,10.0,3,0.876,3,4,44.0,28,15.0,9,7,16,4
CUST_04381,55.0,Delhi,3.2,10,14422.09,1442.21,3.12,3,0.209,0,3,73.0,21,,13,4,6,3
CUST_04382,29.0,Pune,1.2,18,58995.5,3277.53,15.0,18,0.152,0,2,57.0,25,12.0,14,3,10,3
CUST_04383,41.0,Ahmedabad,0.5,9,10181.95,1131.33,18.0,56,0.769,2,4,58.0,21,15.0,9,6,15,5
CUST_04384,42.0,Other,1.6,13,13992.82,1076.37,8.12,34,0.855,3,2,50.0,15,14.0,6,8,14,2
CUST_04385,33.0,Kolkata,9.5,9,12339.62,1371.07,0.95,224,0.537,0,1,10.0,4,5.0,1,4,5,4
CUST_04386,40.0,Bengaluru,0.3,10,13504.32,1350.43,33.33,21,0.588,2,2,63.0,21,22.0,9,11,10,3
CUST_04387,36.0,Bengaluru,1.9,9,16244.92,1804.99,4.74,51,0.497,2,1,9.0,1,4.0,0,1,3,2
CUST_04388,20.0,Hyderabad,1.8,12,26704.8,2225.4,6.67,14,0.131,1,3,54.0,26,22.0,14,1,11,1
CUST_04389,31.0,Bengaluru,,23,66972.84,2911.86,14.38,60,0.445,1,4,48.0,15,9.0,13,2,9,3
CUST_04390,28.0,Bengaluru,2.6,10,27758.71,2775.87,3.85,6,0.113,2,4,58.0,19,13.0,11,3,8,4
CUST_04391,29.0,Pune,3.5,19,45724.99,2406.58,5.43,34,0.292,1,1,63.0,29,14.0,10,3,10,4
CUST_04392,21.0,Other,5.1,12,12601.81,1050.15,2.35,13,0.833,1,3,43.0,17,25.0,16,8,9,2
CUST_04393,45.0,Kolkata,10.0,3,5380.23,1793.41,0.3,64,0.698,1,3,22.0,7,6.0,5,3,4,1
CUST_04394,50.0,Chennai,4.6,10,27396.95,2739.69,2.17,33,0.211,1,2,55.0,25,10.0,11,3,11,2
CUST_04395,44.0,Other,5.9,9,19527.59,2169.73,1.53,105,0.455,0,5,9.0,9,4.0,1,2,4,2
CUST_04396,47.0,Delhi,1.9,5,8673.47,1734.69,2.63,37,0.363,0,4,19.0,9,9.0,4,6,5,6
CUST_04397,31.0,Mumbai,2.6,28,52787.58,1885.27,10.77,1,0.127,3,4,82.0,29,6.0,11,3,8,1
CUST_04398,28.0,Ahmedabad,2.4,19,49755.19,2618.69,7.92,7,0.12,1,2,50.0,19,18.0,10,4,9,3
CUST_04399,26.0,Other,1.6,12,35653.03,2971.09,7.5,12,0.012,1,4,59.0,27,18.0,14,0,9,5
CUST_04400,40.0,Hyderabad,2.9,24,52858.97,2202.46,8.28,36,0.435,0,5,55.0,27,17.0,11,3,7,3
CUST_04401,36.0,Mumbai,0.8,20,58443.99,2922.2,25.0,7,0.182,2,4,58.0,18,17.0,11,0,11,1
CUST_04402,33.0,Ahmedabad,1.8,9,9194.6,1021.62,5.0,11,0.903,3,3,49.0,23,20.0,14,9,11,3
CUST_04403,47.0,Mumbai,6.5,30,61553.37,2051.78,4.62,1,0.51,1,4,61.0,28,16.0,16,3,8,6
CUST_04404,,Hyderabad,3.2,25,31141.86,1245.67,7.81,17,0.224,2,6,75.0,19,12.0,12,6,15,5
CUST_04405,26.0,Pune,6.5,6,14225.45,2370.91,0.92,126,0.364,5,1,14.0,4,5.0,2,1,3,2
CUST_04406,27.0,Other,,1,1054.69,1054.69,0.3,107,0.461,1,3,17.0,8,12.0,1,4,0,3
CUST_04407,41.0,Bengaluru,2.4,16,18024.62,1126.54,6.67,87,0.672,1,3,9.0,3,3.0,5,5,0,5
CUST_04408,44.0,Jaipur,1.2,24,38880.3,1620.01,20.0,9,0.306,2,3,50.0,27,9.0,13,2,7,2
CUST_04409,40.0,Delhi,2.8,26,50436.66,1939.87,9.29,3,0.108,1,1,72.0,30,16.0,13,5,10,5
CUST_04410,53.0,Delhi,1.7,15,22426.47,1495.1,8.82,27,0.94,4,1,40.0,11,20.0,15,7,16,1
CUST_04411,50.0,Other,1.0,18,51865.01,2881.39,18.0,36,0.091,2,2,52.0,24,17.0,8,2,13,2
CUST_04412,38.0,Pune,1.3,20,51756.51,2587.83,15.38,13,0.224,2,3,57.0,26,12.0,12,5,8,1
CUST_04413,26.0,Hyderabad,4.0,3,4995.63,1665.21,0.75,119,0.332,0,2,20.0,6,3.0,3,7,5,3
CUST_04414,21.0,Delhi,6.3,3,3499.21,1166.4,0.48,85,0.388,2,4,23.0,7,6.0,9,4,6,1
CUST_04415,30.0,Kolkata,4.2,21,38929.68,1853.79,5.0,20,0.191,0,3,64.0,36,15.0,13,7,13,0
CUST_04416,42.0,Mumbai,1.3,11,9219.97,838.18,8.46,79,0.674,1,5,50.0,15,22.0,13,7,7,3
CUST_04417,52.0,Bengaluru,3.2,19,50600.04,2663.16,5.94,21,0.369,2,5,65.0,28,19.0,16,6,9,6
CUST_04418,38.0,Chennai,2.2,10,28239.96,2824.0,4.55,12,0.087,0,6,68.0,25,19.0,19,2,10,5
CUST_04419,46.0,Delhi,3.6,34,54396.79,1599.91,9.44,8,0.058,0,2,74.0,33,10.0,12,1,17,1
CUST_04420,32.0,Mumbai,1.8,19,54891.31,2889.02,10.56,12,0.205,1,7,61.0,19,13.0,13,2,5,4
CUST_04421,40.0,Chennai,4.9,24,79572.81,3315.53,4.9,12,0.152,2,5,49.0,35,21.0,6,5,12,2
CUST_04422,42.0,Bengaluru,4.9,10,19072.28,1907.23,2.04,118,0.21,0,4,10.0,8,2.0,1,3,5,0
CUST_04423,18.0,Mumbai,4.5,10,6614.0,661.4,2.22,42,0.988,0,3,44.0,15,29.0,18,11,12,0
CUST_04424,30.0,Hyderabad,3.1,3,3423.98,1141.33,0.97,126,0.531,2,7,9.0,7,14.0,5,7,1,1
CUST_04425,43.0,Other,5.0,19,32202.8,1694.88,3.8,13,0.174,3,5,61.0,29,10.0,15,2,16,1
CUST_04426,37.0,Mumbai,0.8,20,41032.41,2051.62,25.0,1,0.29,1,4,58.0,32,12.0,11,4,11,1
CUST_04427,22.0,Hyderabad,2.1,27,50545.73,1872.06,12.86,35,0.297,1,4,61.0,34,14.0,18,8,9,3
CUST_04428,18.0,Kolkata,6.0,18,47654.26,2647.46,3.0,4,0.347,0,4,61.0,24,16.0,17,2,9,2
CUST_04429,30.0,Mumbai,1.3,18,38726.61,2151.48,13.85,11,0.115,1,4,56.0,29,15.0,12,3,8,0
CUST_04430,33.0,Mumbai,5.1,7,10873.62,1553.37,1.37,100,0.363,0,3,21.0,3,3.0,12,2,8,2
CUST_04431,25.0,Bengaluru,3.4,1,2305.28,2305.28,0.29,27,0.382,3,5,10.0,5,8.0,6,2,0,1
CUST_04432,35.0,Ahmedabad,2.6,16,23328.38,1458.02,6.15,16,0.832,0,3,45.0,16,19.0,11,7,8,2
CUST_04433,39.0,Mumbai,2.2,14,19200.16,1371.44,6.36,13,0.879,4,6,46.0,24,18.0,11,10,13,2
CUST_04434,,Ahmedabad,1.3,12,22370.22,1864.18,9.23,55,0.69,1,4,13.0,3,4.0,2,1,3,2
CUST_04435,18.0,Chennai,,17,59366.51,3492.15,3.27,26,0.116,1,2,63.0,20,9.0,6,3,19,4
CUST_04436,21.0,Delhi,3.2,26,17791.83,684.3,8.12,2,0.296,3,2,65.0,32,10.0,13,4,8,1
CUST_04437,31.0,Bengaluru,6.0,27,40263.91,1491.26,4.5,5,0.526,3,4,67.0,29,15.0,9,4,12,4
CUST_04438,40.0,Other,4.3,2,3844.4,1922.2,0.47,29,0.482,1,1,20.0,11,8.0,5,3,0,5
CUST_04439,39.0,Pune,2.9,6,11183.43,1863.9,2.07,199,0.619,3,3,13.0,4,1.0,0,1,7,0
CUST_04440,39.0,Bengaluru,2.0,27,53893.6,1996.06,13.5,19,0.269,1,5,64.0,31,10.0,12,5,12,5
CUST_04441,30.0,Hyderabad,1.2,9,10811.18,1201.24,7.5,51,0.358,3,3,10.0,3,1.0,2,1,2,1
CUST_04442,31.0,Mumbai,1.0,5,5089.72,1017.94,5.0,95,0.427,1,3,17.0,11,8.0,10,9,6,2
CUST_04443,27.0,Mumbai,5.8,24,37251.37,1552.14,4.14,24,0.063,3,4,71.0,27,14.0,16,3,12,2
CUST_04444,42.0,Mumbai,2.3,27,51664.86,1913.51,11.74,20,0.388,2,3,72.0,35,10.0,13,1,6,3
CUST_04445,25.0,Delhi,4.0,24,57526.1,2396.92,6.0,7,0.343,0,2,67.0,34,13.0,19,4,10,3
CUST_04446,43.0,Mumbai,1.3,10,11743.57,1174.36,7.69,123,0.643,1,3,10.0,11,3.0,3,4,4,6
CUST_04447,36.0,Ahmedabad,1.6,19,52560.23,2766.33,11.88,7,0.328,1,5,64.0,35,11.0,11,4,6,6
CUST_04448,34.0,Other,2.2,7,14854.8,2122.11,3.18,47,0.498,0,4,21.0,5,5.0,1,6,4,1
CUST_04449,27.0,Mumbai,2.6,27,32689.4,1210.72,10.38,13,0.104,1,5,,31,12.0,14,4,14,3
CUST_04450,20.0,Bengaluru,0.7,2,3995.28,1997.64,2.86,83,0.504,1,2,27.0,6,6.0,4,4,4,1
CUST_04451,28.0,Mumbai,0.7,22,43180.09,1962.73,31.43,8,0.256,1,2,72.0,38,17.0,17,3,9,4
CUST_04452,31.0,Mumbai,1.5,12,20284.04,1690.34,8.0,22,0.767,2,4,44.0,22,25.0,13,7,14,4
CUST_04453,18.0,Delhi,3.2,1,443.44,443.44,0.31,124,0.453,0,5,17.0,6,5.0,4,6,3,4
CUST_04454,32.0,Delhi,3.8,5,9335.45,1867.09,1.32,107,0.482,0,6,16.0,6,,1,1,6,3
CUST_04455,43.0,Other,4.0,7,12805.65,1829.38,1.75,111,0.525,1,4,8.0,9,3.0,1,3,2,1
CUST_04456,40.0,Delhi,,18,54328.53,3018.25,3.4,27,0.084,0,4,51.0,22,24.0,13,3,14,3
CUST_04457,29.0,Bengaluru,,4,2768.25,692.06,5.0,77,0.543,0,6,24.0,7,6.0,4,4,2,2
CUST_04458,34.0,Pune,2.9,20,47869.3,2393.47,6.9,15,0.048,3,5,70.0,23,15.0,11,4,7,2
CUST_04459,28.0,Mumbai,3.4,28,40636.75,1451.31,8.24,4,0.345,1,2,59.0,40,16.0,22,3,11,2
CUST_04460,35.0,Jaipur,8.4,11,14321.69,1301.97,1.31,19,0.764,1,5,42.0,14,17.0,14,9,10,0
CUST_04461,49.0,Mumbai,5.5,36,72908.19,2025.23,6.55,22,0.115,3,1,75.0,30,13.0,13,5,7,0
CUST_04462,44.0,Other,2.4,9,5720.01,635.56,3.75,30,0.706,2,2,46.0,21,20.0,4,10,15,3
CUST_04463,39.0,Mumbai,2.2,9,14090.41,1565.6,4.09,66,0.594,0,3,7.0,4,3.0,3,4,2,3
CUST_04464,29.0,Hyderabad,1.1,21,50166.36,2388.87,19.09,6,0.167,2,2,64.0,26,14.0,12,3,11,3
CUST_04465,41.0,Other,1.8,6,8910.66,1485.11,3.33,87,0.36,0,3,22.0,8,4.0,9,5,5,1
CUST_04466,18.0,Mumbai,3.8,19,53776.24,2830.33,5.0,14,0.049,2,2,71.0,19,7.0,17,2,10,5
CUST_04467,31.0,Bengaluru,3.3,18,47811.43,2656.19,5.45,7,0.388,0,3,50.0,16,21.0,9,3,4,3
CUST_04468,,Ahmedabad,1.5,21,60247.17,2868.91,14.0,34,0.046,1,4,61.0,26,17.0,16,1,9,6
CUST_04469,41.0,Mumbai,1.2,12,11626.45,968.87,10.0,143,0.294,3,3,7.0,3,0.0,0,2,0,3
CUST_04470,41.0,Chennai,4.3,9,7706.93,856.33,2.09,30,0.363,2,3,10.0,2,3.0,3,3,1,7
CUST_04471,37.0,Mumbai,3.6,13,28348.44,2180.65,3.61,61,0.512,0,2,14.0,7,2.0,4,2,2,2
CUST_04472,32.0,Pune,1.6,5,10777.77,2155.55,3.12,54,0.299,0,2,7.0,6,3.0,1,4,5,2
CUST_04473,39.0,Mumbai,4.4,30,35574.47,1185.82,6.82,9,0.157,1,6,71.0,34,18.0,22,2,7,7
CUST_04474,,Other,2.6,22,19792.51,899.66,8.46,13,0.11,0,7,67.0,30,5.0,10,2,7,6
CUST_04475,26.0,Pune,2.4,5,6000.55,1200.11,2.08,64,0.478,1,4,10.0,8,10.0,4,4,4,6
CUST_04476,35.0,Mumbai,0.5,10,8932.58,893.26,20.0,76,0.881,2,4,40.0,17,22.0,9,8,9,2
CUST_04477,36.0,Hyderabad,3.0,15,16222.19,1081.48,5.0,5,0.156,2,2,68.0,30,9.0,17,7,15,2
CUST_04478,18.0,Delhi,1.6,31,78870.95,2544.22,19.38,29,0.175,2,3,60.0,31,9.0,18,7,14,2
CUST_04479,39.0,Delhi,2.5,12,11012.51,917.71,4.8,12,0.732,1,2,32.0,19,21.0,12,5,21,3
CUST_04480,42.0,Mumbai,3.6,11,8723.93,793.08,3.06,4,0.657,3,2,52.0,11,22.0,15,5,9,3
CUST_04481,33.0,Kolkata,1.6,20,54733.43,2736.67,12.5,12,0.08,1,4,66.0,21,14.0,9,3,12,4
CUST_04482,58.0,Hyderabad,1.3,9,14285.87,1587.32,6.92,39,0.905,3,3,45.0,13,,13,9,11,3
CUST_04483,27.0,Delhi,1.1,6,2292.28,382.05,5.45,47,0.976,1,5,40.0,21,22.0,8,8,10,1
CUST_04484,30.0,Mumbai,7.1,10,12054.58,1205.46,1.41,25,0.895,2,3,32.0,23,24.0,17,2,16,5
CUST_04485,30.0,Hyderabad,1.8,29,32570.77,1123.13,16.11,15,0.495,1,6,61.0,34,12.0,12,2,11,1
CUST_04486,33.0,Kolkata,2.0,6,8064.71,1344.12,3.0,44,0.725,1,2,11.0,5,3.0,4,5,3,8
CUST_04487,31.0,Delhi,3.2,26,54651.62,2101.99,8.12,10,0.397,1,4,56.0,39,12.0,12,3,8,3
CUST_04488,20.0,Mumbai,4.8,21,32855.98,1564.57,4.38,19,0.245,0,5,67.0,23,9.0,7,2,13,3
CUST_04489,29.0,Pune,3.5,4,5740.86,1435.21,1.14,92,0.429,0,4,23.0,7,9.0,3,6,1,3
CUST_04490,33.0,Chennai,1.5,16,17735.74,1108.48,10.67,10,0.487,6,1,59.0,17,15.0,9,8,12,1
CUST_04491,46.0,Other,1.4,32,67686.0,2115.19,22.86,8,0.065,0,3,61.0,32,12.0,17,4,12,4
CUST_04492,56.0,Mumbai,2.0,4,6386.94,1596.74,2.0,180,0.686,4,4,17.0,7,4.0,5,8,1,3
CUST_04493,47.0,Delhi,5.9,11,9808.94,891.72,1.86,36,0.833,1,4,39.0,13,24.0,18,9,7,2
CUST_04494,26.0,Mumbai,3.2,3,5187.69,1729.23,0.94,180,0.448,0,5,18.0,7,8.0,5,4,2,4
CUST_04495,27.0,Delhi,2.7,5,8319.85,1663.97,1.85,21,0.358,3,5,22.0,8,6.0,4,0,4,2
CUST_04496,32.0,Delhi,2.1,8,6812.09,851.51,3.81,31,0.703,3,4,41.0,17,26.0,10,7,11,6
CUST_04497,52.0,Other,3.9,10,5242.01,524.2,2.56,24,0.896,2,1,39.0,19,22.0,12,10,10,2
CUST_04498,32.0,Mumbai,3.3,16,53761.05,3360.07,4.85,23,0.41,0,3,47.0,19,17.0,11,3,16,2
CUST_04499,21.0,Kolkata,5.4,25,48755.02,1950.2,4.63,10,0.22,1,3,58.0,30,9.0,13,3,13,5
CUST_04500,29.0,Delhi,0.4,18,29149.11,1619.4,45.0,28,0.245,2,2,54.0,21,14.0,15,6,7,8
CUST_04501,42.0,Ahmedabad,6.5,14,21514.55,1536.75,2.15,63,0.974,3,5,44.0,20,20.0,11,8,10,3
CUST_04502,41.0,Bengaluru,3.6,11,11680.39,1061.85,3.06,12,0.49,0,2,44.0,21,14.0,15,13,15,2
CUST_04503,32.0,Mumbai,3.0,26,48626.99,1870.27,8.67,20,0.111,2,5,51.0,26,8.0,17,1,12,3
CUST_04504,41.0,Other,2.3,16,32053.5,2003.34,6.96,1,0.201,0,2,58.0,26,16.0,18,6,8,2
CUST_04505,18.0,Mumbai,0.4,13,8153.29,627.18,32.5,58,0.8,3,3,48.0,11,,15,7,15,1
CUST_04506,35.0,Hyderabad,3.1,27,57068.77,2113.66,8.71,14,0.324,2,4,63.0,34,10.0,21,3,7,2
CUST_04507,43.0,Jaipur,3.0,1,1396.21,1396.21,0.33,56,0.294,0,6,12.0,6,6.0,6,8,2,2
CUST_04508,26.0,Mumbai,8.8,16,44233.52,2764.59,1.82,24,0.094,0,5,45.0,24,15.0,10,1,4,4
CUST_04509,26.0,Hyderabad,1.2,11,10153.5,923.05,9.17,16,0.629,1,5,49.0,22,20.0,14,8,7,3
CUST_04510,18.0,Ahmedabad,1.9,13,5893.62,453.36,6.84,37,0.424,0,2,14.0,3,7.0,2,1,1,1
CUST_04511,50.0,Other,3.4,20,52247.78,2612.39,5.88,24,0.123,0,3,63.0,17,13.0,11,6,8,2
CUST_04512,27.0,Kolkata,6.3,12,17589.56,1465.8,1.9,82,0.725,4,6,55.0,18,15.0,16,8,15,0
CUST_04513,36.0,Pune,3.3,21,81136.22,3863.63,6.36,12,0.061,1,4,59.0,23,16.0,12,3,10,5
CUST_04514,40.0,Chennai,2.5,5,5728.97,1145.79,2.0,88,0.471,1,3,17.0,4,5.0,3,7,1,1
CUST_04515,49.0,Chennai,1.0,15,14550.72,970.05,15.0,35,0.887,3,2,48.0,20,16.0,7,7,12,2
CUST_04516,32.0,Chennai,3.0,28,46685.86,1667.35,9.33,12,0.295,2,4,63.0,31,12.0,17,4,10,0
CUST_04517,29.0,Jaipur,1.4,11,14172.63,1288.42,7.86,21,0.61,5,2,42.0,22,13.0,13,7,11,2
CUST_04518,36.0,Mumbai,1.6,9,12746.48,1416.28,5.62,123,0.518,1,7,11.0,3,2.0,1,1,1,4
CUST_04519,47.0,Mumbai,3.1,26,61954.83,2382.88,8.39,14,0.11,2,3,70.0,28,18.0,16,1,12,3
CUST_04520,32.0,Chennai,2.5,16,31791.04,1986.94,6.4,7,0.301,2,2,36.0,29,12.0,16,5,11,1
CUST_04521,24.0,Other,3.3,12,18803.6,1566.97,3.64,66,0.806,3,4,7.0,5,4.0,1,6,2,5
CUST_04522,19.0,Bengaluru,2.0,10,12924.24,1292.42,5.0,36,0.974,4,2,40.0,22,21.0,13,8,18,2
CUST_04523,22.0,Other,,10,22267.82,2226.78,3.45,71,0.24,3,2,11.0,2,5.0,0,4,2,2
CUST_04524,43.0,Other,1.3,8,9203.7,1150.46,6.15,21,0.967,4,4,44.0,20,15.0,9,5,14,1
CUST_04525,31.0,Other,1.5,7,10139.74,1448.53,4.67,51,0.428,1,2,19.0,8,7.0,6,5,0,1
CUST_04526,28.0,Other,5.5,33,55196.45,1672.62,6.0,7,0.126,6,1,57.0,30,13.0,19,4,16,4
CUST_04527,27.0,Jaipur,8.7,3,3595.85,1198.62,0.34,79,0.483,1,2,17.0,11,1.0,4,2,5,1
CUST_04528,35.0,Ahmedabad,8.0,7,15548.24,2221.18,0.88,67,0.279,1,2,7.0,7,5.0,1,4,0,1
CUST_04529,32.0,Chennai,1.7,6,2934.47,489.08,3.53,39,0.797,1,3,47.0,11,15.0,11,4,11,0
CUST_04530,31.0,Mumbai,3.8,14,40952.09,2925.15,3.68,8,0.187,1,2,63.0,24,14.0,14,7,10,1
CUST_04531,47.0,Mumbai,1.9,23,44769.29,1946.49,12.11,25,0.355,1,4,72.0,40,12.0,21,1,11,1
CUST_04532,49.0,Mumbai,,17,39930.63,2348.86,5.67,19,0.309,3,4,40.0,23,15.0,8,2,9,1
CUST_04533,18.0,Mumbai,3.0,39,94059.87,2411.79,13.0,2,0.21,2,4,62.0,32,15.0,12,5,12,2
CUST_04534,37.0,Mumbai,2.4,27,43581.8,1614.14,11.25,27,0.121,1,3,70.0,41,10.0,18,2,8,1
CUST_04535,26.0,Other,2.4,8,8152.01,1019.0,3.33,36,0.898,2,5,40.0,13,20.0,10,9,10,4
CUST_04536,32.0,Chennai,0.4,14,19241.12,1374.37,35.0,27,0.502,1,3,55.0,19,16.0,13,7,9,2
CUST_04537,37.0,Delhi,1.8,19,29346.46,1544.55,10.56,17,0.327,3,1,71.0,33,8.0,17,6,11,2
CUST_04538,32.0,Ahmedabad,3.8,6,1607.88,267.98,1.58,44,0.864,3,2,44.0,17,22.0,8,13,18,2
CUST_04539,36.0,Bengaluru,4.8,15,46979.08,3131.94,3.12,9,0.076,0,5,69.0,23,17.0,13,5,9,2
CUST_04540,41.0,Mumbai,2.4,13,39493.2,3037.94,5.42,15,0.189,1,2,54.0,16,14.0,16,9,15,3
CUST_04541,37.0,Jaipur,6.9,8,23625.22,2953.15,1.16,10,0.224,1,4,58.0,24,,14,2,10,4
CUST_04542,28.0,Delhi,3.1,10,11255.56,1125.56,3.23,52,0.973,1,6,30.0,18,16.0,12,10,10,1
CUST_04543,28.0,Chennai,6.1,23,44137.04,1919.0,3.77,16,0.372,0,3,49.0,27,16.0,20,4,5,1
CUST_04544,20.0,Delhi,3.1,25,41484.79,1659.39,8.06,15,0.262,1,4,52.0,37,11.0,13,4,8,3
CUST_04545,25.0,Bengaluru,0.2,24,43877.82,1828.24,120.0,6,0.131,2,4,63.0,32,15.0,9,4,10,2
CUST_04546,54.0,Ahmedabad,6.3,4,5985.18,1496.3,0.63,28,0.443,0,5,14.0,6,3.0,2,3,3,1
CUST_04547,26.0,Mumbai,2.3,20,44230.13,2211.51,8.7,20,0.134,1,3,54.0,25,18.0,12,2,8,2
CUST_04548,22.0,Other,2.2,5,5873.36,1174.67,2.27,180,0.677,0,3,8.0,5,6.0,5,8,3,0
CUST_04549,37.0,Mumbai,0.9,4,6649.32,1662.33,4.44,20,0.453,2,1,18.0,6,6.0,7,1,4,3
CUST_04550,33.0,Hyderabad,5.0,3,6983.99,2328.0,0.6,69,0.214,0,4,27.0,5,7.0,3,4,2,4
CUST_04551,32.0,Other,10.0,13,24873.88,1913.38,1.3,108,0.563,2,3,12.0,4,,4,3,1,2
CUST_04552,48.0,Other,1.0,16,48518.6,3032.41,16.0,3,0.31,2,6,51.0,18,21.0,14,3,4,1
CUST_04553,39.0,Pune,6.2,23,86311.43,3752.67,3.71,24,0.314,0,5,47.0,16,15.0,8,3,13,1
CUST_04554,29.0,Mumbai,2.3,11,22524.08,2047.64,4.78,141,0.739,3,7,8.0,2,2.0,2,0,0,0
CUST_04555,30.0,Kolkata,4.8,14,15844.16,1131.73,2.92,27,0.871,4,3,40.0,15,17.0,7,4,16,2
CUST_04556,29.0,Mumbai,1.3,8,8526.98,1065.87,6.15,51,0.863,4,2,41.0,23,20.0,19,8,13,5
CUST_04557,43.0,Bengaluru,6.6,5,10052.82,2010.56,0.76,28,0.502,0,8,22.0,8,14.0,8,7,3,4
CUST_04558,31.0,Ahmedabad,4.2,2,3560.13,1780.06,0.48,66,0.495,2,4,8.0,6,5.0,3,6,3,0
CUST_04559,18.0,Hyderabad,2.2,12,16997.34,1416.45,5.45,144,0.459,2,4,10.0,5,2.0,2,1,6,2
CUST_04560,34.0,Pune,5.7,13,21468.43,1651.42,2.28,201,0.798,1,5,5.0,4,5.0,3,1,2,4
CUST_04561,19.0,Bengaluru,3.1,3,750.0,250.0,0.97,28,0.164,1,3,21.0,7,7.0,6,5,2,1
CUST_04562,56.0,Other,8.1,28,53607.03,1914.54,3.46,2,0.212,1,5,64.0,31,11.0,17,4,10,5
CUST_04563,24.0,Hyderabad,1.7,10,21915.62,2191.56,5.88,56,0.552,5,1,11.0,4,1.0,1,3,1,4
CUST_04564,32.0,Kolkata,5.3,17,40972.39,2410.14,3.21,12,0.041,0,3,55.0,24,8.0,14,6,11,2
CUST_04565,37.0,Delhi,4.5,15,13558.48,903.9,3.33,5,0.482,2,4,78.0,37,13.0,18,7,6,2
CUST_04566,31.0,Pune,0.7,9,17128.65,1903.18,12.86,287,0.544,2,3,9.0,2,3.0,4,2,2,2
CUST_04567,31.0,Pune,0.9,23,25589.0,1112.57,25.56,5,0.122,2,5,58.0,34,14.0,13,4,7,2
CUST_04568,38.0,Hyderabad,2.1,25,29217.13,1168.69,11.9,12,0.548,1,4,60.0,37,14.0,9,4,5,2
CUST_04569,49.0,Delhi,3.6,15,37526.71,2501.78,4.17,24,0.162,0,3,69.0,32,16.0,16,3,12,5
CUST_04570,42.0,Hyderabad,4.8,9,16276.91,1808.55,1.88,132,0.469,1,5,5.0,4,7.0,1,2,2,5
CUST_04571,49.0,Chennai,3.5,13,19129.86,1471.53,3.71,19,0.891,2,4,40.0,16,24.0,16,10,9,2
CUST_04572,24.0,Kolkata,5.3,1,1453.96,1453.96,0.19,71,0.401,0,1,22.0,7,10.0,3,7,3,4
CUST_04573,37.0,Mumbai,2.4,19,33718.16,1774.64,7.92,2,0.29,1,2,68.0,35,10.0,19,1,10,3
CUST_04574,36.0,Kolkata,4.9,5,3848.09,769.62,1.02,19,0.208,0,3,14.0,7,4.0,4,7,2,3
CUST_04575,38.0,Chennai,3.0,5,8446.02,1689.2,1.67,151,0.512,0,6,19.0,6,5.0,3,5,1,1
CUST_04576,48.0,Mumbai,2.1,19,26678.05,1404.11,9.05,5,0.132,0,4,69.0,26,6.0,11,8,9,4
CUST_04577,32.0,Mumbai,1.0,21,41983.49,1999.21,21.0,16,0.428,0,3,69.0,37,6.0,24,2,8,2
CUST_04578,30.0,Chennai,0.5,20,43308.31,2165.42,40.0,15,0.177,4,3,80.0,25,11.0,11,6,5,1
CUST_04579,39.0,Delhi,2.3,5,6827.02,1365.4,2.17,304,0.298,2,8,8.0,4,3.0,2,2,0,2
CUST_04580,18.0,Mumbai,3.2,3,4041.76,1347.25,0.94,62,0.26,1,4,20.0,6,6.0,11,6,1,1
CUST_04581,32.0,Mumbai,1.6,7,9967.13,1423.88,4.38,138,0.79,2,1,11.0,3,2.0,1,3,4,1
CUST_04582,33.0,Mumbai,2.0,26,48837.43,1878.36,13.0,24,0.508,0,5,,34,6.0,16,2,11,2
CUST_04583,25.0,Other,0.2,3,4803.7,1601.23,15.0,47,0.473,1,6,21.0,3,5.0,8,5,3,0
CUST_04584,45.0,Kolkata,2.1,2,3096.91,1548.45,0.95,160,0.381,0,2,14.0,8,10.0,8,8,4,2
CUST_04585,23.0,Bengaluru,1.2,5,5647.9,1129.58,4.17,14,0.298,1,4,13.0,8,4.0,6,6,5,3
CUST_04586,33.0,Other,1.5,14,30404.51,2171.75,9.33,136,0.574,2,3,12.0,0,5.0,6,1,3,2
CUST_04587,37.0,Hyderabad,4.3,28,79047.47,2823.12,6.51,1,0.286,0,2,69.0,44,9.0,21,2,6,6
CUST_04588,48.0,Kolkata,2.5,20,50590.01,2529.5,8.0,4,0.359,2,2,57.0,21,10.0,12,5,6,1
CUST_04589,34.0,Delhi,3.5,2,2521.91,1260.95,0.57,62,0.391,1,1,,4,10.0,3,4,2,3
CUST_04590,43.0,Hyderabad,0.6,1,1279.25,1279.25,1.67,17,0.529,0,3,17.0,10,7.0,5,2,0,0
CUST_04591,41.0,Mumbai,5.9,15,16645.7,1109.71,2.54,31,0.956,2,5,48.0,14,18.0,15,4,6,3
CUST_04592,35.0,Delhi,2.9,24,49277.32,2053.22,8.28,15,0.483,2,6,55.0,44,7.0,12,3,8,3
CUST_04593,23.0,Mumbai,4.7,7,4220.12,602.87,1.49,11,0.888,1,5,44.0,15,16.0,13,9,11,1
CUST_04594,20.0,Pune,1.0,26,46403.97,1784.77,26.0,8,0.275,2,3,76.0,25,14.0,13,4,9,0
CUST_04595,35.0,Mumbai,3.9,29,58343.31,2011.84,7.44,14,0.209,0,3,76.0,37,8.0,10,4,12,3
CUST_04596,29.0,Delhi,2.1,6,7202.37,1200.39,2.86,46,0.432,2,3,24.0,9,5.0,7,2,1,1
CUST_04597,43.0,Ahmedabad,9.3,5,12181.76,2436.35,0.54,102,0.437,0,1,15.0,7,4.0,7,5,1,3
CUST_04598,41.0,Delhi,1.7,25,42753.43,1710.14,14.71,6,0.242,3,3,59.0,42,9.0,18,4,8,2
CUST_04599,32.0,Ahmedabad,3.0,20,40256.58,2012.83,6.67,13,0.311,3,3,69.0,31,14.0,12,6,16,3
CUST_04600,22.0,Chennai,1.1,21,38118.59,1815.17,19.09,11,0.169,5,4,63.0,33,13.0,14,5,8,3
CUST_04601,39.0,Bengaluru,,17,41623.4,2448.44,5.67,26,0.22,1,1,66.0,30,21.0,14,4,10,2
CUST_04602,24.0,Pune,2.7,3,4109.38,1369.79,1.11,29,0.514,0,5,15.0,5,4.0,3,5,2,3
CUST_04603,26.0,Other,5.6,13,28976.92,2228.99,2.32,116,0.56,2,3,5.0,2,0.0,1,1,1,7
CUST_04604,24.0,Mumbai,3.1,15,10465.24,697.68,4.84,6,0.297,3,1,73.0,31,12.0,18,3,7,2
CUST_04605,33.0,Chennai,2.2,6,4407.59,734.6,2.73,84,0.299,1,5,22.0,10,10.0,9,5,5,4
CUST_04606,46.0,Hyderabad,2.6,8,6618.35,827.29,3.08,65,0.443,4,2,6.0,3,5.0,2,3,2,3
CUST_04607,34.0,Bengaluru,0.6,3,4298.71,1432.9,5.0,52,0.424,0,2,24.0,9,11.0,4,1,2,1
CUST_04608,30.0,Pune,3.3,16,42697.74,2668.61,4.85,4,0.165,1,2,39.0,23,26.0,12,1,4,2
CUST_04609,19.0,Bengaluru,5.1,8,12943.35,1617.92,1.57,111,0.496,1,1,12.0,4,5.0,0,1,2,3
CUST_04610,40.0,Jaipur,3.0,23,46018.23,2000.79,7.67,5,0.264,2,2,66.0,30,14.0,11,3,11,5
CUST_04611,26.0,Ahmedabad,0.7,34,63984.46,1881.9,48.57,12,0.155,1,3,69.0,43,8.0,20,7,7,1
CUST_04612,35.0,Other,3.5,24,62643.98,2610.17,6.86,21,0.129,0,4,54.0,18,12.0,13,6,5,4
CUST_04613,30.0,Delhi,3.6,5,5421.11,1084.22,1.39,68,0.865,4,3,42.0,21,16.0,13,11,11,1
CUST_04614,42.0,Delhi,3.9,18,46276.35,2570.91,4.62,17,0.095,5,3,63.0,26,10.0,8,2,10,2
CUST_04615,32.0,Mumbai,2.6,23,45021.42,1957.45,8.85,2,0.449,1,4,72.0,30,5.0,12,2,10,3
CUST_04616,33.0,Other,3.2,33,80202.46,2430.38,10.31,10,0.348,0,5,64.0,23,18.0,13,5,4,3
CUST_04617,,Delhi,3.6,2,2742.63,1371.31,0.56,139,0.49,1,3,21.0,10,8.0,11,6,6,4
CUST_04618,55.0,Delhi,1.3,7,11941.97,1706.0,5.38,184,0.538,0,2,14.0,4,2.0,2,2,1,0
CUST_04619,43.0,Other,1.5,13,28931.66,2225.51,8.67,2,0.44,4,5,57.0,41,15.0,15,5,9,2
CUST_04620,33.0,Bengaluru,3.9,11,25420.82,2310.98,2.82,31,0.353,1,6,11.0,5,2.0,3,1,4,4
CUST_04621,34.0,Hyderabad,1.5,9,17935.9,1992.88,6.0,242,0.588,3,5,14.0,6,2.0,0,2,3,5
CUST_04622,29.0,Mumbai,2.5,4,6280.1,1570.02,1.6,25,0.265,1,6,24.0,12,7.0,7,7,1,0
CUST_04623,25.0,Bengaluru,3.9,18,38810.2,2156.12,4.62,6,0.105,2,3,63.0,34,11.0,17,2,7,0
CUST_04624,28.0,Other,5.3,7,12661.87,1808.84,1.32,72,0.17,0,5,21.0,10,6.0,5,8,2,1
CUST_04625,26.0,Hyderabad,1.8,6,10313.03,,3.33,117,0.865,2,5,10.0,5,4.0,5,3,2,3
CUST_04626,41.0,Pune,1.5,5,8520.57,1704.11,3.33,65,0.601,0,1,25.0,7,3.0,7,6,2,1
CUST_04627,23.0,Mumbai,3.9,22,36032.02,1637.82,5.64,16,0.278,1,4,66.0,33,10.0,15,7,10,3
CUST_04628,47.0,Delhi,5.5,14,15254.16,1089.58,2.55,20,0.637,0,3,39.0,19,23.0,12,10,4,3
CUST_04629,42.0,Hyderabad,0.7,4,4809.81,1202.45,5.71,66,0.331,0,4,26.0,6,7.0,4,4,8,4
CUST_04630,34.0,Mumbai,2.8,12,11158.49,929.87,4.29,96,0.541,2,4,46.0,23,13.0,12,5,8,3
CUST_04631,34.0,Hyderabad,7.0,16,51122.61,3195.16,2.29,23,0.296,1,3,56.0,27,17.0,16,3,9,2
CUST_04632,28.0,Bengaluru,1.4,18,27042.97,1502.39,12.86,20,0.066,1,2,61.0,34,17.0,13,8,9,2
CUST_04633,37.0,Ahmedabad,4.0,2,2878.69,1439.35,0.5,60,0.402,2,1,20.0,6,8.0,1,3,2,4
CUST_04634,45.0,Mumbai,2.6,7,10269.4,1467.06,2.69,56,0.463,2,4,9.0,3,4.0,2,2,0,2
CUST_04635,27.0,Ahmedabad,2.6,20,55748.61,2787.43,7.69,6,0.117,1,6,43.0,25,9.0,16,1,12,0
CUST_04636,19.0,Bengaluru,2.4,9,18110.27,2012.25,3.75,107,0.748,1,4,14.0,5,4.0,0,1,1,3
CUST_04637,41.0,Delhi,3.3,21,35669.82,1698.56,6.36,7,0.382,0,4,72.0,39,17.0,19,2,7,6
CUST_04638,37.0,Other,5.6,5,4935.32,987.06,0.89,66,0.314,0,1,25.0,7,5.0,3,3,0,3
CUST_04639,23.0,Mumbai,1.4,2,1645.31,822.65,1.43,53,0.402,1,3,19.0,6,9.0,2,4,0,2
CUST_04640,27.0,Hyderabad,1.5,1,556.4,556.4,0.67,38,0.527,1,5,13.0,4,6.0,6,6,5,3
CUST_04641,25.0,Delhi,3.3,10,20013.82,2001.38,3.03,108,0.519,3,1,8.0,4,1.0,1,7,1,5
CUST_04642,27.0,Bengaluru,3.4,34,66188.28,1946.71,10.0,5,0.284,1,4,60.0,26,12.0,13,6,8,4
CUST_04643,31.0,Hyderabad,2.4,8,16067.09,2008.39,3.33,93,0.346,0,5,5.0,5,2.0,3,2,1,3
CUST_04644,31.0,Mumbai,5.1,14,43189.09,3084.93,2.75,10,0.177,0,3,57.0,21,16.0,8,3,8,2
CUST_04645,27.0,Chennai,1.7,6,13875.01,2312.5,3.53,100,0.298,3,2,20.0,2,4.0,1,4,0,2
CUST_04646,,Chennai,1.6,3,4214.63,1404.88,1.88,83,0.594,0,2,26.0,6,4.0,6,2,4,2
CUST_04647,32.0,Kolkata,3.0,3,4688.55,1562.85,1.0,81,0.3,0,2,16.0,11,3.0,3,6,4,2
CUST_04648,36.0,Mumbai,1.4,27,34405.54,1274.28,19.29,7,0.104,3,3,61.0,29,10.0,12,2,13,3
CUST_04649,31.0,Delhi,10.0,8,11867.73,1483.47,0.8,69,0.274,0,1,10.0,5,4.0,3,2,1,5
CUST_04650,46.0,Chennai,0.9,19,55077.03,2898.79,21.11,5,0.118,1,3,57.0,27,14.0,12,7,8,1
CUST_04651,39.0,Mumbai,6.6,11,13984.85,1271.35,1.67,9,0.221,0,5,63.0,26,10.0,15,4,8,0
CUST_04652,18.0,Chennai,1.6,3,4616.13,1538.71,1.88,20,0.562,1,5,17.0,4,3.0,3,4,1,1
CUST_04653,39.0,Mumbai,0.9,11,4164.29,378.57,12.22,54,0.791,2,1,45.0,18,12.0,19,11,12,1
CUST_04654,40.0,Delhi,3.2,5,6869.78,1373.96,1.56,74,0.608,1,3,20.0,7,2.0,3,3,2,1
CUST_04655,30.0,Ahmedabad,2.3,25,40884.97,1635.4,10.87,13,0.301,3,3,73.0,20,7.0,11,5,12,2
CUST_04656,19.0,Kolkata,9.0,22,67146.75,3052.12,2.44,13,0.045,1,4,54.0,23,12.0,8,1,7,3
CUST_04657,34.0,Chennai,3.6,3,7086.7,2362.23,0.83,118,0.542,0,6,19.0,6,8.0,5,5,3,1
CUST_04658,34.0,Jaipur,2.3,8,10869.11,1358.64,3.48,11,0.785,2,2,42.0,24,19.0,18,8,12,3
CUST_04659,23.0,Chennai,2.6,22,66122.82,3005.58,8.46,6,0.147,0,2,50.0,24,17.0,12,4,8,1
CUST_04660,19.0,Bengaluru,0.4,3,4146.65,1382.22,7.5,52,0.272,1,1,12.0,6,7.0,8,4,1,3
CUST_04661,33.0,Other,,14,10317.17,736.94,46.67,41,0.815,4,5,35.0,24,21.0,8,9,5,3
CUST_04662,32.0,Chennai,0.7,12,11325.91,943.83,17.14,37,0.747,3,3,45.0,12,22.0,15,8,12,3
CUST_04663,30.0,Hyderabad,2.4,11,10545.66,,4.58,42,0.732,2,2,53.0,26,17.0,19,15,12,2
CUST_04664,33.0,Delhi,2.8,1,1264.86,1264.86,0.36,16,0.49,1,5,18.0,3,8.0,6,4,2,2
CUST_04665,23.0,Other,3.6,3,5152.36,1717.45,0.83,25,0.436,0,5,14.0,7,2.0,4,1,7,1
CUST_04666,30.0,Delhi,4.3,1,2043.92,2043.92,0.23,11,0.311,0,1,12.0,6,8.0,3,6,1,2
CUST_04667,39.0,Mumbai,0.4,17,46242.1,2720.12,42.5,12,0.315,1,1,63.0,16,12.0,10,3,8,2
CUST_04668,31.0,Pune,3.3,4,5158.7,1289.68,1.21,51,0.27,0,2,26.0,9,4.0,4,1,4,2
CUST_04669,18.0,Mumbai,5.9,5,6836.09,1367.22,0.85,26,0.238,1,2,15.0,10,5.0,1,11,0,2
CUST_04670,29.0,Delhi,2.0,5,7362.34,1472.47,2.5,43,0.612,0,4,12.0,5,4.0,7,6,2,0
CUST_04671,23.0,Ahmedabad,10.0,30,54516.01,1817.2,3.0,18,0.223,2,4,91.0,30,15.0,11,4,8,2
CUST_04672,37.0,Chennai,2.6,10,15603.52,1560.35,3.85,109,0.55,2,1,19.0,5,2.0,2,0,2,5
CUST_04673,37.0,Mumbai,1.7,2,1551.12,775.56,1.18,44,0.42,0,7,17.0,6,5.0,4,4,4,3
CUST_04674,18.0,Ahmedabad,4.8,25,92130.1,3685.2,5.21,22,0.084,1,2,49.0,27,12.0,11,1,7,3
CUST_04675,42.0,Bengaluru,3.6,22,24519.86,1114.54,6.11,18,0.564,0,2,55.0,28,13.0,11,5,11,4
CUST_04676,23.0,Bengaluru,6.1,7,17062.34,2437.48,1.15,46,0.678,2,3,10.0,3,2.0,2,0,2,2
CUST_04677,50.0,Delhi,4.3,18,56206.22,3122.57,4.19,3,0.218,0,4,53.0,32,20.0,13,2,10,2
CUST_04678,34.0,Jaipur,2.8,11,16322.6,1483.87,3.93,117,0.351,1,4,9.0,3,4.0,0,3,1,4
CUST_04679,22.0,Delhi,4.4,4,4567.03,1141.76,0.91,83,0.555,1,1,17.0,9,6.0,6,5,7,3
CUST_04680,23.0,Mumbai,0.6,2,2560.21,1280.11,3.33,67,0.557,0,7,20.0,6,6.0,7,7,7,4
CUST_04681,37.0,Delhi,3.8,24,28955.41,1206.48,6.32,5,0.296,3,4,53.0,36,15.0,18,4,5,3
CUST_04682,,Kolkata,2.5,29,53298.79,1837.89,11.6,13,0.545,1,5,73.0,32,9.0,19,3,10,3
CUST_04683,33.0,Chennai,0.9,6,12877.7,2146.28,6.67,175,0.678,1,4,8.0,2,2.0,2,2,0,1
CUST_04684,50.0,Pune,4.2,21,34200.53,1628.6,5.0,49,0.282,0,6,75.0,33,9.0,14,4,4,2
CUST_04685,27.0,Mumbai,5.6,6,9195.68,1532.61,1.07,80,0.558,2,4,15.0,9,9.0,4,2,2,4
CUST_04686,35.0,Chennai,2.2,37,80131.83,2165.73,16.82,4,0.487,0,1,77.0,31,12.0,11,1,10,2
CUST_04687,48.0,Chennai,1.4,15,46561.31,3104.09,10.71,6,0.076,1,4,62.0,24,12.0,13,2,7,2
CUST_04688,37.0,Delhi,5.0,15,26254.54,1750.3,3.0,15,0.198,1,7,51.0,30,13.0,14,4,15,2
CUST_04689,18.0,Ahmedabad,1.4,15,19573.09,1304.87,10.71,16,0.838,2,1,42.0,23,21.0,13,8,10,2
CUST_04690,39.0,Other,2.8,6,8738.13,1456.36,2.14,113,0.507,3,3,10.0,8,1.0,1,3,2,3
CUST_04691,22.0,Pune,2.7,26,55423.92,2131.69,9.63,1,0.42,0,5,70.0,34,8.0,18,0,10,4
CUST_04692,48.0,Hyderabad,1.3,21,35668.37,1698.49,16.15,15,0.311,4,3,66.0,33,12.0,18,6,11,3
CUST_04693,26.0,Mumbai,0.9,22,27079.93,1230.91,24.44,17,0.219,0,1,59.0,36,13.0,16,2,12,2
CUST_04694,64.0,Kolkata,4.7,13,16328.03,1256.0,2.77,13,0.791,2,2,49.0,21,34.0,15,9,7,3
CUST_04695,49.0,Bengaluru,3.5,14,16237.16,1159.8,4.0,32,0.746,3,4,43.0,10,25.0,15,10,13,3
CUST_04696,26.0,Pune,1.9,14,13610.69,972.19,7.37,111,0.52,0,3,4.0,4,5.0,2,4,1,3
CUST_04697,34.0,Kolkata,2.0,17,17380.24,1022.37,8.5,7,0.816,2,2,44.0,17,15.0,15,8,13,3
CUST_04698,42.0,Ahmedabad,3.6,4,5932.97,1483.24,1.11,6,0.858,3,4,47.0,15,17.0,15,10,13,2
CUST_04699,42.0,Mumbai,1.8,18,58895.38,3271.97,10.0,3,0.095,3,4,61.0,30,12.0,8,3,9,3
CUST_04700,38.0,Mumbai,2.3,14,38013.83,2715.27,6.09,114,0.493,1,5,6.0,3,3.0,8,4,1,4
CUST_04701,47.0,Delhi,1.7,27,44835.46,1660.57,15.88,8,0.202,2,3,78.0,23,10.0,16,5,6,3
CUST_04702,33.0,Hyderabad,2.2,21,61714.18,2938.77,9.55,23,0.127,0,2,39.0,14,22.0,11,2,14,3
CUST_04703,30.0,Ahmedabad,2.3,6,7858.33,1309.72,2.61,88,0.259,1,3,15.0,4,7.0,8,10,2,1
CUST_04704,31.0,Hyderabad,3.7,13,15015.26,1155.02,3.51,21,0.775,6,4,50.0,21,17.0,8,6,14,3
CUST_04705,43.0,Hyderabad,1.6,26,49413.5,1900.52,16.25,9,0.262,2,3,76.0,36,12.0,13,5,6,2
CUST_04706,38.0,Ahmedabad,5.2,21,32536.41,1549.35,4.04,9,0.275,2,3,69.0,25,11.0,17,6,6,4
CUST_04707,37.0,Bengaluru,3.7,7,5522.07,788.87,1.89,94,0.43,1,2,16.0,5,3.0,6,3,1,2
CUST_04708,42.0,Hyderabad,2.6,13,25085.09,1929.62,5.0,35,0.495,1,3,52.0,25,11.0,7,1,15,1
CUST_04709,18.0,Bengaluru,2.2,2,3043.33,1521.67,0.91,45,0.474,2,6,23.0,4,9.0,4,3,2,3
CUST_04710,37.0,Jaipur,2.0,5,7460.36,1492.07,2.5,40,0.287,2,2,17.0,4,6.0,4,3,1,0
CUST_04711,36.0,Pune,4.6,34,68645.61,2018.99,7.39,7,0.267,1,4,83.0,34,6.0,20,2,16,4
CUST_04712,51.0,Pune,1.8,15,19281.02,1285.4,8.33,17,0.45,1,4,41.0,19,23.0,12,8,22,5
CUST_04713,19.0,Mumbai,0.4,38,59754.2,1572.48,95.0,4,0.177,1,5,66.0,27,11.0,11,7,11,0
CUST_04714,50.0,Ahmedabad,1.8,3,5608.58,1869.53,1.67,58,0.116,1,5,16.0,6,7.0,3,4,3,3
CUST_04715,35.0,Bengaluru,6.2,7,8920.86,1274.41,1.13,18,0.926,1,4,32.0,15,21.0,11,7,9,1
CUST_04716,39.0,Delhi,1.1,37,66920.12,1808.65,33.64,8,0.335,5,5,70.0,35,13.0,13,1,15,3
CUST_04717,51.0,Other,7.3,11,9122.47,829.32,1.51,7,0.876,1,3,49.0,15,24.0,10,9,16,2
CUST_04718,40.0,Other,1.9,6,12432.46,2072.08,3.16,173,0.685,3,4,7.0,6,3.0,2,1,1,3
CUST_04719,38.0,Other,1.8,22,48210.2,2191.37,12.22,4,0.579,2,6,67.0,26,20.0,11,2,12,2
CUST_04720,36.0,Mumbai,8.1,5,6550.87,1310.17,0.62,152,0.579,1,4,7.0,3,8.0,1,1,0,4
CUST_04721,29.0,Jaipur,3.0,31,46602.07,1503.29,10.33,6,0.26,0,4,69.0,29,12.0,14,3,9,2
CUST_04722,34.0,Delhi,4.4,26,71759.46,2759.98,5.91,11,0.232,0,3,64.0,30,4.0,16,5,11,5
CUST_04723,27.0,Mumbai,1.3,35,65053.52,1858.67,26.92,18,0.325,0,5,62.0,36,10.0,20,9,4,2
CUST_04724,34.0,Delhi,2.1,24,49442.69,2060.11,11.43,4,0.148,1,4,60.0,32,11.0,16,5,9,4
CUST_04725,18.0,Bengaluru,0.3,15,28501.79,1900.12,50.0,4,0.663,5,3,62.0,33,13.0,18,6,11,1
CUST_04726,38.0,Mumbai,1.7,18,31605.32,1755.85,10.59,8,0.446,1,5,55.0,34,15.0,9,3,11,2
CUST_04727,33.0,Hyderabad,2.1,8,7825.99,978.25,3.81,121,0.663,2,3,8.0,3,3.0,4,3,1,5
CUST_04728,31.0,Ahmedabad,2.0,4,4531.67,1132.92,2.0,180,0.24,0,5,16.0,7,5.0,2,3,2,2
CUST_04729,36.0,Delhi,2.3,5,10808.25,2161.65,2.17,21,0.498,0,3,21.0,9,1.0,3,10,2,0
CUST_04730,20.0,Delhi,2.0,15,44132.21,2942.15,7.5,12,0.239,2,3,50.0,22,12.0,12,3,8,2
CUST_04731,53.0,Delhi,,16,43052.25,2690.77,40.0,10,0.376,2,5,52.0,24,18.0,13,2,10,2
CUST_04732,33.0,Other,1.6,16,36815.21,2300.95,10.0,27,0.282,2,3,53.0,16,23.0,11,6,5,1
CUST_04733,33.0,Mumbai,2.8,4,7334.35,1833.59,1.43,64,0.332,2,2,21.0,11,9.0,2,4,4,1
CUST_04734,24.0,Bengaluru,3.3,6,9780.96,1630.16,1.82,217,0.65,4,5,7.0,6,2.0,1,1,1,2
CUST_04735,34.0,Pune,6.0,24,52873.66,2203.07,4.0,9,0.138,2,4,65.0,18,14.0,15,2,11,3
CUST_04736,48.0,Jaipur,0.3,22,64960.87,2952.77,73.33,10,0.121,0,3,67.0,24,20.0,14,2,11,3
CUST_04737,44.0,Mumbai,1.7,9,11638.13,1293.13,5.29,11,0.802,4,3,60.0,23,22.0,16,4,16,2
CUST_04738,43.0,Bengaluru,4.6,31,49125.41,1584.69,6.74,13,0.187,2,3,62.0,28,6.0,13,2,9,0
CUST_04739,39.0,Delhi,2.7,26,45333.7,1743.6,9.63,27,0.154,2,4,64.0,30,11.0,19,8,15,3
CUST_04740,30.0,Jaipur,1.7,7,12251.61,1750.23,4.12,36,0.376,1,4,19.0,8,5.0,5,3,7,5
CUST_04741,19.0,Pune,4.9,1,1068.71,1068.71,0.2,89,0.366,0,2,20.0,4,5.0,5,5,3,1
CUST_04742,32.0,Chennai,2.6,17,37764.6,2221.45,6.54,21,0.241,3,7,66.0,27,16.0,14,3,5,2
CUST_04743,32.0,Mumbai,4.2,25,66502.0,2660.08,5.95,12,0.036,0,3,,19,15.0,9,4,9,2
CUST_04744,44.0,Other,2.4,7,11395.93,1627.99,2.92,30,0.783,3,4,9.0,1,7.0,3,2,1,4
CUST_04745,37.0,Hyderabad,0.3,26,36891.54,1418.91,86.67,8,0.266,2,3,72.0,42,16.0,12,3,7,4
CUST_04746,,Hyderabad,6.1,24,75686.49,3153.6,3.93,5,0.19,1,2,49.0,21,12.0,12,2,11,4
CUST_04747,46.0,Bengaluru,2.2,13,31587.07,2429.77,5.91,25,0.304,0,5,53.0,29,16.0,10,3,11,7
CUST_04748,29.0,Delhi,0.7,21,44622.01,2124.86,30.0,24,0.126,0,1,57.0,26,11.0,9,5,8,0
CUST_04749,18.0,Pune,1.7,32,49161.55,1536.3,18.82,10,0.391,1,7,67.0,26,13.0,11,0,11,5
CUST_04750,48.0,Hyderabad,1.2,2,2328.76,1164.38,1.67,77,0.503,3,3,18.0,2,7.0,4,8,3,1
CUST_04751,48.0,Other,0.2,29,40406.6,1393.33,145.0,7,0.15,2,5,64.0,21,17.0,16,3,8,0
CUST_04752,20.0,Delhi,2.0,10,11930.35,1193.03,5.0,4,0.87,2,3,46.0,19,17.0,13,6,17,1
CUST_04753,49.0,Jaipur,0.4,3,2516.95,838.98,7.5,65,0.505,1,5,25.0,6,6.0,5,4,4,2
CUST_04754,38.0,Mumbai,2.0,13,12297.79,945.98,6.5,9,0.825,7,1,45.0,17,34.0,19,7,14,1
CUST_04755,36.0,Other,3.0,7,6797.64,971.09,2.33,134,0.402,4,5,10.0,2,4.0,0,0,2,0
CUST_04756,50.0,Delhi,3.0,11,22014.24,2001.29,3.67,72,0.607,1,3,15.0,4,2.0,0,6,3,1
CUST_04757,47.0,Delhi,1.5,14,44038.85,3145.63,9.33,6,0.257,0,4,53.0,24,7.0,10,8,8,1
CUST_04758,41.0,Bengaluru,0.9,5,7198.15,1439.63,5.56,93,0.484,1,5,16.0,4,10.0,3,5,4,2
CUST_04759,39.0,Kolkata,4.4,9,12930.85,1436.76,2.05,19,0.857,4,5,48.0,13,12.0,12,7,14,5
CUST_04760,40.0,Kolkata,3.4,11,18301.31,1663.76,3.24,66,0.498,1,4,8.0,1,0.0,2,2,1,4
CUST_04761,30.0,Bengaluru,1.7,16,24450.04,1528.13,9.41,22,0.95,2,2,45.0,22,18.0,16,13,8,1
CUST_04762,33.0,Bengaluru,0.6,7,7820.76,1117.25,11.67,61,0.516,1,4,12.0,3,2.0,4,4,3,2
CUST_04763,25.0,Mumbai,1.1,1,1350.7,1350.7,0.91,68,0.478,0,3,16.0,8,3.0,3,8,7,3
CUST_04764,31.0,Delhi,7.4,32,47176.93,1474.28,4.32,30,0.194,1,2,61.0,44,20.0,11,8,9,5
CUST_04765,30.0,Delhi,4.2,7,7774.45,1110.64,1.67,14,0.765,2,5,57.0,23,20.0,18,6,15,2
CUST_04766,28.0,Hyderabad,3.0,11,19926.89,1811.54,3.67,205,0.343,1,4,11.0,5,3.0,1,0,4,4
CUST_04767,35.0,Hyderabad,1.2,8,11851.01,1481.38,6.67,190,0.514,3,4,9.0,4,2.0,0,3,3,3
CUST_04768,31.0,Chennai,1.2,18,47799.13,2655.51,15.0,10,0.115,2,3,62.0,28,13.0,10,3,10,5
CUST_04769,39.0,Kolkata,4.6,6,8418.68,1403.11,1.3,92,0.203,0,3,21.0,7,4.0,11,3,3,4
CUST_04770,18.0,Pune,6.5,28,51539.8,1840.71,4.31,15,0.607,3,2,62.0,27,10.0,15,5,7,7
CUST_04771,33.0,Kolkata,4.6,14,50454.82,3603.92,3.04,20,0.122,1,1,52.0,28,14.0,13,4,11,2
CUST_04772,35.0,Mumbai,1.9,19,20635.65,1086.09,10.0,11,0.545,1,4,73.0,39,8.0,19,10,12,5
CUST_04773,31.0,Kolkata,1.4,20,30465.74,1523.29,14.29,3,0.389,1,4,66.0,29,6.0,10,2,11,1
CUST_04774,32.0,Mumbai,1.1,6,8342.88,1390.48,5.45,96,0.27,0,6,15.0,7,8.0,6,11,4,3
CUST_04775,18.0,Kolkata,1.8,21,40284.1,1918.29,11.67,18,0.379,1,3,48.0,22,9.0,14,6,11,2
CUST_04776,38.0,Bengaluru,1.2,9,11082.13,1231.35,7.5,98,0.252,1,3,15.0,7,11.0,4,5,4,2
CUST_04777,40.0,Bengaluru,2.6,10,28593.6,2859.36,3.85,10,0.176,1,2,60.0,19,14.0,9,4,6,2
CUST_04778,39.0,Chennai,0.6,24,46748.15,1947.84,40.0,1,0.389,0,3,64.0,37,13.0,11,3,15,1
CUST_04779,44.0,Mumbai,2.4,31,53533.48,1726.89,12.92,2,0.116,1,3,74.0,26,14.0,14,2,7,4
CUST_04780,36.0,Pune,8.7,29,56282.52,1940.78,3.33,18,0.157,3,4,75.0,28,12.0,16,8,8,1
CUST_04781,39.0,Hyderabad,4.6,19,56648.48,2981.5,4.13,23,0.031,1,3,47.0,29,16.0,12,3,10,5
CUST_04782,36.0,Ahmedabad,2.7,17,47289.87,2781.76,6.3,9,0.157,1,4,49.0,29,10.0,21,5,10,4
CUST_04783,41.0,Delhi,8.6,12,18387.62,1532.3,1.4,5,0.747,3,8,40.0,20,16.0,12,5,8,1
CUST_04784,18.0,Pune,3.4,20,39718.3,1985.92,5.88,5,0.639,2,2,,28,10.0,17,2,10,4
CUST_04785,25.0,Bengaluru,1.1,24,47567.92,1982.0,21.82,8,0.502,4,6,79.0,33,9.0,13,5,9,1
CUST_04786,50.0,Hyderabad,4.4,30,54009.14,1800.3,6.82,15,0.241,2,1,80.0,23,10.0,12,7,7,4
CUST_04787,18.0,Bengaluru,0.9,14,28015.13,2001.08,15.56,101,0.675,2,2,9.0,3,2.0,2,1,1,2
CUST_04788,33.0,Jaipur,0.4,3,2844.58,948.19,7.5,84,0.191,2,3,13.0,3,1.0,3,1,3,1
CUST_04789,46.0,Bengaluru,3.3,15,16433.73,1095.58,4.55,23,0.865,1,6,50.0,18,17.0,16,5,8,0
CUST_04790,33.0,Mumbai,3.7,25,34735.83,1389.43,6.76,22,0.159,3,4,70.0,29,9.0,11,5,12,1
CUST_04791,30.0,Pune,4.4,22,63323.93,2878.36,5.0,6,0.095,0,2,52.0,29,13.0,13,3,6,3
CUST_04792,35.0,Bengaluru,3.7,12,24332.13,2027.68,3.24,151,0.329,3,4,8.0,4,4.0,2,1,2,2
CUST_04793,30.0,Chennai,3.2,19,55187.49,2904.6,5.94,27,0.133,1,4,46.0,22,10.0,18,1,6,1
CUST_04794,34.0,Pune,1.5,21,39362.31,1874.4,14.0,5,0.271,1,2,60.0,36,11.0,12,6,4,2
CUST_04795,27.0,Other,2.9,22,58440.76,2656.4,7.59,18,0.558,3,4,77.0,21,11.0,18,2,11,3
CUST_04796,45.0,Delhi,4.4,22,47644.4,2165.65,5.0,20,0.359,4,1,66.0,41,9.0,14,7,12,4
CUST_04797,48.0,Hyderabad,3.2,12,35269.2,2939.1,3.75,2,0.095,0,5,49.0,26,15.0,12,2,5,5
CUST_04798,33.0,Mumbai,3.9,3,4272.75,1424.25,0.77,71,0.139,0,5,14.0,9,8.0,2,4,3,2
CUST_04799,20.0,Jaipur,7.3,18,36743.51,2041.31,2.47,22,0.125,1,5,48.0,24,17.0,12,2,14,4
CUST_04800,29.0,Ahmedabad,3.8,4,6779.54,1694.89,1.05,145,0.172,1,4,17.0,7,6.0,3,6,1,3
CUST_04801,32.0,Pune,4.8,8,17364.77,2170.6,1.67,5,0.171,1,4,50.0,21,7.0,19,2,8,2
CUST_04802,39.0,Other,0.6,21,61547.13,2930.82,35.0,17,0.521,1,4,53.0,31,12.0,6,4,7,5
CUST_04803,24.0,Delhi,3.2,10,8274.43,827.44,3.12,30,0.574,3,2,12.0,4,3.0,0,1,3,1
CUST_04804,26.0,Chennai,8.4,8,21171.36,2646.42,0.95,40,0.047,0,4,55.0,29,11.0,18,3,11,0
CUST_04805,39.0,Ahmedabad,2.8,4,5167.29,1291.82,1.43,76,0.243,3,4,11.0,8,9.0,6,6,1,1
CUST_04806,43.0,Kolkata,2.8,11,12769.45,1160.86,3.93,100,0.938,2,5,46.0,22,22.0,10,5,11,2
CUST_04807,28.0,Other,2.1,13,28838.73,2218.36,6.19,1,0.144,1,3,51.0,25,14.0,10,2,9,2
CUST_04808,21.0,Jaipur,1.9,9,15709.41,1745.49,4.74,141,0.546,1,2,12.0,2,1.0,1,4,1,1
CUST_04809,67.0,Other,7.1,21,43152.36,2054.87,2.96,22,0.295,1,4,95.0,25,12.0,17,7,10,2
CUST_04810,42.0,Pune,0.3,12,25412.05,2117.67,40.0,151,0.234,3,3,12.0,1,2.0,1,0,1,1
CUST_04811,31.0,Delhi,3.1,21,57760.31,2750.49,6.77,6,0.218,0,3,49.0,21,10.0,10,6,9,3
CUST_04812,43.0,Chennai,,13,21334.08,1641.08,6.19,63,0.709,4,6,13.0,7,4.0,4,0,3,3
CUST_04813,33.0,Kolkata,0.5,17,57915.94,3406.82,34.0,18,0.267,1,4,62.0,21,12.0,9,5,11,2
CUST_04814,43.0,Hyderabad,4.4,12,9769.06,814.09,2.73,31,0.94,3,3,41.0,16,19.0,7,11,9,2
CUST_04815,36.0,Mumbai,2.4,6,8209.33,1368.22,2.5,40,0.176,0,5,21.0,8,3.0,2,5,3,3
CUST_04816,35.0,Ahmedabad,3.1,12,15229.83,1269.15,3.87,64,0.781,4,5,9.0,6,2.0,1,3,2,2
CUST_04817,33.0,Other,1.8,9,17254.81,1917.2,5.0,31,0.41,1,3,5.0,3,5.0,0,0,2,6
CUST_04818,20.0,Delhi,3.4,4,5404.28,1351.07,1.18,89,0.495,0,2,15.0,7,8.0,9,6,4,3
CUST_04819,53.0,Pune,3.8,11,24227.93,2202.54,2.89,167,0.469,2,3,8.0,1,5.0,3,1,0,3
CUST_04820,25.0,Mumbai,1.0,18,48521.6,2695.64,18.0,6,0.433,0,4,55.0,28,15.0,11,1,3,2
CUST_04821,20.0,Pune,1.0,20,49640.09,2482.0,20.0,4,0.546,1,3,72.0,31,10.0,9,5,10,1
CUST_04822,32.0,Chennai,1.8,32,57050.01,1782.81,17.78,2,0.301,1,5,79.0,30,10.0,7,2,8,1
CUST_04823,24.0,Other,6.5,33,54976.65,1665.96,5.08,13,0.525,1,1,55.0,36,9.0,18,3,10,3
CUST_04824,33.0,Mumbai,1.9,27,36815.63,1363.54,14.21,29,0.272,0,1,61.0,38,18.0,19,2,6,2
CUST_04825,41.0,Hyderabad,1.9,11,12787.37,1162.49,5.79,10,0.957,2,6,47.0,20,26.0,14,9,15,1
CUST_04826,44.0,Chennai,1.6,16,44975.53,2810.97,10.0,21,0.286,0,5,42.0,27,16.0,15,3,14,3
CUST_04827,42.0,Pune,7.4,4,3996.35,999.09,0.54,28,0.273,0,4,24.0,6,2.0,2,7,1,1
CUST_04828,31.0,Hyderabad,2.9,16,45232.9,2827.06,5.52,25,0.098,1,3,49.0,15,8.0,16,4,12,1
CUST_04829,34.0,Kolkata,5.1,22,34920.8,1587.31,4.31,6,0.225,4,5,65.0,24,15.0,7,5,15,4
CUST_04830,38.0,Ahmedabad,5.4,5,5329.23,1065.85,0.93,43,0.853,1,4,37.0,18,23.0,11,13,8,3
CUST_04831,18.0,Bengaluru,1.1,5,6922.72,1384.54,4.55,107,0.257,0,4,16.0,3,4.0,5,5,3,2
CUST_04832,40.0,Kolkata,1.4,8,15005.66,1875.71,5.71,85,0.126,1,1,18.0,9,4.0,5,6,3,4
CUST_04833,19.0,Delhi,3.0,4,9335.82,2333.95,1.33,109,0.517,2,3,19.0,4,6.0,5,5,6,2
CUST_04834,54.0,Pune,1.1,15,34422.33,2294.82,13.64,6,0.169,2,4,52.0,18,16.0,9,1,7,0
CUST_04835,30.0,Pune,1.4,17,16075.52,945.62,12.14,37,0.815,2,4,45.0,21,18.0,14,4,9,2
CUST_04836,32.0,Delhi,2.0,15,38619.98,2574.67,7.5,33,0.304,1,2,56.0,22,12.0,18,5,15,0
CUST_04837,26.0,Mumbai,1.4,26,42035.97,1616.77,18.57,11,0.346,0,4,68.0,29,4.0,16,9,9,2
CUST_04838,28.0,Delhi,0.9,36,84426.13,2345.17,40.0,9,0.265,1,4,69.0,28,9.0,14,5,11,0
CUST_04839,57.0,Chennai,1.6,15,23333.62,1555.57,9.38,31,0.106,1,2,62.0,13,10.0,12,3,9,1
CUST_04840,43.0,Chennai,2.6,24,19819.33,825.81,9.23,16,0.441,1,5,66.0,36,8.0,10,3,7,10
CUST_04841,19.0,Mumbai,1.2,9,17524.37,1947.15,7.5,352,0.619,1,5,16.0,6,3.0,3,4,5,1
CUST_04842,49.0,Delhi,1.7,10,19379.34,1937.93,5.88,85,0.269,1,5,12.0,3,2.0,3,2,2,5
CUST_04843,46.0,Hyderabad,2.1,26,42294.59,1626.72,12.38,18,0.385,1,3,64.0,28,15.0,11,3,11,0
CUST_04844,31.0,Delhi,7.5,15,31918.26,2127.88,2.0,5,0.227,4,2,55.0,27,14.0,14,4,10,3
CUST_04845,37.0,Bengaluru,1.3,27,69138.15,2560.67,20.77,9,0.632,0,2,56.0,18,13.0,10,4,10,0
CUST_04846,34.0,Kolkata,5.9,14,19291.79,1377.98,2.37,5,0.166,0,4,81.0,31,10.0,13,2,14,3
CUST_04847,54.0,Mumbai,0.3,9,14309.54,1589.95,30.0,171,0.363,0,1,14.0,6,4.0,3,3,3,0
CUST_04848,26.0,Pune,4.3,21,42087.54,2004.17,4.88,12,0.204,1,2,54.0,26,10.0,19,1,10,2
CUST_04849,35.0,Mumbai,3.8,7,17593.51,2513.36,1.84,28,0.11,1,2,12.0,5,7.0,6,4,5,2
CUST_04850,30.0,Mumbai,4.3,18,46616.86,2589.83,4.19,11,0.142,1,4,50.0,26,11.0,9,0,10,0
CUST_04851,20.0,Other,3.9,18,26961.36,1497.85,4.62,106,0.393,1,4,14.0,8,6.0,1,2,0,3
CUST_04852,56.0,Delhi,4.9,21,30741.92,1463.9,4.29,6,0.145,1,1,48.0,33,12.0,12,3,18,2
CUST_04853,22.0,Bengaluru,1.9,4,5935.82,1483.95,2.11,57,0.212,0,1,15.0,9,2.0,2,9,2,3
CUST_04854,36.0,Kolkata,6.0,27,50369.35,1865.53,4.5,2,0.503,2,3,67.0,36,14.0,16,5,12,1
CUST_04855,18.0,Mumbai,1.4,7,10894.16,1556.31,5.0,66,0.69,0,4,20.0,6,8.0,5,5,3,2
CUST_04856,30.0,Pune,0.4,21,51490.09,2451.91,52.5,6,0.232,0,3,53.0,36,15.0,14,2,12,5
CUST_04857,38.0,Ahmedabad,0.5,18,58712.09,3261.78,36.0,5,0.196,0,5,49.0,22,15.0,12,4,6,1
CUST_04858,26.0,Jaipur,2.8,10,18763.94,1876.39,3.57,74,0.287,0,6,18.0,3,5.0,1,1,3,0
CUST_04859,40.0,Delhi,,9,13277.46,1475.27,2.57,60,0.515,2,6,9.0,3,4.0,3,2,1,1
CUST_04860,31.0,Delhi,4.4,8,10739.12,,1.82,140,0.638,2,5,14.0,3,3.0,0,2,1,0
CUST_04861,46.0,Kolkata,2.8,3,5162.62,1720.87,1.07,34,0.494,0,2,20.0,4,5.0,2,4,3,3
CUST_04862,48.0,Delhi,1.5,6,6158.22,1026.37,4.0,24,0.294,1,4,22.0,4,4.0,6,5,3,2
CUST_04863,28.0,Mumbai,4.4,14,50562.43,3611.6,3.18,12,0.224,2,6,61.0,26,10.0,9,3,12,1
CUST_04864,35.0,Pune,2.5,22,29632.82,1346.95,8.8,11,0.276,4,6,50.0,27,12.0,12,2,10,3
CUST_04865,36.0,Delhi,1.4,21,30517.49,1453.21,15.0,8,0.378,1,4,61.0,35,15.0,17,1,8,0
CUST_04866,40.0,Mumbai,3.4,4,6176.86,1544.22,1.18,112,0.248,1,2,23.0,4,10.0,6,7,4,1
CUST_04867,34.0,Bengaluru,2.5,18,26742.34,1485.69,7.2,9,0.356,4,2,68.0,26,12.0,16,0,16,4
CUST_04868,36.0,Kolkata,10.0,15,38580.27,2572.02,1.5,24,0.317,0,2,63.0,36,11.0,17,3,5,3
CUST_04869,32.0,Bengaluru,10.0,6,8122.82,1353.8,0.6,63,0.805,2,6,47.0,21,12.0,24,7,14,2
CUST_04870,35.0,Mumbai,1.3,1,1960.52,1960.52,0.77,64,0.355,1,8,21.0,9,5.0,6,6,5,4
CUST_04871,47.0,Bengaluru,0.4,20,40153.04,2007.65,50.0,12,0.217,1,6,,22,15.0,12,3,10,3
CUST_04872,40.0,Chennai,1.1,22,61345.96,2788.45,20.0,9,0.23,2,4,56.0,22,12.0,14,1,15,4
CUST_04873,41.0,Mumbai,0.5,22,70509.28,3204.97,44.0,20,0.116,0,5,43.0,29,11.0,17,1,11,3
CUST_04874,41.0,Mumbai,3.7,24,23428.92,976.21,6.49,15,0.26,0,5,61.0,36,15.0,10,5,9,2
CUST_04875,32.0,Delhi,5.6,30,53131.55,1771.05,5.36,7,0.399,2,3,63.0,37,19.0,10,5,7,2
CUST_04876,37.0,Pune,1.1,5,3876.2,775.24,4.55,35,0.335,1,3,22.0,4,7.0,8,6,2,2
CUST_04877,23.0,Other,5.3,15,16800.39,1120.03,2.83,21,0.909,2,4,48.0,24,16.0,9,6,16,3
CUST_04878,47.0,Hyderabad,0.8,2,4506.32,2253.16,2.5,42,0.327,1,5,18.0,7,5.0,7,1,6,1
CUST_04879,18.0,Delhi,5.2,21,38233.53,1820.64,4.04,3,0.224,3,2,65.0,43,11.0,14,5,9,0
CUST_04880,33.0,Chennai,1.3,3,4280.91,1426.97,2.31,27,0.263,1,2,19.0,6,15.0,1,4,2,4
CUST_04881,45.0,Delhi,2.7,33,74168.94,2247.54,12.22,12,0.343,0,4,52.0,38,14.0,13,2,8,1
CUST_04882,20.0,Mumbai,4.4,19,23936.48,1259.81,4.32,66,0.902,0,3,41.0,15,22.0,12,4,11,4
CUST_04883,38.0,Pune,1.9,4,6767.95,1691.99,2.11,59,0.384,0,4,21.0,10,11.0,11,6,2,4
CUST_04884,27.0,Chennai,0.8,16,41556.22,2597.26,20.0,21,0.189,0,1,60.0,16,11.0,9,5,8,1
CUST_04885,30.0,Mumbai,9.2,18,50586.44,2810.36,1.96,7,0.276,1,5,58.0,24,18.0,11,5,10,5
CUST_04886,43.0,Pune,0.8,14,22665.22,1618.94,17.5,153,0.719,1,4,10.0,3,3.0,3,2,0,2
CUST_04887,36.0,Pune,7.5,31,61292.97,1977.19,4.13,4,0.052,1,5,61.0,36,9.0,9,2,9,4
CUST_04888,18.0,Pune,3.7,5,7943.1,1588.62,1.35,78,0.573,0,2,25.0,7,3.0,2,5,5,1
CUST_04889,24.0,Chennai,5.7,18,34257.71,1903.21,3.16,5,0.204,3,4,50.0,26,13.0,9,2,13,3
CUST_04890,44.0,Ahmedabad,4.0,4,7237.51,1809.38,1.0,130,0.466,1,4,15.0,8,8.0,3,4,3,1
CUST_04891,38.0,Kolkata,0.8,23,48319.56,2100.85,28.75,12,0.404,2,6,60.0,37,14.0,23,4,12,7
CUST_04892,51.0,Chennai,0.6,23,65739.61,2858.24,38.33,3,0.119,0,5,52.0,20,16.0,15,5,8,2
CUST_04893,51.0,Other,1.5,17,11592.32,681.9,11.33,5,0.861,1,4,56.0,15,18.0,9,12,14,3
CUST_04894,31.0,Mumbai,0.3,28,57079.97,2038.57,93.33,7,0.302,1,3,73.0,34,13.0,15,0,8,2
CUST_04895,59.0,Mumbai,2.8,20,28311.88,1415.59,7.14,9,0.452,5,3,68.0,31,11.0,14,3,13,2
CUST_04896,34.0,Bengaluru,2.9,16,51813.73,3238.36,5.52,14,0.194,1,4,70.0,30,22.0,8,0,11,5
CUST_04897,24.0,Delhi,,8,16328.72,2041.09,3.81,25,0.173,1,3,59.0,30,10.0,7,4,2,2
CUST_04898,28.0,Bengaluru,1.1,22,27817.88,1264.45,20.0,3,0.12,0,4,68.0,30,14.0,17,4,8,1
CUST_04899,18.0,Pune,3.2,18,31865.94,1770.33,5.62,18,0.069,2,7,51.0,24,16.0,6,2,5,5
CUST_04900,50.0,Mumbai,,9,15710.35,1745.59,6.92,49,0.557,1,4,13.0,6,3.0,1,2,0,3
CUST_04901,50.0,Bengaluru,2.6,10,32469.35,3246.94,3.85,26,0.155,1,5,54.0,29,18.0,7,4,5,3
CUST_04902,24.0,Other,1.2,13,17397.79,1338.29,10.83,33,0.45,3,2,55.0,18,20.0,14,8,18,5
CUST_04903,32.0,Delhi,1.8,14,34183.62,2441.69,7.78,10,0.363,0,3,53.0,22,12.0,13,7,10,1
CUST_04904,35.0,Mumbai,,32,62501.46,1953.17,3.2,15,0.306,2,2,76.0,23,8.0,15,4,5,2
CUST_04905,24.0,Chennai,4.7,8,16656.41,2082.05,1.7,272,0.348,1,3,16.0,8,1.0,1,1,3,3
CUST_04906,18.0,Delhi,0.8,20,44193.89,2209.69,25.0,2,0.189,0,3,51.0,13,18.0,6,5,12,3
CUST_04907,32.0,Pune,7.6,13,27684.72,2129.59,1.71,182,0.406,3,4,7.0,7,3.0,4,2,1,5
CUST_04908,31.0,Delhi,3.9,28,50238.71,1794.24,7.18,21,0.476,2,3,59.0,29,9.0,12,2,18,1
CUST_04909,30.0,Kolkata,2.0,9,20300.94,2255.66,4.5,63,0.541,0,3,24.0,9,7.0,5,3,2,3
CUST_04910,36.0,Ahmedabad,2.3,10,11129.68,1112.97,4.35,19,0.697,2,5,44.0,20,28.0,14,10,11,1
CUST_04911,48.0,Hyderabad,3.2,10,13123.52,1312.35,3.12,46,0.457,1,3,6.0,3,4.0,3,3,1,3
CUST_04912,31.0,Delhi,7.5,14,15004.18,1071.73,1.87,23,0.653,6,5,48.0,15,13.0,17,9,12,2
CUST_04913,36.0,Delhi,3.6,10,10808.82,1080.88,2.78,34,0.946,3,3,43.0,15,30.0,10,7,13,2
CUST_04914,41.0,Mumbai,1.5,16,42374.6,2648.41,10.67,4,0.108,0,4,58.0,19,15.0,10,3,3,3
CUST_04915,40.0,Other,2.0,17,39555.0,2326.76,8.5,4,0.206,1,2,55.0,26,16.0,10,5,8,6
CUST_04916,28.0,Chennai,1.5,11,13426.44,1220.59,7.33,232,0.52,3,1,7.0,3,4.0,4,0,0,3
CUST_04917,35.0,Mumbai,,27,51843.21,1920.12,8.44,8,0.273,1,1,93.0,38,12.0,17,5,11,2
CUST_04918,39.0,Chennai,3.9,37,84330.6,2279.21,9.49,9,0.514,2,5,62.0,40,15.0,18,6,9,3
CUST_04919,23.0,Bengaluru,3.9,8,17843.37,2230.42,2.05,56,0.536,0,4,16.0,3,9.0,5,7,1,3
CUST_04920,47.0,Other,6.1,18,32544.69,1808.04,2.95,7,0.597,0,3,84.0,22,15.0,15,2,13,0
CUST_04921,48.0,Ahmedabad,3.7,8,13156.25,1644.53,2.16,146,0.295,1,4,8.0,2,0.0,1,1,5,1
CUST_04922,27.0,Mumbai,1.0,2,2415.29,1207.64,2.0,16,0.356,2,1,22.0,9,4.0,4,8,6,5
CUST_04923,36.0,Kolkata,6.3,8,6410.94,801.37,1.27,33,0.816,3,4,57.0,26,18.0,23,8,17,3
CUST_04924,40.0,Bengaluru,2.3,12,18121.57,1510.13,5.22,165,0.601,2,4,8.0,5,4.0,2,4,0,4
CUST_04925,29.0,Pune,2.6,13,27071.93,2082.46,5.0,19,0.141,1,3,49.0,33,18.0,10,3,6,3
CUST_04926,39.0,Chennai,1.9,31,47488.23,1531.88,16.32,15,0.37,0,4,69.0,32,15.0,15,6,9,4
CUST_04927,36.0,Hyderabad,1.3,14,21079.83,1505.7,10.77,46,0.955,5,4,38.0,25,16.0,10,13,10,4
CUST_04928,19.0,Mumbai,1.4,23,43352.63,1884.9,16.43,1,0.199,0,6,56.0,26,8.0,12,5,11,0
CUST_04929,39.0,Chennai,4.9,2,3443.07,1721.54,0.41,64,0.437,2,2,21.0,3,10.0,6,4,1,4
CUST_04930,23.0,Chennai,2.8,7,14647.92,2092.56,2.5,167,0.324,2,2,12.0,6,3.0,4,0,2,2
CUST_04931,43.0,Mumbai,2.0,19,32121.9,1690.63,9.5,12,0.302,3,8,65.0,32,15.0,18,7,13,3
CUST_04932,27.0,Delhi,6.2,23,59175.21,2572.84,3.71,15,0.512,2,7,70.0,35,15.0,16,4,8,4
CUST_04933,32.0,Hyderabad,3.7,7,9071.06,1295.87,1.89,146,0.749,1,2,10.0,7,2.0,0,2,3,4
CUST_04934,48.0,Mumbai,2.2,9,9561.81,1062.42,4.09,62,0.939,2,6,40.0,17,26.0,19,9,6,1
CUST_04935,39.0,Jaipur,6.7,11,9896.42,899.67,1.64,42,0.614,0,3,53.0,33,18.0,7,12,14,1
CUST_04936,23.0,Mumbai,5.8,25,67265.46,2690.62,4.31,11,0.33,0,3,64.0,36,10.0,11,2,11,1
CUST_04937,24.0,Mumbai,2.0,12,15670.67,1305.89,6.0,274,0.663,6,3,12.0,2,3.0,0,1,2,3
CUST_04938,28.0,Mumbai,1.6,12,11562.11,963.51,7.5,68,0.751,2,4,45.0,19,19.0,15,13,12,2
CUST_04939,38.0,Bengaluru,4.1,3,3945.03,1315.01,0.73,140,0.155,1,4,20.0,6,3.0,0,5,1,2
CUST_04940,38.0,Hyderabad,1.9,2,3649.32,1824.66,1.05,75,0.475,0,4,20.0,8,7.0,4,4,1,3
CUST_04941,26.0,Delhi,2.8,30,54408.02,1813.6006666666665,5.36,17,0.399,0,4,60.0,31,15.0,21,3,15,2
CUST_04942,22.0,Delhi,2.4,32,54530.56,1704.08,13.33,3,0.435,3,4,62.0,29,17.0,20,7,9,5
CUST_04943,37.0,Ahmedabad,2.9,3,4546.8,1515.6,1.03,23,0.221,1,4,15.0,10,7.0,3,3,2,1
CUST_04944,32.0,Mumbai,7.1,28,58707.36,2096.69,3.94,6,0.254,3,5,79.0,37,12.0,9,2,11,3
CUST_04945,56.0,Delhi,2.8,5,8628.36,1725.67,1.79,30,0.384,0,5,19.0,7,5.0,3,3,4,0
CUST_04946,34.0,Mumbai,4.5,7,15336.64,2190.95,1.56,126,0.146,0,3,8.0,2,3.0,4,0,2,3
CUST_04947,52.0,Mumbai,3.0,3,6301.02,,1.0,55,0.275,0,3,13.0,6,6.0,4,7,3,4
CUST_04948,22.0,Delhi,2.8,3,3879.52,1293.17,1.07,164,0.482,2,3,23.0,8,1.0,4,4,3,1
CUST_04949,18.0,Pune,1.1,6,9653.48,1608.91,5.45,141,0.169,0,4,14.0,9,8.0,6,5,3,1
CUST_04950,23.0,Pune,0.5,3,4291.68,1430.56,6.0,180,0.466,2,5,10.0,10,8.0,6,3,8,4
CUST_04951,46.0,Ahmedabad,1.4,22,48981.24,2226.42,15.71,12,0.262,2,5,67.0,34,14.0,13,2,13,5
CUST_04952,52.0,Mumbai,0.4,21,38590.69,1837.65,52.5,14,0.146,1,3,52.0,26,11.0,14,4,8,1
CUST_04953,26.0,Ahmedabad,1.5,35,67213.07,1920.37,23.33,13,0.362,2,4,71.0,28,21.0,16,1,15,4
CUST_04954,29.0,Chennai,2.8,4,5801.18,1450.29,1.43,26,0.117,1,3,16.0,9,2.0,3,10,3,3
CUST_04955,22.0,Delhi,1.8,6,7763.51,1293.92,3.33,37,0.719,4,4,39.0,18,24.0,11,7,14,3
CUST_04956,,Hyderabad,0.5,2,1217.9,608.95,4.0,130,0.401,0,5,17.0,5,10.0,4,4,4,6
CUST_04957,41.0,Bengaluru,10.0,24,35688.23,1487.01,2.4,21,0.334,0,3,59.0,26,21.0,13,3,12,2
CUST_04958,36.0,Mumbai,2.5,1,327.86,327.86,0.4,22,0.552,1,2,20.0,6,6.0,7,10,6,3
CUST_04959,34.0,Other,2.4,13,45527.15,3502.09,5.42,7,0.232,1,1,63.0,24,18.0,11,6,9,1
CUST_04960,20.0,Hyderabad,5.8,3,4631.24,1543.75,0.52,82,0.411,0,2,12.0,7,6.0,4,8,4,4
CUST_04961,50.0,Jaipur,5.2,10,16300.24,1630.02,1.92,100,0.8,3,3,51.0,14,22.0,16,8,16,4
CUST_04962,29.0,Ahmedabad,2.4,29,47706.99,,12.08,5,0.478,0,5,67.0,33,11.0,19,2,9,1
CUST_04963,39.0,Mumbai,2.6,24,41367.31,1723.64,9.23,5,0.383,1,2,66.0,40,9.0,20,6,12,2
CUST_04964,,Pune,8.3,1,1495.71,1495.71,0.12,59,0.401,0,3,14.0,2,3.0,8,2,0,1
CUST_04965,32.0,Mumbai,2.5,16,9948.27,621.77,6.4,38,0.587,3,8,50.0,13,24.0,15,8,13,4
CUST_04966,37.0,Ahmedabad,5.0,18,30831.49,1712.86,3.6,11,0.504,0,4,69.0,46,15.0,9,6,13,2
CUST_04967,37.0,Jaipur,1.7,10,19844.33,1984.43,5.88,241,0.484,2,2,12.0,3,2.0,2,2,4,2
CUST_04968,36.0,Bengaluru,1.2,2,3850.47,1925.24,1.67,12,0.657,0,6,21.0,8,3.0,4,4,3,3
CUST_04969,39.0,Mumbai,3.8,12,25014.46,2084.54,3.16,106,0.482,3,3,9.0,4,4.0,2,2,0,3
CUST_04970,23.0,Mumbai,5.0,29,34406.02,,5.8,23,0.257,1,5,55.0,34,16.0,13,5,7,0
CUST_04971,36.0,Ahmedabad,0.9,10,15808.95,1580.89,11.11,20,0.965,2,4,48.0,21,26.0,15,9,7,5
CUST_04972,35.0,Other,3.7,9,15125.1,1680.57,2.43,113,0.531,2,1,14.0,2,3.0,4,3,1,0
CUST_04973,36.0,Pune,1.7,9,12684.15,1409.35,5.29,24,0.813,5,4,56.0,14,19.0,12,8,10,2
CUST_04974,35.0,Mumbai,0.2,4,5458.8,1364.7,20.0,116,0.337,0,1,24.0,5,4.0,3,6,2,0
CUST_04975,21.0,Delhi,1.0,26,57182.66,2199.33,26.0,14,0.259,2,3,83.0,32,9.0,20,8,8,1
CUST_04976,21.0,Mumbai,1.9,12,10010.96,834.25,6.32,43,0.823,2,2,51.0,21,17.0,16,13,12,2
CUST_04977,18.0,Ahmedabad,5.0,21,72099.06,3433.29,4.2,3,0.172,2,4,57.0,25,9.0,10,2,7,4
CUST_04978,42.0,Bengaluru,4.1,15,35804.39,2386.96,3.66,5,0.438,1,3,63.0,31,19.0,9,2,12,2
CUST_04979,42.0,Chennai,0.9,21,51983.62,2475.41,23.33,8,0.456,3,3,46.0,26,20.0,11,3,12,2
CUST_04980,42.0,Bengaluru,3.8,22,85996.86,3908.95,5.79,16,0.155,0,4,59.0,37,19.0,13,8,6,3
CUST_04981,37.0,Delhi,1.3,2,5261.36,2630.68,1.54,94,0.704,1,4,7.0,7,3.0,5,2,1,5
CUST_04982,18.0,Pune,3.6,19,36493.29,1920.7,5.28,11,0.309,2,5,64.0,36,12.0,13,2,12,1
CUST_04983,24.0,Kolkata,1.4,1,2695.82,2695.82,0.71,54,0.376,1,4,14.0,5,5.0,6,5,3,3
CUST_04984,36.0,Chennai,7.9,3,4990.46,1663.49,0.38,67,0.419,0,3,17.0,4,5.0,5,4,3,4
CUST_04985,35.0,Delhi,1.5,10,13485.72,1348.57,6.67,49,0.938,2,4,50.0,18,14.0,8,15,11,1
CUST_04986,32.0,Delhi,2.0,19,62020.31,3264.23,9.5,8,0.327,2,3,60.0,30,12.0,11,3,4,0
CUST_04987,38.0,Mumbai,1.3,6,6451.03,1075.17,4.62,91,0.406,1,5,14.0,8,7.0,4,5,3,1
CUST_04988,34.0,Mumbai,3.9,10,12405.68,1240.57,2.56,80,0.9,2,5,60.0,18,22.0,12,9,7,5
CUST_04989,35.0,Hyderabad,1.3,3,5150.08,1716.69,2.31,71,0.343,0,4,24.0,5,6.0,6,9,3,1
CUST_04990,28.0,Bengaluru,0.5,5,4728.67,945.73,10.0,36,0.593,2,2,30.0,8,8.0,5,3,4,2
CUST_04991,44.0,Bengaluru,3.4,8,13475.21,1684.4,2.35,136,0.175,1,4,11.0,4,3.0,1,0,0,2
CUST_04992,30.0,Ahmedabad,3.3,6,7258.71,1209.79,1.82,18,0.943,0,6,24.0,10,13.0,10,10,19,3
CUST_04993,21.0,Bengaluru,1.1,16,33847.73,2115.48,14.55,20,0.108,1,4,73.0,37,8.0,16,7,9,4
CUST_04994,26.0,Delhi,1.3,6,8052.42,1342.07,4.62,155,0.269,0,3,19.0,3,7.0,3,4,5,5
CUST_04995,31.0,Mumbai,2.2,24,61810.54,2575.44,10.91,8,0.167,1,2,57.0,32,20.0,10,6,3,1
CUST_04996,44.0,Ahmedabad,4.0,8,15838.98,1979.87,2.0,105,0.492,3,5,9.0,5,1.0,2,1,2,1
CUST_04997,34.0,Hyderabad,9.3,19,70967.14,3735.11,2.04,15,0.201,0,5,46.0,28,11.0,11,6,9,2
CUST_04998,32.0,Mumbai,4.0,32,60161.71,1880.05,8.0,13,0.231,3,3,64.0,24,9.0,14,4,10,1
CUST_04999,22.0,Chennai,4.3,4,2536.48,634.12,0.93,102,0.633,0,4,17.0,9,7.0,0,3,3,1
CUST_05000,42.0,Bengaluru,7.1,13,19655.83,1511.99,1.83,32,0.767,3,3,53.0,9,25.0,12,9,16,2
CUST_05001,27.0,Ahmedabad,4.5,26,39554.8,1521.34,5.78,12,0.345,2,5,76.0,32,14.0,15,3,13,3
CUST_05002,33.0,Other,7.7,12,11313.37,942.78,1.56,32,0.871,4,5,49.0,23,23.0,12,12,11,4
CUST_05003,49.0,Hyderabad,2.9,9,16154.65,1794.96,3.1,101,0.575,0,4,8.0,1,4.0,5,4,2,2
CUST_05004,39.0,Kolkata,3.3,23,41193.33,1791.01,6.97,7,0.296,3,6,91.0,29,8.0,15,1,11,3
CUST_05005,18.0,Mumbai,1.3,4,1838.78,459.69,3.08,169,0.448,2,2,8.0,2,4.0,2,1,3,4
CUST_05006,18.0,Hyderabad,1.1,24,37867.66,1577.82,21.82,9,0.304,0,6,32.0,28,8.0,5,4,3,1
CUST_05007,33.0,Kolkata,1.8,2,1606.94,803.47,1.11,36,0.752,0,4,18.0,4,5.0,5,3,3,1
CUST_05008,22.0,Bengaluru,4.6,1,1951.97,1951.97,0.22,97,0.637,1,2,21.0,11,7.0,2,7,2,2
CUST_05009,40.0,Hyderabad,4.8,11,27453.7,2495.79,2.29,37,0.03,3,4,55.0,14,11.0,8,5,8,5
CUST_05010,34.0,Jaipur,2.7,15,19752.98,1316.87,5.56,14,0.144,1,4,60.0,21,15.0,18,6,13,1
CUST_05011,36.0,Pune,5.6,17,59159.9,3479.99,3.04,24,0.336,1,4,50.0,28,14.0,11,1,16,3
CUST_05012,27.0,Mumbai,1.9,4,7813.53,1953.38,2.11,34,0.367,0,3,18.0,6,6.0,7,5,4,1
CUST_05013,51.0,Chennai,1.0,10,13160.68,1316.07,10.0,25,0.908,0,1,42.0,18,26.0,17,10,12,1
CUST_05014,62.0,Ahmedabad,4.0,4,6218.84,1554.71,1.0,16,0.632,0,2,10.0,4,3.0,6,5,4,4
CUST_05015,31.0,Jaipur,3.2,23,55881.27,2429.62,7.19,4,0.019,0,3,55.0,20,15.0,13,2,9,2
CUST_05016,38.0,Chennai,3.3,24,52369.94,2182.08,7.27,21,0.393,0,4,55.0,31,10.0,27,2,13,2
CUST_05017,35.0,Ahmedabad,7.9,16,50989.45,3186.84,2.03,30,0.259,2,5,,19,16.0,13,5,10,3
CUST_05018,31.0,Chennai,3.3,34,87421.9,2571.23,10.3,17,0.267,2,1,,25,15.0,16,3,12,1
CUST_05019,26.0,Mumbai,5.1,18,11210.12,622.78,3.53,7,0.892,4,2,32.0,15,19.0,15,13,15,4
CUST_05020,23.0,Kolkata,0.2,9,15625.26,1736.14,45.0,66,0.524,2,4,7.0,9,1.0,1,1,3,3
CUST_05021,23.0,Mumbai,3.2,3,3337.88,1112.63,0.94,137,0.401,1,2,12.0,7,3.0,5,4,1,2
CUST_05022,38.0,Pune,0.8,32,42604.05,1331.38,40.0,3,0.347,0,2,67.0,34,15.0,9,1,5,1
CUST_05023,29.0,Delhi,2.3,7,10917.07,1559.58,3.04,52,0.399,0,4,14.0,0,1.0,0,5,1,1
CUST_05024,18.0,Delhi,1.8,6,10073.94,,3.33,57,0.265,0,3,12.0,10,7.0,7,2,4,4
CUST_05025,38.0,Delhi,6.9,9,13881.5,1542.39,1.3,77,0.46,1,3,7.0,4,4.0,2,1,3,2
CUST_05026,34.0,Mumbai,7.2,17,24089.25,1417.01,2.36,16,0.922,5,5,46.0,12,21.0,10,6,9,4
CUST_05027,47.0,Delhi,7.6,31,61472.82,1982.99,4.08,13,0.513,2,3,60.0,41,14.0,17,3,3,3
CUST_05028,38.0,Mumbai,3.1,21,44302.06,2109.62,6.77,10,0.056,3,6,50.0,31,17.0,11,2,10,2
CUST_05029,19.0,Bengaluru,0.3,3,4883.81,1627.94,10.0,50,0.244,1,4,9.0,9,2.0,12,3,6,5
CUST_05030,18.0,Kolkata,3.7,15,34040.81,2269.39,4.05,18,0.238,2,5,56.0,24,5.0,8,4,10,1
CUST_05031,27.0,Jaipur,2.0,34,85594.72,2517.4917647058824,8.5,18,0.133,0,7,66.0,27,17.0,18,2,8,1
CUST_05032,28.0,Ahmedabad,2.9,10,8012.35,801.23,3.45,11,0.693,1,5,42.0,20,25.0,19,14,20,2
CUST_05033,43.0,Bengaluru,1.2,11,15499.25,1409.02,9.17,26,0.839,0,4,40.0,21,14.0,17,8,11,4
CUST_05034,34.0,Kolkata,6.8,9,8549.5,949.94,1.32,10,0.541,1,3,39.0,19,24.0,12,12,8,2
CUST_05035,45.0,Delhi,4.5,17,47500.33,2794.14,3.78,35,0.211,0,4,55.0,30,18.0,5,5,19,3
CUST_05036,21.0,Mumbai,2.3,19,34204.79,1800.25,8.26,8,0.182,1,4,73.0,25,,13,1,12,1
CUST_05037,44.0,Chennai,1.4,8,8038.4,1004.8,5.71,38,0.996,2,3,39.0,17,21.0,18,6,13,2
CUST_05038,41.0,Chennai,4.9,9,8400.08,933.34,1.84,68,0.471,0,3,9.0,7,1.0,3,4,2,3
CUST_05039,18.0,Ahmedabad,5.6,6,8982.44,1497.07,1.07,180,0.205,3,3,18.0,5,6.0,6,1,4,3
CUST_05040,47.0,Hyderabad,2.0,7,14240.05,2034.29,3.5,135,0.689,1,2,13.0,3,2.0,5,2,1,4
CUST_05041,35.0,Mumbai,1.5,6,1500.0,250.0,4.0,79,0.115,0,2,11.0,8,3.0,5,7,2,2
CUST_05042,38.0,Jaipur,3.1,9,10922.79,1213.64,2.9,14,0.865,4,4,41.0,17,18.0,9,9,11,6
CUST_05043,25.0,Hyderabad,3.6,24,70343.81,2930.99,6.67,1,0.205,1,4,61.0,26,10.0,12,4,9,2
CUST_05044,47.0,Ahmedabad,1.0,5,5463.35,1092.67,5.0,26,0.353,1,4,13.0,11,12.0,7,4,0,3
CUST_05045,22.0,Kolkata,5.2,8,10587.83,1323.48,1.54,67,0.3,1,4,16.0,16,11.0,4,6,2,5
CUST_05046,42.0,Delhi,2.4,11,12647.73,1149.79,4.58,75,0.925,5,1,48.0,11,18.0,12,9,19,3
CUST_05047,42.0,Mumbai,6.1,11,17851.36,1622.85,1.8,66,0.922,3,4,50.0,21,19.0,7,12,15,2
CUST_05048,24.0,Mumbai,6.2,14,16834.07,1202.43,2.26,19,0.715,1,3,44.0,24,21.0,8,11,15,4
CUST_05049,54.0,Mumbai,5.8,28,67494.64,2410.52,4.83,27,0.41,3,1,69.0,25,18.0,20,4,15,3
CUST_05050,36.0,Pune,0.7,7,6635.11,947.87,10.0,83,0.957,2,5,46.0,16,24.0,19,13,14,2
CUST_05051,41.0,Bengaluru,0.9,21,56789.98,2704.28,23.33,23,0.173,5,4,61.0,22,8.0,16,3,9,3
CUST_05052,19.0,Other,4.7,6,9468.51,1578.08,1.28,65,0.408,0,2,16.0,6,10.0,9,4,4,2
CUST_05053,55.0,Jaipur,4.7,14,33506.57,2393.33,2.98,27,0.095,3,3,56.0,34,19.0,11,3,5,5
CUST_05054,22.0,Kolkata,1.1,16,34165.43,2135.34,14.55,28,0.138,2,3,56.0,24,15.0,14,1,12,7
CUST_05055,44.0,Mumbai,2.6,31,74519.08,2403.84,11.92,2,0.277,4,1,56.0,31,10.0,10,6,10,0
CUST_05056,24.0,Delhi,5.4,5,9912.9,1982.58,0.93,46,0.423,1,2,17.0,13,11.0,3,4,1,2
CUST_05057,28.0,Chennai,0.4,26,41560.58,,65.0,10,0.054,1,3,68.0,22,9.0,13,5,15,4
CUST_05058,42.0,Mumbai,4.0,25,26435.23,1057.41,6.25,31,0.246,3,4,56.0,26,12.0,17,2,8,0
CUST_05059,44.0,Ahmedabad,4.7,14,13778.71,984.19,2.98,78,0.96,2,2,64.0,22,19.0,13,7,12,1
CUST_05060,21.0,Other,3.5,24,47027.59,1959.48,6.86,14,0.223,2,1,66.0,32,9.0,10,3,7,4
CUST_05061,45.0,Delhi,4.1,10,14657.13,1465.71,2.44,193,0.329,1,2,11.0,5,6.0,1,3,0,4
CUST_05062,44.0,Chennai,2.7,9,12541.34,1393.48,3.33,58,0.611,1,5,6.0,11,0.0,1,3,2,0
CUST_05063,25.0,Mumbai,2.3,5,6204.7,1240.94,2.17,24,0.903,6,3,49.0,26,16.0,16,12,7,2
CUST_05064,50.0,Chennai,3.0,28,55347.22,1976.69,9.33,17,0.052,1,4,60.0,44,10.0,8,5,11,3
CUST_05065,19.0,Mumbai,5.2,3,5404.38,1801.46,0.58,86,0.196,1,3,20.0,5,6.0,5,5,3,1
CUST_05066,28.0,Mumbai,1.8,19,71852.11,3781.69,10.56,21,0.22,0,2,60.0,28,22.0,14,3,20,1
CUST_05067,39.0,Chennai,2.1,15,14621.72,974.78,7.14,37,0.665,1,4,51.0,19,21.0,11,7,12,3
CUST_05068,25.0,Kolkata,1.0,37,58710.37,1586.77,37.0,1,0.274,2,4,61.0,23,18.0,14,4,12,2
CUST_05069,37.0,Chennai,2.3,11,21392.5,1944.77,4.78,230,0.6,4,1,12.0,2,5.0,2,4,2,4
CUST_05070,36.0,Bengaluru,1.0,20,55504.03,2775.2,20.0,4,0.253,2,6,54.0,27,6.0,16,3,8,1
CUST_05071,32.0,Chennai,5.8,11,11749.62,1068.15,1.9,12,0.692,1,4,37.0,19,15.0,11,12,12,4
CUST_05072,42.0,Kolkata,2.5,5,5143.59,1028.72,2.0,23,0.285,1,1,12.0,3,2.0,4,5,7,3
CUST_05073,32.0,Other,1.2,13,19600.17,1507.71,10.83,4,0.65,2,3,45.0,30,16.0,16,16,12,3
CUST_05074,36.0,Jaipur,5.3,14,44140.68,3152.91,2.64,9,0.178,2,4,49.0,28,17.0,8,1,8,8
CUST_05075,45.0,Ahmedabad,1.2,9,18495.71,2055.08,7.5,84,0.537,4,3,12.0,5,1.0,1,1,2,4
CUST_05076,42.0,Chennai,0.9,7,6698.34,956.91,7.78,48,0.516,0,2,58.0,16,16.0,18,9,13,1
CUST_05077,42.0,Hyderabad,0.4,15,9044.94,603.0,37.5,51,0.737,1,8,41.0,18,23.0,13,8,14,3
CUST_05078,23.0,Mumbai,0.5,24,59186.26,2466.09,48.0,10,0.122,3,4,78.0,39,15.0,18,5,12,4
CUST_05079,39.0,Mumbai,2.5,10,10816.03,1081.6,4.0,85,0.617,3,4,38.0,23,17.0,9,5,12,3
CUST_05080,25.0,Ahmedabad,2.7,27,66140.79,2449.66,10.0,5,0.625,1,1,78.0,27,13.0,15,2,10,3
CUST_05081,21.0,Ahmedabad,4.1,26,80448.66,3094.18,6.34,14,0.268,0,2,65.0,29,10.0,11,4,10,2
CUST_05082,33.0,Hyderabad,3.0,12,28364.31,2363.69,4.0,3,0.112,1,2,61.0,25,20.0,13,1,7,4
CUST_05083,25.0,Bengaluru,2.9,5,9492.0,1898.4,1.72,93,0.502,2,5,18.0,5,5.0,7,6,4,4
CUST_05084,42.0,Mumbai,1.2,22,59010.26,2682.28,18.33,13,0.402,0,4,69.0,37,14.0,19,3,14,3
CUST_05085,42.0,Delhi,5.4,15,39376.99,2625.13,2.78,12,0.352,0,2,48.0,31,20.0,13,2,6,1
CUST_05086,18.0,Bengaluru,3.4,8,8754.65,1094.33,2.35,55,0.923,1,2,51.0,25,22.0,12,12,7,6
CUST_05087,26.0,Bengaluru,2.4,3,6031.93,2010.64,1.25,41,0.416,0,5,21.0,7,9.0,3,5,3,2
CUST_05088,19.0,Other,3.2,25,55388.3,2215.53,7.81,26,0.095,3,3,54.0,23,20.0,15,6,6,1
CUST_05089,29.0,Mumbai,4.4,10,6713.85,671.39,2.27,35,0.859,3,5,43.0,13,20.0,14,6,7,2
CUST_05090,,Bengaluru,1.0,23,68656.43,2985.06,23.0,10,0.106,0,3,43.0,26,13.0,11,2,7,3
CUST_05091,32.0,Delhi,1.5,25,63043.51,2521.74,16.67,26,0.133,2,3,75.0,20,15.0,15,4,10,1
CUST_05092,28.0,Other,0.3,19,64869.83,3414.2,63.33,10,0.07,4,3,55.0,24,14.0,7,4,14,0
CUST_05093,47.0,Jaipur,2.6,3,4482.49,1494.16,1.15,50,0.468,0,2,20.0,15,6.0,8,5,4,2
CUST_05094,18.0,Bengaluru,3.8,22,39510.35,1795.93,5.79,14,0.234,0,2,51.0,27,18.0,11,3,8,2
CUST_05095,46.0,Other,3.5,14,39927.69,2851.98,4.0,13,0.405,1,2,60.0,25,11.0,18,4,12,5
CUST_05096,29.0,Bengaluru,4.4,20,37933.54,1896.68,4.55,7,0.437,2,6,59.0,32,13.0,14,4,8,3
CUST_05097,33.0,Mumbai,4.2,4,6714.05,1678.51,0.95,46,0.317,0,6,,10,7.0,2,4,5,2
CUST_05098,29.0,Hyderabad,2.7,27,46129.65,1708.51,10.0,20,0.175,0,3,81.0,27,13.0,8,4,13,0
CUST_05099,49.0,Pune,4.0,24,48662.13,2027.59,6.0,24,0.273,3,5,56.0,34,18.0,16,5,13,1
CUST_05100,22.0,Chennai,7.2,10,38735.03,3873.5,1.39,4,0.16,0,5,56.0,20,12.0,20,3,5,7
CUST_05101,34.0,Other,5.1,4,4285.73,1071.43,0.78,15,0.863,4,6,41.0,21,21.0,10,4,16,1
CUST_05102,39.0,Ahmedabad,4.9,12,21319.21,1776.6,2.45,36,0.614,3,4,50.0,15,16.0,19,8,20,0
CUST_05103,18.0,Pune,2.0,15,8735.48,582.37,7.5,12,0.964,6,5,48.0,18,22.0,9,13,14,0
CUST_05104,25.0,Delhi,2.2,25,57307.27,2292.29,11.36,21,0.118,0,5,51.0,34,8.0,10,1,9,0
CUST_05105,33.0,Mumbai,5.6,32,65132.15,2035.38,5.71,16,0.263,0,2,61.0,33,11.0,18,2,13,2
CUST_05106,25.0,Delhi,1.0,22,49154.54,2234.3,22.0,7,0.314,3,4,50.0,23,13.0,10,2,5,2
CUST_05107,26.0,Mumbai,2.9,26,53614.01,2062.08,8.97,8,0.33,1,4,75.0,22,13.0,12,3,15,1
CUST_05108,31.0,Bengaluru,5.1,16,42896.55,2681.03,3.14,17,0.063,0,5,63.0,22,,7,4,11,1
CUST_05109,40.0,Chennai,3.0,10,14607.44,1460.74,3.33,49,0.378,0,1,17.0,11,4.0,7,10,4,2
CUST_05110,31.0,Kolkata,2.5,7,16165.94,2309.42,2.8,105,0.332,1,2,11.0,4,1.0,2,2,1,4
CUST_05111,45.0,Mumbai,4.4,8,16305.71,2038.21,1.82,241,0.444,0,5,13.0,4,3.0,3,0,3,2
CUST_05112,24.0,Delhi,3.8,9,12655.59,1406.18,2.37,117,0.492,1,5,5.0,5,2.0,3,2,0,5
CUST_05113,21.0,Delhi,4.9,9,11471.58,1274.62,1.84,13,0.769,3,4,33.0,22,17.0,27,11,10,3
CUST_05114,53.0,Mumbai,9.3,3,3729.9,1243.3,0.32,13,0.29,0,2,21.0,9,4.0,4,2,6,3
CUST_05115,27.0,Delhi,2.3,19,27892.99,1468.05,8.26,5,0.378,2,4,55.0,29,11.0,13,2,11,3
CUST_05116,21.0,Delhi,4.1,4,6817.03,1704.26,0.98,44,0.334,0,2,23.0,7,8.0,3,6,2,3
CUST_05117,18.0,Chennai,2.3,13,14878.31,1144.49,5.65,25,0.912,4,6,41.0,16,30.0,17,9,12,4
CUST_05118,45.0,Jaipur,1.0,20,20869.14,1043.4569999999999,10.0,30,0.68,2,3,34.0,19,23.0,7,13,13,2
CUST_05119,31.0,Bengaluru,2.5,3,4771.0,1590.33,1.2,80,0.316,3,3,19.0,4,5.0,11,7,4,5
CUST_05120,31.0,Kolkata,0.8,19,42387.58,2230.93,23.75,17,0.334,1,4,52.0,25,8.0,22,5,16,1
CUST_05121,32.0,Mumbai,1.2,25,41264.7,1650.59,20.83,11,0.572,1,3,72.0,40,12.0,14,3,9,2
CUST_05122,44.0,Jaipur,4.0,9,16660.48,1851.16,2.25,76,0.236,2,3,7.0,4,4.0,3,1,4,1
CUST_05123,32.0,Mumbai,3.8,14,33957.37,2425.53,3.68,25,0.154,1,5,53.0,17,15.0,10,2,8,1
CUST_05124,57.0,Pune,6.3,10,11754.26,1175.43,1.59,26,0.862,3,4,36.0,26,21.0,14,5,14,1
CUST_05125,35.0,Mumbai,5.6,11,20425.15,1856.83,1.96,113,0.535,2,5,9.0,7,3.0,3,0,3,3
CUST_05126,45.0,Delhi,1.5,6,7902.3,1317.05,4.0,19,0.853,3,3,41.0,21,23.0,8,9,13,2
CUST_05127,42.0,Hyderabad,4.5,14,12974.95,926.78,3.11,13,0.645,5,5,48.0,13,20.0,11,9,9,0
CUST_05128,34.0,Other,3.7,29,64255.99,2215.72,7.84,3,0.418,1,6,66.0,33,13.0,10,4,5,3
CUST_05129,28.0,Ahmedabad,1.9,26,35319.34,1358.44,13.68,6,0.309,0,4,65.0,35,17.0,18,6,7,4
CUST_05130,37.0,Delhi,3.2,6,12235.67,2039.28,1.88,192,0.286,2,3,11.0,5,4.0,5,2,1,2
CUST_05131,39.0,Hyderabad,1.4,7,2255.8,322.26,5.0,3,0.687,2,4,50.0,22,25.0,12,10,12,4
CUST_05132,28.0,Hyderabad,6.0,8,9711.74,1213.97,1.33,17,0.855,3,3,48.0,15,24.0,13,11,16,3
CUST_05133,36.0,Ahmedabad,3.9,9,27442.48,3049.16,2.31,5,0.268,0,6,64.0,24,8.0,12,4,5,1
CUST_05134,46.0,Kolkata,6.4,21,33593.11,1599.67,3.28,22,0.267,0,4,70.0,20,11.0,8,4,6,1
CUST_05135,55.0,Hyderabad,2.8,12,30013.51,2501.13,4.29,53,0.309,1,5,6.0,7,3.0,1,1,2,2
CUST_05136,43.0,Chennai,1.4,23,56715.71,2465.9,16.43,9,0.197,1,4,71.0,32,8.0,11,7,6,0
CUST_05137,53.0,Kolkata,0.5,8,6928.43,866.05,16.0,38,0.761,3,3,42.0,16,20.0,11,8,9,4
CUST_05138,28.0,Mumbai,1.7,26,51978.96,1999.19,15.29,14,0.063,4,4,62.0,22,17.0,6,1,11,2
CUST_05139,41.0,Pune,1.6,1,1337.47,1337.47,0.62,7,0.171,1,5,20.0,8,5.0,7,5,1,2
CUST_05140,47.0,Chennai,4.5,5,5449.82,1089.96,1.11,100,0.241,4,5,8.0,4,4.0,6,1,1,2
CUST_05141,25.0,Jaipur,3.3,7,8169.15,1167.02,2.12,15,0.876,2,3,55.0,17,17.0,16,9,19,1
CUST_05142,29.0,Delhi,5.0,14,29471.53,2105.11,2.8,11,0.117,1,3,57.0,28,16.0,8,1,12,2
CUST_05143,51.0,Other,1.9,11,11184.86,1016.81,5.79,100,0.945,4,4,44.0,20,19.0,17,11,20,5
CUST_05144,24.0,Pune,5.4,5,7088.39,1417.68,0.93,142,0.587,2,1,11.0,5,6.0,6,8,3,5
CUST_05145,21.0,Bengaluru,2.5,29,53022.69,1828.37,11.6,6,0.106,1,3,54.0,30,14.0,14,4,7,3
CUST_05146,49.0,Delhi,1.5,5,12399.86,2479.97,3.33,144,0.712,3,1,15.0,4,3.0,4,4,0,1
CUST_05147,46.0,Other,0.5,3,5881.55,1960.52,6.0,83,0.563,2,2,18.0,7,5.0,3,3,3,4
CUST_05148,38.0,Delhi,1.0,8,8850.3,1106.29,8.0,76,0.347,0,5,8.0,4,5.0,2,4,1,2
CUST_05149,34.0,Bengaluru,1.7,9,12516.56,1390.73,5.29,55,0.47,1,4,20.0,8,8.0,4,5,2,1
CUST_05150,30.0,Pune,3.1,15,45616.16,3041.08,4.84,5,0.367,0,2,54.0,31,10.0,10,4,9,4
CUST_05151,37.0,Bengaluru,1.5,41,70365.7,1716.24,27.33,10,0.174,2,4,49.0,37,11.0,21,3,11,3
CUST_05152,50.0,Jaipur,9.7,27,50466.64,1869.13,2.78,5,0.328,1,1,60.0,24,12.0,15,5,8,5
CUST_05153,36.0,Delhi,4.3,6,6455.11,1075.85,1.4,209,0.395,2,7,16.0,4,3.0,5,1,0,0
CUST_05154,56.0,Ahmedabad,1.2,3,4788.75,1596.25,2.5,47,0.336,2,2,29.0,7,8.0,3,5,3,1
CUST_05155,25.0,Other,1.9,1,2241.61,2241.61,0.53,43,0.385,1,4,14.0,5,6.0,2,3,1,2
CUST_05156,34.0,Mumbai,2.1,16,23104.42,1444.03,7.62,7,0.556,0,5,57.0,26,10.0,18,1,9,2
CUST_05157,30.0,Kolkata,3.5,17,42677.01,2510.41,4.86,13,0.662,0,4,57.0,24,11.0,9,3,5,4
CUST_05158,23.0,Pune,0.6,3,1752.71,584.24,5.0,6,0.525,0,1,15.0,4,7.0,6,6,4,0
CUST_05159,32.0,Mumbai,7.7,11,12198.48,1108.95,1.43,36,0.612,3,5,50.0,15,24.0,8,11,17,1
CUST_05160,38.0,Hyderabad,9.3,34,49370.84,1452.08,3.66,2,0.258,0,2,55.0,29,16.0,5,4,5,2
CUST_05161,39.0,Chennai,3.8,9,8695.95,966.22,2.37,100,0.763,2,4,45.0,10,16.0,12,7,13,2
CUST_05162,56.0,Delhi,6.3,19,43369.5,2282.61,3.02,17,0.084,2,3,64.0,35,15.0,12,7,9,2
CUST_05163,39.0,Mumbai,3.2,23,27904.55,1213.24,7.19,13,0.269,4,2,73.0,29,16.0,10,3,9,2
CUST_05164,46.0,Other,2.2,12,13786.7,1148.89,5.45,29,0.832,0,3,35.0,11,23.0,16,11,12,8
CUST_05165,35.0,Kolkata,1.2,16,44879.22,2804.95,13.33,25,0.215,1,3,50.0,28,15.0,10,4,14,6
CUST_05166,51.0,Pune,3.7,5,8469.65,1693.93,1.35,36,0.498,0,2,12.0,3,1.0,0,1,0,1
CUST_05167,58.0,Bengaluru,2.8,32,61486.05,1921.44,11.43,10,0.336,4,1,72.0,34,10.0,14,9,5,5
CUST_05168,39.0,Mumbai,7.9,22,59675.6,2712.53,2.78,3,0.539,0,5,61.0,23,10.0,13,2,6,3
CUST_05169,24.0,Delhi,4.6,26,59692.81,2295.88,5.65,2,0.3,1,2,70.0,23,15.0,14,3,11,0
CUST_05170,29.0,Bengaluru,1.4,1,1204.7,1204.7,0.71,78,0.401,0,4,19.0,12,7.0,8,6,5,2
CUST_05171,37.0,Bengaluru,4.2,29,55057.79,1898.54,6.9,20,0.5,3,4,69.0,28,15.0,14,1,10,2
CUST_05172,39.0,Pune,1.8,10,11447.41,1144.74,5.56,34,0.883,4,4,41.0,14,16.0,8,8,13,1
CUST_05173,41.0,Kolkata,1.3,22,55067.37,2503.06,16.92,14,0.079,0,2,52.0,24,14.0,16,0,8,1
CUST_05174,39.0,Delhi,1.7,20,47033.24,2351.66,11.76,17,0.326,1,8,56.0,21,6.0,13,3,9,3
CUST_05175,34.0,Hyderabad,1.5,12,12148.76,1012.4,8.0,53,0.727,1,4,55.0,21,30.0,11,8,9,2
CUST_05176,28.0,Pune,3.5,1,1915.61,1915.61,0.29,101,0.204,2,4,16.0,11,10.0,4,5,4,4
CUST_05177,38.0,Bengaluru,4.5,10,16604.34,1660.43,2.22,72,0.17,2,4,9.0,3,0.0,1,2,1,3
CUST_05178,53.0,Pune,0.8,22,47255.6,2147.98,27.5,18,0.189,0,3,53.0,24,15.0,11,2,10,6
CUST_05179,44.0,Chennai,1.6,16,13526.14,845.38,10.0,50,0.795,1,1,43.0,16,20.0,13,8,16,1
CUST_05180,39.0,Bengaluru,4.1,8,12277.19,1534.65,1.95,94,0.412,0,5,12.0,4,6.0,1,2,4,4
CUST_05181,44.0,Mumbai,4.6,28,55280.8,1974.31,6.09,17,0.1,2,4,79.0,38,11.0,19,7,9,1
CUST_05182,30.0,Mumbai,3.3,4,6237.66,1559.42,1.21,76,0.383,1,3,25.0,7,11.0,5,6,6,2
CUST_05183,29.0,Bengaluru,2.6,17,56342.54,3314.27,6.54,13,0.053,2,5,60.0,27,9.0,8,2,12,1
CUST_05184,27.0,Pune,1.4,15,32059.71,2137.31,10.71,115,0.375,0,2,5.0,2,6.0,3,0,3,0
CUST_05185,33.0,Hyderabad,0.9,3,3171.23,,3.33,63,0.301,2,7,16.0,7,10.0,4,4,1,5
CUST_05186,30.0,Delhi,2.2,7,12189.62,1741.37,3.18,94,0.24,1,4,14.0,2,0.0,3,1,1,2
CUST_05187,46.0,Chennai,2.2,3,4926.11,1642.04,1.36,38,0.147,1,4,10.0,5,7.0,4,4,9,2
CUST_05188,29.0,Other,2.6,19,26601.71,1400.09,7.31,7,0.085,1,4,71.0,23,15.0,15,2,7,1
CUST_05189,26.0,Bengaluru,3.6,11,17612.37,1601.12,3.06,37,0.623,2,5,5.0,6,3.0,0,4,6,2
CUST_05190,53.0,Ahmedabad,3.4,26,48177.67,1852.99,7.65,4,0.062,1,2,75.0,32,13.0,14,6,13,3
CUST_05191,29.0,Kolkata,4.0,76,132770.04,1746.9742105263158,9.5,15,0.194,0,4,65.0,33,17.0,16,1,9,0
CUST_05192,36.0,Other,2.7,5,11989.5,2397.9,1.85,48,0.312,0,4,13.0,7,3.0,10,2,2,2
CUST_05193,39.0,Pune,1.4,3,5233.02,1744.34,2.14,20,0.62,0,4,16.0,8,7.0,4,4,3,8
CUST_05194,23.0,Ahmedabad,8.0,5,9583.06,1916.61,0.62,111,0.34,0,3,12.0,5,2.0,2,2,0,2
CUST_05195,46.0,Other,1.0,27,54746.43,2027.65,27.0,9,0.186,2,6,66.0,31,11.0,13,1,7,1
CUST_05196,40.0,Delhi,1.4,8,10917.38,1364.67,5.71,88,0.52,1,6,20.0,8,7.0,4,7,2,1
CUST_05197,50.0,Delhi,3.4,3,5488.68,1829.56,0.88,87,0.214,1,7,27.0,6,6.0,2,6,3,3
CUST_05198,27.0,Other,1.8,36,120528.72,3348.02,10.0,10,0.163,1,5,44.0,23,13.0,11,4,8,2
CUST_05199,35.0,Hyderabad,6.4,24,29680.92,1236.7,3.75,6,0.166,3,5,65.0,34,14.0,17,2,11,3
CUST_05200,34.0,Delhi,2.7,28,46134.43,1647.66,10.37,3,0.086,1,3,66.0,32,10.0,18,1,8,2
CUST_05201,37.0,Ahmedabad,4.0,21,39109.8,1862.37,5.25,13,0.472,0,3,70.0,28,14.0,25,3,11,1
CUST_05202,19.0,Delhi,2.4,10,7171.42,717.14,4.17,62,0.555,1,2,14.0,6,4.0,6,3,2,4
CUST_05203,35.0,Mumbai,0.7,3,6848.73,2282.91,4.29,16,0.155,1,4,28.0,3,9.0,4,7,1,4
CUST_05204,20.0,Hyderabad,10.0,3,2371.56,790.52,0.3,12,0.364,1,1,19.0,9,6.0,6,5,3,1
CUST_05205,38.0,Hyderabad,3.3,6,8136.98,1356.16,1.82,152,0.631,0,4,8.0,5,5.0,1,0,4,1
CUST_05206,18.0,Ahmedabad,,20,25583.01,1279.15,14.29,17,0.344,1,3,68.0,28,13.0,14,3,11,3
CUST_05207,18.0,Bengaluru,2.6,4,7416.17,1854.04,1.54,91,0.398,1,5,19.0,7,7.0,5,7,6,0
CUST_05208,42.0,Ahmedabad,4.6,25,52972.26,2118.89,5.43,33,0.344,2,3,73.0,35,18.0,10,6,13,4
CUST_05209,29.0,Delhi,0.6,8,10788.41,1348.55,13.33,148,0.683,1,3,11.0,6,1.0,1,1,5,4
CUST_05210,24.0,Hyderabad,2.8,22,42779.32,1944.51,7.86,1,0.22,3,4,46.0,18,19.0,6,2,6,1
CUST_05211,47.0,Pune,2.2,9,19240.73,2137.86,4.09,330,0.529,2,5,9.0,1,4.0,1,0,2,2
CUST_05212,37.0,Delhi,1.1,22,43458.44,1975.38,20.0,17,0.123,2,5,62.0,30,15.0,13,4,5,1
CUST_05213,43.0,Jaipur,4.6,26,17420.15,670.01,5.65,12,0.034,0,2,62.0,25,12.0,13,2,8,0
CUST_05214,32.0,Pune,1.4,2,3329.6,1664.8,1.43,62,0.371,0,4,19.0,4,5.0,5,5,0,2
CUST_05215,61.0,Ahmedabad,6.0,30,39232.06,1307.74,5.0,14,0.241,2,5,73.0,25,13.0,13,10,13,4
CUST_05216,28.0,Delhi,1.9,21,27199.63,1295.22,11.05,74,0.723,3,3,37.0,23,21.0,8,7,10,2
CUST_05217,51.0,Mumbai,4.2,14,15846.19,1131.87,3.33,24,0.977,6,2,55.0,15,18.0,19,9,10,1
CUST_05218,,Mumbai,3.3,4,8488.28,2122.07,1.21,50,0.297,1,5,22.0,10,7.0,8,3,3,3
CUST_05219,18.0,Kolkata,3.1,23,42547.88,1849.91,7.42,2,0.498,1,4,60.0,52,13.0,9,5,9,1
CUST_05220,39.0,Pune,2.6,27,64953.52,2405.69,10.38,28,0.182,2,5,48.0,30,12.0,9,3,10,3
CUST_05221,37.0,Chennai,3.0,29,77951.63,2687.99,9.67,7,0.282,1,2,58.0,30,7.0,12,1,10,1
CUST_05222,23.0,Chennai,4.1,6,6326.58,1054.43,1.46,53,0.865,0,2,31.0,14,15.0,17,12,10,2
CUST_05223,25.0,Delhi,6.2,18,50879.69,2826.65,2.9,1,0.423,1,3,,32,22.0,12,2,13,3
CUST_05224,34.0,Bengaluru,1.8,22,44652.57,2029.66,12.22,7,0.705,2,4,59.0,37,,10,3,10,4
CUST_05225,37.0,Delhi,9.5,28,16045.38,573.05,2.95,4,0.233,3,6,64.0,30,15.0,15,3,11,1
CUST_05226,18.0,Other,5.0,19,40856.46,2150.34,3.8,9,0.303,1,2,51.0,23,14.0,16,4,8,2
CUST_05227,45.0,Delhi,3.7,11,9858.75,896.25,2.97,9,0.616,7,4,35.0,22,23.0,9,7,14,4
CUST_05228,29.0,Pune,3.6,8,11365.91,1420.74,2.22,52,0.606,2,2,12.0,4,2.0,3,3,2,1
CUST_05229,21.0,Delhi,0.4,17,50519.14,2971.71,42.5,16,0.139,2,3,64.0,21,14.0,9,2,13,1
CUST_05230,43.0,Chennai,9.2,13,16701.6,1284.74,1.41,11,0.924,1,2,51.0,23,12.0,15,5,18,2
CUST_05231,34.0,Chennai,4.4,2,4721.06,2360.53,0.45,106,0.371,3,4,15.0,4,6.0,3,3,0,2
CUST_05232,46.0,Other,1.3,27,39900.63,1477.8,20.77,5,0.435,0,3,73.0,30,9.0,10,3,16,5
CUST_05233,38.0,Jaipur,0.8,6,7378.86,1229.81,7.5,35,0.258,0,3,23.0,4,5.0,5,5,4,2
CUST_05234,34.0,Delhi,4.4,25,49085.96,1963.44,5.68,37,0.355,1,4,53.0,22,11.0,17,0,5,4
CUST_05235,32.0,Bengaluru,1.9,12,9723.25,810.27,6.32,60,0.728,6,2,41.0,19,24.0,18,4,15,2
CUST_05236,39.0,Kolkata,2.6,24,65023.14,2709.3,9.23,20,0.251,0,3,63.0,25,17.0,12,4,11,1
CUST_05237,30.0,Other,2.5,7,8603.04,1229.01,2.8,36,0.398,2,4,19.0,5,5.0,2,4,3,1
CUST_05238,25.0,Delhi,2.6,4,5881.98,1470.5,1.54,91,0.495,2,1,19.0,7,4.0,3,5,0,3
CUST_05239,40.0,Bengaluru,0.6,22,66371.23,3016.87,36.67,60,0.348,2,6,55.0,21,23.0,9,2,8,7
CUST_05240,33.0,Jaipur,5.6,25,30889.25,1235.57,4.46,8,0.208,0,1,67.0,24,13.0,16,4,8,1
CUST_05241,34.0,Delhi,1.9,11,19728.14,1793.47,5.79,104,0.437,1,4,13.0,4,2.0,3,0,4,1
CUST_05242,45.0,Bengaluru,2.3,31,65210.12,2103.55,13.48,17,0.194,2,5,57.0,35,13.0,24,4,11,2
CUST_05243,33.0,Other,1.5,5,4436.73,887.35,3.33,21,0.743,2,3,51.0,12,28.0,14,12,15,3
CUST_05244,34.0,Ahmedabad,4.7,10,14391.99,1439.2,2.13,84,0.361,0,6,8.0,5,9.0,7,1,0,5
CUST_05245,28.0,Pune,1.5,6,7783.49,1297.25,4.0,33,0.515,0,4,22.0,11,8.0,1,7,3,5
CUST_05246,38.0,Delhi,1.2,4,6877.95,1719.49,3.33,27,0.775,0,3,56.0,10,10.0,14,10,14,3
CUST_05247,37.0,Delhi,4.2,3,3242.73,1080.91,0.71,46,0.421,1,4,15.0,13,10.0,8,7,2,3
CUST_05248,43.0,Other,2.2,8,10596.18,1324.52,3.64,107,0.288,2,4,13.0,1,6.0,3,0,2,1
CUST_05249,28.0,Other,3.5,9,11738.53,1304.28,2.57,25,0.617,2,2,43.0,19,18.0,6,10,11,2
CUST_05250,29.0,Kolkata,1.8,5,3987.25,797.45,2.78,25,0.845,3,1,50.0,14,26.0,9,9,9,2
CUST_05251,42.0,Bengaluru,1.2,15,27511.47,1834.1,12.5,8,0.159,0,2,67.0,23,14.0,13,6,9,5
CUST_05252,37.0,Mumbai,2.0,12,25716.2,2143.016666666667,3.0,153,0.359,0,6,14.0,3,2.0,1,2,2,3
CUST_05253,25.0,Chennai,5.0,3,3286.51,1095.5,0.6,30,0.248,1,2,21.0,15,5.0,9,8,4,0
CUST_05254,47.0,Delhi,2.0,26,97743.96,3759.38,13.0,22,0.512,0,3,58.0,25,15.0,5,7,8,4
CUST_05255,18.0,Chennai,5.3,6,12483.15,2080.52,1.13,210,0.47,1,3,5.0,5,2.0,1,2,2,3
CUST_05256,42.0,Hyderabad,1.9,9,10098.47,1122.05,4.74,39,0.825,2,5,43.0,23,13.0,14,12,11,2
CUST_05257,21.0,Bengaluru,3.7,16,28251.29,1765.71,4.32,38,0.359,1,6,54.0,19,20.0,12,0,14,2
CUST_05258,53.0,Other,2.5,11,16944.38,1540.4,4.4,28,0.783,1,5,32.0,18,21.0,13,11,8,6
CUST_05259,19.0,Mumbai,1.9,27,63993.71,2370.14,14.21,3,0.432,1,4,65.0,32,9.0,14,3,15,4
CUST_05260,46.0,Kolkata,1.3,10,19889.02,1988.9,7.69,191,0.485,3,4,15.0,4,5.0,1,4,0,2
CUST_05261,33.0,Delhi,1.8,30,42683.29,1422.78,16.67,5,0.39,1,1,64.0,51,10.0,10,5,10,3
CUST_05262,30.0,Kolkata,2.9,5,4993.54,998.71,1.72,49,0.721,1,5,23.0,5,6.0,5,2,5,5
CUST_05263,36.0,Chennai,0.7,11,11683.47,1062.13,15.71,39,0.725,4,4,46.0,15,22.0,13,11,12,3
CUST_05264,40.0,Mumbai,1.2,21,69979.54,3332.36,17.5,18,0.07,1,4,50.0,30,17.0,14,2,5,2
CUST_05265,25.0,Delhi,3.7,12,13934.05,1161.17,3.24,70,0.475,1,1,11.0,1,2.0,1,3,2,5
CUST_05266,26.0,Pune,0.9,8,10744.81,1343.1,8.89,22,0.746,1,3,38.0,14,17.0,13,4,14,5
CUST_05267,40.0,Mumbai,2.7,27,55636.8,2060.62,10.0,23,0.153,4,3,62.0,37,10.0,18,4,10,3
CUST_05268,18.0,Kolkata,4.4,16,9557.66,597.35,3.64,29,0.759,3,3,51.0,34,19.0,12,10,11,1
CUST_05269,28.0,Pune,6.2,7,13293.71,1899.1,1.13,206,0.759,0,4,16.0,4,3.0,1,0,1,2
CUST_05270,64.0,Bengaluru,0.5,26,53377.44,2052.98,52.0,3,0.484,0,2,74.0,31,12.0,9,3,16,3
CUST_05271,24.0,Pune,2.8,16,37413.97,2338.37,5.71,8,0.405,0,6,55.0,29,15.0,14,3,9,1
CUST_05272,45.0,Hyderabad,7.8,11,32474.57,2952.23,1.41,21,0.048,1,5,53.0,30,15.0,11,0,5,4
CUST_05273,28.0,Kolkata,6.4,30,77920.66,2597.36,4.69,5,0.312,2,1,54.0,37,14.0,23,4,10,1
CUST_05274,39.0,Delhi,0.7,2,1909.71,954.86,2.86,38,0.585,0,4,25.0,9,9.0,6,6,1,2
CUST_05275,41.0,Hyderabad,3.2,12,9688.45,807.37,3.75,64,0.479,3,3,56.0,14,31.0,8,10,10,2
CUST_05276,45.0,Ahmedabad,1.6,27,59917.48,2219.17,16.88,6,0.129,2,2,64.0,30,7.0,16,3,7,1
CUST_05277,32.0,Mumbai,1.7,23,66265.28,2881.1,13.53,9,0.089,1,4,51.0,19,16.0,9,2,4,2
CUST_05278,54.0,Kolkata,1.8,30,55567.32,1852.24,16.67,13,0.315,4,4,68.0,23,10.0,13,3,7,1
CUST_05279,28.0,Delhi,4.3,5,9198.14,1839.63,1.16,116,0.579,4,2,9.0,3,3.0,1,2,1,3
CUST_05280,36.0,Mumbai,3.4,20,24091.59,1204.58,5.88,14,0.251,1,6,54.0,29,14.0,15,2,17,2
CUST_05281,36.0,Hyderabad,3.4,16,29944.19,1871.51,4.71,30,0.69,2,2,7.0,4,4.0,3,3,0,4
CUST_05282,23.0,Pune,3.3,9,11290.33,1254.48,2.73,60,0.635,0,5,58.0,24,19.0,11,9,11,1
CUST_05283,31.0,Ahmedabad,1.4,17,56227.78,3307.52,12.14,10,0.228,0,3,53.0,21,9.0,26,2,12,1
CUST_05284,36.0,Mumbai,1.2,13,16275.91,1251.99,10.83,112,0.485,2,5,11.0,9,3.0,0,0,3,0
CUST_05285,30.0,Mumbai,1.0,5,8689.35,1737.87,5.0,8,0.615,5,3,58.0,14,20.0,12,8,13,3
CUST_05286,58.0,Bengaluru,2.5,2,2543.24,1271.62,0.8,45,0.391,0,2,22.0,4,6.0,7,4,4,1
CUST_05287,26.0,Hyderabad,0.5,8,12809.3,1601.16,16.0,137,0.489,5,3,11.0,7,5.0,2,1,0,1
CUST_05288,46.0,Kolkata,3.4,22,58384.21,2653.83,6.47,18,0.187,2,7,59.0,30,16.0,12,1,7,4
CUST_05289,43.0,Pune,6.9,19,42042.9,2212.78,2.75,10,0.355,2,4,51.0,25,17.0,7,1,10,2
CUST_05290,34.0,Ahmedabad,3.5,3,5194.81,1731.6,0.86,51,0.311,1,5,15.0,6,7.0,1,6,1,4
CUST_05291,25.0,Other,3.8,17,25206.43,1482.73,4.47,35,0.253,0,2,68.0,37,7.0,11,7,9,1
CUST_05292,26.0,Bengaluru,1.6,23,63142.14,2745.31,14.38,30,0.319,0,6,62.0,28,15.0,15,2,11,4
CUST_05293,29.0,Kolkata,1.9,17,58930.93,3466.53,8.95,22,0.269,1,3,45.0,27,10.0,14,2,7,6
CUST_05294,18.0,Bengaluru,2.4,12,33582.73,2798.56,5.0,9,0.154,0,2,42.0,23,20.0,11,2,8,2
CUST_05295,24.0,Mumbai,2.4,2,1822.07,911.04,0.83,72,0.361,0,4,19.0,4,4.0,4,6,3,2
CUST_05296,19.0,Delhi,3.4,27,63125.25,2337.97,7.94,14,0.088,3,5,63.0,25,13.0,10,3,12,4
CUST_05297,47.0,Mumbai,6.5,13,19665.88,1512.76,2.0,38,0.955,3,4,60.0,18,22.0,15,13,15,4
CUST_05298,40.0,Other,2.4,16,19671.17,1229.45,6.67,36,0.959,2,2,36.0,19,19.0,16,7,11,3
CUST_05299,42.0,Pune,5.6,19,38538.61,2028.35,3.39,12,0.333,3,4,68.0,34,9.0,9,7,7,6
CUST_05300,40.0,Chennai,2.7,19,48385.86,2546.62,7.04,5,0.071,1,4,44.0,30,19.0,16,2,6,4
CUST_05301,36.0,Delhi,0.9,4,4753.52,1188.38,4.44,180,0.365,1,4,21.0,10,7.0,5,1,4,2
CUST_05302,49.0,Chennai,2.9,19,52243.01,2749.63,6.55,6,0.026,3,6,50.0,29,18.0,10,7,2,3
CUST_05303,28.0,Pune,3.0,7,5620.6,,2.33,89,0.309,1,1,13.0,10,6.0,3,5,2,5
CUST_05304,35.0,Ahmedabad,0.9,8,11040.46,1380.06,8.89,72,0.46,1,4,11.0,5,3.0,1,5,1,3
CUST_05305,41.0,Mumbai,6.0,29,52662.21,1815.94,4.83,19,0.464,1,6,75.0,31,10.0,10,5,8,2
CUST_05306,21.0,Jaipur,3.9,10,17176.29,1717.63,2.56,30,0.637,1,3,,22,32.0,12,11,16,3
CUST_05307,65.0,Ahmedabad,4.9,10,14186.21,1418.62,2.04,15,0.889,4,2,54.0,24,16.0,10,13,10,1
CUST_05308,34.0,Chennai,5.1,24,53760.68,2240.03,4.71,10,0.186,2,3,54.0,32,13.0,15,2,11,1
CUST_05309,35.0,Mumbai,1.3,7,9127.56,1303.94,5.38,172,0.746,2,5,10.0,1,3.0,0,2,2,1
CUST_05310,47.0,Pune,5.1,12,17891.54,1490.96,2.35,87,0.581,1,3,7.0,5,3.0,3,0,1,3
CUST_05311,43.0,Jaipur,0.6,22,30433.36,1383.33,36.67,28,0.119,2,5,56.0,34,13.0,15,4,10,3
CUST_05312,34.0,Mumbai,2.8,10,10633.85,1063.39,3.57,20,0.945,3,4,,20,25.0,7,4,12,2
CUST_05313,35.0,Mumbai,1.9,7,16950.81,2421.54,3.68,159,0.545,0,3,6.0,3,5.0,3,1,1,2
CUST_05314,19.0,Hyderabad,0.9,5,8596.4,1719.28,5.56,200,0.231,2,3,11.0,5,1.0,5,3,2,4
CUST_05315,28.0,Pune,3.8,13,14363.43,1104.88,3.42,4,0.752,2,5,50.0,13,16.0,17,11,12,2
CUST_05316,39.0,Pune,4.2,12,7490.15,624.18,2.86,17,0.874,0,1,42.0,20,27.0,8,9,19,1
CUST_05317,38.0,Hyderabad,1.3,32,52949.37,1654.67,24.62,5,0.206,2,5,62.0,34,9.0,14,6,9,5
CUST_05318,46.0,Delhi,2.7,6,11314.7,1885.78,2.22,106,0.452,4,6,14.0,4,6.0,1,2,2,2
CUST_05319,33.0,Mumbai,3.7,16,42925.18,2682.82,4.32,25,0.089,0,2,50.0,26,19.0,6,4,7,4
CUST_05320,20.0,Hyderabad,0.3,14,11202.81,800.2,46.67,48,0.741,1,4,48.0,14,16.0,13,11,8,5
CUST_05321,45.0,Delhi,4.1,26,61617.12,2369.89,6.34,6,0.302,2,3,64.0,21,11.0,8,3,8,1
CUST_05322,48.0,Kolkata,1.1,29,55639.26,1918.6,26.36,5,0.34,1,1,82.0,22,13.0,17,3,7,1
CUST_05323,43.0,Mumbai,1.1,30,53548.16,1784.94,27.27,8,0.221,2,2,59.0,36,14.0,22,4,12,6
CUST_05324,32.0,Hyderabad,4.1,16,41833.72,2614.61,3.9,47,0.441,2,6,12.0,2,2.0,2,4,2,2
CUST_05325,44.0,Bengaluru,1.1,18,47052.18,2614.01,16.36,12,0.133,1,2,47.0,30,11.0,9,3,14,3
CUST_05326,68.0,Delhi,5.2,6,6924.52,1154.09,1.15,53,0.811,4,5,58.0,18,18.0,11,7,9,1
CUST_05327,35.0,Pune,2.2,18,56080.09,3115.56,8.18,5,0.095,1,3,47.0,28,9.0,17,1,9,5
CUST_05328,21.0,Mumbai,1.8,16,58191.84,3636.99,8.89,17,0.222,2,5,45.0,25,18.0,11,5,10,2
CUST_05329,28.0,Ahmedabad,4.5,27,27182.23,1006.75,6.0,8,0.08,2,4,,32,13.0,11,5,9,3
CUST_05330,40.0,Delhi,2.7,9,10696.65,1188.52,3.33,10,0.698,3,2,47.0,16,31.0,10,12,10,0
CUST_05331,18.0,Chennai,2.9,22,34714.02,1577.91,7.59,1,0.127,1,3,69.0,29,10.0,9,8,8,4
CUST_05332,36.0,Other,1.0,31,46535.18,1501.13,31.0,18,0.471,0,2,65.0,31,17.0,15,2,6,4
CUST_05333,38.0,Hyderabad,8.7,17,52695.18,3099.72,1.95,3,0.11,0,5,54.0,21,10.0,8,3,9,3
CUST_05334,49.0,Delhi,7.2,24,58230.38,2426.27,3.33,18,0.341,1,3,79.0,35,9.0,23,4,6,4
CUST_05335,47.0,Pune,2.8,10,17929.97,1793.0,3.57,206,0.638,1,4,13.0,4,3.0,4,1,1,2
CUST_05336,43.0,Other,2.0,5,11120.18,2224.04,2.5,184,0.569,3,3,6.0,6,2.0,2,1,1,3
CUST_05337,18.0,Chennai,3.5,29,67736.2,2335.73,8.29,2,0.156,6,4,65.0,35,12.0,15,2,10,3
CUST_05338,43.0,Chennai,0.7,23,30437.19,1323.36,32.86,29,0.857,2,4,39.0,11,29.0,6,14,10,2
CUST_05339,41.0,Bengaluru,3.3,10,17858.68,1785.87,3.03,45,0.489,1,4,8.0,3,4.0,3,1,2,0
CUST_05340,37.0,Ahmedabad,0.2,21,61660.36,2936.21,105.0,5,0.104,4,3,52.0,25,12.0,11,6,8,3
CUST_05341,18.0,Kolkata,2.1,3,5508.36,1836.12,1.43,136,0.54,0,6,20.0,5,6.0,3,9,5,2
CUST_05342,26.0,Delhi,1.0,12,24191.13,2015.93,12.0,137,0.461,0,2,7.0,4,0.0,1,3,2,3
CUST_05343,22.0,Hyderabad,4.1,15,47121.21,3141.41,3.66,9,0.225,0,4,43.0,25,16.0,16,3,9,2
CUST_05344,18.0,Bengaluru,1.7,12,35377.39,2948.12,7.06,15,0.093,0,2,47.0,23,17.0,15,1,5,3
CUST_05345,34.0,Mumbai,0.9,9,9551.52,1061.28,10.0,118,0.585,2,2,10.0,5,0.0,1,4,2,2
CUST_05346,26.0,Ahmedabad,5.2,12,11401.36,950.11,2.31,7,0.741,2,6,41.0,20,23.0,12,8,13,0
CUST_05347,60.0,Mumbai,10.0,14,37765.69,2697.55,1.4,8,0.064,0,5,48.0,28,16.0,13,4,9,2
CUST_05348,32.0,Bengaluru,2.5,26,45661.32,1756.2,10.4,20,0.306,3,3,74.0,23,12.0,19,4,9,1
CUST_05349,47.0,Delhi,3.5,8,10243.78,1280.47,2.29,14,0.865,0,4,35.0,22,23.0,13,7,15,5
CUST_05350,18.0,Delhi,1.5,8,8396.3,1049.54,5.33,83,0.385,1,5,25.0,10,3.0,6,3,1,5
CUST_05351,29.0,Bengaluru,1.7,2,2963.7,1481.85,1.18,79,0.271,2,3,15.0,6,8.0,3,4,2,3
CUST_05352,35.0,Other,6.5,11,30973.84,2815.8,1.69,127,0.296,1,2,8.0,5,2.0,3,3,1,1
CUST_05353,25.0,Delhi,3.9,22,40752.66,1852.39,5.64,2,0.559,1,1,51.0,39,12.0,17,4,6,4
CUST_05354,30.0,Pune,4.0,11,13488.48,1226.23,2.75,18,0.659,2,4,45.0,23,20.0,20,13,13,1
CUST_05355,32.0,Hyderabad,1.6,10,15329.49,1532.95,6.25,40,0.792,3,1,38.0,19,20.0,10,11,12,5
CUST_05356,32.0,Pune,1.2,21,40577.32,1932.25,17.5,18,0.301,1,3,63.0,32,12.0,13,5,6,4
CUST_05357,53.0,Mumbai,7.4,23,53712.1,2335.31,3.11,9,0.278,0,2,57.0,30,7.0,10,4,10,2
CUST_05358,38.0,Mumbai,2.5,7,12498.77,1785.54,2.8,139,0.445,0,6,6.0,5,3.0,0,2,3,2
CUST_05359,39.0,Mumbai,3.8,9,19109.64,2123.29,2.37,150,0.827,1,5,9.0,7,2.0,4,1,1,1
CUST_05360,39.0,Bengaluru,1.3,11,13090.21,1190.02,8.46,26,0.63,3,4,50.0,7,17.0,13,11,11,2
CUST_05361,40.0,Bengaluru,0.5,9,12638.19,1404.24,18.0,11,0.781,0,4,50.0,26,20.0,8,9,10,3
CUST_05362,33.0,Pune,2.1,19,36398.55,1915.71,9.05,15,0.356,1,2,62.0,28,17.0,17,3,9,0
CUST_05363,31.0,Ahmedabad,7.5,10,14110.8,1411.08,1.33,25,0.691,5,6,46.0,17,10.0,7,8,13,1
CUST_05364,36.0,Mumbai,3.5,6,7662.3,1277.05,1.71,92,0.366,0,5,21.0,9,7.0,5,2,3,4
CUST_05365,46.0,Other,3.5,9,11018.61,1224.29,2.57,13,0.888,3,4,56.0,18,21.0,11,7,14,4
CUST_05366,45.0,Hyderabad,2.0,7,11317.58,1616.8,3.5,106,0.487,1,1,7.0,3,5.0,1,5,0,3
CUST_05367,32.0,Mumbai,2.5,15,7008.98,467.27,6.0,39,0.731,3,4,40.0,20,18.0,14,12,16,1
CUST_05368,42.0,Other,2.8,26,48442.17,1863.16,9.29,3,0.368,2,1,56.0,25,15.0,10,2,9,5
CUST_05369,32.0,Delhi,3.2,6,9861.57,1643.59,1.88,59,0.363,2,5,26.0,14,4.0,3,3,3,2
CUST_05370,34.0,Bengaluru,0.9,19,44369.54,2335.24,21.11,13,0.119,2,3,59.0,20,7.0,9,4,11,3
CUST_05371,29.0,Delhi,5.8,28,58501.46,2089.34,4.83,13,0.277,1,4,57.0,31,12.0,5,3,8,4
CUST_05372,32.0,Kolkata,4.0,23,40731.52,1770.94,5.75,8,0.323,0,4,59.0,42,10.0,17,6,11,0
CUST_05373,47.0,Bengaluru,2.9,20,23778.0,1188.9,6.9,3,0.305,1,2,68.0,29,17.0,22,3,10,2
CUST_05374,35.0,Mumbai,4.7,4,5531.38,1382.85,0.85,50,0.32,0,2,27.0,5,6.0,2,2,5,0
CUST_05375,35.0,Mumbai,5.3,13,17314.87,1331.91,2.45,14,0.926,5,4,49.0,21,18.0,13,3,14,2
CUST_05376,20.0,Kolkata,4.7,6,5085.02,847.5,1.28,48,0.427,2,3,18.0,4,4.0,6,3,1,2
CUST_05377,31.0,Pune,4.8,8,7666.74,958.34,1.67,13,0.817,5,7,46.0,16,22.0,6,8,17,1
CUST_05378,32.0,Mumbai,1.7,26,38551.37,1482.74,15.29,9,0.205,3,1,58.0,28,12.0,11,5,11,2
CUST_05379,26.0,Bengaluru,2.6,2,3625.77,1812.88,0.77,148,0.401,1,4,14.0,4,6.0,4,3,1,5
CUST_05380,34.0,Ahmedabad,5.2,23,42585.39,1851.54,4.42,8,0.198,0,3,70.0,37,11.0,20,1,9,1
CUST_05381,30.0,Pune,2.2,22,54792.37,2490.56,10.0,26,0.39,2,4,60.0,35,14.0,16,5,7,4
CUST_05382,35.0,Pune,4.5,12,17390.31,1449.19,2.67,89,0.927,3,4,43.0,17,23.0,14,9,11,1
CUST_05383,35.0,Ahmedabad,1.6,29,67697.8,2334.41,18.12,11,0.496,1,2,64.0,23,19.0,15,2,10,4
CUST_05384,24.0,Mumbai,1.5,19,49758.35,2618.86,12.67,18,0.292,2,8,55.0,32,14.0,12,1,11,3
CUST_05385,30.0,Hyderabad,3.2,4,6150.03,1537.51,1.25,63,0.314,0,3,14.0,6,6.0,6,6,2,4
CUST_05386,35.0,Other,6.5,11,13457.07,1223.37,1.69,28,0.828,3,5,34.0,17,12.0,11,8,17,3
CUST_05387,46.0,Ahmedabad,4.0,11,17022.54,1547.5,2.75,27,0.789,4,2,44.0,17,29.0,12,5,12,4
CUST_05388,37.0,Mumbai,3.0,15,36551.75,2436.78,5.0,182,0.512,0,3,10.0,3,3.0,4,3,1,2
CUST_05389,27.0,Delhi,4.0,12,7656.47,638.04,3.0,17,0.724,0,1,53.0,23,,6,10,11,3
CUST_05390,38.0,Mumbai,3.5,5,6777.81,1355.56,1.43,49,0.692,2,3,15.0,3,4.0,2,3,1,5
CUST_05391,51.0,Other,1.5,19,52652.34,2771.18,12.67,33,0.137,1,4,57.0,26,8.0,9,7,12,1
CUST_05392,43.0,Other,2.3,7,10877.59,1553.94,3.04,38,0.834,3,2,43.0,17,20.0,14,12,12,2
CUST_05393,39.0,Pune,0.9,10,20211.74,2021.17,11.11,75,0.65,1,4,9.0,5,2.0,2,1,1,2
CUST_05394,41.0,Chennai,3.5,10,6745.34,674.53,2.86,37,0.866,3,1,45.0,17,28.0,15,7,15,5
CUST_05395,48.0,Ahmedabad,5.4,1,1819.31,1819.31,0.19,75,0.393,0,2,20.0,7,6.0,3,11,3,1
CUST_05396,45.0,Pune,5.9,25,27322.42,1092.9,4.24,11,0.161,2,4,68.0,31,11.0,12,4,10,2
CUST_05397,40.0,Pune,2.2,19,60689.55,3194.19,8.64,2,0.322,0,4,54.0,29,9.0,11,2,9,3
CUST_05398,45.0,Mumbai,1.4,12,17660.06,1471.67,8.57,7,0.869,4,6,44.0,12,24.0,10,9,13,4
CUST_05399,23.0,Bengaluru,3.7,22,36928.47,1678.57,5.95,6,0.356,1,4,58.0,31,12.0,14,4,17,4
CUST_05400,19.0,Jaipur,0.9,5,11307.43,2261.49,5.56,139,0.466,0,3,9.0,2,3.0,0,1,4,0
CUST_05401,36.0,Other,0.7,17,24692.22,1452.48,24.29,22,0.444,1,4,64.0,27,,16,2,12,4
CUST_05402,35.0,Mumbai,4.2,14,28186.85,2013.35,3.33,84,0.633,1,3,13.0,3,6.0,4,1,4,3
CUST_05403,29.0,Pune,3.0,7,11197.09,1599.58,2.33,47,0.437,1,4,18.0,3,3.0,4,0,0,4
CUST_05404,42.0,Delhi,3.8,27,53398.17,1977.71,7.11,21,0.246,2,3,69.0,36,15.0,7,4,13,2
CUST_05405,18.0,Ahmedabad,0.8,21,39115.74,1862.65,26.25,1,0.178,1,5,61.0,36,12.0,10,5,13,2
CUST_05406,29.0,Hyderabad,8.0,5,7460.24,1492.05,0.62,114,0.623,3,2,15.0,4,3.0,3,4,6,1
CUST_05407,29.0,Bengaluru,0.8,10,14651.07,1465.11,12.5,295,0.297,1,4,13.0,2,4.0,2,3,2,1
CUST_05408,18.0,Hyderabad,6.4,12,9763.34,813.61,1.88,47,0.975,2,3,37.0,23,14.0,19,9,8,1
CUST_05409,49.0,Mumbai,6.5,24,41065.15,1711.05,3.69,30,0.296,0,6,68.0,37,10.0,16,7,10,1
CUST_05410,20.0,Bengaluru,5.1,14,16251.36,1160.81,2.75,24,0.679,1,2,48.0,17,17.0,16,8,15,3
CUST_05411,28.0,Other,4.0,6,4837.56,806.26,1.5,79,0.288,1,4,10.0,14,7.0,5,4,2,2
CUST_05412,43.0,Mumbai,3.6,28,53426.32,1908.08,7.78,18,0.377,0,2,63.0,36,9.0,22,5,14,2
CUST_05413,40.0,Bengaluru,1.1,5,8076.53,1615.31,4.55,25,0.345,0,6,23.0,9,4.0,5,9,5,3
CUST_05414,23.0,Delhi,1.4,18,46292.81,2571.82,12.86,10,0.056,0,6,54.0,35,15.0,16,3,9,2
CUST_05415,41.0,Hyderabad,2.0,18,44111.11,2450.62,9.0,7,0.275,1,4,51.0,32,16.0,13,3,7,2
CUST_05416,,Hyderabad,2.9,29,55816.77,1924.72,10.0,22,0.063,1,3,57.0,35,10.0,8,5,15,6
CUST_05417,57.0,Hyderabad,2.1,30,50069.46,1668.98,14.29,4,0.152,3,4,72.0,36,8.0,13,6,9,2
CUST_05418,38.0,Jaipur,,26,52745.75,2028.68,10.83,15,0.19,2,5,71.0,34,18.0,12,2,13,2
CUST_05419,33.0,Delhi,1.1,10,11105.94,1110.59,9.09,30,0.967,3,6,37.0,16,24.0,11,13,17,3
CUST_05420,25.0,Bengaluru,6.9,28,65715.56,2346.98,4.06,29,0.037,1,4,71.0,25,10.0,20,2,11,3
CUST_05421,27.0,Mumbai,3.3,15,41423.43,2761.56,4.55,29,0.169,0,5,58.0,29,19.0,12,1,9,2
CUST_05422,26.0,Ahmedabad,8.0,33,80060.47,2426.07,4.12,5,0.219,1,7,73.0,24,11.0,18,1,14,3
CUST_05423,48.0,Pune,0.8,10,27008.08,2700.81,12.5,99,0.374,3,4,3.0,4,3.0,3,2,2,3
CUST_05424,34.0,Ahmedabad,0.9,32,51180.42,1599.39,35.56,20,0.226,1,3,50.0,31,14.0,20,7,13,4
CUST_05425,40.0,Pune,5.3,17,17850.1,1050.01,3.21,28,0.934,3,6,40.0,18,19.0,8,11,10,5
CUST_05426,49.0,Mumbai,2.0,15,19634.1,1308.94,7.5,49,0.661,1,5,51.0,23,22.0,13,7,10,7
CUST_05427,18.0,Mumbai,5.8,8,10404.59,1300.57,1.38,64,0.452,2,2,8.0,2,2.0,1,3,1,4
CUST_05428,47.0,Other,4.8,24,58902.75,2454.28,5.0,11,0.414,2,3,63.0,28,10.0,19,4,11,3
CUST_05429,35.0,Delhi,2.5,5,5408.55,1081.71,2.0,58,0.353,1,2,17.0,8,5.0,4,2,1,1
CUST_05430,38.0,Mumbai,1.2,4,7855.99,1964.0,3.33,136,0.337,0,4,28.0,8,9.0,3,4,1,2
CUST_05431,26.0,Mumbai,,10,11528.35,1152.83,7.69,2,0.561,1,3,46.0,25,35.0,9,12,9,5
CUST_05432,26.0,Delhi,1.6,29,82345.88,2839.51,18.12,19,0.257,1,5,35.0,19,10.0,8,2,11,2
CUST_05433,39.0,Mumbai,2.8,4,7233.59,1808.4,1.43,86,0.322,2,2,19.0,5,3.0,5,6,3,2
CUST_05434,58.0,Bengaluru,4.1,8,18681.66,2335.21,1.95,31,0.157,1,3,64.0,28,12.0,15,1,13,3
CUST_05435,44.0,Pune,1.2,9,9680.57,1075.62,7.5,39,0.905,1,3,47.0,16,25.0,8,7,11,4
CUST_05436,47.0,Bengaluru,1.4,3,7282.48,2427.49,2.14,36,0.85,0,4,17.0,7,5.0,8,4,3,3
CUST_05437,32.0,Mumbai,1.3,22,52487.81,2385.81,16.92,20,0.45,1,1,81.0,31,5.0,10,4,7,4
CUST_05438,28.0,Bengaluru,10.0,4,7590.06,1897.51,0.4,47,0.281,4,2,21.0,8,6.0,4,5,5,1
CUST_05439,26.0,Hyderabad,1.8,19,43051.34,2265.86,10.56,29,0.099,0,4,47.0,26,17.0,16,4,10,2
CUST_05440,29.0,Mumbai,3.5,3,4147.09,1382.36,0.86,29,0.383,1,4,20.0,10,9.0,4,3,1,2
CUST_05441,18.0,Delhi,5.0,6,5810.4,968.4,1.2,8,0.792,1,2,34.0,20,18.0,14,12,10,1
CUST_05442,27.0,Delhi,1.4,28,42711.42,1525.41,20.0,9,0.257,0,5,57.0,26,11.0,15,8,7,0
CUST_05443,,Pune,3.9,13,38314.83,2947.29,3.33,7,0.022,2,5,47.0,30,16.0,7,4,13,4
CUST_05444,32.0,Hyderabad,3.8,9,17094.4,1899.38,2.37,139,0.47,1,4,10.0,3,1.0,2,2,3,0
CUST_05445,35.0,Hyderabad,1.2,21,53845.58,2564.08,17.5,40,0.036,3,3,58.0,22,15.0,10,2,13,1
CUST_05446,38.0,Chennai,1.9,15,48225.15,3215.01,7.89,14,0.074,1,5,51.0,24,19.0,14,4,7,7
CUST_05447,34.0,Mumbai,3.9,29,64969.35,2240.32,7.44,9,0.216,3,5,55.0,39,18.0,24,4,14,3
CUST_05448,28.0,Delhi,,3,4570.41,1523.47,1.25,116,0.49,1,5,15.0,8,5.0,6,5,3,3
CUST_05449,18.0,Pune,5.4,8,4985.75,623.22,1.48,51,0.622,2,1,58.0,24,33.0,15,11,5,7
CUST_05450,28.0,Hyderabad,0.9,16,44230.12,2764.38,17.78,11,0.423,0,1,53.0,30,22.0,10,0,7,3
CUST_05451,24.0,Bengaluru,5.8,26,46829.37,1801.13,4.48,10,0.038,1,6,84.0,39,8.0,9,4,5,1
CUST_05452,39.0,Delhi,2.5,26,63861.58,2456.21,10.4,5,0.414,2,2,67.0,34,6.0,18,5,6,1
CUST_05453,43.0,Ahmedabad,2.2,22,39724.61,1805.66,10.0,5,0.112,0,5,65.0,42,7.0,13,2,3,2
CUST_05454,43.0,Mumbai,4.1,23,53843.34,2341.01,5.61,6,0.174,1,3,51.0,32,15.0,18,7,19,0
CUST_05455,42.0,Other,2.3,3,5684.24,1894.75,1.3,180,0.821,2,2,17.0,5,5.0,5,7,5,4
CUST_05456,33.0,Mumbai,3.0,24,47815.02,1992.29,8.0,12,0.348,0,4,67.0,34,12.0,18,5,9,2
CUST_05457,29.0,Kolkata,4.7,27,45391.84,1681.18,5.74,4,0.364,0,5,52.0,27,18.0,23,2,11,2
CUST_05458,27.0,Delhi,3.4,18,26661.27,1481.18,5.29,15,0.175,1,4,53.0,38,15.0,17,7,10,3
CUST_05459,19.0,Jaipur,5.1,5,9086.08,1817.22,0.98,98,0.659,0,4,7.0,3,2.0,0,1,3,3
CUST_05460,44.0,Mumbai,2.1,8,5723.69,715.46,3.81,144,0.687,1,4,10.0,2,4.0,0,2,3,2
CUST_05461,32.0,Delhi,3.5,7,8954.5,1279.21,2.0,38,0.366,1,6,19.0,6,6.0,4,4,4,5
CUST_05462,22.0,Delhi,7.1,21,30729.83,1463.33,2.96,19,0.37,2,3,69.0,40,13.0,13,2,12,6
CUST_05463,26.0,Other,0.7,25,64746.07,2589.84,35.71,2,0.247,1,2,51.0,21,12.0,9,1,13,2
CUST_05464,25.0,Other,3.6,34,57280.09,1684.71,9.44,6,0.518,0,1,64.0,34,12.0,18,6,8,4
CUST_05465,34.0,Pune,4.5,34,57191.55,1682.1,7.56,24,0.377,1,5,73.0,29,14.0,18,3,13,3
CUST_05466,45.0,Hyderabad,6.7,11,10049.51,913.59,1.64,18,0.953,3,3,40.0,22,12.0,11,11,11,1
CUST_05467,31.0,Hyderabad,3.5,6,8412.36,1402.06,1.71,116,0.307,1,4,24.0,15,6.0,8,7,4,0
CUST_05468,18.0,Mumbai,3.9,10,9164.68,916.47,2.56,155,0.554,2,2,12.0,2,2.0,2,1,1,1
CUST_05469,32.0,Mumbai,1.7,1,1685.45,1685.45,0.59,15,0.569,0,5,17.0,7,13.0,1,6,4,3
CUST_05470,32.0,Other,6.0,27,53987.17,1999.52,4.5,12,0.272,1,2,62.0,29,18.0,11,3,8,5
CUST_05471,32.0,Bengaluru,4.2,6,8669.49,1444.92,1.43,171,0.383,2,4,17.0,8,2.0,7,5,1,1
CUST_05472,28.0,Mumbai,1.6,23,40711.62,1770.07,14.38,11,0.258,1,3,60.0,34,14.0,14,3,6,2
CUST_05473,36.0,Pune,1.5,16,32576.8,2036.05,10.67,17,0.266,1,1,59.0,31,16.0,9,5,10,6
CUST_05474,35.0,Pune,2.3,2,2948.74,1474.37,0.87,180,0.495,0,3,22.0,9,,7,5,2,4
CUST_05475,34.0,Bengaluru,2.8,20,52597.1,2629.86,7.14,12,0.339,0,4,57.0,29,13.0,12,3,15,2
CUST_05476,38.0,Delhi,2.6,20,48230.11,2411.51,7.69,9,0.354,0,5,77.0,31,10.0,15,2,11,3
CUST_05477,30.0,Bengaluru,2.7,33,63731.85,1931.27,12.22,12,0.169,0,8,65.0,37,11.0,10,6,14,5
CUST_05478,29.0,Mumbai,2.3,2,3506.31,1753.16,0.87,60,0.648,0,7,10.0,8,7.0,4,4,3,2
CUST_05479,48.0,Delhi,2.7,3,5215.31,1738.44,1.11,88,0.494,0,5,12.0,6,5.0,3,3,1,4
CUST_05480,40.0,Mumbai,5.2,25,50540.26,2021.61,4.81,5,0.095,0,6,68.0,28,16.0,23,0,14,3
CUST_05481,42.0,Jaipur,4.1,3,6181.4,2060.47,0.73,20,0.593,0,2,12.0,6,10.0,4,4,2,0
CUST_05482,46.0,Pune,0.8,20,35340.82,1767.04,25.0,11,0.351,1,6,68.0,38,15.0,11,1,10,1
CUST_05483,39.0,Kolkata,5.6,12,14967.28,1247.27,2.14,26,0.822,1,4,60.0,25,24.0,14,16,14,1
CUST_05484,43.0,Delhi,3.5,9,15791.36,1754.6,2.57,154,0.681,2,3,10.0,11,5.0,7,6,3,0
CUST_05485,18.0,Bengaluru,1.2,4,5988.22,1497.05,3.33,11,0.299,0,3,16.0,12,8.0,3,9,4,3
CUST_05486,36.0,Delhi,3.0,6,10865.36,1810.89,2.0,169,0.316,3,1,9.0,4,2.0,2,4,3,3
CUST_05487,32.0,Chennai,1.6,28,68599.91,2450.0,17.5,3,0.384,2,5,73.0,35,9.0,14,2,9,1
CUST_05488,51.0,Ahmedabad,1.6,5,12524.57,2504.91,3.12,33,0.74,1,3,21.0,7,7.0,5,8,4,0
CUST_05489,43.0,Delhi,2.2,9,11580.69,1286.74,4.09,36,0.919,2,4,43.0,23,24.0,14,4,17,1
CUST_05490,28.0,Pune,5.6,6,11267.51,1877.92,1.07,303,0.259,2,5,13.0,1,3.0,4,4,1,4
CUST_05491,38.0,Chennai,0.3,14,29882.4,2134.46,46.67,22,0.139,0,3,58.0,30,16.0,9,5,6,1
CUST_05492,36.0,Pune,1.8,4,6162.83,1540.71,2.22,5,0.624,0,4,18.0,12,2.0,9,1,5,1
CUST_05493,39.0,Chennai,4.3,8,9197.15,1149.64,1.86,24,0.825,2,3,43.0,13,25.0,18,7,21,2
CUST_05494,24.0,Mumbai,9.7,30,46050.91,1535.03,3.09,20,0.488,2,3,74.0,27,11.0,9,4,10,1
CUST_05495,38.0,Hyderabad,10.0,15,21843.84,1456.26,1.5,25,0.827,2,7,35.0,20,28.0,23,10,13,4
CUST_05496,32.0,Bengaluru,2.3,16,13879.22,867.45,6.96,7,0.365,2,1,65.0,33,18.0,16,5,12,4
CUST_05497,37.0,Mumbai,1.1,8,13127.95,1640.99,7.27,51,0.651,1,3,48.0,15,29.0,11,6,14,2
CUST_05498,27.0,Chennai,3.7,7,13470.69,1924.38,1.89,87,0.293,1,2,7.0,7,7.0,1,5,1,2
CUST_05499,28.0,Bengaluru,4.2,10,13582.14,1358.21,2.38,23,0.626,4,2,46.0,21,25.0,13,14,10,3
CUST_05500,46.0,Pune,5.3,4,5424.15,1356.04,0.75,74,0.411,0,2,14.0,11,3.0,8,6,3,2
CUST_05501,23.0,Delhi,3.7,9,8169.35,907.71,2.43,24,0.904,2,2,44.0,23,19.0,8,12,10,1
CUST_05502,24.0,Bengaluru,1.0,28,55569.67,1984.63,28.0,4,0.315,0,3,58.0,25,13.0,11,2,11,3
CUST_05503,33.0,Mumbai,0.4,28,42480.57,1517.16,70.0,17,0.268,2,3,75.0,51,14.0,16,5,7,4
CUST_05504,26.0,Other,5.9,15,22280.85,1485.39,2.54,23,0.842,0,1,52.0,13,21.0,19,11,20,7
CUST_05505,25.0,Chennai,4.9,23,41245.06,1793.26,4.69,11,0.314,2,1,73.0,18,13.0,16,1,11,4
CUST_05506,35.0,Mumbai,1.3,22,74379.49,3380.89,16.92,8,0.039,0,3,53.0,30,10.0,11,3,9,5
CUST_05507,19.0,Ahmedabad,1.2,7,6211.7,887.39,5.83,18,0.756,1,3,51.0,14,27.0,13,9,14,2
CUST_05508,24.0,Delhi,8.3,32,53536.42,1673.01,3.86,11,0.223,1,5,,28,16.0,17,1,6,2
CUST_05509,55.0,Hyderabad,5.4,33,51565.31,1562.59,6.11,27,0.481,2,4,74.0,32,14.0,13,1,9,1
CUST_05510,,Pune,2.3,8,8581.0,1072.63,3.48,31,0.718,1,3,38.0,19,21.0,14,5,14,3
CUST_05511,27.0,Kolkata,1.5,18,42881.28,2382.29,12.0,7,0.113,2,3,64.0,24,19.0,15,4,12,3
CUST_05512,38.0,Kolkata,2.2,10,12348.67,1234.87,4.55,112,0.493,1,4,7.0,6,6.0,0,3,1,3
CUST_05513,40.0,Hyderabad,1.8,7,15540.82,2220.12,3.89,38,0.284,2,5,8.0,4,3.0,1,0,0,6
CUST_05514,44.0,Pune,4.2,3,6051.57,2017.19,0.71,10,0.349,0,2,6.0,7,6.0,5,10,2,3
CUST_05515,33.0,Pune,3.3,20,61431.62,3071.58,6.06,37,0.106,0,4,56.0,31,20.0,17,3,7,7
CUST_05516,44.0,Delhi,1.7,2,3436.55,1718.28,1.18,47,0.381,4,4,21.0,8,8.0,4,4,1,2
CUST_05517,18.0,Mumbai,4.4,3,4671.02,1557.01,0.68,52,0.398,0,3,13.0,11,5.0,2,2,2,3
CUST_05518,23.0,Delhi,1.5,4,5907.02,1476.76,2.67,64,0.655,0,5,14.0,9,7.0,7,2,2,4
CUST_05519,36.0,Chennai,1.7,22,45576.92,2071.68,12.94,10,0.176,2,1,55.0,27,16.0,10,3,7,3
CUST_05520,37.0,Ahmedabad,2.4,4,7332.6,1833.15,1.67,119,0.47,0,7,16.0,5,5.0,4,5,3,3
CUST_05521,25.0,Delhi,5.4,8,13982.31,1747.79,1.48,151,0.273,0,6,13.0,13,4.0,3,6,2,4
CUST_05522,37.0,Pune,1.6,6,6604.78,1100.8,3.75,6,0.909,6,5,45.0,14,23.0,10,12,11,3
CUST_05523,28.0,Ahmedabad,4.8,1,1254.2,1254.2,0.21,38,0.459,1,1,18.0,5,5.0,5,9,2,3
CUST_05524,31.0,Jaipur,8.3,13,14081.32,1083.18,1.57,29,0.823,1,1,45.0,14,20.0,15,8,11,1
CUST_05525,44.0,Bengaluru,1.9,7,3732.98,533.28,3.68,52,0.725,0,2,47.0,20,23.0,7,10,11,2
CUST_05526,43.0,Mumbai,5.1,16,36321.18,2270.07,3.14,4,0.197,2,5,57.0,31,9.0,14,3,9,0
CUST_05527,24.0,Chennai,5.8,5,7856.67,1571.33,0.86,84,0.487,0,3,24.0,6,7.0,8,6,2,1
CUST_05528,23.0,Ahmedabad,10.0,25,55630.67,2225.23,2.5,1,0.22,1,3,49.0,21,21.0,15,2,13,5
CUST_05529,30.0,Mumbai,3.8,28,42636.84,,7.37,5,0.139,2,5,61.0,33,9.0,15,4,11,3
CUST_05530,34.0,Hyderabad,2.5,26,45359.99,1744.62,10.4,55,0.564,2,7,63.0,27,12.0,9,1,9,3
CUST_05531,27.0,Hyderabad,7.1,14,12917.87,922.7,1.97,18,0.45,0,4,45.0,20,21.0,18,11,13,3
CUST_05532,44.0,Delhi,4.5,22,65303.38,2968.34,4.89,18,0.16,1,2,48.0,21,14.0,18,3,9,1
CUST_05533,37.0,Kolkata,4.2,1,2061.27,2061.27,0.24,37,0.16,0,3,11.0,7,10.0,2,1,3,3
CUST_05534,38.0,Bengaluru,3.9,3,4861.23,1620.41,0.77,97,0.113,2,3,20.0,9,3.0,5,4,1,6
CUST_05535,21.0,Chennai,8.5,20,56975.64,2848.78,2.35,20,0.403,1,6,62.0,23,10.0,9,2,10,2
CUST_05536,46.0,Bengaluru,1.9,18,35347.07,1963.73,9.47,5,0.076,1,1,42.0,22,20.0,6,4,10,1
CUST_05537,18.0,Pune,5.1,22,42190.84,1917.77,4.31,11,0.038,0,4,60.0,25,12.0,10,2,5,4
CUST_05538,42.0,Hyderabad,3.9,16,28051.39,1753.21,4.1,84,0.503,4,5,11.0,2,2.0,2,2,0,1
CUST_05539,43.0,Kolkata,6.1,8,6386.83,798.35,1.31,13,0.918,4,4,40.0,33,22.0,16,10,11,3
CUST_05540,30.0,Other,1.8,17,20082.57,1181.33,9.44,3,0.911,5,2,39.0,16,23.0,9,6,11,5
CUST_05541,47.0,Delhi,1.1,16,45863.05,2866.44,14.55,29,0.259,0,4,46.0,30,14.0,10,6,10,2
CUST_05542,33.0,Mumbai,8.5,4,7738.18,1934.55,0.47,37,0.4,0,3,18.0,5,4.0,6,8,4,0
CUST_05543,35.0,Other,0.6,9,19391.19,2154.58,15.0,166,0.338,1,3,10.0,4,5.0,2,1,4,3
CUST_05544,37.0,Hyderabad,1.6,4,5958.94,1489.73,2.5,172,0.364,0,4,21.0,8,7.0,6,4,2,0
CUST_05545,66.0,Other,0.8,4,5228.74,1307.19,5.0,159,0.098,0,4,19.0,9,9.0,4,5,5,3
CUST_05546,47.0,Mumbai,5.5,20,65600.17,3280.01,3.64,13,0.097,0,7,58.0,27,10.0,8,2,8,2
CUST_05547,41.0,Delhi,1.3,17,55338.88,3255.23,13.08,13,0.344,1,2,52.0,30,20.0,10,4,10,1
CUST_05548,25.0,Mumbai,3.6,8,17896.27,2237.03,2.22,7,0.327,1,3,59.0,21,11.0,16,1,9,2
CUST_05549,35.0,Ahmedabad,1.3,26,73845.23,2840.2,20.0,15,0.325,1,3,61.0,25,12.0,16,6,7,2
CUST_05550,26.0,Jaipur,1.0,19,45767.97,2408.84,19.0,17,0.206,1,1,56.0,31,6.0,8,5,6,4
CUST_05551,42.0,Bengaluru,8.1,17,26241.81,1543.64,2.1,7,0.05,0,4,73.0,48,18.0,25,3,8,2
CUST_05552,35.0,Pune,4.5,25,51071.01,2042.84,5.56,4,0.234,1,4,52.0,42,9.0,9,3,12,3
CUST_05553,23.0,Mumbai,2.2,11,16889.58,1535.42,5.0,65,0.483,3,4,12.0,3,4.0,2,2,0,3
CUST_05554,35.0,Hyderabad,3.0,13,16940.98,1303.15,4.33,58,0.617,3,2,24.0,14,23.0,11,11,18,1
CUST_05555,26.0,Bengaluru,1.0,4,7031.99,1758.0,4.0,40,0.36,0,5,23.0,9,2.0,1,5,3,4
CUST_05556,36.0,Chennai,9.6,5,6627.76,1325.55,0.52,140,0.474,1,1,22.0,7,6.0,4,7,2,1
CUST_05557,25.0,Delhi,1.6,13,37211.18,2862.4,8.12,18,0.115,0,3,46.0,23,14.0,13,2,7,0
CUST_05558,34.0,Delhi,4.8,4,5973.98,1493.49,0.83,19,0.149,0,3,23.0,8,4.0,3,2,2,2
CUST_05559,42.0,Mumbai,0.8,22,46748.84,2124.95,27.5,7,0.422,2,2,58.0,32,16.0,16,8,3,2
CUST_05560,33.0,Hyderabad,3.3,6,10119.31,1686.55,1.82,44,0.331,0,5,20.0,2,5.0,4,2,3,1
CUST_05561,30.0,Bengaluru,3.9,27,55756.43,2065.05,6.92,12,0.34,1,2,63.0,33,16.0,22,6,7,2
CUST_05562,36.0,Other,2.8,8,8221.98,1027.75,2.86,129,0.452,1,6,10.0,6,2.0,3,6,3,0
CUST_05563,41.0,Chennai,4.7,15,29827.89,1988.53,3.19,10,0.26,1,6,62.0,33,17.0,16,6,8,5
CUST_05564,23.0,Delhi,2.2,25,45965.5,1838.62,11.36,6,0.248,5,3,59.0,22,10.0,15,6,7,4
CUST_05565,37.0,Pune,1.7,7,4061.57,580.22,4.12,130,0.712,2,5,6.0,7,3.0,3,3,2,5
CUST_05566,47.0,Other,2.9,15,43468.64,2897.91,5.17,7,0.081,1,2,58.0,30,11.0,10,0,12,2
CUST_05567,40.0,Mumbai,1.1,1,2545.35,2545.35,0.91,63,0.595,0,4,17.0,4,6.0,4,2,2,0
CUST_05568,35.0,Delhi,1.1,6,10697.24,1782.87,5.45,39,0.365,1,3,11.0,3,6.0,3,2,4,4
CUST_05569,40.0,Other,1.6,2,4169.41,2084.7,1.25,53,0.327,1,4,15.0,5,4.0,7,6,1,1
CUST_05570,39.0,Chennai,7.3,5,10900.51,2180.1,0.68,64,0.487,6,7,13.0,7,4.0,3,1,2,3
CUST_05571,42.0,Hyderabad,2.6,12,14534.8,1211.23,4.62,134,0.497,2,5,7.0,2,7.0,2,2,2,1
CUST_05572,18.0,Pune,10.0,18,49053.28,2725.18,1.8,9,0.223,3,2,54.0,20,17.0,16,2,10,3
CUST_05573,18.0,Ahmedabad,2.4,1,1748.08,1748.08,0.42,29,0.511,1,4,28.0,6,3.0,4,5,1,0
CUST_05574,44.0,Pune,1.7,12,27678.54,2306.545,3.53,26,0.293,2,3,19.0,7,6.0,5,7,4,2
CUST_05575,19.0,Pune,7.9,2,3180.67,1590.34,0.25,103,0.326,2,1,21.0,10,2.0,4,3,6,2
CUST_05576,38.0,Pune,1.6,20,48362.81,2418.14,12.5,20,0.269,1,3,50.0,24,21.0,10,3,10,2
CUST_05577,30.0,Mumbai,2.4,5,10571.14,2114.23,2.08,130,0.464,1,4,19.0,5,4.0,3,3,5,5
CUST_05578,24.0,Other,1.0,13,18724.84,1440.37,13.0,157,0.386,2,2,15.0,3,6.0,0,0,3,4
CUST_05579,37.0,Hyderabad,6.4,8,11107.35,1388.42,1.25,162,0.507,2,1,13.0,5,7.0,0,1,1,1
CUST_05580,36.0,Chennai,2.7,27,52050.98,1927.81,10.0,25,0.137,4,4,61.0,31,6.0,16,2,8,1
CUST_05581,55.0,Other,6.2,13,36889.48,2837.65,2.1,13,0.395,1,4,51.0,30,17.0,16,1,6,1
CUST_05582,28.0,Pune,4.0,28,43380.35,1549.3,7.0,6,0.378,1,5,57.0,32,15.0,14,0,8,4
CUST_05583,48.0,Mumbai,2.6,4,6013.96,1503.49,1.54,106,0.346,1,3,16.0,9,6.0,4,6,6,1
CUST_05584,38.0,Hyderabad,3.6,4,6243.07,1560.77,1.11,18,0.432,0,5,15.0,7,5.0,5,4,2,1
CUST_05585,27.0,Bengaluru,6.9,9,8381.0,931.22,1.3,26,0.574,6,1,45.0,7,14.0,14,9,8,3
CUST_05586,42.0,Bengaluru,3.0,18,48276.75,2682.04,6.0,13,0.189,0,5,53.0,29,18.0,12,1,9,1
CUST_05587,40.0,Mumbai,2.4,29,36650.7,1263.82,12.08,10,0.106,0,5,60.0,28,10.0,16,5,9,3
CUST_05588,34.0,Bengaluru,0.5,11,9681.17,880.11,22.0,5,0.545,2,2,47.0,14,25.0,17,17,9,3
CUST_05589,37.0,Delhi,3.9,6,8703.0,1450.5,1.54,133,0.207,1,5,18.0,2,1.0,3,4,2,2
CUST_05590,28.0,Pune,2.7,9,9945.12,1105.01,3.33,19,0.19,3,5,19.0,6,10.0,6,6,3,3
CUST_05591,26.0,Pune,7.6,23,43999.24,1913.01,3.03,10,0.249,1,6,73.0,30,12.0,21,4,9,3
CUST_05592,42.0,Delhi,1.0,5,6143.1,1228.62,5.0,5,0.718,4,4,45.0,15,14.0,17,8,13,1
CUST_05593,32.0,Delhi,4.0,13,35107.73,2700.59,3.25,5,0.063,0,5,47.0,21,15.0,18,1,16,2
CUST_05594,33.0,Delhi,0.7,10,10510.16,1051.02,14.29,167,0.404,1,2,12.0,2,2.0,2,2,0,2
CUST_05595,37.0,Other,2.3,22,55270.35,2512.29,9.57,9,0.14,1,3,57.0,29,16.0,23,4,15,2
CUST_05596,37.0,Other,7.2,11,18098.62,1645.33,1.53,13,0.734,5,5,52.0,11,17.0,14,6,6,4
CUST_05597,20.0,Hyderabad,7.1,17,27718.48,1630.5,2.39,10,0.275,0,4,87.0,25,11.0,9,3,5,2
CUST_05598,47.0,Other,3.8,6,7207.35,1201.23,1.58,80,0.573,1,1,21.0,4,9.0,5,10,2,5
CUST_05599,35.0,Other,3.9,3,5031.39,1677.13,0.77,45,0.432,0,4,21.0,8,6.0,6,9,3,4
CUST_05600,32.0,Delhi,5.2,3,4775.83,1591.94,0.58,123,0.344,0,3,20.0,8,6.0,8,8,4,4
CUST_05601,38.0,Bengaluru,2.7,21,35217.54,1677.03,7.78,16,0.463,0,5,64.0,34,12.0,13,1,8,3
CUST_05602,36.0,Other,2.5,25,66055.04,2642.2,10.0,14,0.577,1,4,60.0,38,11.0,16,4,11,1
CUST_05603,42.0,Hyderabad,1.0,24,73118.36,3046.6,24.0,10,0.135,0,3,50.0,18,9.0,7,4,15,2
CUST_05604,39.0,Pune,3.1,3,4139.79,1379.93,0.97,60,0.28,2,4,13.0,6,8.0,7,8,5,1
CUST_05605,41.0,Chennai,1.1,19,59966.92,3156.15,17.27,9,0.065,1,5,51.0,35,14.0,9,4,7,1
CUST_05606,48.0,Pune,2.1,14,18597.2,1328.37,6.67,8,0.821,5,5,40.0,17,26.0,10,17,6,3
CUST_05607,43.0,Delhi,5.4,8,18149.46,2268.68,1.48,63,0.313,4,2,4.0,3,2.0,2,1,1,1
CUST_05608,32.0,Pune,3.7,9,22293.11,2477.01,2.43,60,0.554,1,2,11.0,4,3.0,6,3,3,5
CUST_05609,23.0,Pune,1.5,12,13097.31,1091.44,8.0,61,0.815,5,4,37.0,23,23.0,13,13,14,2
CUST_05610,51.0,Mumbai,2.0,5,6739.23,1347.85,2.5,6,0.9,5,4,41.0,19,19.0,7,6,15,6
CUST_05611,32.0,Jaipur,3.2,24,66585.66,2774.4,7.5,25,0.322,1,1,62.0,25,13.0,8,5,8,0
CUST_05612,29.0,Delhi,4.3,6,6163.89,1027.31,1.4,63,0.469,0,2,11.0,12,7.0,5,5,2,1
CUST_05613,18.0,Mumbai,1.4,5,7500.67,1500.13,3.57,65,0.629,0,4,18.0,4,14.0,1,4,1,2
CUST_05614,37.0,Mumbai,6.6,24,46242.78,1926.78,3.64,14,0.179,0,6,57.0,25,13.0,16,3,7,1
CUST_05615,35.0,Hyderabad,2.9,26,31488.08,1211.08,8.97,7,0.137,1,5,59.0,30,14.0,12,6,8,2
CUST_05616,19.0,Other,1.3,5,4926.97,985.39,3.85,73,0.319,2,3,19.0,11,5.0,9,5,4,1
CUST_05617,39.0,Mumbai,1.6,11,16678.92,1516.27,6.88,117,0.467,0,3,7.0,2,5.0,2,3,1,2
CUST_05618,29.0,Mumbai,6.4,20,54698.62,2734.93,3.12,12,0.305,0,6,70.0,28,18.0,13,2,8,3
CUST_05619,61.0,Bengaluru,4.4,13,9916.59,762.81,2.95,21,0.879,1,3,47.0,18,26.0,12,8,12,5
CUST_05620,28.0,Hyderabad,5.6,17,46717.02,2748.06,3.04,6,0.018,1,4,52.0,26,12.0,9,5,9,2
CUST_05621,30.0,Delhi,3.7,15,37828.3,2521.89,4.05,15,0.133,0,5,50.0,30,12.0,16,2,9,4
CUST_05622,25.0,Delhi,0.2,10,16793.99,1679.4,50.0,105,0.207,0,5,11.0,5,5.0,3,3,2,5
CUST_05623,47.0,Bengaluru,1.4,6,9364.03,1560.67,4.29,70,0.291,0,4,21.0,8,3.0,7,5,2,9
CUST_05624,30.0,Delhi,6.5,5,7790.16,1558.03,0.77,96,0.287,1,6,15.0,6,7.0,4,4,3,3
CUST_05625,27.0,Other,1.3,17,45320.6,2665.92,13.08,31,0.157,0,3,68.0,24,13.0,16,4,7,3
CUST_05626,41.0,Mumbai,3.1,4,3897.9,974.48,1.29,51,0.606,0,6,21.0,8,8.0,6,4,5,0
CUST_05627,20.0,Pune,0.9,24,43874.29,1828.1,26.67,4,0.2,2,2,66.0,37,13.0,16,2,15,4
CUST_05628,40.0,Ahmedabad,2.1,22,36607.14,1663.96,10.48,7,0.125,1,2,67.0,23,6.0,10,5,9,4
CUST_05629,52.0,Ahmedabad,2.2,11,16598.84,1508.99,5.0,16,0.705,2,5,54.0,13,16.0,15,5,13,3
CUST_05630,40.0,Mumbai,1.2,17,50654.29,2979.66,14.17,15,0.145,1,2,40.0,28,16.0,12,7,14,2
CUST_05631,40.0,Other,1.6,3,3018.39,1006.13,1.88,81,0.24,2,4,16.0,8,3.0,5,3,4,3
CUST_05632,43.0,Chennai,3.4,11,7150.13,650.01,3.24,54,0.798,1,1,35.0,15,20.0,16,7,15,2
CUST_05633,51.0,Pune,1.9,18,51248.22,2847.12,9.47,16,0.253,1,3,49.0,29,15.0,7,2,11,0
CUST_05634,,Bengaluru,10.0,22,51232.01,2328.73,2.2,14,0.153,2,7,44.0,11,15.0,13,0,7,2
CUST_05635,38.0,Delhi,4.5,16,36833.63,2302.1,3.56,13,0.283,1,5,54.0,26,14.0,14,1,13,1
CUST_05636,43.0,Mumbai,4.8,24,54875.3,2286.47,5.0,16,0.105,0,2,53.0,28,17.0,21,5,14,4
CUST_05637,25.0,Delhi,5.7,8,10901.53,1362.69,1.4,8,0.73,3,4,36.0,16,23.0,9,10,18,2
CUST_05638,42.0,Hyderabad,3.9,4,6537.07,1634.27,1.03,180,0.412,1,1,21.0,8,9.0,5,6,5,2
CUST_05639,24.0,Ahmedabad,1.7,16,50791.94,,9.41,5,0.246,2,3,62.0,31,11.0,8,5,13,2
CUST_05640,30.0,Delhi,4.8,20,35398.98,1769.95,4.17,13,0.429,1,5,47.0,22,17.0,8,3,10,1
CUST_05641,18.0,Delhi,2.3,9,16234.08,1803.79,3.91,50,0.803,2,4,39.0,20,18.0,14,8,9,2
CUST_05642,38.0,Bengaluru,1.0,7,7832.17,1118.88,7.0,101,0.243,0,4,15.0,7,7.0,3,6,3,1
CUST_05643,28.0,Chennai,4.1,30,32232.23,1074.41,7.32,13,0.26,1,8,70.0,29,16.0,14,6,12,1
CUST_05644,45.0,Kolkata,3.8,17,31784.92,1869.7,4.47,7,0.267,3,4,73.0,28,14.0,10,4,9,2
CUST_05645,38.0,Delhi,4.8,13,12444.2,957.25,2.71,89,0.859,2,3,36.0,22,27.0,19,5,11,1
CUST_05646,45.0,Hyderabad,2.7,18,37022.87,2056.83,6.67,4,0.095,4,1,73.0,27,7.0,10,2,7,1
CUST_05647,23.0,Delhi,5.2,16,30756.27,1922.27,3.08,7,0.225,2,7,55.0,29,18.0,16,0,12,1
CUST_05648,44.0,Kolkata,1.3,1,1453.39,1453.39,0.77,117,0.572,0,5,23.0,15,7.0,3,3,7,2
CUST_05649,55.0,Mumbai,0.7,1,2943.91,2943.91,1.43,116,0.393,2,1,21.0,5,6.0,5,8,3,2
CUST_05650,42.0,Pune,3.1,7,8227.95,1175.42,2.26,38,0.651,3,4,55.0,13,20.0,15,5,6,2
CUST_05651,42.0,Bengaluru,1.9,2,4700.86,2350.43,1.05,42,0.447,0,3,19.0,5,8.0,2,7,3,4
CUST_05652,36.0,Jaipur,1.5,5,5453.16,1090.63,3.33,72,0.395,2,6,20.0,9,6.0,8,7,3,2
CUST_05653,29.0,Hyderabad,2.4,22,48296.61,2195.3,9.17,7,0.178,2,3,63.0,36,3.0,12,3,7,1
CUST_05654,42.0,Other,4.3,30,54013.42,1800.45,6.98,4,0.151,3,3,69.0,28,10.0,16,4,6,5
CUST_05655,19.0,Mumbai,0.2,17,38974.67,2292.63,85.0,9,0.107,1,4,47.0,24,17.0,19,3,14,1
CUST_05656,30.0,Bengaluru,2.2,17,50606.7,2976.86,7.73,28,0.357,0,3,60.0,28,11.0,11,3,11,3
CUST_05657,18.0,Bengaluru,7.8,4,4264.17,1066.04,0.51,59,0.269,0,2,11.0,10,6.0,10,6,3,3
CUST_05658,27.0,Hyderabad,0.9,15,26807.59,1787.17,16.67,267,0.318,2,4,14.0,3,1.0,2,2,1,0
CUST_05659,40.0,Ahmedabad,1.8,12,18830.51,1569.21,6.67,165,0.5,4,3,12.0,1,6.0,1,3,1,0
CUST_05660,39.0,Ahmedabad,6.3,3,4603.93,1534.64,0.48,64,0.128,1,1,19.0,6,7.0,5,3,5,3
CUST_05661,35.0,Chennai,2.6,12,29595.82,2466.32,4.62,9,0.407,0,3,52.0,28,8.0,20,0,6,3
CUST_05662,36.0,Chennai,3.4,9,19679.69,2186.63,2.65,5,0.119,2,1,48.0,28,11.0,10,6,8,2
CUST_05663,18.0,Other,2.2,4,6314.56,1578.64,1.82,116,0.313,1,3,25.0,10,5.0,5,2,5,3
CUST_05664,30.0,Delhi,6.6,14,16873.61,1205.26,2.12,12,0.689,3,3,39.0,14,24.0,11,14,12,5
CUST_05665,27.0,Ahmedabad,1.7,8,8858.46,1107.31,4.71,38,0.726,2,3,48.0,17,21.0,7,6,9,3
CUST_05666,27.0,Other,3.0,2,3325.5,1662.75,0.67,37,0.471,1,4,17.0,11,6.0,4,9,3,4
CUST_05667,40.0,Bengaluru,4.9,2,4086.95,2043.48,0.41,90,0.496,4,2,17.0,6,8.0,6,6,4,4
CUST_05668,25.0,Kolkata,1.5,2,3406.67,1703.34,1.33,57,0.41,1,6,17.0,4,6.0,3,4,3,2
CUST_05669,28.0,Delhi,0.8,21,58326.84,2777.47,26.25,22,0.206,2,6,68.0,32,13.0,8,2,8,6
CUST_05670,18.0,Mumbai,0.4,3,4537.6,1512.53,7.5,87,0.273,0,3,14.0,8,2.0,4,5,6,1
CUST_05671,31.0,Hyderabad,4.3,11,17780.85,1616.44,2.56,211,0.687,1,1,8.0,3,2.0,1,0,2,3
CUST_05672,23.0,Pune,1.2,29,57731.98,1990.76,24.17,2,0.24,0,1,69.0,26,13.0,16,3,11,4
CUST_05673,35.0,Bengaluru,3.8,4,3588.26,897.06,1.05,40,0.532,3,4,9.0,7,3.0,7,7,2,3
CUST_05674,24.0,Jaipur,3.7,30,56169.87,1872.33,8.11,4,0.128,1,4,59.0,37,3.0,17,4,8,0
CUST_05675,35.0,Mumbai,1.1,13,23277.77,1790.6,11.82,208,0.422,3,3,11.0,5,4.0,3,2,1,4
CUST_05676,33.0,Mumbai,3.2,15,42048.19,2803.21,4.69,31,0.316,2,3,65.0,24,18.0,13,5,9,7
CUST_05677,51.0,Hyderabad,9.5,12,17263.01,1438.58,1.26,47,0.978,6,4,52.0,19,14.0,13,6,8,3
CUST_05678,39.0,Delhi,4.5,14,41906.52,2993.32,3.11,14,0.157,1,2,55.0,25,16.0,15,4,9,1
CUST_05679,18.0,Bengaluru,10.0,4,7699.38,1924.84,0.4,55,0.39,1,3,15.0,6,3.0,7,3,2,3
CUST_05680,21.0,Delhi,1.9,19,62351.03,3281.63,10.0,31,0.444,1,5,61.0,24,10.0,11,6,7,2
CUST_05681,35.0,Mumbai,3.3,24,43052.84,1793.87,7.27,8,0.187,3,7,80.0,34,9.0,14,4,3,3
CUST_05682,25.0,Mumbai,1.5,6,3039.69,506.61,4.0,19,0.667,3,5,46.0,19,16.0,10,11,19,1
CUST_05683,18.0,Jaipur,7.8,10,12659.69,1265.97,1.28,30,0.51,1,3,13.0,4,5.0,3,0,3,1
CUST_05684,47.0,Pune,2.3,21,15150.5,721.45,9.13,15,0.115,2,4,56.0,30,9.0,13,4,11,3
CUST_05685,41.0,Bengaluru,1.1,19,61099.01,3215.74,17.27,11,0.278,0,3,56.0,29,15.0,9,1,10,5
CUST_05686,39.0,Other,3.3,1,1657.04,1657.04,0.3,82,0.529,0,3,20.0,9,7.0,2,4,3,3
CUST_05687,28.0,Ahmedabad,1.8,14,17302.57,1235.9,7.78,37,0.942,4,3,46.0,19,16.0,7,7,8,3
CUST_05688,38.0,Mumbai,3.8,10,16596.62,1659.66,2.63,95,0.372,1,4,10.0,11,3.0,1,1,2,1
CUST_05689,27.0,Bengaluru,2.6,17,48920.31,2877.67,6.54,19,0.13,0,2,53.0,19,11.0,16,4,12,1
CUST_05690,36.0,Kolkata,4.5,5,10700.61,2140.12,1.11,9,0.553,1,4,15.0,7,5.0,6,3,2,2
CUST_05691,25.0,Chennai,0.4,32,58832.99,1838.53,80.0,18,0.235,0,3,70.0,35,15.0,10,3,12,3
CUST_05692,49.0,Kolkata,2.9,14,35810.67,2557.91,4.83,13,0.497,1,3,57.0,23,19.0,7,4,10,2
CUST_05693,18.0,Bengaluru,1.4,2,4189.31,2094.66,1.43,100,0.486,1,5,20.0,4,0.0,9,8,8,5
CUST_05694,46.0,Mumbai,5.7,7,12217.91,1745.42,1.23,25,0.614,2,4,33.0,16,18.0,12,8,9,2
CUST_05695,34.0,Bengaluru,7.3,2,2387.42,1193.71,0.27,25,0.377,1,2,18.0,9,5.0,7,7,3,2
CUST_05696,29.0,Chennai,1.8,20,38403.15,1920.16,11.11,11,0.224,0,2,66.0,29,14.0,16,4,12,2
CUST_05697,36.0,Hyderabad,3.8,10,10061.21,1006.12,2.63,8,0.814,4,3,51.0,26,22.0,8,11,16,2
CUST_05698,41.0,Mumbai,1.3,26,38173.83,1468.22,20.0,3,0.26,1,4,59.0,47,11.0,19,4,12,2
CUST_05699,48.0,Mumbai,3.6,7,16807.56,2401.08,1.94,103,0.522,3,4,13.0,2,2.0,4,2,1,2
CUST_05700,37.0,Other,1.4,25,48242.0,1929.68,17.86,14,0.39,2,5,65.0,31,5.0,17,4,16,8
CUST_05701,25.0,Mumbai,3.7,20,36168.77,1808.44,5.41,6,0.241,3,4,76.0,31,18.0,19,2,13,1
CUST_05702,35.0,Delhi,4.1,36,47725.62,1325.71,8.78,21,0.262,2,2,67.0,36,13.0,10,3,13,1
CUST_05703,52.0,Kolkata,8.2,9,13830.31,1536.7,1.1,24,0.705,4,4,42.0,20,29.0,20,14,14,1
CUST_05704,47.0,Delhi,0.8,29,49546.28,1708.49,36.25,10,0.377,1,2,66.0,42,16.0,13,7,11,0
CUST_05705,43.0,Pune,3.9,10,16840.68,1684.07,2.56,91,0.503,0,6,10.0,3,3.0,0,4,2,0
CUST_05706,42.0,Bengaluru,0.6,20,43079.16,2153.96,33.33,3,0.485,2,4,67.0,28,8.0,16,3,7,1
CUST_05707,41.0,Hyderabad,2.7,5,11045.75,2209.15,1.85,61,0.434,0,3,5.0,4,4.0,2,5,2,4
CUST_05708,46.0,Bengaluru,2.6,17,47861.79,2815.4,6.54,10,0.076,1,4,53.0,20,11.0,15,1,11,1
CUST_05709,29.0,Other,2.5,3,3110.5,1036.83,1.2,125,0.376,0,2,16.0,4,7.0,6,1,4,1
CUST_05710,20.0,Delhi,0.8,11,12594.73,1144.98,13.75,128,0.474,3,5,17.0,6,5.0,4,1,0,1
CUST_05711,35.0,Chennai,,9,21555.82,2395.09,3.21,10,0.114,2,1,63.0,29,12.0,10,3,10,5
CUST_05712,26.0,Mumbai,2.7,11,24017.88,2183.44,4.07,87,0.323,2,4,11.0,6,1.0,3,3,5,4
CUST_05713,23.0,Delhi,0.4,12,4609.38,384.11,30.0,10,0.781,5,2,44.0,18,19.0,13,5,14,3
CUST_05714,27.0,Kolkata,0.5,12,20123.25,1676.94,24.0,68,0.308,2,3,11.0,4,3.0,4,1,2,3
CUST_05715,59.0,Pune,3.2,2,4536.04,2268.02,0.62,70,0.208,0,2,22.0,5,4.0,4,4,6,3
CUST_05716,35.0,Hyderabad,5.4,29,44804.6,1544.99,5.37,3,0.085,0,5,74.0,41,10.0,17,2,11,1
CUST_05717,38.0,Mumbai,3.1,21,63955.51,3045.5,6.77,17,0.233,0,3,57.0,18,14.0,9,2,4,5
CUST_05718,22.0,Mumbai,3.4,33,41452.72,1256.14,9.71,13,0.329,2,5,51.0,35,15.0,10,2,9,4
CUST_05719,18.0,Bengaluru,1.6,18,42330.15,2351.68,11.25,26,0.036,0,5,49.0,23,10.0,16,3,7,4
CUST_05720,26.0,Chennai,2.5,18,39983.75,2221.32,7.2,24,0.214,0,3,54.0,26,12.0,11,1,11,4
CUST_05721,48.0,Mumbai,0.8,16,49202.61,3075.16,20.0,6,0.104,0,5,59.0,26,14.0,12,1,10,0
CUST_05722,37.0,Other,4.0,29,41802.04,1441.45,7.25,15,0.096,1,3,69.0,35,13.0,14,4,15,2
CUST_05723,40.0,Pune,1.3,1,2187.72,2187.72,0.77,73,0.497,0,2,14.0,5,5.0,5,6,5,4
CUST_05724,41.0,Mumbai,0.9,19,35708.9,1879.42,21.11,15,0.131,1,2,52.0,23,10.0,13,1,12,1
CUST_05725,28.0,Pune,2.8,20,46022.54,2301.13,7.14,5,0.025,1,2,50.0,28,12.0,17,2,10,5
CUST_05726,48.0,Mumbai,5.7,2,2901.18,1450.59,0.35,32,0.147,0,4,20.0,7,5.0,3,3,2,1
CUST_05727,28.0,Mumbai,3.1,14,40603.59,2900.26,4.52,12,0.131,1,2,67.0,27,13.0,13,0,6,0
CUST_05728,48.0,Ahmedabad,5.7,22,56251.15,2556.87,3.86,29,0.162,0,2,57.0,29,13.0,13,2,6,3
CUST_05729,38.0,Bengaluru,1.9,22,55796.25,2536.19,11.58,37,0.062,0,3,51.0,24,12.0,15,5,6,3
CUST_05730,18.0,Delhi,3.3,4,6185.56,1546.39,1.21,127,0.623,1,3,7.0,4,3.0,4,2,1,3
CUST_05731,27.0,Other,2.3,2,2709.49,1354.74,0.87,39,0.399,0,5,17.0,4,6.0,8,4,4,1
CUST_05732,18.0,Delhi,4.3,23,36601.51,1591.37,5.35,46,0.587,1,4,71.0,36,7.0,14,7,6,1
CUST_05733,46.0,Mumbai,3.7,4,5228.09,1307.02,1.08,46,0.237,0,4,13.0,11,8.0,5,11,3,1
CUST_05734,34.0,Pune,1.5,8,9062.44,1132.8,5.33,27,0.733,2,3,42.0,17,28.0,12,11,7,0
CUST_05735,18.0,Pune,8.5,5,8428.07,1685.61,0.59,44,0.475,1,4,22.0,6,8.0,2,4,3,1
CUST_05736,38.0,Bengaluru,0.9,3,1342.17,447.39,3.33,87,0.239,0,4,13.0,3,11.0,8,4,5,1
CUST_05737,29.0,Delhi,3.0,3,5004.34,1668.11,1.0,134,0.369,0,4,17.0,11,6.0,2,6,3,3
CUST_05738,19.0,Bengaluru,1.3,23,43921.65,1909.64,17.69,24,0.258,1,2,59.0,37,12.0,19,3,19,2
CUST_05739,51.0,Chennai,2.7,10,20747.28,2074.73,3.7,14,0.177,0,5,64.0,28,15.0,19,1,11,3
CUST_05740,35.0,Kolkata,1.2,13,21098.18,1622.94,10.83,46,0.834,0,1,36.0,18,24.0,14,11,13,2
CUST_05741,31.0,Kolkata,2.7,13,21220.44,1632.34,4.81,194,0.748,0,4,8.0,7,3.0,0,4,2,1
CUST_05742,30.0,Pune,3.2,10,11967.05,1196.7,3.12,10,0.909,2,5,54.0,13,21.0,21,7,12,2
CUST_05743,19.0,Mumbai,4.3,5,11430.74,2286.15,1.16,100,0.384,0,5,19.0,6,7.0,4,10,0,4
CUST_05744,21.0,Hyderabad,0.6,15,28317.46,1887.83,25.0,121,0.396,1,4,12.0,4,3.0,1,4,5,2
CUST_05745,47.0,Pune,1.9,15,31719.34,2114.62,7.89,1,0.101,1,4,58.0,20,20.0,11,2,10,0
CUST_05746,29.0,Mumbai,4.7,5,8017.9,1603.58,1.06,24,0.463,2,5,15.0,4,8.0,8,6,2,1
CUST_05747,34.0,Bengaluru,3.5,3,6203.68,2067.89,0.86,108,0.296,0,4,16.0,9,10.0,2,7,4,3
CUST_05748,18.0,Delhi,10.0,11,18149.48,1649.95,1.1,154,0.287,2,3,9.0,4,4.0,0,2,2,3
CUST_05749,21.0,Kolkata,1.8,12,17077.42,1423.12,6.67,117,0.308,0,5,7.0,4,2.0,1,5,2,6
CUST_05750,40.0,Delhi,8.7,4,3757.93,939.48,0.46,55,0.198,0,5,19.0,1,6.0,3,1,2,3
CUST_05751,38.0,Other,4.6,21,43788.81,2085.18,4.57,13,0.577,0,4,55.0,34,6.0,15,1,7,1
CUST_05752,52.0,Kolkata,,7,13360.05,1908.58,1.11,84,0.423,1,5,13.0,8,4.0,5,3,2,6
CUST_05753,47.0,Mumbai,1.4,16,40141.17,2508.82,11.43,9,0.131,0,2,59.0,26,11.0,15,2,7,1
CUST_05754,32.0,Bengaluru,3.6,1,1338.94,1338.94,0.28,40,0.22,1,3,13.0,12,3.0,1,6,3,4
CUST_05755,39.0,Hyderabad,3.2,6,5333.34,888.89,1.88,30,0.453,2,4,9.0,1,2.0,0,4,1,4
CUST_05756,31.0,Chennai,2.0,24,49911.25,2079.64,12.0,7,0.21,1,4,68.0,34,9.0,18,2,12,5
CUST_05757,55.0,Bengaluru,5.7,6,8183.79,1363.97,1.05,59,0.503,2,3,25.0,8,13.0,4,7,5,3
CUST_05758,45.0,Bengaluru,2.6,26,35313.13,1358.2,10.0,30,0.144,2,5,56.0,22,11.0,14,5,10,2
CUST_05759,36.0,Delhi,4.5,28,56414.38,2014.8,6.22,25,0.332,3,4,54.0,33,16.0,14,3,10,5
CUST_05760,36.0,Pune,0.9,23,36601.86,1591.39,25.56,16,0.178,1,3,74.0,36,13.0,17,5,8,2
CUST_05761,48.0,Other,3.2,1,2229.2,2229.2,0.31,42,0.247,0,4,14.0,6,7.0,4,2,3,2
CUST_05762,40.0,Delhi,4.9,11,18933.13,1721.19,2.24,215,0.405,1,3,12.0,6,4.0,2,3,3,2
CUST_05763,50.0,Mumbai,1.7,3,4128.58,1376.19,1.76,107,0.655,1,2,10.0,2,7.0,1,4,2,4
CUST_05764,18.0,Mumbai,2.5,19,35130.86,1848.99,7.6,10,0.147,0,2,54.0,21,9.0,18,3,10,2
CUST_05765,39.0,Jaipur,2.7,4,5987.64,1496.91,1.48,102,0.618,1,3,8.0,3,1.0,2,1,2,1
CUST_05766,29.0,Hyderabad,2.7,1,1580.63,1580.63,0.37,29,0.207,0,5,18.0,5,1.0,5,1,2,1
CUST_05767,52.0,Kolkata,1.2,28,50397.66,1799.92,23.33,12,0.555,0,2,63.0,28,12.0,16,4,13,1
CUST_05768,49.0,Ahmedabad,4.9,23,59692.01,2595.3,4.69,5,0.393,1,1,59.0,28,11.0,17,0,6,0
CUST_05769,34.0,Ahmedabad,2.1,15,31942.91,,7.14,13,0.436,1,2,60.0,30,12.0,17,2,11,2
CUST_05770,49.0,Hyderabad,4.2,11,27014.27,2455.84,2.62,364,0.63,4,7,10.0,3,3.0,0,4,4,3
CUST_05771,52.0,Mumbai,3.0,3,6248.93,2082.98,1.0,40,0.291,0,3,17.0,9,2.0,7,4,5,4
CUST_05772,35.0,Mumbai,1.3,3,5565.89,1855.3,2.31,10,0.719,0,2,20.0,9,4.0,5,5,2,2
CUST_05773,59.0,Hyderabad,3.5,31,41246.54,1330.53,8.86,20,0.268,3,3,67.0,37,12.0,14,4,14,1
CUST_05774,34.0,Delhi,1.7,2,3203.56,1601.78,1.18,44,0.483,0,2,15.0,11,6.0,6,5,1,3
CUST_05775,32.0,Hyderabad,2.1,15,47522.65,3168.18,7.14,22,0.37,1,3,47.0,31,18.0,12,2,7,0
CUST_05776,43.0,Bengaluru,0.6,18,24952.67,1386.26,30.0,11,0.282,2,7,67.0,25,19.0,12,6,5,2
CUST_05777,30.0,Hyderabad,4.9,4,5543.62,1385.91,0.82,55,0.716,4,5,20.0,4,4.0,6,5,2,0
CUST_05778,35.0,Mumbai,0.8,17,53109.07,3124.06,21.25,15,0.053,1,2,50.0,21,22.0,9,4,11,5
CUST_05779,48.0,Mumbai,4.9,6,8183.86,1363.98,1.22,21,0.357,0,5,17.0,7,3.0,7,3,3,1
CUST_05780,34.0,Kolkata,2.6,31,50613.39,1632.69,11.92,11,0.497,2,3,63.0,27,7.0,15,0,11,1
CUST_05781,18.0,Pune,3.0,5,5556.28,1111.26,1.67,25,0.36,2,2,22.0,12,3.0,10,9,3,0
CUST_05782,38.0,Chennai,1.9,16,30469.84,1904.37,8.42,14,0.324,1,5,66.0,37,18.0,11,2,10,2
CUST_05783,27.0,Hyderabad,0.9,15,16363.97,1090.93,16.67,35,0.946,3,5,47.0,15,31.0,16,5,16,1
CUST_05784,43.0,Other,6.0,13,37266.56,2866.66,2.17,21,0.301,2,3,51.0,17,21.0,10,2,10,3
CUST_05785,41.0,Ahmedabad,1.4,15,40437.19,2695.81,10.71,26,0.194,1,5,55.0,25,13.0,18,6,9,5
CUST_05786,49.0,Bengaluru,7.0,8,14433.06,1804.13,1.14,347,0.389,2,5,7.0,3,2.0,1,1,2,4
CUST_05787,43.0,Hyderabad,8.3,24,39478.46,1644.94,2.89,16,0.439,4,1,71.0,27,11.0,13,1,10,3
CUST_05788,45.0,Mumbai,4.0,3,6416.69,2138.9,0.75,85,0.444,0,5,20.0,6,9.0,6,5,0,4
CUST_05789,27.0,Delhi,2.4,10,20746.12,2074.61,4.17,119,0.503,2,2,12.0,4,2.0,0,4,2,3
CUST_05790,42.0,Kolkata,0.9,21,31108.11,1481.34,23.33,13,0.361,2,5,60.0,27,9.0,17,4,6,3
CUST_05791,54.0,Hyderabad,4.5,20,46367.52,2318.38,4.44,13,0.26,2,1,62.0,35,14.0,16,0,10,2
CUST_05792,27.0,Bengaluru,,7,11761.82,1680.26,1.17,23,0.374,1,8,19.0,10,4.0,5,4,2,2
CUST_05793,52.0,Mumbai,2.8,11,13668.02,1242.55,3.93,164,0.646,1,4,13.0,8,3.0,2,2,6,2
CUST_05794,29.0,Ahmedabad,2.8,7,13021.04,1860.15,2.5,129,0.311,1,4,16.0,8,6.0,0,2,1,3
CUST_05795,25.0,Pune,3.7,8,9478.13,1184.77,2.16,14,0.709,6,5,43.0,20,24.0,16,6,11,3
CUST_05796,37.0,Ahmedabad,1.6,4,7505.43,1876.36,2.5,64,0.526,1,2,15.0,7,4.0,9,2,4,3
CUST_05797,41.0,Hyderabad,0.6,14,35822.17,2558.73,23.33,5,0.184,1,4,,24,13.0,11,2,8,3
CUST_05798,43.0,Delhi,3.3,15,27780.67,1852.04,4.55,75,0.452,1,3,10.0,3,2.0,0,1,2,0
CUST_05799,24.0,Mumbai,0.7,10,21062.6,2106.26,14.29,261,0.453,1,3,10.0,3,4.0,2,5,1,3
CUST_05800,38.0,Pune,2.5,11,28910.43,2628.22,4.4,38,0.011,1,4,55.0,34,18.0,10,2,10,2
CUST_05801,27.0,Jaipur,1.7,34,48880.14,1437.65,20.0,12,0.188,3,6,62.0,22,12.0,11,7,9,0
CUST_05802,19.0,Ahmedabad,2.1,27,58735.68,2175.4,12.86,10,0.112,1,3,63.0,19,11.0,8,1,7,3
CUST_05803,25.0,Hyderabad,2.2,28,45959.55,1641.41,12.73,8,0.434,0,1,81.0,31,14.0,14,4,20,3
CUST_05804,26.0,Bengaluru,3.8,2,3246.18,1623.09,0.53,129,0.241,1,5,13.0,4,5.0,5,3,6,2
CUST_05805,39.0,Chennai,1.8,28,49856.63,1780.59,15.56,4,0.195,2,5,64.0,39,7.0,14,1,4,2
CUST_05806,46.0,Bengaluru,2.9,16,37077.92,2317.37,5.52,16,0.121,1,6,59.0,27,11.0,11,1,5,2
CUST_05807,19.0,Chennai,1.1,22,55718.05,2532.64,20.0,29,0.094,1,5,52.0,31,10.0,20,4,10,1
CUST_05808,38.0,Delhi,,12,21887.58,1823.96,8.57,30,0.581,2,6,12.0,4,1.0,1,3,4,2
CUST_05809,22.0,Ahmedabad,4.0,6,5877.6,979.6,1.5,90,0.322,1,6,18.0,8,8.0,2,6,5,0
CUST_05810,40.0,Chennai,1.8,18,28376.39,1576.47,10.0,7,0.29,3,2,70.0,37,13.0,15,6,11,2
CUST_05811,28.0,Delhi,1.2,14,25860.51,1847.18,11.67,16,0.151,1,4,55.0,27,12.0,12,3,8,1
CUST_05812,23.0,Ahmedabad,2.9,12,21453.26,1787.77,4.14,86,0.569,3,4,14.0,2,2.0,2,1,2,5
CUST_05813,42.0,Bengaluru,2.6,3,3629.16,1209.72,1.15,8,0.379,0,2,14.0,2,11.0,5,3,1,2
CUST_05814,28.0,Mumbai,6.5,24,50934.58,2122.27,3.69,3,0.315,0,1,71.0,36,13.0,14,3,13,4
CUST_05815,31.0,Mumbai,3.6,22,66462.42,3021.02,6.11,8,0.101,0,2,34.0,27,15.0,11,1,10,3
CUST_05816,18.0,Chennai,1.2,26,66249.59,2548.06,21.67,5,0.16,1,5,64.0,23,20.0,17,2,14,3
CUST_05817,43.0,Jaipur,0.7,16,56035.13,3502.2,22.86,24,0.242,2,1,65.0,27,14.0,9,4,2,5
CUST_05818,42.0,Ahmedabad,2.6,14,9599.29,685.66,5.38,18,0.819,2,3,48.0,14,20.0,10,10,16,1
CUST_05819,34.0,Chennai,4.8,13,26566.66,2043.59,2.71,111,0.328,1,4,14.0,3,4.0,2,1,3,3
CUST_05820,19.0,Mumbai,2.5,11,11062.17,1005.65,4.4,26,0.856,2,4,32.0,10,22.0,7,9,12,4
CUST_05821,46.0,Mumbai,2.6,5,13974.32,2794.86,1.92,43,0.163,0,3,21.0,10,2.0,6,5,1,1
CUST_05822,27.0,Delhi,0.9,8,15243.7,1905.46,8.89,39,0.905,1,5,34.0,20,21.0,10,9,17,3
CUST_05823,29.0,Jaipur,1.7,3,3422.68,1140.89,1.76,62,0.563,0,3,31.0,4,8.0,5,3,0,3
CUST_05824,57.0,Other,0.5,1,1209.38,1209.38,2.0,143,0.356,0,1,13.0,6,5.0,3,9,4,2
CUST_05825,27.0,Pune,3.7,19,44341.13,2333.74,5.14,2,0.089,1,5,54.0,34,14.0,11,2,10,3
CUST_05826,41.0,Kolkata,3.2,15,25315.71,1687.71,4.69,43,0.14,1,4,62.0,43,12.0,12,3,7,4
CUST_05827,40.0,Hyderabad,2.8,2,2406.63,1203.31,0.71,53,0.213,0,5,19.0,3,4.0,6,7,1,3
CUST_05828,38.0,Mumbai,1.4,17,44134.5,2596.15,12.14,8,0.257,0,3,53.0,20,21.0,10,5,7,3
CUST_05829,37.0,Hyderabad,1.1,19,18190.62,957.4,17.27,3,0.206,1,6,62.0,31,9.0,16,3,5,2
CUST_05830,38.0,Ahmedabad,3.2,11,12859.63,1169.06,3.44,28,0.92,1,2,43.0,25,20.0,10,11,14,5
CUST_05831,37.0,Pune,3.1,14,22260.8,1590.06,4.52,50,0.5,3,3,4.0,10,5.0,3,3,0,2
CUST_05832,33.0,Jaipur,4.3,8,8465.33,1058.17,1.86,52,0.744,2,1,40.0,16,13.0,8,16,14,4
CUST_05833,49.0,Pune,3.1,3,5218.98,1739.66,0.97,91,0.226,0,1,22.0,7,10.0,5,7,2,2
CUST_05834,21.0,Mumbai,4.1,22,46152.09,2097.82,5.37,5,0.361,0,3,57.0,29,16.0,16,4,13,7
CUST_05835,44.0,Mumbai,3.2,5,5907.33,1181.47,1.56,63,0.206,2,4,10.0,9,5.0,4,4,0,4
CUST_05836,42.0,Ahmedabad,5.4,12,15429.12,1285.76,2.22,36,0.859,1,1,49.0,22,25.0,12,8,16,5
CUST_05837,41.0,Bengaluru,2.0,13,19880.93,1529.3,6.5,88,0.342,4,3,9.0,5,1.0,0,4,3,4
CUST_05838,45.0,Ahmedabad,3.2,26,51230.5,1970.4,8.12,7,0.336,1,4,65.0,27,13.0,17,4,9,1
CUST_05839,33.0,Hyderabad,3.9,8,6669.44,833.68,2.05,16,0.862,0,2,45.0,21,21.0,11,1,13,5
CUST_05840,18.0,Bengaluru,2.7,2,4429.88,2214.94,0.74,71,0.103,0,3,16.0,9,4.0,4,4,4,5
CUST_05841,33.0,Ahmedabad,0.3,27,55144.88,2042.4,90.0,10,0.491,4,4,57.0,36,18.0,9,2,11,1
CUST_05842,24.0,Bengaluru,3.8,11,32102.11,2918.37,2.89,16,0.176,3,4,49.0,16,14.0,11,4,9,4
CUST_05843,27.0,Ahmedabad,1.6,13,36259.3,2789.18,8.12,24,0.294,1,6,49.0,27,12.0,13,4,5,1
CUST_05844,22.0,Mumbai,1.3,20,51266.52,2563.33,15.38,16,0.212,3,3,43.0,15,15.0,17,1,7,3
CUST_05845,29.0,Chennai,1.0,12,18413.54,1534.46,12.0,254,0.434,4,4,10.0,9,2.0,1,1,4,2
CUST_05846,28.0,Chennai,4.4,26,42336.52,1628.33,5.91,17,0.118,0,3,56.0,34,14.0,14,2,9,2
CUST_05847,18.0,Jaipur,2.8,19,30274.26,1593.38,6.79,29,0.136,0,2,71.0,35,11.0,16,2,6,1
CUST_05848,41.0,Pune,1.0,5,8679.22,1735.84,5.0,61,0.541,0,3,23.0,7,6.0,3,2,4,1
CUST_05849,56.0,Hyderabad,1.2,23,48146.41,2093.32,19.17,17,0.32,5,3,67.0,29,18.0,18,5,10,3
CUST_05850,40.0,Bengaluru,2.6,12,9175.88,764.66,4.62,54,0.874,3,2,51.0,19,23.0,10,8,12,4
CUST_05851,32.0,Delhi,1.0,10,33991.91,3399.19,10.0,20,0.189,0,1,57.0,16,8.0,17,3,5,2
CUST_05852,33.0,Mumbai,2.8,10,11937.45,1193.74,3.57,52,0.686,4,1,10.0,1,0.0,3,2,3,3
CUST_05853,30.0,Mumbai,4.9,7,13294.81,1899.26,1.43,276,0.609,3,4,5.0,6,5.0,0,1,1,1
CUST_05854,35.0,Ahmedabad,,11,19311.25,1755.57,2.0,131,0.618,2,2,8.0,3,3.0,4,2,5,2
CUST_05855,34.0,Kolkata,4.4,26,38305.32,1473.28,5.91,12,0.288,1,3,71.0,29,15.0,15,3,8,2
CUST_05856,26.0,Delhi,6.8,5,7572.99,1514.6,0.74,114,0.245,1,5,13.0,11,7.0,12,4,5,2
CUST_05857,51.0,Ahmedabad,3.0,23,50177.44,2181.63,7.67,4,0.229,1,1,53.0,30,15.0,12,1,9,1
CUST_05858,19.0,Mumbai,9.0,23,66384.32,2886.27,2.56,5,0.132,1,3,50.0,26,8.0,15,4,12,3
CUST_05859,41.0,Hyderabad,7.9,15,36060.86,2404.06,1.9,7,0.248,0,4,62.0,22,12.0,12,8,10,3
CUST_05860,33.0,Jaipur,3.1,9,5845.51,649.5,2.9,54,0.751,2,3,41.0,15,19.0,20,7,7,2
CUST_05861,53.0,Ahmedabad,1.9,7,5294.82,756.4,3.68,16,0.772,3,4,43.0,11,15.0,9,3,18,4
CUST_05862,37.0,Delhi,2.1,15,9865.73,657.72,7.14,49,0.554,3,6,43.0,21,28.0,6,8,10,4
CUST_05863,30.0,Kolkata,0.6,18,45677.89,2537.66,30.0,9,0.213,2,3,52.0,29,16.0,11,3,12,2
CUST_05864,32.0,Bengaluru,2.0,32,57705.03,1803.28,16.0,19,0.217,4,3,70.0,29,11.0,15,0,9,1
CUST_05865,34.0,Ahmedabad,0.8,8,9198.92,1149.86,10.0,44,0.542,0,6,13.0,6,2.0,5,6,3,4
CUST_05866,23.0,Hyderabad,4.7,12,17722.85,1476.9,2.55,21,0.964,3,4,40.0,13,21.0,9,8,5,1
CUST_05867,26.0,Kolkata,0.7,8,7672.47,959.06,11.43,180,0.356,0,2,19.0,8,11.0,4,7,5,4
CUST_05868,18.0,Mumbai,3.7,25,41407.76,1656.31,6.76,4,0.484,2,2,57.0,41,16.0,22,2,8,4
CUST_05869,25.0,Hyderabad,1.9,1,1813.89,1813.89,0.53,97,0.435,0,2,24.0,5,8.0,4,7,1,1
CUST_05870,35.0,Hyderabad,4.7,13,16492.23,1268.63,2.77,29,0.73,3,5,45.0,13,26.0,11,12,10,4
CUST_05871,37.0,Hyderabad,2.1,32,45706.25,1428.32,15.24,8,0.232,2,4,63.0,41,9.0,15,2,5,2
CUST_05872,18.0,Chennai,3.8,19,36266.62,1908.77,5.0,9,0.474,0,2,61.0,31,17.0,10,0,10,3
CUST_05873,33.0,Other,3.6,5,8354.17,1670.83,1.39,70,0.468,1,2,14.0,5,3.0,4,6,1,5
CUST_05874,40.0,Ahmedabad,1.9,7,18391.07,2627.3,3.68,43,0.246,1,4,17.0,11,8.0,8,4,3,2
CUST_05875,32.0,Pune,3.2,15,31088.89,2072.59,4.69,14,0.148,0,1,62.0,32,16.0,14,1,10,3
CUST_05876,28.0,Ahmedabad,3.9,30,60403.49,2013.45,7.69,11,0.259,2,3,63.0,35,10.0,15,6,13,0
CUST_05877,30.0,Mumbai,4.7,11,19822.95,1802.09,2.34,304,0.413,1,2,9.0,4,6.0,2,5,0,1
CUST_05878,29.0,Hyderabad,0.4,7,13701.99,1957.43,17.5,85,0.374,3,1,20.0,10,8.0,5,4,2,2
CUST_05879,28.0,Jaipur,0.8,6,6785.62,1130.94,7.5,26,0.956,4,3,41.0,19,23.0,12,6,12,0
CUST_05880,36.0,Mumbai,4.1,17,18126.01,1066.24,4.15,41,0.807,4,5,42.0,15,18.0,21,4,9,2
CUST_05881,57.0,Ahmedabad,1.8,23,42533.69,1849.29,12.78,8,0.451,0,1,68.0,38,10.0,24,4,10,3
CUST_05882,27.0,Ahmedabad,2.8,6,6311.51,1051.92,2.14,51,0.497,0,4,17.0,10,8.0,4,6,2,2
CUST_05883,31.0,Bengaluru,0.5,20,25009.63,1250.48,40.0,4,0.29,1,4,58.0,33,8.0,18,4,14,2
CUST_05884,33.0,Delhi,9.0,14,26677.43,1905.53,1.56,78,0.392,3,4,10.0,5,3.0,2,1,1,2
CUST_05885,27.0,Delhi,1.2,8,4710.42,588.8,6.67,25,0.931,3,5,46.0,18,20.0,11,7,19,3
CUST_05886,45.0,Other,3.2,9,5990.01,665.56,2.81,15,0.914,4,2,44.0,18,20.0,14,13,10,3
CUST_05887,18.0,Pune,1.4,11,15036.01,1366.91,7.86,27,0.828,1,4,45.0,14,22.0,11,10,5,1
CUST_05888,29.0,Hyderabad,5.6,8,18310.89,2288.86,1.43,42,0.502,0,3,11.0,6,2.0,0,1,4,1
CUST_05889,42.0,Mumbai,4.7,4,4197.25,1049.31,0.85,16,0.593,1,3,19.0,4,5.0,4,1,4,3
CUST_05890,31.0,Pune,5.1,16,15544.34,971.52,3.14,38,0.982,2,4,40.0,20,28.0,20,9,12,1
CUST_05891,26.0,Kolkata,3.7,7,9022.18,1288.88,1.89,79,0.479,1,4,19.0,8,5.0,9,10,4,5
CUST_05892,38.0,Delhi,4.4,13,11480.41,883.11,2.95,24,0.903,3,3,39.0,18,24.0,6,10,13,4
CUST_05893,43.0,Other,,12,12138.55,1011.55,6.67,19,0.941,2,3,44.0,17,21.0,16,10,11,4
CUST_05894,36.0,Bengaluru,6.0,16,43460.85,2716.3,2.67,19,0.54,0,1,56.0,18,9.0,11,3,8,1
CUST_05895,26.0,Bengaluru,2.4,13,15934.09,1225.7,5.42,21,0.77,5,3,56.0,12,26.0,14,4,13,3
CUST_05896,39.0,Mumbai,1.2,30,51838.33,1727.94,25.0,11,0.239,2,2,63.0,31,11.0,20,4,8,1
CUST_05897,30.0,Other,2.4,5,8078.22,1615.64,2.08,221,0.51,3,4,10.0,5,4.0,1,1,2,3
CUST_05898,41.0,Mumbai,2.1,26,28497.8,1096.07,12.38,4,0.272,0,4,73.0,29,6.0,15,1,8,6
CUST_05899,49.0,Hyderabad,2.6,6,8090.53,1348.42,2.31,209,0.468,1,4,12.0,3,2.0,5,2,3,1
CUST_05900,18.0,Delhi,1.2,9,13107.04,1456.34,7.5,16,0.846,1,1,40.0,19,28.0,16,8,12,3
CUST_05901,35.0,Bengaluru,4.5,2,2684.77,1342.39,0.44,142,0.338,0,6,15.0,4,7.0,11,6,3,3
CUST_05902,18.0,Chennai,1.4,9,6250.07,694.45,6.43,32,0.673,3,5,42.0,16,20.0,11,5,9,3
CUST_05903,58.0,Chennai,3.2,20,50867.08,2543.35,6.25,3,0.13,1,4,51.0,24,12.0,13,2,10,4
CUST_05904,29.0,Mumbai,3.6,36,39472.33,1096.45,10.0,1,0.283,1,6,74.0,33,13.0,12,6,7,3
CUST_05905,41.0,Bengaluru,3.5,13,32827.86,2525.22,3.71,10,0.211,0,9,51.0,20,12.0,14,4,4,1
CUST_05906,34.0,Ahmedabad,3.7,4,5357.49,1339.37,1.08,135,0.54,2,3,10.0,4,7.0,8,3,6,1
CUST_05907,26.0,Bengaluru,1.2,4,5718.49,1429.62,3.33,20,0.914,5,4,38.0,20,27.0,9,10,11,2
CUST_05908,25.0,Mumbai,4.1,8,17836.71,2229.59,1.95,165,0.231,2,1,12.0,9,6.0,6,5,1,2
CUST_05909,50.0,Delhi,1.0,27,40679.09,1506.63,27.0,38,0.175,2,3,56.0,26,12.0,15,2,9,0
CUST_05910,44.0,Pune,0.7,22,41998.75,1909.03,31.43,12,0.173,1,3,58.0,31,15.0,19,4,4,1
CUST_05911,53.0,Mumbai,2.7,18,38653.53,2147.42,6.67,6,0.382,1,4,64.0,28,13.0,13,5,12,3
CUST_05912,35.0,Delhi,1.9,12,22193.46,1849.46,6.32,144,0.492,1,2,10.0,6,4.0,2,2,0,2
CUST_05913,37.0,Hyderabad,3.9,5,5317.26,1063.45,1.28,53,0.648,1,4,10.0,7,5.0,5,5,4,1
CUST_05914,31.0,Mumbai,5.9,22,18150.6,825.03,3.73,23,0.207,1,2,64.0,18,11.0,16,6,15,4
CUST_05915,31.0,Hyderabad,4.1,9,10013.91,1112.66,2.2,100,0.722,4,1,42.0,18,21.0,9,7,12,2
CUST_05916,24.0,Other,1.3,15,45043.18,3002.88,11.54,14,0.18,0,4,64.0,20,13.0,13,2,4,5
CUST_05917,35.0,Other,1.4,8,13690.8,1711.35,5.71,105,0.562,0,3,10.0,2,3.0,0,0,4,0
CUST_05918,26.0,Ahmedabad,1.3,4,5966.49,1491.62,3.08,85,0.566,2,3,11.0,8,11.0,1,1,3,2
CUST_05919,38.0,Pune,4.2,24,50455.37,2102.31,5.71,2,0.331,1,2,59.0,41,13.0,18,1,12,1
CUST_05920,36.0,Mumbai,2.5,16,16110.33,1006.9,6.4,24,0.947,2,3,51.0,18,18.0,14,10,11,4
CUST_05921,37.0,Ahmedabad,3.3,16,30483.23,1905.2,4.85,15,0.362,3,4,51.0,21,13.0,14,1,9,1
CUST_05922,51.0,Mumbai,1.0,6,6966.36,1161.06,6.0,94,0.192,3,4,14.0,8,4.0,2,2,3,1
CUST_05923,34.0,Pune,3.3,12,38914.23,3242.85,3.64,8,0.17,0,3,60.0,26,16.0,15,1,9,3
CUST_05924,42.0,Hyderabad,1.9,5,6325.38,1265.08,2.63,112,0.826,1,3,19.0,4,8.0,4,5,3,3
CUST_05925,55.0,Mumbai,7.2,22,31466.08,1430.28,3.06,9,0.337,1,2,56.0,34,16.0,13,4,10,1
CUST_05926,47.0,Ahmedabad,1.0,3,4977.91,1659.3,3.0,70,0.51,0,5,21.0,7,6.0,3,4,6,1
CUST_05927,46.0,Kolkata,0.8,4,5507.31,1376.83,5.0,59,0.365,0,6,21.0,11,9.0,5,4,4,4
CUST_05928,31.0,Kolkata,2.2,4,2566.16,641.54,1.82,85,0.547,5,3,23.0,4,5.0,6,5,3,2
CUST_05929,36.0,Ahmedabad,2.1,9,11020.12,1224.46,4.29,10,0.547,3,6,38.0,20,20.0,4,9,10,4
CUST_05930,21.0,Pune,5.8,5,10744.73,2148.95,0.86,79,0.399,1,5,11.0,4,2.0,1,3,0,2
CUST_05931,39.0,Kolkata,1.8,24,61263.98,2552.67,13.33,20,0.085,1,1,45.0,22,21.0,7,2,10,3
CUST_05932,37.0,Delhi,8.8,23,40425.2,1757.62,2.61,11,0.225,0,3,,35,14.0,14,4,15,5
CUST_05933,34.0,Chennai,2.4,26,67455.61,2594.45,10.83,5,0.118,1,4,58.0,29,6.0,16,2,7,2
CUST_05934,44.0,Mumbai,1.3,10,15278.76,1527.88,7.69,97,0.593,2,4,11.0,4,1.0,2,1,3,4
CUST_05935,22.0,Chennai,1.9,20,43634.65,2181.73,10.53,20,0.174,0,5,55.0,39,11.0,6,4,10,2
CUST_05936,50.0,Other,4.0,2,1142.83,571.41,0.5,38,0.31,1,3,16.0,8,6.0,3,1,2,4
CUST_05937,43.0,Mumbai,3.6,6,7423.32,1237.22,1.67,138,0.588,2,4,20.0,5,4.0,6,9,7,5
CUST_05938,33.0,Mumbai,6.7,33,57504.61,1742.56,4.93,11,0.149,1,2,72.0,34,15.0,14,6,10,1
CUST_05939,33.0,Mumbai,0.8,30,45460.57,1515.35,37.5,12,0.209,2,3,70.0,43,11.0,17,1,14,4
CUST_05940,39.0,Bengaluru,1.9,26,55879.11,2149.2,13.68,10,0.197,2,3,59.0,35,19.0,17,2,11,3
CUST_05941,49.0,Delhi,10.0,28,40515.12,1446.97,2.8,19,0.389,0,3,58.0,27,5.0,15,3,11,3
CUST_05942,35.0,Ahmedabad,1.5,25,45500.77,1820.03,16.67,3,0.483,2,3,76.0,35,11.0,16,3,8,5
CUST_05943,35.0,Bengaluru,5.3,22,66357.17,,4.15,9,0.033,0,4,48.0,22,19.0,14,4,4,4
CUST_05944,34.0,Bengaluru,0.3,5,8400.81,,16.67,60,0.241,2,4,8.0,2,1.0,1,2,2,2
CUST_05945,52.0,Kolkata,1.5,8,9605.1,1200.64,5.33,106,0.452,3,7,6.0,7,2.0,0,5,5,2
CUST_05946,30.0,Delhi,3.5,24,50641.49,2110.06,6.86,13,0.282,1,3,63.0,27,15.0,11,3,14,2
CUST_05947,34.0,Delhi,3.6,25,53291.01,2131.64,6.94,9,0.543,1,4,56.0,32,13.0,14,4,9,6
CUST_05948,49.0,Kolkata,3.2,22,33193.36,1508.79,6.88,8,0.088,0,3,50.0,26,12.0,12,2,8,5
CUST_05949,35.0,Ahmedabad,3.5,2,2601.5,1300.75,0.57,139,0.39,0,4,15.0,7,2.0,4,6,1,5
CUST_05950,45.0,Mumbai,5.2,7,10810.6,1544.37,1.35,116,0.271,1,4,20.0,8,4.0,6,7,4,4
CUST_05951,25.0,Mumbai,2.5,20,51658.41,2582.92,8.0,14,0.222,1,4,44.0,23,18.0,10,2,15,4
CUST_05952,32.0,Pune,6.6,14,36317.12,2594.08,2.12,7,0.135,2,3,41.0,30,15.0,12,3,10,3
CUST_05953,49.0,Delhi,2.7,5,4482.73,896.55,1.85,180,0.665,1,3,16.0,3,4.0,9,5,8,1
CUST_05954,27.0,Delhi,2.5,8,9473.32,1184.16,3.2,6,0.752,5,1,41.0,17,16.0,12,7,14,2
CUST_05955,32.0,Chennai,0.6,11,24230.82,2202.8,18.33,38,0.364,0,3,50.0,28,11.0,10,2,7,3
CUST_05956,37.0,Ahmedabad,5.8,4,4096.28,1024.07,0.69,126,0.608,0,4,,5,4.0,2,1,2,3
CUST_05957,24.0,Pune,0.7,17,16945.77,996.81,24.29,5,0.248,2,4,65.0,40,7.0,11,2,8,3
CUST_05958,30.0,Hyderabad,4.9,34,65791.63,1935.05,6.94,22,0.499,1,2,51.0,29,14.0,15,8,15,1
CUST_05959,35.0,Delhi,4.0,5,9099.45,1819.89,1.25,54,0.248,0,2,14.0,8,3.0,3,5,4,4
CUST_05960,34.0,Bengaluru,6.4,1,1737.58,1737.58,0.16,148,0.25,2,2,21.0,5,5.0,0,4,2,0
CUST_05961,47.0,Hyderabad,0.5,24,39444.21,1643.51,48.0,4,0.428,1,3,62.0,37,20.0,13,3,8,4
CUST_05962,49.0,Jaipur,7.4,11,16420.55,1492.78,1.49,211,0.603,0,2,9.0,6,3.0,1,4,1,6
CUST_05963,25.0,Pune,1.9,23,37371.51,1624.85,12.11,5,0.273,2,5,71.0,29,16.0,17,0,14,2
CUST_05964,35.0,Mumbai,1.6,3,1706.99,569.0,1.88,80,0.434,1,5,17.0,9,8.0,6,1,2,2
CUST_05965,41.0,Hyderabad,1.0,11,6078.81,552.62,11.0,14,0.957,2,4,51.0,17,21.0,8,13,12,5
CUST_05966,49.0,Delhi,2.3,7,15732.81,2247.54,3.04,110,0.699,1,5,14.0,3,3.0,1,4,5,2
CUST_05967,41.0,Mumbai,3.1,12,30192.16,2516.01,3.87,103,0.434,2,2,11.0,2,2.0,1,1,2,3
CUST_05968,37.0,Mumbai,3.7,17,50781.79,2987.16,4.59,15,0.227,0,2,54.0,33,12.0,10,3,9,1
CUST_05969,41.0,Hyderabad,1.7,11,23232.74,2112.07,6.47,141,0.528,5,6,14.0,6,4.0,1,4,1,3
CUST_05970,41.0,Delhi,1.5,5,5453.66,1090.73,3.33,44,0.401,1,3,17.0,8,6.0,4,3,5,1
CUST_05971,25.0,Other,7.8,3,3799.31,1266.44,0.38,103,0.338,0,7,18.0,2,7.0,10,1,6,1
CUST_05972,36.0,Delhi,3.2,27,49053.81,1816.81,8.44,38,0.223,2,2,72.0,32,7.0,13,4,11,2
CUST_05973,49.0,Pune,3.8,1,1934.66,1934.66,0.26,180,0.339,4,3,24.0,5,2.0,6,1,2,4
CUST_05974,32.0,Hyderabad,4.8,7,10843.78,1549.11,1.46,112,0.606,2,4,14.0,4,5.0,2,3,2,1
CUST_05975,35.0,Pune,3.5,20,54958.53,2747.93,5.71,43,0.527,1,1,56.0,38,6.0,17,2,6,3
CUST_05976,32.0,Bengaluru,1.7,10,17013.22,1701.32,5.88,246,0.683,2,4,3.0,3,3.0,1,1,3,3
CUST_05977,18.0,Bengaluru,1.0,23,53374.49,2320.63,23.0,9,0.098,1,7,44.0,26,13.0,15,5,7,5
CUST_05978,34.0,Bengaluru,4.2,26,57328.0,2204.92,6.19,20,0.139,1,4,58.0,31,9.0,9,2,8,2
CUST_05979,37.0,Ahmedabad,3.9,8,7282.02,910.25,2.05,33,0.744,1,4,42.0,19,18.0,23,4,12,2
CUST_05980,29.0,Pune,3.6,8,9560.64,1195.08,2.22,35,0.686,2,3,31.0,19,18.0,13,11,12,2
CUST_05981,22.0,Other,2.8,4,4519.27,1129.82,1.43,41,0.408,1,5,17.0,8,11.0,5,2,2,2
CUST_05982,25.0,Ahmedabad,2.7,19,46324.22,2438.12,7.04,10,0.291,1,5,48.0,24,12.0,8,3,8,5
CUST_05983,42.0,Delhi,1.1,7,10054.73,1436.39,6.36,142,0.614,1,3,12.0,5,5.0,2,3,0,5
CUST_05984,54.0,Pune,0.5,13,39386.67,3029.74,26.0,17,0.163,0,2,65.0,30,14.0,9,3,2,3
CUST_05985,48.0,Pune,5.0,15,40833.17,2722.21,3.0,27,0.316,1,5,65.0,33,11.0,13,1,18,4
CUST_05986,21.0,Delhi,7.0,13,36080.26,2775.4,1.86,10,0.125,1,3,71.0,20,15.0,8,5,6,3
CUST_05987,43.0,Hyderabad,4.0,15,7682.06,512.14,3.75,14,0.944,4,2,52.0,13,25.0,19,8,8,4
CUST_05988,27.0,Mumbai,0.9,12,18865.03,1572.09,13.33,75,0.543,2,1,10.0,4,1.0,0,5,3,2
CUST_05989,28.0,Other,2.7,3,3591.72,1197.24,1.11,25,0.334,1,4,12.0,6,10.0,5,6,4,1
CUST_05990,29.0,Mumbai,1.4,2,2565.97,1282.98,1.43,50,0.321,0,4,26.0,9,5.0,9,8,3,2
CUST_05991,41.0,Pune,2.1,16,47045.31,2940.33,7.62,15,0.157,0,2,58.0,28,10.0,7,3,17,0
CUST_05992,44.0,Mumbai,1.1,11,13367.74,1215.25,10.0,16,0.721,2,4,47.0,18,15.0,22,7,9,4
CUST_05993,33.0,Pune,2.9,14,7441.24,531.52,4.83,100,0.93,1,2,43.0,17,12.0,17,6,10,1
CUST_05994,33.0,Ahmedabad,4.7,8,8463.0,1057.88,1.7,23,0.505,5,3,43.0,14,15.0,5,8,10,5
CUST_05995,39.0,Hyderabad,3.6,15,37553.23,2503.55,4.17,2,0.15,0,4,51.0,20,13.0,11,3,10,1
CUST_05996,40.0,Pune,1.9,1,2049.78,2049.78,0.53,25,0.455,3,3,9.0,7,3.0,11,6,3,6
CUST_05997,46.0,Jaipur,3.1,22,24724.55,1123.84,7.1,19,0.586,4,4,49.0,17,19.0,9,6,9,0
CUST_05998,21.0,Ahmedabad,0.6,5,7691.63,1538.33,8.33,180,0.177,0,3,12.0,9,6.0,2,6,2,2
CUST_05999,34.0,Kolkata,4.5,4,6970.87,1742.72,0.89,13,0.727,3,4,,23,23.0,11,15,14,1
CUST_06000,23.0,Ahmedabad,4.0,15,45987.55,3065.84,3.75,15,0.01,0,5,49.0,22,11.0,14,3,8,5
CUST_06001,33.0,Hyderabad,3.5,3,4018.81,1339.6,0.86,73,0.569,0,7,20.0,9,9.0,5,8,4,2
CUST_06002,32.0,Bengaluru,5.9,11,30460.09,2769.1,1.86,19,0.079,1,5,62.0,33,20.0,11,6,9,0
CUST_06003,34.0,Delhi,3.4,8,10293.82,1286.73,2.35,163,0.31,1,2,5.0,8,2.0,3,1,5,4
CUST_06004,26.0,Pune,2.1,11,11661.34,1060.12,5.24,43,0.962,5,5,50.0,28,23.0,13,5,9,3
CUST_06005,19.0,Hyderabad,2.0,23,68432.24,2975.31,11.5,22,0.261,0,4,51.0,27,19.0,9,2,10,1
CUST_06006,18.0,Jaipur,2.1,8,13263.03,1657.88,3.81,129,0.605,1,3,12.0,6,4.0,2,2,3,6
CUST_06007,33.0,Hyderabad,3.5,15,16767.59,1117.84,4.29,13,0.94,2,3,48.0,19,21.0,13,10,13,3
CUST_06008,30.0,Other,1.3,20,45002.8,2250.14,15.38,31,0.013,1,5,47.0,28,12.0,13,2,4,1
CUST_06009,27.0,Delhi,1.5,7,9298.84,1328.41,4.67,72,0.555,0,4,18.0,7,6.0,0,1,2,2
CUST_06010,47.0,Chennai,1.0,23,40943.63,1780.16,23.0,5,0.172,2,3,67.0,42,11.0,13,4,11,5
CUST_06011,25.0,Chennai,1.3,3,4335.28,1445.09,2.31,116,0.287,3,2,18.0,5,5.0,4,6,1,0
CUST_06012,48.0,Chennai,2.5,5,6248.37,1249.67,2.0,23,0.563,1,1,21.0,9,6.0,4,6,5,2
CUST_06013,50.0,Chennai,7.7,10,23454.46,2345.45,1.3,141,0.261,5,2,4.0,3,1.0,0,6,2,1
CUST_06014,18.0,Pune,1.0,13,14627.43,1125.19,13.0,22,0.632,3,4,39.0,18,22.0,17,5,11,6
CUST_06015,35.0,Mumbai,5.6,17,25696.09,1511.53,3.04,19,0.88,2,4,49.0,24,20.0,15,6,13,1
CUST_06016,30.0,Other,1.6,6,13659.54,2276.59,3.75,7,0.657,1,1,25.0,5,10.0,5,10,2,0
CUST_06017,18.0,Mumbai,5.3,16,42293.22,2643.33,3.02,4,0.358,2,6,57.0,25,12.0,6,2,9,2
CUST_06018,20.0,Bengaluru,2.1,7,9119.42,1302.77,3.33,17,0.847,4,4,38.0,24,21.0,10,10,10,0
CUST_06019,42.0,Bengaluru,3.3,7,6102.45,871.78,2.12,13,0.791,1,4,41.0,22,23.0,9,9,14,3
CUST_06020,54.0,Delhi,3.4,20,60526.56,3026.33,5.88,9,0.072,1,2,49.0,19,11.0,6,2,9,0
CUST_06021,43.0,Ahmedabad,2.3,25,41577.47,1663.1,10.87,8,0.155,1,5,57.0,22,15.0,14,2,15,2
CUST_06022,37.0,Kolkata,2.3,15,19822.44,1321.5,6.52,268,0.324,1,4,12.0,4,2.0,2,3,1,2
CUST_06023,34.0,Other,6.8,9,18041.36,2004.6,1.32,51,0.34,0,5,16.0,4,1.0,0,1,3,6
CUST_06024,51.0,Delhi,2.9,16,54745.02,3421.56,5.52,31,0.255,1,6,58.0,12,13.0,13,3,7,1
CUST_06025,55.0,Hyderabad,2.1,27,82967.01,3072.85,12.86,2,0.231,1,5,52.0,36,14.0,14,4,9,2
CUST_06026,28.0,Jaipur,9.6,29,40155.11,1384.66,3.02,15,0.208,2,3,72.0,36,13.0,16,1,10,1
CUST_06027,18.0,Other,10.0,10,13455.07,1345.51,1.0,92,0.633,1,6,7.0,3,3.0,3,4,2,3
CUST_06028,18.0,Other,10.0,11,34031.11,3093.74,1.1,1,0.058,0,1,58.0,19,10.0,7,3,10,4
CUST_06029,47.0,Kolkata,0.8,3,4396.71,,3.75,70,0.393,1,5,23.0,7,2.0,4,3,5,4
CUST_06030,34.0,Mumbai,0.3,15,28490.31,1899.35,50.0,6,0.304,1,5,50.0,24,13.0,16,1,10,4
CUST_06031,36.0,Mumbai,3.3,4,5098.47,1274.62,1.21,42,0.437,2,4,8.0,10,2.0,3,5,4,2
CUST_06032,18.0,Ahmedabad,7.1,33,57948.69,1756.02,4.65,21,0.331,1,5,63.0,35,,26,4,11,4
CUST_06033,26.0,Ahmedabad,2.7,3,1652.66,550.89,1.11,26,0.196,0,3,16.0,6,6.0,4,9,3,3
CUST_06034,31.0,Kolkata,6.4,25,27121.47,1084.86,3.91,5,0.196,4,1,64.0,32,9.0,15,4,12,2
CUST_06035,36.0,Pune,6.7,4,4814.22,1203.55,0.6,65,0.467,0,5,18.0,10,6.0,7,6,3,2
CUST_06036,30.0,Chennai,1.6,30,66494.86,2216.5,18.75,8,0.44,2,4,71.0,32,8.0,21,4,8,0
CUST_06037,24.0,Delhi,2.4,8,12952.41,1619.05,3.33,126,0.366,1,4,15.0,13,5.0,10,5,2,3
CUST_06038,26.0,Bengaluru,0.5,12,19918.18,1659.85,24.0,98,0.329,4,3,15.0,2,2.0,2,2,1,1
CUST_06039,46.0,Delhi,1.1,20,49330.19,2466.51,18.18,6,0.071,2,5,47.0,27,14.0,10,2,8,2
CUST_06040,36.0,Other,1.3,5,10478.35,2095.67,3.85,56,0.599,1,4,7.0,2,3.0,1,2,1,4
CUST_06041,40.0,Pune,0.8,14,14467.4,1033.39,17.5,10,0.575,2,5,45.0,20,27.0,13,8,15,2
CUST_06042,25.0,Hyderabad,3.2,17,48951.45,2879.5,5.31,28,0.133,0,2,56.0,15,17.0,17,2,10,2
CUST_06043,18.0,Delhi,0.8,34,60179.49,1769.99,42.5,9,0.11,3,2,55.0,34,15.0,18,3,14,5
CUST_06044,29.0,Chennai,5.5,25,49593.88,1983.76,4.55,41,0.113,2,4,55.0,20,9.0,14,2,8,2
CUST_06045,25.0,Hyderabad,7.1,7,12185.06,1740.72,0.99,88,0.266,1,2,20.0,7,6.0,4,6,3,1
CUST_06046,37.0,Other,6.4,5,7479.98,1496.0,0.78,76,0.428,0,2,21.0,7,7.0,3,4,4,3
CUST_06047,67.0,Mumbai,4.2,18,50390.8,2799.49,4.29,1,0.232,0,4,65.0,31,12.0,5,3,10,2
CUST_06048,41.0,Pune,0.2,5,6777.77,1355.55,25.0,17,0.93,2,2,35.0,17,22.0,19,9,10,3
CUST_06049,61.0,Kolkata,5.0,1,1283.12,1283.12,0.2,45,0.089,0,3,28.0,6,5.0,5,3,2,4
CUST_06050,40.0,Delhi,5.3,7,15248.13,2178.3,1.32,54,0.647,1,4,10.0,4,3.0,2,3,1,2
CUST_06051,28.0,Mumbai,1.3,10,16664.38,1666.44,7.69,26,0.904,2,5,37.0,18,24.0,10,9,11,4
CUST_06052,37.0,Bengaluru,4.5,5,9220.58,1844.12,1.11,298,0.322,4,1,11.0,3,4.0,1,2,1,3
CUST_06053,52.0,Chennai,3.6,14,13824.76,987.48,3.89,29,0.772,5,4,41.0,20,18.0,15,12,10,1
CUST_06054,52.0,Mumbai,2.1,21,34934.6,1663.55,10.0,2,0.246,0,3,55.0,38,9.0,17,5,10,1
CUST_06055,28.0,Delhi,3.6,2,3513.99,1757.0,0.56,180,0.31,1,3,20.0,9,4.0,9,3,2,4
CUST_06056,37.0,Ahmedabad,6.3,10,12185.72,,1.59,37,0.69,4,1,49.0,19,16.0,13,10,12,4
CUST_06057,20.0,Bengaluru,1.6,13,13431.28,1033.18,8.12,38,0.802,1,6,31.0,16,13.0,14,10,11,3
CUST_06058,42.0,Mumbai,1.6,11,16411.55,1491.96,6.88,37,0.893,1,4,46.0,11,21.0,5,11,13,3
CUST_06059,50.0,Delhi,3.5,6,6233.17,1038.86,1.71,110,0.238,1,5,22.0,13,2.0,5,4,7,2
CUST_06060,34.0,Chennai,2.1,6,4924.55,820.76,2.86,52,0.102,2,5,14.0,7,9.0,6,5,4,4
CUST_06061,27.0,Pune,1.1,29,58893.66,2030.82,26.36,2,0.105,2,3,59.0,31,10.0,13,3,12,1
CUST_06062,38.0,Ahmedabad,5.4,23,35912.81,1561.43,4.26,31,0.412,4,4,64.0,42,11.0,13,7,16,2
CUST_06063,38.0,Chennai,3.6,9,12339.42,1371.05,2.5,16,0.855,2,4,43.0,16,25.0,8,11,15,6
CUST_06064,35.0,Bengaluru,0.4,8,7738.65,967.33,20.0,19,0.676,3,4,42.0,16,31.0,14,11,14,4
CUST_06065,36.0,Other,4.7,26,50909.81,1958.07,5.53,7,0.491,1,1,60.0,34,14.0,12,3,15,5
CUST_06066,32.0,Delhi,4.4,4,4466.63,1116.66,0.91,147,0.28,0,5,24.0,9,8.0,5,7,1,1
CUST_06067,44.0,Pune,3.3,8,10354.43,1294.3,2.42,12,0.724,1,3,57.0,18,25.0,14,10,16,5
CUST_06068,41.0,Chennai,2.3,26,32159.83,1236.92,11.3,8,0.21,1,3,64.0,36,16.0,15,1,12,3
CUST_06069,24.0,Hyderabad,2.1,21,51154.07,2435.91,10.0,3,0.329,1,1,47.0,41,13.0,12,2,10,3
CUST_06070,24.0,Delhi,4.2,26,32119.72,1235.37,6.19,2,0.192,2,2,68.0,22,14.0,8,4,8,2
CUST_06071,31.0,Delhi,0.9,8,13059.68,1632.46,8.89,180,0.374,2,1,5.0,3,2.0,2,1,3,4
CUST_06072,41.0,Delhi,3.8,31,21718.96,700.61,8.16,17,0.358,1,4,58.0,30,9.0,12,4,6,1
CUST_06073,35.0,Delhi,4.3,17,41822.58,2460.15,3.95,14,0.021,1,4,52.0,18,14.0,15,3,10,1
CUST_06074,28.0,Kolkata,5.2,10,3902.95,390.3,1.92,72,0.756,1,2,51.0,22,23.0,8,19,10,6
CUST_06075,37.0,Chennai,1.6,28,57824.37,2065.16,17.5,2,0.24,2,4,75.0,29,12.0,16,6,13,2
CUST_06076,31.0,Bengaluru,1.8,20,52649.94,2632.5,11.11,12,0.056,0,2,59.0,28,16.0,12,4,7,2
CUST_06077,43.0,Delhi,4.2,23,50626.29,2201.14,5.48,3,0.584,0,2,58.0,27,14.0,23,5,14,0
CUST_06078,37.0,Delhi,1.5,13,18216.01,1401.23,8.67,19,0.96,4,1,51.0,17,20.0,13,7,13,4
CUST_06079,31.0,Delhi,0.9,10,6403.29,640.33,11.11,12,0.935,5,2,50.0,22,29.0,16,11,8,5
CUST_06080,36.0,Mumbai,2.4,24,45704.93,1904.37,10.0,15,0.392,1,6,74.0,29,14.0,16,2,2,1
CUST_06081,47.0,Pune,8.3,16,17389.09,1086.82,1.93,15,0.6,1,3,44.0,16,22.0,15,8,10,1
CUST_06082,28.0,Delhi,2.9,14,30977.48,2212.68,4.83,54,0.81,3,2,12.0,6,7.0,0,5,1,0
CUST_06083,38.0,Hyderabad,0.5,35,79622.57,2274.93,70.0,7,0.557,3,5,61.0,35,10.0,9,5,8,3
CUST_06084,33.0,Kolkata,3.2,19,39678.45,2088.34,5.94,7,0.612,3,5,63.0,31,17.0,15,4,13,1
CUST_06085,38.0,Delhi,2.3,26,53098.75,2042.26,11.3,22,0.214,2,3,72.0,41,11.0,20,5,8,3
CUST_06086,27.0,Other,1.1,13,14350.67,1103.9,11.82,49,0.729,3,3,41.0,31,22.0,11,14,12,1
CUST_06087,35.0,Ahmedabad,1.9,5,7132.38,1426.48,2.63,54,0.312,2,1,17.0,2,6.0,7,5,3,3
CUST_06088,45.0,Other,7.1,25,43602.47,1744.1,3.52,22,0.195,2,4,61.0,25,7.0,12,7,11,6
CUST_06089,25.0,Jaipur,1.2,5,10705.38,2141.08,4.17,32,0.551,0,6,18.0,7,6.0,2,9,1,2
CUST_06090,21.0,Hyderabad,7.7,19,52752.59,2776.45,2.47,15,0.427,1,4,45.0,32,17.0,9,1,9,1
CUST_06091,21.0,Hyderabad,2.8,16,36057.36,2253.59,5.71,4,0.258,3,5,63.0,41,17.0,15,4,13,1
CUST_06092,22.0,Mumbai,2.1,7,8469.73,1209.96,3.33,6,0.68,0,1,24.0,4,10.0,7,7,4,3
CUST_06093,40.0,Kolkata,2.2,20,30428.51,1521.43,9.09,31,0.124,0,4,85.0,23,10.0,14,4,9,4
CUST_06094,20.0,Hyderabad,2.3,7,8519.78,1217.11,3.04,39,0.831,7,4,39.0,14,16.0,16,7,10,5
CUST_06095,31.0,Bengaluru,7.4,27,54472.19,2017.49,3.65,30,0.356,4,4,59.0,31,9.0,17,3,18,2
CUST_06096,40.0,Chennai,0.4,2,2638.4,1319.2,5.0,113,0.683,1,3,28.0,1,5.0,5,4,0,3
CUST_06097,38.0,Bengaluru,2.1,21,62271.88,2965.33,10.0,12,0.381,2,2,46.0,26,17.0,5,4,10,0
CUST_06098,30.0,Bengaluru,2.3,10,16071.39,1607.14,4.35,92,0.284,2,6,10.0,6,6.0,3,1,3,2
CUST_06099,36.0,Delhi,4.3,13,26797.61,2061.35,3.02,3,0.058,3,3,42.0,21,12.0,13,1,5,2
CUST_06100,35.0,Kolkata,2.7,5,8531.93,1706.39,1.85,72,0.338,1,2,8.0,2,3.0,3,5,2,1
CUST_06101,32.0,Jaipur,2.9,24,52313.64,2179.74,8.28,10,0.038,5,4,66.0,30,18.0,19,2,12,1
CUST_06102,32.0,Ahmedabad,7.9,4,6987.99,1747.0,0.51,94,0.523,0,4,19.0,3,5.0,3,4,2,5
CUST_06103,56.0,Ahmedabad,2.9,19,29768.94,1566.79,6.55,36,0.297,1,1,81.0,38,10.0,16,4,15,3
CUST_06104,42.0,Mumbai,2.0,10,15247.82,1524.78,5.0,183,0.316,1,3,,3,1.0,3,3,1,1
CUST_06105,59.0,Other,2.9,20,61449.07,3072.45,6.9,4,0.116,0,5,58.0,24,21.0,8,3,3,3
CUST_06106,29.0,Pune,3.0,18,52495.46,2916.41,6.0,8,0.045,1,3,53.0,27,7.0,8,4,5,1
CUST_06107,33.0,Jaipur,,4,3284.96,821.24,4.44,44,0.773,0,4,54.0,22,17.0,13,12,17,4
CUST_06108,21.0,Pune,5.7,15,37130.87,2475.39,2.63,17,0.01,0,4,55.0,24,11.0,6,2,6,2
CUST_06109,26.0,Bengaluru,3.7,13,39991.29,3076.25,3.51,14,0.314,1,5,55.0,29,9.0,9,3,6,3
CUST_06110,53.0,Kolkata,1.3,9,20095.48,2232.83,6.92,290,0.65,4,2,11.0,3,2.0,3,6,1,1
CUST_06111,29.0,Chennai,3.6,7,10912.11,1558.87,1.94,305,0.68,2,3,5.0,1,1.0,4,2,5,1
CUST_06112,53.0,Bengaluru,0.7,16,31524.49,1970.28,22.86,10,0.432,1,2,63.0,28,15.0,14,4,10,2
CUST_06113,22.0,Chennai,3.9,12,21666.33,1805.53,3.08,179,0.596,2,5,5.0,4,3.0,1,0,4,7
CUST_06114,23.0,Hyderabad,4.5,14,16102.1,1150.15,3.11,15,0.89,4,3,43.0,14,23.0,16,13,10,1
CUST_06115,31.0,Pune,9.3,29,53950.2,1860.35,3.12,7,0.424,0,4,62.0,25,9.0,17,6,9,2
CUST_06116,33.0,Chennai,1.3,2,3513.15,1756.57,1.54,82,0.334,0,4,17.0,10,,5,2,4,0
CUST_06117,43.0,Pune,2.9,3,6604.7,2201.57,1.03,18,0.514,0,3,20.0,7,4.0,4,8,5,0
CUST_06118,39.0,Chennai,2.6,8,9330.82,1166.35,3.08,132,0.652,2,1,12.0,2,3.0,2,3,1,9
CUST_06119,30.0,Mumbai,1.7,17,23944.9,1408.52,10.0,3,0.595,1,4,70.0,23,10.0,22,3,8,7
CUST_06120,33.0,Hyderabad,1.4,4,6902.5,1725.62,2.86,65,0.403,0,4,16.0,7,6.0,7,3,5,4
CUST_06121,31.0,Delhi,2.5,17,30019.77,1765.87,6.8,16,0.136,0,5,54.0,25,16.0,13,5,6,5
CUST_06122,25.0,Delhi,3.0,10,26825.21,2682.52,3.33,11,0.026,1,5,60.0,25,16.0,17,3,10,2
CUST_06123,25.0,Bengaluru,1.9,19,44109.43,2321.55,10.0,33,0.314,1,6,64.0,21,19.0,18,1,7,4
CUST_06124,44.0,Chennai,3.6,11,17588.31,1598.94,3.06,100,0.466,0,4,5.0,2,4.0,1,2,0,2
CUST_06125,18.0,Other,2.7,1,1179.13,1179.13,0.37,45,0.611,0,4,24.0,7,2.0,10,7,2,1
CUST_06126,50.0,Ahmedabad,1.3,4,3307.76,826.94,3.08,62,0.283,0,3,20.0,5,9.0,2,1,3,2
CUST_06127,31.0,Kolkata,4.9,15,17225.63,1148.38,3.06,13,0.664,2,6,34.0,21,18.0,12,13,9,2
CUST_06128,26.0,Bengaluru,4.6,12,25892.53,2157.71,2.61,6,0.278,2,4,59.0,27,11.0,16,3,7,2
CUST_06129,41.0,Delhi,2.5,19,39472.55,2077.5,7.6,15,0.085,0,2,,34,10.0,14,2,13,1
CUST_06130,49.0,Mumbai,0.3,20,32834.45,1641.72,66.67,6,0.296,2,5,56.0,34,14.0,17,1,6,1
CUST_06131,45.0,Delhi,0.7,23,47720.01,2074.78,32.86,16,0.331,0,5,59.0,19,12.0,14,7,3,2
CUST_06132,39.0,Ahmedabad,5.9,1,1156.1,1156.1,0.17,51,0.401,0,2,23.0,4,5.0,5,4,3,2
CUST_06133,45.0,Delhi,8.1,12,16210.5,1350.88,1.48,18,0.623,3,2,36.0,20,21.0,13,15,10,6
CUST_06134,18.0,Bengaluru,5.5,23,42732.74,1857.95,4.18,21,0.134,1,3,50.0,22,10.0,18,4,5,3
CUST_06135,29.0,Pune,1.5,14,40821.23,2915.8,9.33,23,0.218,2,4,61.0,23,20.0,8,4,11,3
CUST_06136,25.0,Pune,4.7,20,57114.35,2855.72,4.26,13,0.015,0,2,51.0,22,8.0,11,2,8,3
CUST_06137,46.0,Mumbai,4.3,27,36338.77,1345.88,6.28,13,0.444,0,6,77.0,25,17.0,13,3,4,1
CUST_06138,30.0,Hyderabad,4.4,12,24888.45,2074.04,2.73,98,0.444,0,3,10.0,6,4.0,0,0,0,3
CUST_06139,42.0,Bengaluru,2.6,3,3722.68,1240.89,1.15,69,0.292,3,4,17.0,6,7.0,4,4,0,4
CUST_06140,39.0,Hyderabad,3.0,2,3004.47,1502.23,0.67,47,0.582,1,2,15.0,8,4.0,3,4,9,1
CUST_06141,25.0,Hyderabad,0.8,11,10125.38,920.49,13.75,25,0.919,2,1,43.0,17,19.0,13,11,11,1
CUST_06142,28.0,Ahmedabad,10.0,25,38327.77,1533.11,2.5,23,0.16,1,6,70.0,33,11.0,12,3,10,2
CUST_06143,47.0,Kolkata,0.7,23,73584.86,3199.34,32.86,25,0.171,1,1,57.0,25,10.0,13,4,14,2
CUST_06144,26.0,Kolkata,1.9,3,3546.63,1182.21,1.58,298,0.191,2,3,14.0,2,2.0,1,3,1,1
CUST_06145,35.0,Bengaluru,10.0,3,5066.65,1688.88,0.3,52,0.556,1,6,18.0,3,3.0,7,6,1,1
CUST_06146,26.0,Delhi,2.2,19,55719.57,2932.61,8.64,17,0.19,2,5,53.0,28,18.0,12,3,11,4
CUST_06147,31.0,Other,2.5,8,10592.6,1324.08,3.2,23,0.664,1,3,43.0,22,19.0,13,5,11,2
CUST_06148,34.0,Mumbai,2.7,7,4370.98,624.43,2.59,21,0.55,0,3,41.0,20,13.0,13,9,8,3
CUST_06149,26.0,Mumbai,3.1,8,14593.23,1824.15,2.58,36,0.381,2,4,16.0,6,7.0,3,2,4,3
CUST_06150,24.0,Bengaluru,1.1,12,13414.21,1117.85,10.91,108,0.349,5,6,5.0,3,5.0,2,1,2,0
CUST_06151,37.0,Hyderabad,4.2,9,12391.21,1376.8,2.14,16,0.714,5,1,49.0,32,23.0,21,8,8,2
CUST_06152,26.0,Mumbai,4.1,15,12909.44,860.63,3.66,52,0.827,2,2,51.0,19,24.0,15,5,7,2
CUST_06153,26.0,Kolkata,2.5,18,44155.59,2453.09,7.2,7,0.333,1,2,68.0,27,13.0,11,2,7,2
CUST_06154,25.0,Hyderabad,3.8,14,55392.87,3956.63,3.68,8,0.451,1,5,51.0,27,15.0,8,3,9,3
CUST_06155,33.0,Bengaluru,1.4,18,55933.99,3107.44,12.86,13,0.195,1,5,61.0,18,17.0,13,3,4,3
CUST_06156,43.0,Bengaluru,7.1,17,34420.04,2024.71,2.39,5,0.352,2,3,61.0,25,17.0,14,1,10,2
CUST_06157,49.0,Bengaluru,10.0,2,3547.35,1773.68,0.2,78,0.372,2,4,20.0,4,6.0,9,4,6,4
CUST_06158,27.0,Mumbai,2.0,5,9292.46,1858.49,2.5,21,0.504,2,5,14.0,6,11.0,6,7,3,3
CUST_06159,56.0,Mumbai,2.9,29,73522.09,2535.24,10.0,16,0.176,0,4,68.0,20,21.0,8,5,7,3
CUST_06160,24.0,Delhi,1.1,4,7276.78,1819.2,3.64,95,0.255,1,4,18.0,3,7.0,4,4,1,4
CUST_06161,45.0,Chennai,4.4,20,54267.55,2713.38,4.55,22,0.163,2,3,64.0,34,12.0,10,4,7,0
CUST_06162,27.0,Hyderabad,2.0,20,31870.19,1593.51,10.0,16,0.418,1,5,64.0,26,14.0,13,5,10,4
CUST_06163,25.0,Bengaluru,2.0,22,34174.03,1553.36,11.0,4,0.28,2,3,71.0,26,8.0,9,6,14,2
CUST_06164,27.0,Hyderabad,4.3,17,24517.3,1442.19,3.95,24,0.248,2,4,68.0,38,11.0,18,5,3,4
CUST_06165,33.0,Hyderabad,3.3,19,26175.06,1377.63,5.76,9,0.154,1,4,79.0,21,18.0,13,4,11,4
CUST_06166,40.0,Delhi,1.5,11,8180.66,743.7,7.33,6,0.7,5,1,40.0,16,18.0,8,11,10,2
CUST_06167,41.0,Mumbai,0.4,31,56485.79,1822.12,77.5,4,0.094,3,5,74.0,27,11.0,18,4,11,2
CUST_06168,25.0,Jaipur,2.1,8,20106.49,2513.31,3.81,130,0.552,0,4,10.0,3,2.0,2,4,1,2
CUST_06169,24.0,Hyderabad,0.7,20,49369.69,2468.48,28.57,37,0.068,0,3,65.0,23,13.0,13,2,4,3
CUST_06170,25.0,Chennai,4.9,18,65281.93,3626.77,3.67,21,0.218,3,1,59.0,29,14.0,12,4,8,1
CUST_06171,33.0,Bengaluru,2.4,14,34371.24,2455.09,5.83,19,0.155,1,3,56.0,20,16.0,2,6,7,2
CUST_06172,32.0,Kolkata,1.9,3,4093.86,1364.62,1.58,79,0.155,1,4,19.0,8,6.0,6,4,3,2
CUST_06173,24.0,Hyderabad,1.5,14,33694.69,2406.76,9.33,18,0.312,1,6,53.0,29,17.0,16,4,14,3
CUST_06174,37.0,Mumbai,3.3,4,4609.32,1152.33,1.21,139,0.39,2,6,20.0,5,4.0,5,10,7,3
CUST_06175,57.0,Jaipur,2.3,11,15377.02,1397.91,4.78,72,0.738,3,2,44.0,19,16.0,15,5,15,2
CUST_06176,29.0,Delhi,4.8,8,5636.94,704.62,1.67,31,0.828,1,2,46.0,17,26.0,15,10,12,0
CUST_06177,30.0,Mumbai,2.4,14,16725.75,1194.7,5.83,42,0.774,2,3,35.0,19,19.0,14,14,12,1
CUST_06178,40.0,Mumbai,4.7,23,68323.77,2970.6,4.89,10,0.121,1,5,47.0,18,20.0,12,2,7,3
CUST_06179,28.0,Kolkata,1.9,21,55864.3,2660.2,11.05,10,0.528,0,3,64.0,27,15.0,12,5,8,3
CUST_06180,41.0,Chennai,3.3,33,55349.66,1677.26,10.0,16,0.268,1,5,60.0,28,16.0,16,1,6,2
CUST_06181,27.0,Chennai,0.9,6,6629.59,1104.93,6.67,4,0.717,3,5,47.0,18,18.0,14,8,12,5
CUST_06182,52.0,Other,2.5,22,41698.81,1895.4,8.8,14,0.438,1,6,52.0,39,17.0,11,2,7,3
CUST_06183,37.0,Delhi,7.3,20,49778.79,2488.94,2.74,19,0.164,1,4,57.0,35,26.0,9,3,11,3
CUST_06184,28.0,Hyderabad,1.0,9,13247.87,1471.99,9.0,244,0.582,1,3,7.0,2,4.0,5,2,1,1
CUST_06185,28.0,Hyderabad,4.0,18,66292.44,3682.91,4.5,6,0.208,0,2,48.0,31,14.0,13,1,9,3
CUST_06186,29.0,Other,7.4,5,8548.78,1709.76,0.68,12,0.421,0,4,20.0,6,6.0,4,5,1,3
CUST_06187,48.0,Delhi,1.6,4,3291.68,822.92,2.5,166,0.446,1,4,15.0,11,10.0,6,4,3,2
CUST_06188,21.0,Other,2.1,38,73619.71,1937.36,18.1,20,0.198,0,5,69.0,31,11.0,19,2,8,5
CUST_06189,27.0,Mumbai,1.6,20,67362.02,3368.1,12.5,10,0.043,2,3,71.0,28,,23,6,12,4
CUST_06190,28.0,Kolkata,4.7,13,24633.72,1894.9,2.77,25,0.13,2,3,43.0,29,11.0,10,4,10,3
CUST_06191,34.0,Chennai,4.9,4,7077.29,1769.32,0.82,180,0.31,0,4,24.0,10,7.0,2,3,2,1
CUST_06192,31.0,Ahmedabad,6.3,4,4696.78,1174.19,0.63,36,0.226,1,3,16.0,6,5.0,9,8,5,0
CUST_06193,19.0,Mumbai,7.9,2,4562.83,2281.41,0.25,99,0.486,2,5,8.0,12,5.0,8,5,2,2
CUST_06194,30.0,Mumbai,0.9,7,9915.78,1416.54,7.78,122,0.459,1,4,5.0,4,2.0,2,2,2,1
CUST_06195,33.0,Mumbai,4.8,5,7420.77,1484.15,1.04,42,0.594,1,7,24.0,11,6.0,5,8,3,1
CUST_06196,28.0,Hyderabad,6.5,18,63657.22,3536.51,2.77,7,0.044,2,3,58.0,28,14.0,13,3,12,2
CUST_06197,41.0,Hyderabad,5.9,25,30808.98,1232.36,4.24,19,0.339,1,3,67.0,31,10.0,18,4,8,3
CUST_06198,43.0,Other,1.4,4,6710.1,1677.52,2.86,31,0.167,1,2,15.0,8,4.0,5,2,3,4
CUST_06199,33.0,Bengaluru,4.7,25,47782.14,1911.29,5.32,15,0.338,0,1,68.0,31,12.0,14,3,3,2
CUST_06200,36.0,Mumbai,4.8,12,30126.87,2510.57,2.5,8,0.09,1,4,49.0,21,22.0,10,1,9,2
CUST_06201,18.0,Pune,2.2,3,5285.9,1761.97,1.36,103,0.495,1,3,10.0,7,8.0,7,6,3,4
CUST_06202,30.0,Mumbai,3.3,25,50322.54,2012.9,7.58,3,0.244,1,6,75.0,43,17.0,19,7,11,2
CUST_06203,44.0,Kolkata,0.3,12,20221.12,1685.09,40.0,126,0.433,1,3,13.0,6,4.0,0,0,2,3
CUST_06204,30.0,Ahmedabad,3.9,3,3120.71,1040.24,0.77,77,0.468,0,4,19.0,9,3.0,5,5,3,5
CUST_06205,27.0,Other,2.6,23,72847.42,3167.28,8.85,9,0.202,1,2,47.0,31,15.0,13,1,6,2
CUST_06206,57.0,Bengaluru,3.0,8,16255.62,2031.95,2.67,84,0.281,3,2,,6,2.0,1,3,0,3
CUST_06207,52.0,Mumbai,2.7,23,34512.73,1500.55,8.52,21,0.411,0,3,50.0,27,11.0,21,5,8,3
CUST_06208,39.0,Pune,2.5,22,46730.81,2124.13,8.8,9,0.228,1,1,54.0,27,12.0,16,1,13,3
CUST_06209,45.0,Hyderabad,1.0,23,36802.5,1600.11,23.0,18,0.445,1,5,73.0,25,7.0,13,8,14,0
CUST_06210,18.0,Other,1.8,20,71822.69,3591.13,11.11,34,0.101,1,5,67.0,19,12.0,8,4,6,3
CUST_06211,26.0,Mumbai,3.9,7,10205.36,1457.91,1.79,37,0.879,5,4,29.0,25,18.0,14,7,10,0
CUST_06212,29.0,Mumbai,6.1,17,51085.07,3005.0,2.79,5,0.163,0,1,45.0,27,16.0,15,4,10,0
CUST_06213,32.0,Chennai,1.4,35,75061.23,2144.61,25.0,15,0.146,0,3,60.0,33,10.0,8,4,11,2
CUST_06214,29.0,Chennai,3.5,33,16184.94,490.45,9.43,13,0.436,2,3,60.0,36,14.0,11,6,9,4
CUST_06215,18.0,Pune,2.8,3,3169.47,1056.49,1.07,15,0.312,0,2,21.0,3,7.0,8,10,1,7
CUST_06216,38.0,Ahmedabad,5.8,3,4175.82,1391.94,0.52,73,0.235,2,5,15.0,8,4.0,5,4,3,2
CUST_06217,39.0,Mumbai,2.6,19,71073.1,3740.69,7.31,9,0.136,0,6,,21,12.0,14,4,15,4
CUST_06218,50.0,Other,7.3,21,48063.34,2288.73,2.88,5,0.216,2,6,53.0,46,10.0,14,3,11,3
CUST_06219,26.0,Pune,2.4,30,70453.23,2348.44,12.5,31,0.144,2,2,59.0,25,10.0,17,2,10,1
CUST_06220,25.0,Mumbai,2.3,21,63561.87,3026.76,9.13,6,0.101,1,1,54.0,14,9.0,9,2,8,1
CUST_06221,18.0,Delhi,1.5,3,2153.58,717.86,2.0,88,0.526,0,2,22.0,9,6.0,3,2,2,3
CUST_06222,31.0,Pune,4.5,3,5733.26,1911.09,0.67,84,0.417,1,4,21.0,4,9.0,4,2,5,2
CUST_06223,43.0,Bengaluru,6.8,24,69947.04,2914.46,3.53,6,0.156,2,6,55.0,33,11.0,6,1,11,4
CUST_06224,28.0,Chennai,2.0,32,56997.68,1781.18,16.0,7,0.412,2,1,71.0,31,16.0,18,6,11,2
CUST_06225,55.0,Bengaluru,2.3,16,49675.26,3104.7,6.96,27,0.052,1,4,68.0,34,18.0,10,5,8,3
CUST_06226,31.0,Chennai,1.5,2,4445.5,2222.75,1.33,71,0.441,1,4,22.0,9,7.0,6,5,1,4
CUST_06227,35.0,Delhi,0.8,20,39619.48,1980.97,25.0,8,0.247,0,3,53.0,26,16.0,15,1,14,1
CUST_06228,20.0,Mumbai,1.7,11,25846.6,2349.69,6.47,67,0.495,4,5,10.0,2,4.0,1,3,3,0
CUST_06229,37.0,Other,2.2,3,5853.05,1951.02,1.36,111,0.482,1,6,22.0,10,4.0,7,7,3,1
CUST_06230,18.0,Ahmedabad,5.7,25,56892.57,2275.7,4.39,3,0.132,0,7,64.0,29,11.0,19,9,8,1
CUST_06231,41.0,Mumbai,1.6,10,11209.7,1120.97,6.25,51,0.893,1,4,48.0,18,21.0,13,14,12,1
CUST_06232,41.0,Bengaluru,2.3,16,22819.24,1426.2,6.96,44,0.497,2,4,9.0,4,3.0,1,2,2,2
CUST_06233,48.0,Chennai,3.1,9,9900.1,1100.01,2.9,28,0.45,3,3,44.0,22,22.0,16,12,9,7
CUST_06234,24.0,Pune,1.2,12,29974.82,2497.9,10.0,13,0.088,2,4,61.0,24,13.0,5,1,7,2
CUST_06235,36.0,Hyderabad,4.2,25,42184.43,1687.38,5.95,8,0.236,1,6,56.0,27,11.0,17,2,8,0
CUST_06236,40.0,Hyderabad,2.2,6,4239.15,706.52,2.73,105,0.846,0,3,23.0,10,7.0,4,9,3,5
CUST_06237,38.0,Pune,,4,6935.18,1733.79,2.11,71,0.28,1,5,16.0,5,3.0,7,10,2,2
CUST_06238,25.0,Mumbai,6.5,1,2323.63,2323.63,0.15,180,0.661,3,2,23.0,7,4.0,7,5,5,6
CUST_06239,18.0,Kolkata,7.0,9,19629.91,2181.1,1.29,155,0.283,1,6,16.0,4,4.0,0,2,0,5
CUST_06240,37.0,Delhi,1.3,9,13283.27,1475.92,6.92,190,0.687,2,1,10.0,4,3.0,2,1,1,3
CUST_06241,32.0,Pune,4.7,8,18318.3,2289.79,1.7,326,0.56,0,2,11.0,2,2.0,1,1,2,8
CUST_06242,28.0,Kolkata,8.5,18,37159.27,2064.4,2.12,14,0.423,3,3,65.0,31,10.0,15,4,9,1
CUST_06243,42.0,Kolkata,2.5,13,10429.05,802.23,5.2,15,0.762,3,2,46.0,13,25.0,10,3,19,2
CUST_06244,34.0,Pune,3.4,1,1686.73,1686.73,0.29,89,0.622,1,7,26.0,6,4.0,4,2,2,5
CUST_06245,21.0,Jaipur,2.8,3,5753.74,1917.91,1.07,64,0.441,0,7,20.0,6,3.0,3,7,0,5
CUST_06246,18.0,Chennai,4.8,22,27220.44,1237.2927272727272,2.29,57,0.911,6,7,45.0,16,22.0,16,7,13,0
CUST_06247,23.0,Delhi,1.6,18,45196.5,2510.92,11.25,9,0.273,2,1,58.0,22,14.0,9,2,8,2
CUST_06248,58.0,Bengaluru,1.6,2,5073.57,2536.78,1.25,40,0.428,1,4,20.0,5,8.0,5,3,2,1
CUST_06249,41.0,Kolkata,1.7,3,5714.79,1904.93,1.76,141,0.198,0,4,21.0,4,2.0,5,2,2,0
CUST_06250,36.0,Pune,1.3,18,50847.37,2824.85,13.85,17,0.26,2,3,59.0,25,17.0,10,1,10,6
CUST_06251,32.0,Bengaluru,1.3,12,13062.64,1088.55,9.23,32,0.578,0,3,50.0,15,20.0,13,14,8,1
CUST_06252,32.0,Chennai,2.5,13,32843.67,2526.44,5.2,9,0.074,0,7,61.0,27,15.0,13,3,12,1
CUST_06253,46.0,Hyderabad,2.1,35,58769.42,1679.13,16.67,11,0.42,0,5,69.0,31,11.0,10,8,7,2
CUST_06254,29.0,Hyderabad,,19,48034.23,2528.12,5.28,6,0.224,1,1,53.0,20,18.0,15,5,9,1
CUST_06255,40.0,Hyderabad,1.7,15,36146.05,2409.74,8.82,10,0.8,2,2,81.0,35,11.0,11,4,7,3
CUST_06256,31.0,Pune,3.5,14,13535.77,966.84,4.0,14,0.547,4,4,41.0,16,23.0,13,10,10,3
CUST_06257,53.0,Bengaluru,2.8,7,5833.57,833.37,2.5,6,0.786,4,5,43.0,18,20.0,18,4,13,1
CUST_06258,41.0,Hyderabad,8.4,2,3276.35,1638.18,0.24,29,0.303,1,6,29.0,5,11.0,4,4,3,2
CUST_06259,46.0,Ahmedabad,2.7,3,4788.55,1596.18,1.11,41,0.457,2,2,20.0,8,7.0,6,9,2,4
CUST_06260,28.0,Chennai,3.7,25,40525.98,1621.04,6.76,19,0.113,1,4,70.0,26,13.0,17,3,9,3
CUST_06261,45.0,Bengaluru,1.2,17,32669.83,1921.75,14.17,11,0.093,0,2,53.0,27,11.0,9,0,11,6
CUST_06262,31.0,Other,1.4,7,8978.26,1282.61,5.0,128,0.121,4,5,9.0,8,5.0,4,5,3,4
CUST_06263,35.0,Mumbai,7.5,24,56105.51,2337.73,3.2,30,0.097,1,3,64.0,26,12.0,20,6,9,2
CUST_06264,50.0,Pune,4.1,10,20319.28,2031.93,2.44,312,0.578,1,4,15.0,4,6.0,1,4,1,3
CUST_06265,24.0,Delhi,3.7,4,5875.33,1468.83,1.08,58,0.188,2,4,18.0,5,9.0,6,7,4,4
CUST_06266,36.0,Pune,2.6,10,14610.81,1461.08,3.85,18,0.78,1,4,48.0,19,20.0,12,6,17,2
CUST_06267,38.0,Hyderabad,2.9,10,19024.69,1902.47,3.45,227,0.487,2,2,14.0,6,4.0,1,1,4,1
CUST_06268,39.0,Mumbai,2.5,18,61813.25,3434.07,7.2,8,0.154,1,3,54.0,24,8.0,8,4,9,4
CUST_06269,29.0,Mumbai,4.1,28,64223.63,2293.7,6.83,10,0.205,0,2,53.0,35,13.0,19,5,10,4
CUST_06270,55.0,Delhi,2.8,6,15759.1,2626.52,2.14,88,0.68,0,6,21.0,10,2.0,2,4,6,4
CUST_06271,21.0,Chennai,4.7,25,35809.29,1432.37,5.32,6,0.061,3,5,72.0,31,13.0,23,2,12,1
CUST_06272,49.0,Jaipur,1.5,10,20687.74,2068.77,6.67,114,0.846,0,2,10.0,6,4.0,2,3,2,2
CUST_06273,46.0,Ahmedabad,2.7,19,44109.07,2321.53,7.04,10,0.326,2,3,64.0,26,13.0,9,3,6,0
CUST_06274,53.0,Pune,1.1,12,12530.99,1044.25,10.91,40,0.632,2,2,50.0,20,9.0,13,5,9,3
CUST_06275,18.0,Hyderabad,5.6,12,10866.17,905.51,2.14,45,0.732,4,2,48.0,23,17.0,18,7,14,2
CUST_06276,25.0,Mumbai,3.9,6,8612.58,1435.43,1.54,67,0.233,0,9,19.0,11,6.0,4,4,3,2
CUST_06277,49.0,Delhi,0.8,31,58761.09,1895.52,38.75,7,0.342,0,5,66.0,41,14.0,9,5,9,4
CUST_06278,18.0,Ahmedabad,3.7,20,21460.76,1073.04,5.41,1,0.332,0,4,78.0,29,7.0,17,3,14,4
CUST_06279,,Bengaluru,2.5,5,9599.48,1919.9,2.0,36,0.541,1,5,18.0,3,7.0,4,5,3,1
CUST_06280,29.0,Mumbai,5.7,11,26704.96,2427.72,1.93,8,0.253,0,6,47.0,22,15.0,17,3,11,1
CUST_06281,36.0,Bengaluru,5.3,7,10200.48,1457.21,1.32,15,0.763,1,9,22.0,12,9.0,4,4,3,3
CUST_06282,50.0,Pune,6.6,4,7346.51,1836.63,0.61,27,0.895,1,2,44.0,8,19.0,12,6,8,3
CUST_06283,32.0,Delhi,4.8,2,2565.32,1282.66,0.42,133,0.487,0,1,17.0,7,7.0,3,2,5,1
CUST_06284,28.0,Bengaluru,2.6,3,2220.3,740.1,1.15,58,0.63,0,3,27.0,7,7.0,3,3,3,1
CUST_06285,37.0,Delhi,3.3,19,35024.92,1843.42,5.76,8,0.612,2,3,53.0,30,9.0,15,2,4,4
CUST_06286,39.0,Other,1.9,9,6297.82,699.76,4.74,33,0.915,1,2,37.0,15,22.0,20,13,15,2
CUST_06287,38.0,Hyderabad,2.3,4,3675.73,918.93,1.74,73,0.476,0,6,14.0,4,7.0,2,0,3,1
CUST_06288,32.0,Ahmedabad,4.3,28,67040.39,2394.3,6.51,3,0.142,2,4,69.0,27,14.0,18,5,8,4
CUST_06289,,Kolkata,1.0,11,14690.08,1335.46,11.0,89,0.705,1,3,9.0,6,2.0,1,0,0,3
CUST_06290,25.0,Chennai,3.7,17,13881.87,816.58,4.59,21,0.91,1,3,46.0,20,25.0,12,4,11,2
CUST_06291,48.0,Bengaluru,4.1,22,59765.54,2716.62,5.37,12,0.442,0,2,48.0,24,,9,5,11,1
CUST_06292,36.0,Mumbai,4.5,28,49529.06,1768.9,6.22,16,0.39,3,3,76.0,33,12.0,11,3,9,4
CUST_06293,31.0,Hyderabad,1.8,7,9874.23,1410.6,3.89,55,0.692,2,4,6.0,2,4.0,2,0,0,3
CUST_06294,45.0,Delhi,7.3,27,58237.22,2156.93,3.7,4,0.62,0,4,75.0,31,9.0,9,7,7,2
CUST_06295,23.0,Mumbai,4.1,7,12601.51,1800.22,1.71,166,0.401,4,4,13.0,5,3.0,2,0,3,5
CUST_06296,32.0,Bengaluru,5.4,9,9505.16,1056.13,1.67,113,0.879,2,6,9.0,2,4.0,2,2,4,2
CUST_06297,35.0,Kolkata,1.0,23,35548.75,1545.6,23.0,4,0.142,4,6,75.0,40,12.0,13,5,17,1
CUST_06298,30.0,Other,0.7,17,47354.99,2785.59,24.29,11,0.157,1,5,67.0,30,15.0,16,2,9,2
CUST_06299,35.0,Delhi,1.0,3,4131.1,1377.03,3.0,130,0.356,0,2,9.0,9,9.0,7,9,4,3
CUST_06300,32.0,Hyderabad,3.0,27,52152.53,1931.58,9.0,16,0.097,1,2,51.0,38,12.0,21,6,8,0
CUST_06301,20.0,Jaipur,4.6,3,6744.1,2248.03,0.65,61,0.702,1,7,20.0,7,4.0,5,5,3,2
CUST_06302,36.0,Delhi,2.2,14,14683.77,1048.84,6.36,40,0.929,3,3,45.0,17,14.0,6,6,8,4
CUST_06303,21.0,Mumbai,2.3,12,12669.9,1055.82,5.22,8,0.843,2,5,38.0,17,21.0,16,6,9,2
CUST_06304,36.0,Delhi,0.4,3,6321.6,2107.2,7.5,124,0.45,1,4,21.0,7,4.0,8,1,5,4
CUST_06305,48.0,Jaipur,2.3,26,49753.76,1913.61,11.3,23,0.483,3,3,,32,10.0,19,5,10,0
CUST_06306,31.0,Mumbai,2.2,16,12984.86,811.55,7.27,8,0.802,2,3,45.0,14,22.0,16,12,9,1
CUST_06307,22.0,Delhi,1.4,25,40066.16,1602.65,17.86,16,0.115,2,1,53.0,21,14.0,17,4,15,0
CUST_06308,33.0,Bengaluru,1.9,18,33484.75,1860.26,9.47,7,0.242,3,4,67.0,28,14.0,17,3,8,2
CUST_06309,26.0,Ahmedabad,6.6,13,13520.93,1040.07,1.97,22,0.74,5,5,39.0,20,20.0,15,5,9,1
CUST_06310,40.0,Other,3.2,1,1403.74,1403.74,0.31,180,0.505,0,3,15.0,4,5.0,6,3,4,5
CUST_06311,33.0,Bengaluru,2.9,18,38592.65,2144.04,6.21,17,0.249,4,1,73.0,30,10.0,12,6,10,2
CUST_06312,51.0,Other,1.9,10,9348.51,934.85,5.26,27,0.712,0,3,41.0,19,20.0,9,9,11,4
CUST_06313,46.0,Mumbai,3.6,3,4377.38,1459.13,0.83,50,0.407,0,2,15.0,6,10.0,2,3,2,2
CUST_06314,32.0,Mumbai,10.0,25,43141.7,1725.67,2.5,44,0.268,1,3,65.0,37,15.0,11,7,7,2
CUST_06315,41.0,Other,4.4,28,40596.56,,6.36,6,0.384,1,4,65.0,32,13.0,16,3,11,3
CUST_06316,30.0,Bengaluru,2.2,13,22715.78,1747.37,5.91,365,0.406,0,4,8.0,6,1.0,2,1,2,4
CUST_06317,34.0,Pune,2.4,2,1688.94,844.47,0.83,41,0.343,0,5,15.0,8,7.0,5,3,1,1
CUST_06318,30.0,Bengaluru,5.1,12,12198.08,1016.51,2.35,22,0.745,4,4,42.0,12,18.0,14,7,8,3
CUST_06319,42.0,Ahmedabad,9.7,4,4656.08,1164.02,0.41,19,0.377,1,3,11.0,9,4.0,2,6,4,6
CUST_06320,48.0,Ahmedabad,0.9,20,50631.29,2531.56,22.22,6,0.196,3,4,44.0,26,15.0,6,6,17,2
CUST_06321,42.0,Jaipur,2.7,14,14585.45,1041.82,5.19,5,0.853,1,4,44.0,17,14.0,19,8,14,1
CUST_06322,43.0,Hyderabad,2.4,12,16429.66,1369.14,5.0,33,0.906,3,2,46.0,20,16.0,11,8,8,1
CUST_06323,43.0,Jaipur,5.1,10,9484.86,948.49,1.96,3,0.904,3,2,43.0,18,21.0,18,9,14,0
CUST_06324,40.0,Bengaluru,2.7,27,38775.37,1436.12,10.0,20,0.1,0,3,69.0,36,12.0,16,1,8,2
CUST_06325,23.0,Hyderabad,5.5,17,32335.09,1902.06,3.09,18,0.322,0,5,51.0,25,16.0,10,5,12,2
CUST_06326,51.0,Kolkata,0.7,16,45926.86,2870.43,22.86,9,0.039,1,1,47.0,24,20.0,12,1,3,2
CUST_06327,52.0,Bengaluru,3.9,7,6903.08,986.15,1.79,56,0.365,1,3,5.0,10,2.0,0,2,2,5
CUST_06328,32.0,Mumbai,5.1,27,51263.05,1898.63,5.29,11,0.315,1,1,62.0,33,11.0,20,4,9,2
CUST_06329,30.0,Delhi,0.6,11,9495.79,,18.33,32,0.915,2,3,59.0,23,18.0,15,9,18,2
CUST_06330,40.0,Hyderabad,3.8,24,85447.4,3560.31,6.32,11,0.565,0,6,62.0,20,23.0,19,2,6,1
CUST_06331,40.0,Pune,1.1,18,63321.85,3517.88,16.36,7,0.468,0,2,57.0,26,13.0,9,3,8,1
CUST_06332,32.0,Mumbai,2.4,4,4294.76,1073.69,1.67,119,0.559,0,4,18.0,4,6.0,2,5,6,3
CUST_06333,21.0,Delhi,2.3,13,18760.09,1443.08,5.65,25,0.78,2,2,43.0,22,21.0,13,12,12,2
CUST_06334,37.0,Mumbai,1.1,8,7651.55,956.44,7.27,23,0.506,3,3,37.0,12,30.0,13,10,13,2
CUST_06335,40.0,Kolkata,3.0,21,38155.37,1816.92,7.0,33,0.487,0,4,68.0,32,10.0,14,2,7,2
CUST_06336,41.0,Pune,2.3,4,8062.52,2015.63,1.74,102,0.626,1,5,16.0,5,2.0,2,7,4,2
CUST_06337,37.0,Mumbai,1.9,22,49307.77,2241.26,11.58,21,0.323,0,4,50.0,26,14.0,13,4,8,0
CUST_06338,31.0,Chennai,8.0,18,50420.44,2801.14,2.25,14,0.143,1,3,42.0,25,10.0,9,4,7,4
CUST_06339,44.0,Ahmedabad,5.1,14,11996.82,856.92,2.75,21,0.767,2,1,35.0,13,21.0,14,12,18,4
CUST_06340,35.0,Mumbai,3.6,16,37040.81,2315.05,4.44,18,0.542,3,4,51.0,27,8.0,14,1,8,2
CUST_06341,29.0,Pune,2.2,17,35292.62,2076.04,7.73,24,0.095,0,4,61.0,37,18.0,10,4,13,4
CUST_06342,32.0,Other,0.8,3,5336.9,1778.97,3.75,144,0.281,1,6,20.0,11,5.0,4,4,3,2
CUST_06343,18.0,Delhi,1.6,7,10937.5,1562.5,4.38,58,0.135,1,5,28.0,12,5.0,4,6,1,2
CUST_06344,32.0,Other,1.7,4,8394.82,2098.7,2.35,103,0.526,2,6,,11,4.0,7,7,5,3
CUST_06345,41.0,Pune,7.5,15,29217.53,1947.84,2.0,14,0.131,1,4,54.0,42,19.0,11,5,7,0
CUST_06346,37.0,Pune,0.7,20,77298.11,3864.91,28.57,6,0.267,0,4,58.0,24,12.0,10,2,10,4
CUST_06347,49.0,Pune,2.1,26,34315.61,1319.83,12.38,8,0.184,5,4,,41,15.0,14,5,7,1
CUST_06348,31.0,Mumbai,3.9,8,13058.49,1632.31,2.05,30,0.567,1,5,7.0,5,3.0,1,3,2,2
CUST_06349,39.0,Jaipur,3.1,13,10769.22,828.4,4.19,9,0.738,0,2,49.0,22,12.0,9,10,14,4
CUST_06350,42.0,Other,2.2,4,3943.19,985.8,1.82,88,0.642,0,6,12.0,7,9.0,3,6,2,5
CUST_06351,57.0,Other,1.4,24,62355.4,2598.14,17.14,1,0.086,1,3,46.0,23,11.0,16,6,9,0
CUST_06352,35.0,Jaipur,3.8,9,13468.93,1496.55,2.37,27,0.801,1,6,45.0,18,25.0,10,7,12,2
CUST_06353,24.0,Ahmedabad,2.4,17,46365.1,2727.36,7.08,5,0.369,1,4,48.0,20,14.0,13,6,9,1
CUST_06354,42.0,Chennai,7.5,10,12639.55,1263.96,1.33,6,0.771,2,2,53.0,17,28.0,17,5,11,2
CUST_06355,53.0,Ahmedabad,2.8,9,14802.34,1644.7,3.21,101,0.407,1,4,13.0,2,4.0,1,3,7,3
CUST_06356,31.0,Pune,8.2,7,11645.25,1663.61,0.85,81,0.561,3,4,11.0,7,1.0,1,2,3,2
CUST_06357,42.0,Delhi,3.3,7,7743.47,1106.21,2.12,36,0.822,2,2,41.0,17,23.0,20,14,10,0
CUST_06358,46.0,Chennai,2.0,13,6423.41,494.11,6.5,3,0.591,4,4,49.0,22,16.0,11,5,11,4
CUST_06359,44.0,Jaipur,1.9,12,15228.13,1269.01,6.32,58,0.272,1,2,14.0,8,2.0,6,0,2,1
CUST_06360,35.0,Chennai,2.7,2,2852.31,1426.15,0.74,61,0.187,0,4,12.0,9,4.0,7,4,3,3
CUST_06361,27.0,Ahmedabad,1.5,18,33356.67,1853.15,12.0,10,0.095,2,3,61.0,17,17.0,18,4,18,3
CUST_06362,33.0,Bengaluru,1.3,9,11065.71,1229.52,6.92,25,0.774,0,4,38.0,23,24.0,11,9,10,2
CUST_06363,39.0,Kolkata,5.0,31,55163.52,1779.47,6.2,19,0.336,1,4,,34,11.0,11,2,14,2
CUST_06364,43.0,Other,3.7,10,8136.01,813.6,2.7,39,0.949,1,1,49.0,22,16.0,12,12,12,2
CUST_06365,37.0,Mumbai,1.3,16,23966.28,1497.89,12.31,27,0.925,2,4,45.0,22,25.0,15,7,6,1
CUST_06366,30.0,Other,4.2,9,13923.77,1547.09,2.14,40,0.926,5,4,49.0,12,23.0,18,10,8,4
CUST_06367,,Bengaluru,2.3,19,24958.21,1313.59,8.26,10,0.181,2,6,57.0,28,12.0,21,2,13,2
CUST_06368,43.0,Chennai,3.7,15,46814.94,3121.0,4.05,5,0.258,2,7,48.0,27,18.0,10,4,7,3
CUST_06369,38.0,Jaipur,3.9,7,7070.75,1010.11,1.79,33,0.675,2,5,51.0,14,25.0,12,11,18,2
CUST_06370,26.0,Delhi,1.7,1,913.16,913.16,0.59,42,0.388,1,5,13.0,7,7.0,6,5,2,5
CUST_06371,32.0,Bengaluru,8.8,8,11820.61,1477.58,0.91,121,0.419,0,4,26.0,7,5.0,2,3,4,2
CUST_06372,43.0,Bengaluru,1.7,32,77329.51,2416.55,18.82,10,0.422,2,3,68.0,29,13.0,12,5,10,4
CUST_06373,20.0,Mumbai,3.9,12,18119.55,1509.96,3.08,131,0.76,0,2,12.0,2,1.0,2,1,2,1
CUST_06374,18.0,Bengaluru,1.6,5,12254.06,2450.81,3.12,108,0.382,0,4,8.0,5,1.0,4,1,1,4
CUST_06375,49.0,Delhi,2.4,25,40492.43,1619.7,10.42,3,0.289,2,4,66.0,39,11.0,12,2,10,1
CUST_06376,39.0,Other,2.5,19,52042.59,2739.08,7.6,10,0.101,0,4,56.0,21,17.0,10,1,9,2
CUST_06377,40.0,Mumbai,4.9,6,12167.27,2027.88,1.22,25,0.254,0,7,17.0,5,7.0,4,4,4,4
CUST_06378,23.0,Bengaluru,3.2,2,2345.44,1172.72,0.62,85,0.392,2,2,16.0,6,9.0,6,7,1,5
CUST_06379,41.0,Other,4.4,8,14648.68,1831.09,1.82,235,0.802,2,6,10.0,4,3.0,2,3,7,4
CUST_06380,37.0,Other,3.0,8,10658.43,1332.3,2.67,37,0.38,3,3,6.0,7,5.0,2,2,1,1
CUST_06381,18.0,Chennai,5.8,13,7504.13,577.24,2.24,43,0.893,1,2,42.0,18,17.0,10,12,12,2
CUST_06382,48.0,Hyderabad,4.0,10,9151.3,915.13,2.5,88,0.722,0,3,45.0,19,24.0,15,6,17,1
CUST_06383,36.0,Delhi,3.3,15,32310.73,2154.05,4.55,3,0.272,0,2,55.0,23,16.0,12,5,11,4
CUST_06384,30.0,Delhi,3.7,26,40025.29,1539.43,7.03,3,0.136,0,4,62.0,23,10.0,15,4,14,5
CUST_06385,30.0,Mumbai,0.9,15,7402.5,493.5,16.67,5,0.885,1,5,39.0,23,21.0,7,10,17,4
CUST_06386,18.0,Ahmedabad,1.2,10,7389.67,738.97,8.33,21,0.359,1,5,14.0,9,2.0,5,6,5,2
CUST_06387,40.0,Delhi,3.4,11,16504.93,1500.45,3.24,8,0.639,4,3,41.0,18,21.0,17,10,12,4
CUST_06388,37.0,Chennai,2.9,5,7002.91,1400.58,1.72,41,0.294,2,2,19.0,9,10.0,4,3,3,2
CUST_06389,32.0,Delhi,5.4,19,32670.51,1719.5,3.52,9,0.202,2,2,58.0,30,10.0,9,2,9,3
CUST_06390,47.0,Bengaluru,0.2,8,8844.5,1105.56,40.0,74,0.786,5,5,46.0,11,24.0,14,4,12,4
CUST_06391,20.0,Hyderabad,2.8,17,50094.13,2946.71,6.07,16,0.047,2,3,59.0,26,13.0,18,6,12,1
CUST_06392,,Ahmedabad,1.0,24,47149.17,1964.55,24.0,12,0.668,4,5,52.0,35,12.0,20,6,19,2
CUST_06393,25.0,Pune,3.3,8,9930.71,1241.34,2.42,9,0.3,2,4,15.0,6,5.0,9,4,2,2
CUST_06394,31.0,Delhi,3.5,1,995.3,995.3,0.29,72,0.416,1,2,24.0,6,4.0,0,6,3,4
CUST_06395,35.0,Mumbai,4.3,8,14792.8,1849.1,1.86,66,0.566,3,3,13.0,6,5.0,3,3,1,2
CUST_06396,38.0,Mumbai,1.3,21,17946.74,854.61,16.15,9,0.217,2,6,60.0,30,8.0,15,2,1,2
CUST_06397,31.0,Hyderabad,0.8,12,9308.61,775.72,15.0,21,0.733,3,5,48.0,11,12.0,7,9,13,3
CUST_06398,25.0,Pune,4.0,19,28729.14,1512.06,4.75,19,0.213,1,1,67.0,29,8.0,12,2,5,2
CUST_06399,51.0,Mumbai,1.7,13,9437.41,725.95,7.65,24,0.798,2,3,45.0,18,16.0,14,7,11,3
CUST_06400,58.0,Jaipur,1.6,12,10249.84,854.15,7.5,252,0.54,2,3,7.0,6,1.0,1,1,1,5
CUST_06401,35.0,Hyderabad,2.8,5,8244.19,1648.84,1.79,144,0.317,1,3,15.0,7,4.0,7,6,2,4
CUST_06402,26.0,Mumbai,1.0,8,8942.05,1117.76,8.0,70,0.539,0,7,13.0,6,1.0,0,1,2,2
CUST_06403,49.0,Mumbai,4.0,24,60785.11,2532.71,6.0,16,0.562,1,5,74.0,36,18.0,13,5,7,3
CUST_06404,20.0,Mumbai,1.2,12,34597.14,2883.1,10.0,38,0.602,3,7,9.0,1,3.0,2,3,0,4
CUST_06405,31.0,Bengaluru,1.4,18,55603.05,3089.06,12.86,13,0.028,1,3,55.0,21,11.0,14,2,11,4
CUST_06406,27.0,Chennai,2.0,11,24591.8,2235.62,5.5,98,0.491,2,3,11.0,5,4.0,6,5,2,2
CUST_06407,22.0,Chennai,1.3,19,37230.61,1959.51,14.62,13,0.441,1,3,71.0,29,15.0,13,5,7,4
CUST_06408,31.0,Mumbai,4.8,22,42320.06,1923.64,4.58,25,0.346,0,2,85.0,38,17.0,12,10,12,3
CUST_06409,25.0,Chennai,4.5,6,5403.73,900.62,1.33,82,0.937,5,4,43.0,20,21.0,18,9,12,5
CUST_06410,34.0,Delhi,3.0,9,16638.41,1848.71,3.0,146,0.707,2,4,10.0,2,4.0,1,5,1,3
CUST_06411,34.0,Bengaluru,1.6,13,29290.85,2253.14,8.12,6,0.541,4,6,48.0,21,24.0,16,1,8,1
CUST_06412,28.0,Ahmedabad,1.3,19,38067.34,2003.54,14.62,13,0.632,0,4,71.0,21,12.0,17,11,15,2
CUST_06413,30.0,Delhi,3.3,8,9365.1,1170.64,2.42,274,0.412,0,2,17.0,3,3.0,1,1,0,4
CUST_06414,32.0,Mumbai,1.4,32,41147.43,1285.86,22.86,4,0.121,1,5,56.0,30,14.0,20,1,10,0
CUST_06415,42.0,Jaipur,1.7,27,47771.06,1769.3,15.88,17,0.094,1,3,59.0,24,13.0,11,3,11,2
CUST_06416,33.0,Pune,0.9,23,65111.48,2830.93,25.56,14,0.35,0,2,64.0,35,15.0,15,1,9,1
CUST_06417,42.0,Delhi,2.8,36,76168.18,2115.78,12.86,10,0.329,1,5,61.0,39,15.0,10,4,12,2
CUST_06418,40.0,Chennai,1.4,8,13179.54,1647.44,5.71,132,0.62,4,2,11.0,1,7.0,3,3,0,0
CUST_06419,40.0,Chennai,2.4,3,3495.63,1165.21,1.25,23,0.189,1,2,29.0,3,4.0,5,3,3,1
CUST_06420,48.0,Ahmedabad,1.5,10,12942.31,1294.23,6.67,5,0.93,5,2,40.0,19,24.0,13,10,12,5
CUST_06421,23.0,Pune,4.6,8,17799.82,2224.98,1.74,30,0.232,2,5,11.0,6,3.0,2,3,3,1
CUST_06422,29.0,Delhi,3.4,11,9576.27,870.57,3.24,57,0.786,2,2,42.0,24,26.0,13,4,6,3
CUST_06423,52.0,Mumbai,1.0,19,50721.53,2669.55,19.0,30,0.122,0,2,65.0,26,15.0,7,4,9,6
CUST_06424,31.0,Hyderabad,4.9,14,22709.81,1622.13,2.86,3,0.202,3,4,66.0,30,7.0,21,5,12,7
CUST_06425,18.0,Delhi,2.1,26,54848.32,2109.55,12.38,8,0.309,0,6,65.0,37,11.0,27,4,10,3
CUST_06426,32.0,Chennai,5.0,16,47140.11,2946.26,3.2,6,0.229,0,5,53.0,30,7.0,16,5,11,3
CUST_06427,35.0,Mumbai,3.0,14,22197.92,1585.57,4.67,251,0.543,0,4,8.0,4,6.0,2,2,2,4
CUST_06428,18.0,Mumbai,2.2,10,9773.38,977.34,4.55,61,0.366,2,1,22.0,4,8.0,2,2,4,2
CUST_06429,47.0,Bengaluru,0.8,24,53408.02,2225.33,30.0,1,0.245,2,5,70.0,37,15.0,19,5,13,2
CUST_06430,27.0,Other,1.0,12,17859.2,1488.27,12.0,2,0.85,4,4,53.0,18,19.0,19,7,13,1
CUST_06431,37.0,Jaipur,5.8,1,1831.61,1831.61,0.17,55,0.272,3,4,23.0,6,6.0,3,8,0,2
CUST_06432,32.0,Other,1.4,12,16973.9,1414.49,8.57,210,0.647,3,3,8.0,5,2.0,0,1,3,0
CUST_06433,21.0,Bengaluru,4.8,8,14091.49,1761.44,1.67,78,0.366,4,3,13.0,1,0.0,1,5,0,4
CUST_06434,23.0,Mumbai,5.1,12,13840.73,1153.39,2.35,9,0.667,5,2,40.0,22,21.0,13,13,15,3
CUST_06435,25.0,Delhi,3.8,2,3030.5,1515.25,0.53,28,0.265,0,3,18.0,11,6.0,8,6,3,3
CUST_06436,45.0,Chennai,0.8,6,7702.31,1283.72,7.5,34,0.823,4,5,50.0,15,14.0,12,8,8,2
CUST_06437,33.0,Mumbai,1.7,10,9570.07,957.01,5.88,27,0.84,2,1,47.0,26,19.0,10,6,9,2
CUST_06438,29.0,Delhi,7.7,18,49201.92,2733.44,2.34,9,0.289,1,3,70.0,17,11.0,13,2,11,1
CUST_06439,25.0,Mumbai,6.7,12,38148.28,3179.02,1.79,16,0.267,0,1,63.0,19,19.0,12,1,8,1
CUST_06440,46.0,Bengaluru,1.3,11,18302.88,1663.9,8.46,30,0.596,4,5,51.0,14,19.0,12,12,12,2
CUST_06441,49.0,Pune,2.1,23,32348.12,1406.44,10.95,12,0.602,1,4,71.0,24,21.0,18,3,18,3
CUST_06442,46.0,Mumbai,4.7,24,41852.18,1743.84,5.11,6,0.156,1,4,34.0,22,7.0,14,2,6,5
CUST_06443,39.0,Bengaluru,0.6,3,6763.28,2254.43,5.0,70,0.599,2,6,18.0,5,4.0,7,3,6,3
CUST_06444,37.0,Delhi,4.6,22,46039.24,2092.69,4.78,23,0.473,0,2,58.0,26,10.0,12,6,16,5
CUST_06445,22.0,Hyderabad,3.0,9,11964.42,1329.38,3.0,16,0.779,0,4,45.0,13,18.0,11,8,12,1
CUST_06446,32.0,Kolkata,10.0,8,7828.77,978.6,0.8,25,0.844,2,5,57.0,19,27.0,10,8,9,3
CUST_06447,27.0,Mumbai,5.3,14,26319.05,1879.93,2.64,35,0.383,1,1,6.0,0,5.0,3,2,1,1
CUST_06448,18.0,Ahmedabad,0.6,16,18996.2,1187.26,26.67,27,0.75,2,5,53.0,15,19.0,13,11,14,6
CUST_06449,45.0,Mumbai,4.2,23,62349.3,2710.84,5.48,24,0.222,0,4,49.0,30,9.0,11,2,10,2
CUST_06450,27.0,Bengaluru,6.1,10,5426.0,542.6,1.64,68,0.942,1,1,44.0,12,22.0,10,10,12,3
CUST_06451,46.0,Hyderabad,3.6,6,12784.85,2130.81,1.67,93,0.431,2,2,17.0,10,9.0,7,2,3,4
CUST_06452,43.0,Other,3.4,6,10536.23,1756.04,1.76,365,0.522,2,2,8.0,2,4.0,1,2,3,1
CUST_06453,40.0,Hyderabad,3.4,36,101045.26,2806.81,10.59,4,0.363,2,3,64.0,33,9.0,8,6,13,0
CUST_06454,40.0,Mumbai,5.2,28,52065.36,1859.48,5.38,3,0.448,2,7,69.0,32,11.0,15,3,6,5
CUST_06455,28.0,Bengaluru,3.3,11,18504.89,1682.26,3.33,123,0.652,3,3,8.0,4,,0,0,2,2
CUST_06456,53.0,Delhi,2.7,22,40068.37,1821.29,8.15,3,0.391,0,4,57.0,24,21.0,19,1,3,1
CUST_06457,34.0,Bengaluru,3.5,12,11422.59,951.88,3.43,9,0.869,2,4,34.0,22,27.0,12,11,16,3
CUST_06458,37.0,Pune,0.8,19,29734.59,1564.98,23.75,5,0.182,7,1,51.0,36,12.0,20,3,13,1
CUST_06459,28.0,Bengaluru,2.8,14,31095.05,2221.08,5.0,8,0.212,1,3,52.0,27,16.0,6,1,6,2
CUST_06460,25.0,Mumbai,1.9,21,48537.64,2311.32,11.05,23,0.253,2,6,64.0,36,9.0,23,9,9,2
CUST_06461,39.0,Kolkata,5.3,21,30971.47,1474.83,3.96,4,0.506,1,2,73.0,35,16.0,8,2,10,3
CUST_06462,36.0,Hyderabad,1.4,7,11127.54,1589.65,5.0,22,0.331,0,3,19.0,11,10.0,10,5,4,3
CUST_06463,26.0,Mumbai,,11,25890.54,2353.69,4.07,122,0.516,1,4,17.0,5,3.0,3,2,1,4
CUST_06464,20.0,Jaipur,1.5,23,25534.41,1110.19,15.33,7,0.152,2,7,72.0,37,18.0,8,3,10,4
CUST_06465,21.0,Hyderabad,3.4,3,5292.88,1764.29,0.88,30,0.486,2,3,16.0,6,2.0,5,5,0,2
CUST_06466,46.0,Delhi,7.4,14,32710.49,2336.46,1.89,42,0.06,0,4,58.0,22,17.0,7,5,7,3
CUST_06467,28.0,Mumbai,4.2,19,18944.7,997.09,4.52,11,0.852,3,2,38.0,16,12.0,22,6,13,6
CUST_06468,31.0,Chennai,4.3,16,49732.78,3108.3,3.72,7,0.08,0,6,54.0,29,16.0,9,0,13,1
CUST_06469,49.0,Delhi,1.1,8,14573.67,1821.71,7.27,105,0.478,0,4,8.0,4,1.0,2,2,2,3
CUST_06470,23.0,Other,3.4,5,5532.0,1106.4,1.47,180,0.714,2,2,21.0,6,9.0,3,7,4,3
CUST_06471,27.0,Mumbai,1.8,4,6870.58,1717.64,2.22,16,0.23,0,3,23.0,4,5.0,3,5,2,3
CUST_06472,26.0,Mumbai,2.4,3,4678.58,1559.53,1.25,98,0.392,2,6,18.0,5,4.0,1,6,3,3
CUST_06473,50.0,Other,2.1,8,11393.88,1424.23,3.81,99,0.268,0,2,24.0,6,4.0,5,6,2,5
CUST_06474,54.0,Other,1.4,8,9294.36,1161.79,5.71,158,0.547,2,4,5.0,4,5.0,2,0,3,2
CUST_06475,42.0,Mumbai,3.1,3,4437.17,1479.06,0.97,52,0.359,0,5,21.0,2,5.0,2,6,3,4
CUST_06476,42.0,Kolkata,3.4,11,13772.77,1252.07,3.24,141,0.523,2,6,10.0,5,0.0,1,1,1,3
CUST_06477,28.0,Pune,4.8,9,12336.36,1370.71,1.88,18,0.857,3,6,50.0,25,25.0,13,9,11,3
CUST_06478,53.0,Chennai,5.5,18,58557.34,3253.19,3.27,9,0.132,1,2,59.0,25,12.0,14,2,10,4
CUST_06479,37.0,Jaipur,4.0,4,6842.47,1710.62,1.0,24,0.708,4,5,46.0,19,23.0,12,11,9,4
CUST_06480,43.0,Mumbai,1.1,16,47390.24,2961.89,14.55,6,0.181,1,5,45.0,27,10.0,13,2,11,3
CUST_06481,33.0,Pune,1.8,15,19806.03,1320.4,8.33,18,0.685,1,3,44.0,21,24.0,15,9,14,3
CUST_06482,31.0,Mumbai,2.8,12,8896.53,741.38,4.29,18,0.864,2,7,56.0,22,21.0,16,11,7,3
CUST_06483,,Mumbai,5.4,5,1250.0,250.0,0.93,129,0.302,1,1,21.0,9,6.0,3,8,3,3
CUST_06484,39.0,Mumbai,3.6,15,53058.9,3537.26,4.17,13,0.472,0,4,57.0,24,15.0,11,2,7,4
CUST_06485,49.0,Ahmedabad,5.0,15,49496.08,3299.74,3.0,7,0.318,0,6,60.0,19,16.0,7,0,15,4
CUST_06486,37.0,Delhi,6.2,12,16279.53,1356.63,1.94,3,0.943,3,6,41.0,26,22.0,13,7,7,4
CUST_06487,26.0,Bengaluru,5.9,10,18067.91,1806.79,1.69,200,0.693,1,1,7.0,3,1.0,2,3,3,2
CUST_06488,28.0,Ahmedabad,1.5,22,27770.71,1262.31,14.67,8,0.215,2,3,69.0,32,14.0,10,3,6,3
CUST_06489,35.0,Bengaluru,1.2,28,30030.5,1072.52,23.33,10,0.119,1,1,66.0,26,11.0,12,3,5,3
CUST_06490,28.0,Bengaluru,3.9,6,11121.45,1853.57,1.54,33,0.163,1,6,20.0,10,9.0,5,4,1,2
CUST_06491,23.0,Mumbai,5.2,12,12463.53,1038.63,2.31,21,0.571,3,5,49.0,15,22.0,11,11,15,2
CUST_06492,46.0,Hyderabad,0.9,27,41739.11,1545.89,30.0,6,0.186,4,2,58.0,25,7.0,26,5,8,0
CUST_06493,29.0,Mumbai,2.5,25,51144.75,2045.79,10.0,14,0.411,0,3,69.0,32,24.0,14,4,5,3
CUST_06494,35.0,Kolkata,5.0,23,44051.51,1915.28,4.6,12,0.387,4,7,72.0,46,12.0,20,7,6,0
CUST_06495,37.0,Pune,1.4,11,24162.03,2196.55,7.86,32,0.292,0,3,8.0,4,6.0,2,5,4,2
CUST_06496,28.0,Chennai,3.1,22,65890.15,2995.01,7.1,14,0.347,2,5,57.0,33,20.0,9,2,4,3
CUST_06497,49.0,Chennai,3.6,30,50311.27,1677.04,8.33,25,0.326,1,4,,29,12.0,15,5,13,2
CUST_06498,23.0,Hyderabad,0.7,18,53639.92,2980.0,25.71,8,0.195,1,3,52.0,32,18.0,7,2,13,2
CUST_06499,37.0,Pune,4.5,13,19174.37,1474.95,2.89,8,0.299,2,3,73.0,24,11.0,20,2,5,1
CUST_06500,36.0,Pune,5.0,1,2167.57,2167.57,0.2,13,0.359,1,2,11.0,9,6.0,9,3,5,4
CUST_06501,33.0,Jaipur,3.0,29,49908.63,1720.99,9.67,27,0.346,3,7,65.0,32,13.0,19,8,15,3
CUST_06502,21.0,Mumbai,0.7,13,29988.47,2306.81,18.57,1,0.24,0,3,51.0,24,16.0,9,1,6,6
CUST_06503,43.0,Pune,1.9,12,13150.33,1095.86,6.32,18,0.951,2,4,32.0,19,22.0,17,10,8,1
CUST_06504,41.0,Hyderabad,5.3,17,32343.87,1902.58,3.21,2,0.049,0,2,57.0,19,18.0,17,4,12,2
CUST_06505,27.0,Ahmedabad,1.5,16,35888.14,2243.01,10.67,23,0.304,1,2,58.0,24,23.0,15,4,11,1
CUST_06506,41.0,Delhi,5.9,4,2717.4,679.35,0.68,54,0.441,2,2,15.0,9,7.0,5,5,4,1
CUST_06507,38.0,Chennai,2.6,6,7701.82,1283.64,2.31,125,0.413,1,2,22.0,9,7.0,9,3,1,2
CUST_06508,21.0,Hyderabad,4.6,7,10873.32,1553.33,1.52,214,0.624,2,4,10.0,5,2.0,0,2,1,5
CUST_06509,25.0,Mumbai,1.3,6,11874.97,1979.16,4.62,108,0.279,4,4,11.0,1,4.0,1,2,2,3
CUST_06510,45.0,Hyderabad,7.4,3,6524.58,2174.86,0.41,180,0.334,0,4,15.0,10,3.0,6,6,3,3
CUST_06511,37.0,Ahmedabad,1.8,15,45311.84,3020.79,8.33,30,0.078,1,5,64.0,17,15.0,15,2,6,1
CUST_06512,28.0,Other,2.4,6,5197.5,866.25,2.5,28,0.525,1,5,20.0,7,5.0,6,10,6,2
CUST_06513,25.0,Mumbai,2.3,3,5294.57,1764.86,1.3,63,0.325,0,3,16.0,9,7.0,6,1,2,4
CUST_06514,29.0,Chennai,0.3,3,5065.64,1688.55,10.0,17,0.501,1,4,16.0,3,4.0,6,4,0,3
CUST_06515,30.0,Bengaluru,2.5,10,6078.17,607.82,4.0,64,0.667,3,4,45.0,28,17.0,14,18,14,1
CUST_06516,26.0,Mumbai,1.5,23,38672.34,1681.41,15.33,7,0.278,2,3,58.0,38,14.0,11,9,10,3
CUST_06517,18.0,Hyderabad,3.0,6,2778.66,463.11,2.0,105,0.388,0,3,13.0,8,6.0,1,4,4,2
CUST_06518,45.0,Mumbai,3.5,3,1923.65,641.22,0.86,48,0.424,1,5,20.0,5,4.0,7,5,6,0
CUST_06519,44.0,Delhi,1.5,5,8594.66,1718.93,3.33,99,0.509,0,5,14.0,7,3.0,1,2,2,3
CUST_06520,21.0,Pune,1.6,17,41537.06,2443.36,10.62,7,0.285,0,4,54.0,25,20.0,11,3,10,1
CUST_06521,35.0,Delhi,1.7,27,48726.85,1804.7,15.88,25,0.255,1,5,67.0,29,9.0,17,4,12,4
CUST_06522,25.0,Bengaluru,3.1,26,28484.73,1095.57,8.39,6,0.374,2,5,84.0,43,11.0,11,3,7,2
CUST_06523,31.0,Delhi,2.2,2,4633.74,2316.87,0.91,48,0.553,0,2,13.0,10,13.0,9,1,2,1
CUST_06524,31.0,Hyderabad,1.6,24,69734.45,2905.6,15.0,28,0.299,3,6,54.0,30,17.0,14,6,8,2
CUST_06525,30.0,Pune,2.1,20,33715.67,1685.78,9.52,5,0.114,1,4,67.0,28,15.0,12,4,11,1
CUST_06526,54.0,Chennai,5.3,8,9599.18,1199.9,1.51,168,0.24,3,4,6.0,9,3.0,1,4,3,3
CUST_06527,30.0,Jaipur,3.0,16,45806.51,2862.91,5.33,2,0.076,4,2,51.0,29,24.0,8,5,9,2
CUST_06528,26.0,Pune,2.0,1,1713.67,1713.67,0.5,84,0.184,0,1,13.0,8,,5,3,3,3
CUST_06529,26.0,Bengaluru,6.1,24,63185.56,2632.73,3.93,6,0.423,1,3,67.0,25,12.0,10,1,8,3
CUST_06530,44.0,Chennai,3.8,6,11665.8,1944.3,1.58,125,0.163,1,3,23.0,7,7.0,5,6,4,4
CUST_06531,18.0,Hyderabad,0.7,5,5614.6,1122.92,7.14,16,0.704,3,5,42.0,16,19.0,12,10,13,3
CUST_06532,26.0,Delhi,4.5,13,25935.0,1995.0,2.89,100,0.342,2,1,6.0,4,3.0,3,2,1,2
CUST_06533,48.0,Chennai,7.8,12,19802.4,1650.2,1.54,210,0.258,0,3,5.0,5,2.0,4,2,2,2
CUST_06534,36.0,Mumbai,4.6,14,30412.68,2172.33,3.04,9,0.323,1,2,54.0,29,18.0,13,1,10,3
CUST_06535,36.0,Delhi,1.8,22,49184.93,2235.68,12.22,20,0.246,0,4,60.0,29,17.0,9,4,10,6
CUST_06536,55.0,Hyderabad,2.6,31,39713.05,1281.07,11.92,1,0.265,5,3,72.0,33,10.0,17,4,16,5
CUST_06537,36.0,Mumbai,0.7,5,7100.51,1420.1,7.14,73,0.47,1,3,18.0,6,9.0,3,5,5,9
CUST_06538,27.0,Bengaluru,4.3,15,26960.31,1797.35,3.49,59,0.338,3,3,10.0,2,0.0,3,3,3,1
CUST_06539,31.0,Chennai,2.4,12,10476.22,873.02,5.0,21,0.696,2,4,47.0,19,16.0,14,14,15,1
CUST_06540,23.0,Kolkata,1.7,6,5202.59,867.1,3.53,47,0.692,3,4,37.0,20,19.0,13,12,14,3
CUST_06541,47.0,Mumbai,2.5,22,75527.54,3433.07,8.8,23,0.345,1,5,60.0,24,15.0,12,3,5,5
CUST_06542,40.0,Other,0.8,5,8612.67,1722.53,6.25,41,0.46,1,6,8.0,4,8.0,5,7,6,2
CUST_06543,45.0,Hyderabad,0.8,7,10070.22,1438.6,8.75,65,0.293,3,5,11.0,5,1.0,2,0,1,4
CUST_06544,46.0,Delhi,1.1,26,36243.01,1393.96,23.64,4,0.309,2,5,57.0,35,11.0,21,2,11,4
CUST_06545,30.0,Pune,0.4,14,26959.61,1925.69,35.0,45,0.793,1,3,40.0,15,12.0,16,9,16,1
CUST_06546,25.0,Hyderabad,1.9,22,80863.4,3675.61,11.58,5,0.048,1,4,60.0,30,17.0,9,0,6,3
CUST_06547,33.0,Jaipur,1.3,8,4729.68,591.21,6.15,37,0.791,5,6,46.0,19,25.0,12,10,6,8
CUST_06548,25.0,Bengaluru,5.4,9,17426.37,1936.26,1.67,29,0.916,3,4,52.0,14,18.0,11,9,17,5
CUST_06549,36.0,Chennai,1.2,12,24756.74,2063.06,10.0,13,0.148,2,6,48.0,20,14.0,10,2,12,4
CUST_06550,45.0,Delhi,4.0,8,8174.92,1021.86,2.0,2,0.736,2,3,53.0,30,12.0,12,11,13,3
CUST_06551,32.0,Delhi,1.5,30,54520.2,1817.34,20.0,8,0.376,1,2,55.0,27,13.0,18,3,5,2
CUST_06552,35.0,Delhi,3.1,14,16933.74,1209.55,4.52,18,0.666,2,2,41.0,18,16.0,7,10,8,5
CUST_06553,33.0,Chennai,6.3,16,20542.19,1283.89,2.54,18,0.738,2,4,50.0,20,21.0,19,9,10,2
CUST_06554,42.0,Delhi,1.1,27,67085.0,2484.63,24.55,28,0.332,1,2,50.0,27,14.0,14,2,12,1
CUST_06555,27.0,Pune,6.9,7,8479.07,1211.3,1.01,33,0.407,1,5,9.0,10,6.0,3,8,3,1
CUST_06556,18.0,Delhi,4.5,6,7969.45,1328.24,1.33,48,0.244,2,4,19.0,8,4.0,3,7,4,5
CUST_06557,39.0,Jaipur,3.5,18,41689.79,2316.1,5.14,17,0.159,2,4,80.0,32,5.0,17,3,8,5
CUST_06558,44.0,Kolkata,3.0,18,45684.95,2538.05,6.0,12,0.075,1,5,43.0,27,19.0,13,6,8,3
CUST_06559,38.0,Delhi,2.6,2,1972.27,986.13,0.77,57,0.703,2,6,14.0,7,7.0,6,4,1,1
CUST_06560,28.0,Other,5.1,7,12441.94,1777.42,1.37,121,0.238,0,4,11.0,8,5.0,3,0,0,4
CUST_06561,23.0,Mumbai,2.6,35,76870.49,2196.3,13.46,8,0.233,0,3,77.0,36,16.0,17,3,8,1
CUST_06562,39.0,Mumbai,2.3,25,33424.66,1336.99,10.87,9,0.306,2,3,59.0,18,12.0,11,10,7,2
CUST_06563,35.0,Mumbai,4.1,17,50466.19,2968.6,4.15,6,0.071,0,6,41.0,27,12.0,5,2,8,3
CUST_06564,33.0,Mumbai,1.5,14,17540.02,1252.86,9.33,18,0.728,0,2,49.0,16,26.0,14,8,18,1
CUST_06565,52.0,Mumbai,8.1,17,40202.88,2364.88,2.1,1,0.187,0,2,68.0,25,9.0,12,3,12,1
CUST_06566,25.0,Chennai,3.5,28,31966.72,1141.67,8.0,7,0.225,0,2,58.0,30,14.0,8,3,9,2
CUST_06567,52.0,Hyderabad,2.4,5,6949.64,1389.93,2.08,165,0.383,0,4,19.0,6,9.0,8,5,2,2
CUST_06568,34.0,Chennai,2.4,12,5458.88,454.91,5.0,61,0.916,4,3,46.0,18,17.0,13,11,16,3
CUST_06569,18.0,Chennai,2.2,26,56184.03,2160.92,11.82,6,0.112,0,3,57.0,34,16.0,15,7,11,1
CUST_06570,32.0,Kolkata,3.8,29,45121.69,1555.92,7.63,3,0.358,3,4,77.0,29,7.0,16,1,9,5
CUST_06571,44.0,Pune,3.1,10,6241.29,624.13,3.23,9,0.85,4,5,49.0,17,22.0,11,12,9,1
CUST_06572,30.0,Hyderabad,2.5,21,46144.68,2197.37,8.4,30,0.134,1,5,36.0,27,12.0,16,5,10,2
CUST_06573,19.0,Hyderabad,5.8,19,52184.51,2746.55,3.28,25,0.082,3,5,47.0,18,16.0,15,2,6,5
CUST_06574,32.0,Other,6.5,10,11573.67,1157.37,1.54,203,0.449,1,3,13.0,3,0.0,5,3,2,0
CUST_06575,25.0,Pune,1.2,16,42247.75,2640.48,13.33,6,0.067,1,4,51.0,32,13.0,10,3,5,2
CUST_06576,39.0,Mumbai,2.3,3,5941.91,1980.64,1.3,25,0.338,0,4,12.0,9,3.0,4,3,5,2
CUST_06577,42.0,Chennai,,13,16851.19,1296.25,6.5,202,0.646,1,6,6.0,2,4.0,2,1,2,5
CUST_06578,23.0,Kolkata,1.8,23,44061.08,1915.7,12.78,22,0.279,0,3,58.0,29,11.0,6,6,8,3
CUST_06579,27.0,Delhi,2.0,31,58657.71,1892.18,15.5,3,0.156,1,1,59.0,39,9.0,17,2,11,2
CUST_06580,42.0,Hyderabad,1.2,10,11324.8,1132.48,8.33,47,0.761,7,4,45.0,14,16.0,16,5,11,1
CUST_06581,25.0,Mumbai,4.5,5,11152.98,2230.6,1.11,70,0.721,2,2,11.0,4,4.0,2,5,1,5
CUST_06582,23.0,Other,2.3,9,15997.2,1777.47,3.91,46,0.384,0,4,9.0,6,2.0,2,2,1,3
CUST_06583,22.0,Mumbai,2.9,2,3582.1,1791.05,0.69,32,0.388,1,3,17.0,7,7.0,5,8,0,2
CUST_06584,38.0,Mumbai,4.6,21,63710.32,3033.82,4.57,46,0.052,0,7,55.0,22,13.0,12,4,11,1
CUST_06585,37.0,Mumbai,1.2,2,4082.51,2041.25,1.67,60,0.171,0,2,15.0,7,5.0,4,5,3,3
CUST_06586,27.0,Bengaluru,3.1,26,35572.87,1368.19,8.39,8,0.189,2,2,76.0,32,15.0,13,2,13,3
CUST_06587,34.0,Mumbai,0.9,11,11989.58,1089.96,12.22,24,0.724,0,5,33.0,14,20.0,8,7,16,3
CUST_06588,49.0,Kolkata,1.0,16,36140.72,2258.79,16.0,11,0.025,3,2,48.0,27,11.0,8,3,14,1
CUST_06589,24.0,Jaipur,2.7,24,59941.92,2497.58,8.89,20,0.181,0,3,51.0,20,16.0,17,2,11,1
CUST_06590,18.0,Pune,2.6,4,9471.28,2367.82,1.54,79,0.373,0,4,24.0,8,4.0,6,3,6,2
CUST_06591,39.0,Hyderabad,1.2,13,18576.9,1428.99,10.83,26,0.836,1,2,43.0,25,22.0,13,6,11,2
CUST_06592,33.0,Mumbai,,25,44332.52,1773.3,4.63,13,0.437,2,4,66.0,32,18.0,15,2,6,3
CUST_06593,27.0,Delhi,0.4,34,72826.3,2141.95,85.0,3,0.239,1,4,74.0,38,10.0,14,5,18,4
CUST_06594,41.0,Delhi,1.2,8,11159.78,1394.97,6.67,118,0.675,1,3,7.0,4,1.0,4,3,1,4
CUST_06595,42.0,Pune,2.0,5,7180.72,,2.5,180,0.447,1,2,16.0,7,9.0,2,9,1,5
CUST_06596,18.0,Chennai,1.6,29,53535.94,1846.07,18.12,1,0.054,2,3,70.0,31,13.0,11,3,9,1
CUST_06597,27.0,Mumbai,1.1,17,50806.1,2988.59,15.45,11,0.137,0,5,62.0,30,17.0,9,3,12,0
CUST_06598,57.0,Jaipur,9.2,26,34992.69,1345.87,2.83,23,0.291,0,1,72.0,34,9.0,12,3,14,2
CUST_06599,40.0,Chennai,4.7,4,6491.46,1622.87,0.85,89,0.723,2,2,10.0,4,4.0,1,1,3,0
CUST_06600,41.0,Kolkata,2.3,18,4500.0,250.0,7.83,18,0.884,0,5,50.0,13,17.0,14,13,9,5
CUST_06601,46.0,Other,5.8,13,14033.62,1079.51,2.24,19,0.855,0,5,36.0,17,11.0,15,16,18,1
CUST_06602,34.0,Other,5.2,4,3323.32,830.83,0.77,26,0.754,2,3,48.0,20,18.0,9,10,8,3
CUST_06603,42.0,Hyderabad,1.7,16,29463.94,1841.5,9.41,11,0.238,0,1,64.0,36,11.0,12,7,9,3
CUST_06604,41.0,Bengaluru,2.4,1,2147.09,2147.09,0.42,92,0.585,1,5,24.0,6,5.0,3,2,4,1
CUST_06605,39.0,Delhi,2.7,12,13288.9,1107.41,4.44,14,0.517,2,7,39.0,20,16.0,13,8,11,3
CUST_06606,31.0,Kolkata,4.5,25,64240.12,2569.6,5.56,1,0.159,0,1,62.0,18,10.0,15,5,9,2
CUST_06607,36.0,Hyderabad,3.7,16,28168.11,1760.51,4.32,34,0.213,0,2,60.0,31,,14,2,12,4
CUST_06608,28.0,Other,2.4,10,11748.81,1174.88,4.17,48,0.866,2,3,51.0,22,,10,9,7,2
CUST_06609,34.0,Pune,1.7,8,13773.46,1721.68,4.71,129,0.559,4,3,6.0,1,6.0,5,2,3,3
CUST_06610,22.0,Delhi,2.6,21,43305.41,2062.16,8.08,13,0.065,1,5,65.0,40,11.0,6,3,14,3
CUST_06611,26.0,Delhi,1.0,11,16559.28,1505.39,11.0,175,0.372,3,1,10.0,2,1.0,1,0,2,3
CUST_06612,31.0,Ahmedabad,1.4,3,4181.29,1393.76,2.14,56,0.326,1,5,18.0,11,4.0,5,4,5,0
CUST_06613,25.0,Mumbai,2.2,25,46095.3,1843.81,11.36,2,0.202,2,2,73.0,35,11.0,16,3,8,3
CUST_06614,29.0,Bengaluru,2.5,18,61424.33,3412.46,7.2,27,0.112,3,2,64.0,21,14.0,13,3,15,1
CUST_06615,32.0,Bengaluru,7.6,29,74177.22,2557.84,3.82,12,0.429,0,2,51.0,23,11.0,8,2,6,6
CUST_06616,38.0,Mumbai,1.4,5,6118.5,1223.7,3.57,36,0.296,1,5,24.0,9,3.0,2,4,3,0
CUST_06617,43.0,Bengaluru,0.5,19,48768.36,2566.76,38.0,1,0.259,0,2,51.0,18,11.0,11,5,8,4
CUST_06618,29.0,Bengaluru,1.8,21,38679.77,1841.89,11.67,18,0.132,0,4,68.0,47,14.0,11,3,13,2
CUST_06619,47.0,Mumbai,1.6,12,14970.09,1247.51,7.5,80,0.689,3,3,40.0,15,13.0,11,16,10,1
CUST_06620,43.0,Bengaluru,2.2,6,8712.99,1452.17,2.73,85,0.177,0,2,15.0,7,8.0,6,5,2,2
CUST_06621,39.0,Other,1.9,17,65681.61,3863.62,8.95,17,0.293,0,2,63.0,26,9.0,12,3,11,2
CUST_06622,36.0,Other,2.4,30,56194.99,1873.17,12.5,11,0.165,1,4,74.0,38,20.0,15,5,13,2
CUST_06623,37.0,Hyderabad,4.5,9,12666.21,1407.36,2.0,22,0.703,2,5,55.0,20,14.0,11,13,16,2
CUST_06624,46.0,Bengaluru,3.0,5,6371.04,,1.67,22,0.929,3,4,41.0,13,22.0,12,7,10,2
CUST_06625,46.0,Delhi,1.6,3,3599.46,1199.82,1.88,117,0.341,0,1,16.0,7,9.0,4,3,5,5
CUST_06626,47.0,Other,0.5,15,54845.09,3656.34,30.0,1,0.293,3,3,56.0,14,15.0,10,2,7,0
CUST_06627,34.0,Pune,3.7,1,2121.02,2121.02,0.27,80,0.247,0,6,18.0,6,6.0,3,6,3,3
CUST_06628,40.0,Bengaluru,4.7,4,9410.33,2352.58,0.85,67,0.404,2,4,15.0,9,4.0,12,5,5,2
CUST_06629,47.0,Mumbai,1.9,11,10668.55,969.87,5.79,11,0.758,3,3,57.0,23,18.0,12,16,9,2
CUST_06630,28.0,Delhi,7.1,6,12982.18,2163.7,0.85,50,0.257,1,3,14.0,12,3.0,3,5,8,2
CUST_06631,31.0,Mumbai,3.6,20,24506.91,1225.35,5.56,4,0.144,4,4,81.0,42,9.0,14,2,6,3
CUST_06632,34.0,Kolkata,2.9,21,64574.77,3074.99,7.24,6,0.046,0,5,45.0,25,12.0,17,2,8,1
CUST_06633,43.0,Hyderabad,2.3,2,2825.09,1412.54,0.87,112,0.563,1,5,15.0,5,3.0,4,1,4,6
CUST_06634,43.0,Hyderabad,4.7,12,16642.66,1386.89,2.55,60,0.695,1,3,44.0,11,20.0,13,9,8,2
CUST_06635,32.0,Delhi,6.8,2,3446.7,1723.35,0.29,68,0.527,0,2,23.0,9,5.0,4,6,1,1
CUST_06636,19.0,Ahmedabad,6.5,32,48853.6,1526.68,4.92,15,0.256,3,1,61.0,35,11.0,16,7,10,2
CUST_06637,36.0,Mumbai,2.6,9,11999.93,1333.33,3.46,191,0.321,2,5,13.0,1,4.0,3,2,5,2
CUST_06638,25.0,Delhi,6.5,7,9251.36,1321.62,1.08,38,0.653,1,4,46.0,11,19.0,17,11,6,2
CUST_06639,19.0,Chennai,1.5,22,45251.46,2056.88,14.67,10,0.169,0,4,56.0,25,11.0,8,3,4,4
CUST_06640,21.0,Other,4.3,11,10908.52,991.68,2.56,13,0.864,1,3,53.0,23,25.0,9,6,17,2
CUST_06641,37.0,Pune,1.4,6,7700.16,1283.36,4.29,96,0.466,0,3,18.0,4,5.0,5,7,2,5
CUST_06642,48.0,Hyderabad,3.9,6,9755.93,1625.99,1.54,117,0.642,1,3,20.0,4,9.0,3,2,3,2
CUST_06643,34.0,Hyderabad,3.9,9,13908.98,1545.44,2.31,8,0.905,0,4,47.0,15,11.0,12,4,11,0
CUST_06644,36.0,Jaipur,1.9,8,16978.18,2122.27,4.21,116,0.292,0,1,8.0,5,7.0,3,3,1,3
CUST_06645,46.0,Mumbai,1.6,30,52193.24,1739.77,18.75,33,0.571,2,2,56.0,28,10.0,13,2,10,5
CUST_06646,19.0,Bengaluru,6.1,14,23416.5,1672.61,2.3,6,0.355,1,5,69.0,32,8.0,16,2,14,1
CUST_06647,39.0,Pune,1.1,12,15577.51,1298.13,10.91,98,0.325,0,2,9.0,5,3.0,0,1,2,1
CUST_06648,34.0,Mumbai,0.9,14,22162.82,1583.06,15.56,112,0.596,0,3,9.0,2,2.0,6,0,1,2
CUST_06649,40.0,Mumbai,3.5,3,3403.99,1134.66,0.86,42,0.361,1,4,14.0,3,3.0,3,8,4,3
CUST_06650,29.0,Other,2.6,7,11673.79,1667.68,2.69,228,0.524,1,5,12.0,5,2.0,3,3,3,2
CUST_06651,26.0,Pune,3.4,14,46026.5,3287.61,4.12,35,0.144,2,1,51.0,33,20.0,11,4,12,2
CUST_06652,35.0,Other,1.6,10,18612.16,1861.22,6.25,51,0.617,0,1,9.0,5,1.0,4,1,3,1
CUST_06653,50.0,Pune,1.8,23,37424.61,1627.16,12.78,10,0.17,1,4,64.0,32,14.0,14,4,13,3
CUST_06654,43.0,Other,2.6,21,35998.48,1714.21,8.08,21,0.083,0,1,55.0,32,14.0,9,3,13,7
CUST_06655,29.0,Chennai,2.7,37,57515.91,1554.48,13.7,3,0.137,1,5,68.0,27,11.0,14,2,12,2
CUST_06656,21.0,Mumbai,2.5,24,46500.41,1937.52,9.6,5,0.129,1,4,79.0,41,12.0,17,2,8,2
CUST_06657,18.0,Hyderabad,6.7,33,63584.1,1926.79,4.93,1,0.207,0,6,65.0,36,12.0,16,4,13,3
CUST_06658,47.0,Delhi,7.1,23,54978.73,2390.38,3.24,4,0.165,1,4,64.0,33,12.0,22,0,8,0
CUST_06659,24.0,Delhi,1.1,16,42687.5,2667.97,14.55,6,0.086,1,1,54.0,31,9.0,14,1,8,4
CUST_06660,31.0,Bengaluru,3.5,22,38383.36,1744.7,6.29,12,0.127,2,4,65.0,34,10.0,16,3,7,2
CUST_06661,47.0,Bengaluru,1.2,9,16502.78,1833.64,7.5,19,0.821,2,4,43.0,17,23.0,12,12,13,4
CUST_06662,18.0,Chennai,7.9,14,13910.13,993.58,1.77,12,0.708,2,4,42.0,12,18.0,11,15,16,1
CUST_06663,49.0,Kolkata,1.8,24,56800.22,2366.68,13.33,10,0.216,2,5,71.0,38,13.0,14,3,12,5
CUST_06664,31.0,Delhi,2.2,3,2999.24,999.75,1.36,51,0.061,0,5,21.0,6,7.0,5,10,6,1
CUST_06665,23.0,Other,4.7,7,16483.38,2354.77,1.49,78,0.712,1,4,6.0,1,2.0,3,0,4,3
CUST_06666,32.0,Other,1.4,8,8199.04,1024.88,5.71,173,0.319,2,3,16.0,5,5.0,3,5,1,3
CUST_06667,27.0,Mumbai,0.8,18,13549.13,752.73,22.5,1,0.16,2,4,55.0,26,,13,2,12,3
CUST_06668,38.0,Mumbai,1.3,7,11036.71,1576.67,5.38,31,0.273,0,2,15.0,4,5.0,5,5,3,1
CUST_06669,28.0,Bengaluru,5.2,14,33149.94,2367.85,2.69,26,0.086,4,4,48.0,25,13.0,12,4,9,2
CUST_06670,18.0,Hyderabad,2.0,21,47233.05,2249.19,10.5,2,0.154,1,1,53.0,31,21.0,12,4,10,1
CUST_06671,32.0,Pune,5.0,22,45326.81,2060.31,4.4,11,0.119,1,2,,28,8.0,13,2,9,6
CUST_06672,20.0,Pune,2.7,7,15749.67,2249.95,2.59,91,0.274,1,3,20.0,6,4.0,7,1,1,4
CUST_06673,36.0,Chennai,0.7,28,36910.21,1318.22,40.0,14,0.614,0,5,67.0,33,13.0,16,5,8,0
CUST_06674,22.0,Hyderabad,1.6,19,51602.43,2715.92,11.88,9,0.207,1,2,45.0,27,17.0,8,3,11,2
CUST_06675,29.0,Mumbai,3.2,19,55223.76,2906.51,5.94,10,0.05,2,1,66.0,28,7.0,16,1,11,2
CUST_06676,36.0,Jaipur,0.4,13,27426.31,2109.72,32.5,173,0.359,0,2,3.0,4,3.0,3,3,0,1
CUST_06677,32.0,Chennai,3.6,8,13192.12,1649.02,2.22,111,0.161,0,3,19.0,8,2.0,6,1,3,3
CUST_06678,37.0,Delhi,0.9,22,53591.13,2435.96,24.44,11,0.084,1,1,60.0,50,11.0,14,3,14,0
CUST_06679,41.0,Chennai,1.7,10,11479.78,1147.98,5.88,23,0.736,1,3,34.0,11,22.0,10,2,12,2
CUST_06680,22.0,Mumbai,6.8,17,22948.46,1349.91,2.5,63,0.793,4,5,34.0,11,23.0,23,5,11,8
CUST_06681,33.0,Bengaluru,6.9,6,9556.24,1592.71,0.87,152,0.395,0,4,19.0,5,6.0,2,7,2,4
CUST_06682,18.0,Mumbai,3.8,27,27215.72,1007.99,7.11,3,0.139,3,6,76.0,35,14.0,16,2,8,2
CUST_06683,36.0,Mumbai,3.0,7,9307.82,1329.69,2.33,135,0.603,1,5,14.0,0,3.0,0,1,4,6
CUST_06684,31.0,Delhi,1.8,19,31494.1,1657.58,10.56,5,0.152,3,4,73.0,23,12.0,12,8,9,1
CUST_06685,,Mumbai,0.7,1,1690.63,1690.63,1.43,32,0.258,1,1,14.0,7,4.0,4,4,2,3
CUST_06686,37.0,Chennai,2.7,23,68843.17,2993.18,8.52,14,0.139,0,6,62.0,30,16.0,12,2,14,2
CUST_06687,46.0,Chennai,2.2,29,47598.37,1641.32,13.18,13,0.157,1,6,58.0,32,8.0,23,5,4,3
CUST_06688,29.0,Mumbai,1.9,19,21092.59,1110.14,10.0,12,0.164,2,5,55.0,35,12.0,15,2,11,5
CUST_06689,25.0,Mumbai,5.8,17,17067.68,1003.98,2.93,18,0.821,1,6,47.0,18,20.0,13,13,7,2
CUST_06690,36.0,Ahmedabad,1.3,19,48626.04,2559.27,14.62,2,0.157,2,5,50.0,30,12.0,22,5,10,2
CUST_06691,21.0,Mumbai,10.0,3,2720.96,906.99,0.3,164,0.467,0,4,20.0,11,9.0,4,7,2,3
CUST_06692,27.0,Delhi,10.0,26,37483.59,1441.68,2.6,9,0.26,4,3,77.0,31,18.0,18,1,3,1
CUST_06693,46.0,Bengaluru,4.6,5,5583.39,1116.68,1.09,81,0.161,0,6,21.0,4,6.0,5,4,0,4
CUST_06694,35.0,Ahmedabad,2.1,5,8191.09,1638.22,2.38,161,0.447,0,3,23.0,7,2.0,6,7,3,2
CUST_06695,18.0,Ahmedabad,0.5,15,15385.53,1025.7,30.0,23,0.781,2,5,42.0,14,26.0,11,12,22,0
CUST_06696,18.0,Kolkata,4.4,4,10298.77,2574.69,0.91,47,0.417,2,4,16.0,7,5.0,5,5,6,2
CUST_06697,36.0,Pune,9.7,3,3085.92,1028.64,0.31,50,0.557,2,5,17.0,2,6.0,4,3,1,3
CUST_06698,43.0,Kolkata,10.0,23,40010.48,1739.59,2.3,4,0.105,3,2,58.0,36,12.0,10,8,9,4
CUST_06699,18.0,Pune,1.4,7,13524.35,1932.05,5.0,34,0.313,1,5,22.0,3,1.0,3,4,3,1
CUST_06700,38.0,Pune,4.7,19,28609.14,1505.74,4.04,15,0.36,2,2,52.0,28,10.0,17,9,8,3
CUST_06701,47.0,Hyderabad,,7,9164.0,1309.14,7.0,32,0.832,3,4,39.0,22,17.0,15,12,10,2
CUST_06702,53.0,Chennai,0.6,3,5520.47,1840.16,5.0,43,0.805,0,2,13.0,6,7.0,3,1,3,1
CUST_06703,37.0,Mumbai,5.7,22,35518.17,1614.46,3.86,7,0.212,1,2,58.0,20,8.0,14,4,6,5
CUST_06704,39.0,Mumbai,1.8,30,55208.1,1840.27,16.67,31,0.11,0,5,71.0,27,11.0,20,7,8,2
CUST_06705,18.0,Ahmedabad,2.2,12,18573.32,1547.78,5.45,26,0.633,1,2,52.0,20,23.0,21,9,10,0
CUST_06706,55.0,Jaipur,2.1,4,5202.8,1300.7,1.9,61,0.322,1,2,17.0,5,3.0,4,4,6,4
CUST_06707,28.0,Hyderabad,0.2,11,23458.91,2132.63,55.0,30,0.304,2,4,12.0,8,0.0,1,2,1,7
CUST_06708,25.0,Bengaluru,2.2,11,6216.45,565.13,5.0,65,0.965,6,3,41.0,9,21.0,6,14,18,2
CUST_06709,31.0,Ahmedabad,6.5,5,8530.76,1706.15,0.77,90,0.201,0,4,15.0,5,7.0,4,7,6,1
CUST_06710,49.0,Kolkata,1.9,9,7479.59,831.07,4.74,98,0.555,3,5,9.0,5,2.0,2,2,1,1
CUST_06711,56.0,Hyderabad,3.1,16,39919.57,2494.97,5.16,6,0.159,2,1,73.0,15,7.0,9,3,9,2
CUST_06712,35.0,Delhi,0.7,18,17865.85,992.55,25.71,17,0.317,1,4,70.0,29,11.0,18,5,13,2
CUST_06713,44.0,Pune,4.4,5,8966.8,1793.36,1.14,43,0.127,0,3,20.0,6,10.0,11,3,1,3
CUST_06714,34.0,Bengaluru,1.8,1,1358.22,1358.22,0.56,17,0.404,0,4,16.0,6,8.0,6,7,3,3
CUST_06715,24.0,Delhi,1.3,6,9238.03,1539.67,4.62,30,0.744,0,3,10.0,2,0.0,0,0,2,3
CUST_06716,49.0,Delhi,1.3,22,50395.2,2290.69,16.92,1,0.329,2,3,75.0,34,7.0,19,1,6,3
CUST_06717,28.0,Bengaluru,9.2,21,63568.35,3027.06,2.28,22,0.155,1,2,59.0,28,18.0,10,3,10,4
CUST_06718,49.0,Mumbai,0.4,32,60793.25,1899.79,80.0,14,0.303,0,3,74.0,44,12.0,11,2,7,2
CUST_06719,47.0,Ahmedabad,4.0,19,23488.75,1236.25,4.75,6,0.333,0,5,71.0,26,11.0,13,4,8,4
CUST_06720,40.0,Mumbai,0.5,24,42633.99,1776.42,48.0,48,0.292,2,2,71.0,35,18.0,16,5,12,5
CUST_06721,52.0,Bengaluru,4.0,7,14503.18,2071.88,1.75,66,0.348,2,3,22.0,5,7.0,4,3,1,0
CUST_06722,56.0,Kolkata,1.4,21,63822.57,,15.0,41,0.267,1,1,54.0,22,12.0,11,2,12,2
CUST_06723,32.0,Bengaluru,3.9,3,3496.11,1165.37,0.77,115,0.349,0,3,20.0,9,4.0,4,4,2,3
CUST_06724,26.0,Delhi,2.4,27,55086.73,2040.25,11.25,9,0.049,0,1,55.0,32,7.0,15,2,10,2
CUST_06725,18.0,Bengaluru,3.2,10,10893.94,1089.39,3.12,10,0.672,4,6,46.0,16,22.0,14,10,12,2
CUST_06726,56.0,Ahmedabad,2.9,16,42703.15,2668.95,5.52,9,0.217,1,4,54.0,25,10.0,9,2,7,7
CUST_06727,30.0,Other,2.9,24,42703.43,1779.31,8.28,3,0.17,1,4,59.0,25,17.0,20,5,13,2
CUST_06728,45.0,Chennai,0.5,15,32508.1,2167.21,30.0,5,0.061,2,5,46.0,30,17.0,3,2,10,5
CUST_06729,27.0,Ahmedabad,1.2,4,7856.47,1964.12,3.33,145,0.527,3,4,9.0,4,3.0,3,1,2,0
CUST_06730,49.0,Mumbai,4.7,5,9804.17,1960.83,1.06,44,0.347,0,5,31.0,7,3.0,5,3,2,3
CUST_06731,27.0,Jaipur,1.7,4,4818.87,1204.72,2.35,26,0.67,7,3,44.0,28,20.0,10,9,13,1
CUST_06732,22.0,Other,2.3,26,51268.22,1971.85,11.3,5,0.504,2,5,51.0,27,9.0,9,9,12,4
CUST_06733,32.0,Hyderabad,1.1,8,11014.5,1376.81,7.27,234,0.823,3,1,11.0,4,3.0,3,1,2,6
CUST_06734,29.0,Kolkata,1.4,29,60879.98,2099.31,20.71,15,0.331,2,4,61.0,30,11.0,19,3,7,4
CUST_06735,40.0,Bengaluru,8.2,19,33338.41,1754.65,2.32,7,0.1,0,4,49.0,20,17.0,8,6,9,0
CUST_06736,33.0,Delhi,6.7,7,7210.33,1030.05,1.04,25,0.884,1,5,51.0,23,13.0,5,7,20,3
CUST_06737,40.0,Jaipur,4.0,9,18968.23,2107.58,2.25,74,0.789,2,5,14.0,5,3.0,0,1,2,2
CUST_06738,31.0,Hyderabad,4.2,24,70313.74,2929.74,5.71,8,0.068,0,4,51.0,21,15.0,23,4,13,1
CUST_06739,27.0,Hyderabad,3.4,23,27011.29,1174.4,6.76,11,0.345,3,5,51.0,29,6.0,12,7,9,4
CUST_06740,28.0,Chennai,2.7,7,10312.02,1473.15,2.59,48,0.336,1,3,12.0,9,3.0,4,2,2,4
CUST_06741,54.0,Jaipur,8.6,16,49382.44,3086.4,1.86,4,0.043,1,4,48.0,20,15.0,13,0,6,4
CUST_06742,36.0,Kolkata,1.8,16,39977.34,2498.58,8.89,19,0.146,1,4,58.0,20,15.0,5,4,4,1
CUST_06743,18.0,Pune,1.4,9,13806.22,1534.02,6.43,22,0.793,4,4,56.0,19,22.0,16,5,15,4
CUST_06744,29.0,Bengaluru,1.9,9,10715.78,1190.64,4.74,196,0.542,3,2,10.0,2,3.0,1,2,1,4
CUST_06745,,Other,1.9,6,7061.27,1176.88,3.16,37,0.706,2,2,46.0,18,19.0,15,11,17,3
CUST_06746,52.0,Hyderabad,4.8,9,16003.59,1778.18,1.88,200,0.488,0,5,7.0,5,4.0,2,2,1,3
CUST_06747,44.0,Other,1.5,1,948.81,948.81,0.67,48,0.67,0,4,14.0,4,7.0,4,5,1,2
CUST_06748,25.0,Ahmedabad,2.6,14,39012.2,2786.59,5.38,19,0.142,1,4,50.0,24,11.0,9,2,9,3
CUST_06749,58.0,Chennai,,5,7319.2,1463.84,1.43,59,0.547,1,6,11.0,5,2.0,5,2,1,1
CUST_06750,34.0,Delhi,2.9,23,35018.37,1522.54,7.93,15,0.355,1,3,64.0,37,10.0,11,4,10,3
CUST_06751,46.0,Delhi,1.0,26,67586.04,2599.46,26.0,18,0.274,1,3,67.0,33,11.0,14,5,8,3
CUST_06752,22.0,Chennai,3.5,15,12834.73,855.65,4.29,28,0.681,3,3,52.0,13,21.0,13,11,15,1
CUST_06753,18.0,Bengaluru,3.1,27,42964.95,1591.29,8.71,16,0.163,1,4,67.0,27,7.0,20,4,11,0
CUST_06754,20.0,Ahmedabad,3.9,23,74980.89,3260.04,5.9,16,0.122,1,3,53.0,21,10.0,21,4,5,3
CUST_06755,18.0,Kolkata,3.7,22,79320.31,3605.47,5.95,13,0.108,1,4,61.0,26,12.0,4,2,12,4
CUST_06756,55.0,Delhi,3.9,6,8083.53,1347.26,1.54,79,0.92,2,2,55.0,12,18.0,10,7,21,5
CUST_06757,36.0,Chennai,0.3,4,4739.05,1184.76,13.33,180,0.345,2,6,22.0,10,7.0,8,4,2,6
CUST_06758,25.0,Bengaluru,1.3,10,5984.37,598.44,7.69,37,0.745,1,3,58.0,19,15.0,13,11,6,4
CUST_06759,39.0,Delhi,5.2,12,25233.96,2102.83,2.31,87,0.675,1,1,10.0,6,0.0,1,3,1,2
CUST_06760,36.0,Bengaluru,1.5,27,55359.56,2050.35,18.0,5,0.085,2,1,72.0,14,15.0,13,7,6,4
CUST_06761,40.0,Jaipur,5.4,23,53210.94,2313.52,4.26,6,0.376,1,4,82.0,27,,15,6,8,3
CUST_06762,46.0,Delhi,1.9,26,62459.43,2402.29,13.68,23,0.369,3,3,62.0,24,15.0,19,2,8,3
CUST_06763,31.0,Delhi,1.6,14,35787.13,2556.22,8.75,19,0.391,2,5,48.0,26,11.0,13,4,11,3
CUST_06764,25.0,Delhi,2.0,18,33723.38,1873.52,9.0,10,0.244,1,5,66.0,41,12.0,16,6,10,1
CUST_06765,42.0,Pune,10.0,7,11381.98,1626.0,0.7,53,0.486,0,3,22.0,9,7.0,7,8,2,3
CUST_06766,42.0,Hyderabad,2.4,8,15965.77,1995.72,3.33,140,0.467,2,1,15.0,4,1.0,2,1,2,0
CUST_06767,35.0,Mumbai,4.5,12,14895.01,1241.25,2.67,225,0.543,3,2,7.0,1,4.0,3,2,0,3
CUST_06768,56.0,Ahmedabad,10.0,19,29729.8,1564.73,1.9,18,0.354,1,1,58.0,36,12.0,20,4,9,1
CUST_06769,30.0,Pune,3.6,11,14335.72,1303.25,3.06,90,0.659,1,3,10.0,2,3.0,0,0,3,1
CUST_06770,25.0,Hyderabad,8.2,29,59787.01,2061.62,3.54,15,0.509,2,7,72.0,31,12.0,17,5,11,1
CUST_06771,38.0,Mumbai,5.1,19,53715.23,2827.12,3.73,44,0.112,1,1,63.0,21,9.0,5,1,7,1
CUST_06772,27.0,Other,4.0,5,8427.4,1685.48,1.25,100,0.652,0,5,10.0,2,3.0,0,3,1,2
CUST_06773,39.0,Bengaluru,1.0,6,10147.47,1691.24,6.0,94,0.341,1,5,18.0,7,6.0,10,10,2,3
CUST_06774,26.0,Ahmedabad,2.1,19,37857.71,1992.51,9.05,16,0.442,4,3,72.0,23,8.0,8,0,5,2
CUST_06775,30.0,Kolkata,3.6,27,53730.72,1990.03,7.5,12,0.451,1,5,56.0,37,19.0,16,3,13,1
CUST_06776,53.0,Kolkata,1.7,33,53734.15,1628.31,19.41,24,0.096,1,2,62.0,26,10.0,18,1,7,1
CUST_06777,30.0,Ahmedabad,3.8,2,3661.96,1830.98,0.53,180,0.225,2,2,17.0,7,7.0,6,3,4,2
CUST_06778,26.0,Mumbai,2.4,13,11603.03,892.54,5.42,30,0.613,4,2,48.0,20,11.0,11,15,11,3
CUST_06779,46.0,Chennai,1.3,8,18457.9,2307.24,6.15,78,0.589,1,5,6.0,6,6.0,2,1,1,3
CUST_06780,23.0,Pune,4.5,18,27502.1,1527.89,4.0,13,0.274,1,4,51.0,33,17.0,12,3,11,2
CUST_06781,27.0,Ahmedabad,3.3,23,40857.64,1776.42,6.97,10,0.457,1,1,66.0,33,8.0,15,7,13,4
CUST_06782,40.0,Other,4.0,13,8733.21,671.79,3.25,31,0.938,1,2,42.0,23,18.0,11,9,13,4
CUST_06783,43.0,Other,3.0,14,6440.78,460.06,4.67,60,0.719,2,1,43.0,20,16.0,15,4,10,4
CUST_06784,46.0,Mumbai,1.8,23,37939.27,1649.53,12.78,22,0.12,0,2,74.0,25,13.0,20,2,14,1
CUST_06785,27.0,Delhi,2.6,1,1339.35,1339.35,0.38,52,0.336,1,3,17.0,6,5.0,2,5,3,2
CUST_06786,40.0,Delhi,1.7,11,16024.41,1456.76,6.47,82,0.488,2,2,12.0,4,2.0,2,0,1,3
CUST_06787,29.0,Mumbai,7.3,4,8006.38,2001.6,0.55,306,0.5,4,6,6.0,6,5.0,0,2,2,2
CUST_06788,28.0,Mumbai,3.4,2,2011.28,1005.64,0.59,64,0.174,1,4,13.0,4,4.0,8,2,3,3
CUST_06789,46.0,Delhi,2.6,13,24852.93,1911.76,5.0,30,0.272,1,5,8.0,5,,3,3,1,1
CUST_06790,29.0,Other,2.3,11,12786.43,1162.4,4.78,6,0.911,4,4,39.0,18,17.0,21,14,8,4
CUST_06791,37.0,Hyderabad,1.3,1,1357.48,1357.48,0.77,5,0.571,0,7,14.0,7,5.0,0,7,3,1
CUST_06792,36.0,Hyderabad,3.5,21,28838.65,1373.27,6.0,12,0.254,1,3,65.0,38,13.0,16,3,9,1
CUST_06793,23.0,Bengaluru,1.0,22,40283.41,1831.06,22.0,14,0.481,0,3,79.0,30,9.0,13,1,11,1
CUST_06794,44.0,Chennai,6.4,25,64860.26,2594.41,3.91,26,0.481,2,6,72.0,21,10.0,10,5,10,2
CUST_06795,40.0,Other,4.4,11,12380.65,1125.51,2.5,32,0.93,5,3,35.0,13,24.0,8,6,18,4
CUST_06796,18.0,Hyderabad,1.4,32,69082.84,2158.84,22.86,10,0.156,4,3,64.0,34,12.0,12,4,12,6
CUST_06797,37.0,Mumbai,6.5,11,22109.4,2009.95,1.69,157,0.677,1,1,10.0,7,4.0,2,2,1,1
CUST_06798,26.0,Bengaluru,2.4,18,46105.06,2561.39,7.5,20,0.11,1,7,62.0,35,11.0,11,5,10,1
CUST_06799,45.0,Other,4.2,33,63780.05,1932.73,7.86,9,0.053,1,5,50.0,22,18.0,11,4,5,4
CUST_06800,20.0,Delhi,2.4,9,11489.23,1276.58,3.75,25,0.857,4,4,56.0,18,13.0,10,5,17,3
CUST_06801,30.0,Hyderabad,2.5,22,54173.58,2462.44,8.8,14,0.213,1,5,49.0,26,18.0,12,2,10,2
CUST_06802,38.0,Mumbai,5.4,19,42521.76,2237.99,3.52,3,0.222,1,4,52.0,22,12.0,15,4,10,3
CUST_06803,35.0,Mumbai,2.7,29,58906.46,2031.26,10.74,11,0.655,0,2,55.0,27,20.0,14,1,8,4
CUST_06804,,Jaipur,1.9,7,8116.86,1159.55,3.68,60,0.82,1,3,46.0,16,14.0,10,16,10,0
CUST_06805,19.0,Delhi,1.6,33,71657.98,2171.45,20.62,29,0.216,3,4,71.0,31,21.0,18,4,15,1
CUST_06806,51.0,Delhi,2.3,6,7431.84,1238.64,2.61,109,0.35,1,6,,4,6.0,10,9,2,3
CUST_06807,39.0,Delhi,9.0,6,10344.89,1724.15,0.67,30,0.679,0,4,20.0,3,3.0,6,7,2,4
CUST_06808,48.0,Other,3.3,30,51611.7,1720.39,9.09,3,0.511,0,4,65.0,34,15.0,13,3,7,2
CUST_06809,43.0,Mumbai,1.4,23,35924.69,1561.94,16.43,6,0.354,1,5,78.0,38,13.0,13,6,8,3
CUST_06810,34.0,Ahmedabad,3.3,28,43698.55,1560.66,8.48,15,0.026,0,3,71.0,19,16.0,24,5,7,1
CUST_06811,21.0,Delhi,6.4,3,6141.56,2047.19,0.47,18,0.467,0,2,12.0,8,6.0,0,8,3,0
CUST_06812,28.0,Ahmedabad,6.5,16,35075.83,2192.24,2.46,8,0.356,0,5,48.0,22,18.0,15,0,8,3
CUST_06813,50.0,Other,3.6,20,52510.4,2625.52,5.56,9,0.228,1,1,56.0,22,8.0,8,1,9,3
CUST_06814,48.0,Delhi,5.0,5,8586.17,1717.23,1.0,96,0.358,2,5,14.0,8,4.0,4,4,1,3
CUST_06815,28.0,Mumbai,2.7,10,4560.23,456.02,3.7,6,0.834,2,5,43.0,25,25.0,17,8,17,1
CUST_06816,18.0,Mumbai,2.2,10,25926.3,2592.63,4.55,6,0.074,1,4,,19,14.0,11,3,8,2
CUST_06817,32.0,Kolkata,1.5,22,48186.96,2190.32,14.67,2,0.463,2,4,64.0,28,11.0,18,5,8,1
CUST_06818,31.0,Mumbai,1.6,16,27158.35,1697.4,10.0,80,0.612,1,3,5.0,2,2.0,4,0,3,1
CUST_06819,32.0,Pune,2.6,8,7311.73,913.97,3.08,100,0.401,2,4,7.0,4,4.0,2,5,0,7
CUST_06820,39.0,Pune,4.7,1,1646.82,1646.82,0.21,75,0.152,2,3,14.0,3,5.0,6,6,2,3
CUST_06821,43.0,Delhi,2.8,14,14735.06,1052.5,5.0,18,0.819,3,4,39.0,25,20.0,15,11,20,1
CUST_06822,44.0,Mumbai,1.7,9,12590.18,1398.91,5.29,32,0.889,2,3,56.0,19,21.0,13,10,14,6
CUST_06823,38.0,Jaipur,5.6,10,20358.21,2035.82,1.79,302,0.489,2,3,9.0,3,4.0,2,4,2,3
CUST_06824,,Jaipur,6.1,17,47204.13,2776.71,2.79,42,0.502,1,4,11.0,6,4.0,2,1,1,1
CUST_06825,31.0,Bengaluru,1.8,18,38247.39,2124.85,10.0,13,0.226,1,4,69.0,27,12.0,12,3,6,2
CUST_06826,57.0,Hyderabad,2.5,3,5386.42,1795.47,1.2,28,0.541,1,1,11.0,5,6.0,5,6,4,5
CUST_06827,38.0,Chennai,1.0,22,48882.84,2221.95,22.0,2,0.347,4,2,71.0,30,19.0,8,3,10,2
CUST_06828,38.0,Kolkata,4.8,24,45792.16,1908.01,5.0,13,0.252,2,4,68.0,32,11.0,11,5,13,4
CUST_06829,38.0,Bengaluru,0.6,2,2273.46,1136.73,3.33,56,0.341,0,2,25.0,8,6.0,7,9,2,2
CUST_06830,38.0,Bengaluru,2.7,16,30450.44,1903.15,5.93,1,0.233,3,5,65.0,23,8.0,17,6,8,5
CUST_06831,18.0,Chennai,3.2,10,21939.87,2193.99,3.12,35,0.311,2,2,12.0,2,4.0,2,0,3,2
CUST_06832,32.0,Chennai,1.8,11,19720.54,1792.78,6.11,8,0.052,0,5,51.0,11,15.0,13,5,15,3
CUST_06833,34.0,Delhi,1.7,16,21835.91,1364.74,9.41,68,0.894,4,1,53.0,13,22.0,15,11,12,3
CUST_06834,47.0,Delhi,4.1,14,21263.8,1518.84,3.41,188,0.759,0,3,12.0,3,2.0,4,3,6,4
CUST_06835,34.0,Pune,3.5,11,23250.61,2113.69,3.14,334,0.275,2,3,12.0,7,2.0,1,4,0,5
CUST_06836,18.0,Hyderabad,4.3,23,64492.29,2804.01,5.35,6,0.067,1,6,57.0,16,14.0,10,5,6,2
CUST_06837,38.0,Delhi,0.8,22,51050.87,2320.49,27.5,12,0.267,2,2,78.0,24,13.0,12,4,11,3
CUST_06838,26.0,Hyderabad,6.7,12,18625.97,1552.16,1.79,66,0.63,3,3,45.0,21,18.0,16,14,9,1
CUST_06839,22.0,Delhi,7.0,19,59411.99,3126.95,2.71,7,0.274,1,5,51.0,26,15.0,11,5,12,4
CUST_06840,26.0,Ahmedabad,3.1,11,16135.88,1466.9,3.55,52,0.268,1,5,14.0,1,4.0,0,2,2,5
CUST_06841,39.0,Mumbai,2.2,9,10490.26,1165.58,4.09,220,0.641,5,4,11.0,0,4.0,2,2,3,3
CUST_06842,47.0,Hyderabad,2.6,25,57268.35,2290.73,9.62,13,0.175,3,5,54.0,17,11.0,9,5,6,2
CUST_06843,39.0,Hyderabad,6.1,14,33707.41,2407.67,2.3,60,0.066,1,5,47.0,28,13.0,11,0,7,0
CUST_06844,40.0,Delhi,1.7,18,54113.9,3006.33,10.59,11,0.161,1,3,42.0,31,7.0,14,3,10,0
CUST_06845,39.0,Bengaluru,0.8,12,21544.36,1795.36,15.0,143,0.512,2,4,14.0,4,1.0,1,0,1,2
CUST_06846,35.0,Ahmedabad,4.1,15,46863.06,3124.2,3.66,3,0.026,0,4,56.0,27,11.0,16,1,4,3
CUST_06847,41.0,Delhi,2.8,29,35044.53,1208.43,10.36,3,0.162,0,4,69.0,32,7.0,13,4,7,2
CUST_06848,,Jaipur,5.8,11,6229.41,566.31,1.9,7,0.922,1,5,39.0,21,13.0,9,15,11,1
CUST_06849,35.0,Jaipur,2.9,11,14617.94,1328.9,3.79,29,0.881,2,3,50.0,15,19.0,17,6,20,4
CUST_06850,24.0,Chennai,9.1,20,47420.59,2371.03,2.2,13,0.244,2,2,59.0,17,14.0,10,2,8,2
CUST_06851,46.0,Kolkata,9.4,28,51280.66,1831.45,2.98,9,0.516,1,1,67.0,29,12.0,13,0,15,4
CUST_06852,33.0,Hyderabad,2.0,8,5310.42,663.8,4.0,118,0.381,1,5,8.0,7,3.0,2,2,0,3
CUST_06853,34.0,Bengaluru,0.6,6,12657.5,2109.58,10.0,179,0.703,3,2,16.0,2,1.0,2,3,2,4
CUST_06854,19.0,Other,3.2,4,8012.34,2003.08,1.25,27,0.199,1,2,16.0,3,8.0,4,4,0,1
CUST_06855,44.0,Delhi,1.0,21,53510.62,2548.12,21.0,9,0.109,1,1,60.0,27,11.0,14,4,4,0
CUST_06856,40.0,Mumbai,0.9,22,54116.75,2459.85,24.44,12,0.512,4,3,72.0,29,20.0,16,7,7,2
CUST_06857,40.0,Delhi,5.0,5,6510.97,1302.19,1.0,43,0.728,0,1,22.0,9,5.0,3,3,0,1
CUST_06858,26.0,Hyderabad,3.5,31,65833.08,2123.65,8.86,2,0.386,1,4,63.0,29,12.0,20,1,8,1
CUST_06859,26.0,Pune,1.7,7,14184.69,2026.38,4.12,46,0.514,2,4,10.0,4,3.0,4,1,4,1
CUST_06860,36.0,Other,2.9,3,4891.8,1630.6,1.03,46,0.222,0,3,16.0,2,6.0,3,4,1,1
CUST_06861,27.0,Bengaluru,3.1,17,56738.23,3337.54,5.48,6,0.262,1,3,51.0,25,7.0,14,2,10,1
CUST_06862,38.0,Ahmedabad,3.4,11,17670.24,1606.39,3.24,362,0.49,0,5,10.0,4,4.0,1,2,2,2
CUST_06863,18.0,Pune,5.6,9,24087.54,2676.39,1.61,46,0.563,0,3,15.0,6,0.0,4,3,2,5
CUST_06864,29.0,Delhi,2.7,19,57731.79,3038.52,7.04,4,0.465,1,3,55.0,24,16.0,20,3,8,0
CUST_06865,52.0,Mumbai,0.6,11,9798.32,890.76,18.33,72,0.948,1,3,48.0,26,18.0,15,9,11,3
CUST_06866,38.0,Pune,7.1,26,32329.67,1243.45,3.66,6,0.378,1,3,79.0,27,10.0,23,6,8,2
CUST_06867,36.0,Bengaluru,2.8,27,54862.73,2031.95,9.64,8,0.229,0,4,64.0,37,15.0,13,5,10,0
CUST_06868,54.0,Other,1.7,8,16240.38,2030.05,4.71,25,0.029,1,3,53.0,25,13.0,7,3,3,5
CUST_06869,18.0,Delhi,1.0,11,12263.47,1114.86,11.0,31,0.927,2,5,40.0,16,13.0,10,8,17,3
CUST_06870,26.0,Chennai,3.1,11,16893.5,1535.77,3.55,111,0.316,2,3,7.0,6,2.0,2,3,1,2
CUST_06871,30.0,Bengaluru,2.4,18,20636.93,1146.5,7.5,24,0.926,4,1,51.0,25,20.0,14,6,11,0
CUST_06872,43.0,Mumbai,1.4,26,45287.29,1741.82,18.57,10,0.036,2,4,54.0,23,8.0,11,3,7,0
CUST_06873,43.0,Bengaluru,5.2,8,19240.64,2405.08,1.54,105,0.155,0,3,14.0,2,5.0,2,1,2,3
CUST_06874,25.0,Mumbai,1.2,27,49826.48,1845.43,22.5,22,0.569,1,5,60.0,37,8.0,14,0,11,2
CUST_06875,44.0,Jaipur,1.1,9,16194.1,1799.34,8.18,239,0.547,2,5,15.0,7,2.0,3,2,0,2
CUST_06876,30.0,Kolkata,1.6,24,53905.66,2246.07,15.0,11,0.18,4,5,54.0,31,14.0,13,1,9,1
CUST_06877,46.0,Delhi,0.5,20,49227.49,2461.37,40.0,13,0.344,3,3,45.0,17,6.0,11,3,10,2
CUST_06878,24.0,Chennai,0.6,16,33872.7,2117.04,26.67,9,0.078,0,5,55.0,34,15.0,15,2,14,6
CUST_06879,33.0,Mumbai,1.2,7,7585.6,1083.66,5.83,40,0.338,1,5,23.0,9,8.0,2,5,5,4
CUST_06880,29.0,Chennai,1.9,26,42339.61,1628.45,13.68,18,0.368,3,5,74.0,35,15.0,16,3,12,3
CUST_06881,45.0,Ahmedabad,1.2,4,3657.93,914.48,3.33,40,0.303,0,4,20.0,8,6.0,5,7,0,3
CUST_06882,29.0,Ahmedabad,3.1,25,53004.59,2120.18,8.06,3,0.32,0,3,66.0,36,12.0,14,7,10,4
CUST_06883,34.0,Delhi,1.3,28,35663.32,1273.69,21.54,8,0.309,2,2,64.0,35,8.0,12,5,8,0
CUST_06884,39.0,Pune,3.3,13,13246.28,1018.94,3.94,17,0.72,0,4,42.0,17,27.0,16,12,11,2
CUST_06885,39.0,Bengaluru,1.5,13,15387.6,1183.66,8.67,129,0.457,4,3,10.0,5,2.0,5,3,1,3
CUST_06886,43.0,Other,3.0,13,20972.15,1613.24,4.33,138,0.53,1,5,10.0,4,4.0,0,3,4,2
CUST_06887,36.0,Other,6.7,32,89380.32,2793.13,4.78,33,0.097,2,1,72.0,39,14.0,15,3,15,3
CUST_06888,30.0,Delhi,3.5,23,58569.29,2546.49,6.57,19,0.294,3,5,57.0,28,10.0,15,5,12,3
CUST_06889,31.0,Kolkata,0.6,21,59511.26,2833.87,35.0,32,0.121,0,1,57.0,28,23.0,10,2,13,4
CUST_06890,34.0,Other,1.2,12,13439.72,,10.0,12,0.777,5,1,39.0,14,21.0,16,4,11,2
CUST_06891,36.0,Pune,0.7,10,14591.12,1459.11,14.29,29,0.812,0,2,51.0,23,19.0,13,10,10,2
CUST_06892,33.0,Ahmedabad,0.8,10,12212.2,1221.22,12.5,163,0.55,0,3,8.0,4,2.0,2,4,3,5
CUST_06893,34.0,Pune,5.0,8,19692.89,2461.61,1.6,165,0.286,0,4,7.0,8,2.0,2,2,1,0
CUST_06894,19.0,Delhi,2.3,32,59319.57,1853.74,13.91,10,0.205,0,3,70.0,36,10.0,11,8,5,1
CUST_06895,41.0,Pune,2.4,10,9506.55,950.66,4.17,53,0.679,4,1,58.0,20,19.0,16,6,12,4
CUST_06896,36.0,Bengaluru,5.0,9,15130.78,1681.2,1.8,125,0.703,1,4,7.0,9,2.0,2,2,4,4
CUST_06897,44.0,Ahmedabad,1.3,7,7604.2,1086.31,5.38,52,0.57,0,1,12.0,7,7.0,2,6,2,4
CUST_06898,34.0,Bengaluru,3.1,24,70962.22,2956.76,7.74,12,0.259,2,4,58.0,27,17.0,10,1,10,3
CUST_06899,18.0,Mumbai,4.1,21,28976.91,1379.85,5.12,24,0.376,0,4,61.0,41,11.0,22,1,10,0
CUST_06900,30.0,Pune,2.1,26,58641.58,2255.45,12.38,7,0.236,1,4,65.0,45,14.0,12,3,3,1
CUST_06901,32.0,Hyderabad,7.4,23,50651.85,2202.25,3.11,9,0.393,2,4,70.0,30,8.0,19,4,13,2
CUST_06902,41.0,Hyderabad,2.2,17,46377.09,2728.06,7.73,11,0.27,2,6,61.0,16,14.0,10,5,10,5
CUST_06903,18.0,Hyderabad,1.1,20,43942.6,2197.13,18.18,26,0.131,2,4,54.0,21,16.0,4,3,10,0
CUST_06904,34.0,Mumbai,1.4,5,8380.28,1676.06,3.57,36,0.403,1,4,20.0,4,9.0,6,3,3,7
CUST_06905,39.0,Kolkata,2.9,23,58035.49,2523.28,7.93,10,0.189,2,4,80.0,34,11.0,11,4,11,1
CUST_06906,27.0,Other,4.2,23,45189.35,1964.75,5.48,21,0.076,1,2,57.0,18,10.0,7,3,6,3
CUST_06907,35.0,Bengaluru,1.2,33,55988.57,1696.62,27.5,23,0.338,3,6,71.0,32,11.0,12,8,9,2
CUST_06908,28.0,Kolkata,5.8,2,2943.84,1471.92,0.34,92,0.168,4,5,14.0,5,6.0,8,4,1,2
CUST_06909,27.0,Other,1.1,9,17466.9,1940.77,8.18,302,0.376,4,2,5.0,4,4.0,2,0,1,0
CUST_06910,,Chennai,6.4,18,20222.73,1123.49,2.81,10,0.827,3,3,47.0,23,20.0,19,1,12,2
CUST_06911,27.0,Chennai,1.6,23,41574.93,1807.61,14.38,7,0.324,4,5,69.0,32,14.0,14,3,6,3
CUST_06912,41.0,Kolkata,0.2,12,17680.16,1473.35,60.0,95,0.684,3,5,13.0,4,4.0,3,0,6,2
CUST_06913,27.0,Pune,3.9,29,48982.82,1689.06,7.44,23,0.13,2,7,67.0,32,7.0,17,2,11,2
CUST_06914,25.0,Hyderabad,0.4,31,54011.2,1742.3,77.5,4,0.355,0,3,52.0,28,8.0,14,2,9,4
CUST_06915,52.0,Ahmedabad,10.0,30,38146.05,1271.54,3.0,10,0.39,1,3,70.0,35,12.0,18,2,8,6
CUST_06916,44.0,Delhi,2.8,20,58611.03,2930.55,7.14,9,0.075,1,3,48.0,25,16.0,7,1,8,3
CUST_06917,18.0,Jaipur,0.9,29,69275.87,2388.82,32.22,7,0.172,0,7,77.0,32,11.0,13,4,8,1
CUST_06918,26.0,Hyderabad,2.0,13,7383.29,567.95,6.5,127,0.479,3,1,8.0,9,3.0,2,2,3,4
CUST_06919,36.0,Bengaluru,0.8,7,5896.52,842.36,8.75,66,0.828,1,4,46.0,15,26.0,11,8,5,2
CUST_06920,37.0,Hyderabad,3.7,26,41544.83,1597.88,7.03,20,0.323,1,4,87.0,32,12.0,17,3,10,2
CUST_06921,19.0,Delhi,0.6,8,7370.62,921.33,13.33,30,0.374,1,4,8.0,8,0.0,3,3,2,1
CUST_06922,46.0,Ahmedabad,0.4,12,36173.65,3014.47,30.0,8,0.257,1,2,50.0,34,14.0,9,1,8,2
CUST_06923,42.0,Bengaluru,7.4,28,44688.65,1596.02,3.78,17,0.255,3,2,82.0,39,14.0,14,5,11,0
CUST_06924,39.0,Other,1.1,8,10225.33,1278.17,7.27,46,0.724,1,1,48.0,19,28.0,20,10,9,1
CUST_06925,48.0,Bengaluru,3.1,13,14999.85,1153.83,4.19,23,0.944,0,2,43.0,19,18.0,15,4,13,1
CUST_06926,39.0,Chennai,2.2,21,66227.32,3153.68,9.55,25,0.176,4,5,55.0,25,11.0,11,2,9,0
CUST_06927,38.0,Other,1.7,22,22211.26,1009.6,12.94,25,0.175,2,1,,23,8.0,22,5,8,0
CUST_06928,50.0,Mumbai,1.8,6,10027.52,1671.25,3.33,67,0.591,0,2,7.0,2,4.0,5,7,2,1
CUST_06929,45.0,Kolkata,4.2,3,3944.61,1314.87,0.71,84,0.437,0,1,23.0,8,2.0,5,1,3,3
CUST_06930,26.0,Mumbai,2.4,2,4055.6,2027.8,0.83,44,0.676,3,1,18.0,6,7.0,7,5,0,3
CUST_06931,40.0,Ahmedabad,,20,28047.74,1402.39,20.0,6,0.358,0,3,64.0,34,12.0,11,6,14,5
CUST_06932,27.0,Hyderabad,0.9,16,39278.33,2454.9,17.78,8,0.101,2,5,69.0,24,15.0,14,3,11,6
CUST_06933,39.0,Other,5.9,26,52192.67,2007.41,4.41,26,0.363,0,2,65.0,23,8.0,21,7,15,5
CUST_06934,39.0,Jaipur,4.4,15,38314.83,2554.32,3.41,11,0.028,1,5,69.0,25,13.0,19,2,17,3
CUST_06935,20.0,Mumbai,7.3,11,19399.37,1763.58,1.51,111,0.534,0,3,5.0,7,3.0,2,1,0,3
CUST_06936,33.0,Mumbai,4.5,15,18157.99,1210.53,3.33,28,0.682,2,7,44.0,22,22.0,10,10,15,1
CUST_06937,37.0,Hyderabad,1.1,27,40311.14,1493.01,24.55,3,0.322,1,4,73.0,32,7.0,12,7,8,4
CUST_06938,30.0,Bengaluru,2.1,3,3415.02,1138.34,1.43,157,0.417,1,5,20.0,9,7.0,0,4,3,3
CUST_06939,37.0,Mumbai,6.0,11,15146.42,1376.95,1.83,16,0.927,1,4,43.0,23,17.0,15,12,14,2
CUST_06940,42.0,Mumbai,1.0,20,24826.15,1241.31,20.0,9,0.18,0,2,53.0,47,10.0,14,2,12,1
CUST_06941,34.0,Hyderabad,0.6,6,7835.12,1305.85,10.0,144,0.285,1,3,18.0,8,13.0,5,3,2,1
CUST_06942,36.0,Mumbai,7.7,8,12947.52,1618.44,1.04,153,0.571,1,4,7.0,5,2.0,1,5,2,3
CUST_06943,48.0,Jaipur,7.5,5,6048.65,1209.73,0.67,65,0.287,0,2,18.0,3,7.0,2,8,4,1
CUST_06944,39.0,Ahmedabad,6.2,15,45085.17,3005.68,2.42,8,0.333,1,5,64.0,29,15.0,16,3,10,2
CUST_06945,36.0,Ahmedabad,5.9,11,14978.56,1361.69,1.86,34,0.952,1,3,48.0,21,22.0,8,11,20,4
CUST_06946,24.0,Mumbai,4.9,3,5130.11,1710.04,0.61,148,0.469,0,3,20.0,7,5.0,5,6,3,4
CUST_06947,41.0,Mumbai,6.3,14,36482.15,2605.87,2.22,5,0.119,0,3,50.0,23,12.0,6,1,9,2
CUST_06948,37.0,Hyderabad,1.3,29,58372.05,2012.83,22.31,21,0.17,0,5,59.0,34,14.0,22,3,12,4
CUST_06949,47.0,Other,2.1,9,14805.35,1645.04,4.29,182,0.466,1,4,7.0,6,1.0,4,5,3,2
CUST_06950,34.0,Delhi,1.7,10,23137.38,2313.74,5.88,39,0.157,0,1,58.0,25,14.0,18,2,8,3
CUST_06951,18.0,Delhi,3.5,3,5664.27,1888.09,0.86,42,0.46,2,3,24.0,11,3.0,5,11,6,2
CUST_06952,18.0,Mumbai,0.6,9,10571.8,1174.64,15.0,18,0.699,3,4,44.0,17,18.0,14,8,10,0
CUST_06953,41.0,Chennai,6.3,6,5540.93,923.49,0.95,27,0.843,3,4,60.0,15,24.0,11,6,14,0
CUST_06954,28.0,Chennai,0.6,17,37067.63,2180.45,28.33,8,0.285,1,5,62.0,20,13.0,9,0,10,3
CUST_06955,38.0,Mumbai,4.9,6,13207.89,2201.32,1.22,72,0.577,2,6,16.0,7,5.0,6,9,3,3
CUST_06956,35.0,Bengaluru,1.6,20,47276.44,2363.82,12.5,11,0.248,0,4,55.0,20,8.0,8,6,11,3
CUST_06957,32.0,Chennai,3.5,5,6719.31,1343.86,1.43,38,0.946,2,5,44.0,20,15.0,24,7,6,2
CUST_06958,33.0,Bengaluru,3.0,3,4565.86,1521.95,1.0,99,0.65,1,1,18.0,6,5.0,6,3,5,1
CUST_06959,25.0,Chennai,0.4,2,3240.36,1620.18,5.0,19,0.322,1,4,16.0,7,6.0,5,4,5,6
CUST_06960,34.0,Ahmedabad,3.1,11,21351.18,1941.02,3.55,87,0.342,1,3,9.0,5,,1,5,1,2
CUST_06961,28.0,Chennai,1.1,21,19526.36,929.83,19.09,30,0.925,0,3,55.0,21,,14,7,21,1
CUST_06962,30.0,Hyderabad,0.4,31,55315.02,1784.36,77.5,6,0.608,2,1,82.0,40,14.0,17,6,12,2
CUST_06963,31.0,Jaipur,2.8,9,21680.2,2408.91,3.21,45,0.341,4,3,13.0,2,6.0,2,2,4,1
CUST_06964,32.0,Other,0.5,1,1874.95,1874.95,2.0,58,0.414,0,3,18.0,6,5.0,0,6,2,3
CUST_06965,43.0,Delhi,7.4,15,34699.8,2313.32,2.03,25,0.141,0,2,64.0,29,11.0,13,7,15,0
CUST_06966,,Mumbai,1.1,8,23673.48,2959.19,7.27,39,0.083,1,3,49.0,21,17.0,6,9,7,3
CUST_06967,44.0,Ahmedabad,2.9,3,1167.84,389.28,1.03,33,0.455,2,8,28.0,8,8.0,6,1,5,4
CUST_06968,49.0,Pune,2.7,17,30301.17,1782.42,6.3,8,0.179,1,4,73.0,30,13.0,21,0,8,4
CUST_06969,43.0,Other,5.0,5,8161.7,1632.34,1.0,133,0.718,1,3,21.0,7,7.0,3,4,2,2
CUST_06970,39.0,Mumbai,1.5,12,7568.11,630.68,8.0,66,0.681,4,2,41.0,14,22.0,16,11,11,4
CUST_06971,37.0,Other,1.7,21,51535.46,2454.07,12.35,10,0.062,0,2,67.0,28,14.0,14,4,7,2
CUST_06972,43.0,Hyderabad,2.7,13,14836.26,1141.25,4.81,6,0.826,4,3,44.0,12,21.0,12,8,14,3
CUST_06973,35.0,Kolkata,1.2,15,34917.64,2327.84,12.5,14,0.352,3,3,49.0,18,13.0,11,2,4,1
CUST_06974,44.0,Delhi,1.7,20,38490.43,1924.52,11.76,15,0.605,0,1,51.0,36,16.0,18,1,6,3
CUST_06975,40.0,Other,1.3,10,8355.74,835.57,7.69,17,0.686,5,3,56.0,18,23.0,14,8,17,2
CUST_06976,30.0,Pune,3.2,26,47289.98,1818.85,8.12,10,0.403,1,5,70.0,34,11.0,15,6,8,0
CUST_06977,43.0,Pune,4.2,3,4300.0,1433.33,0.71,28,0.397,1,3,21.0,4,7.0,10,3,3,0
CUST_06978,35.0,Mumbai,5.4,4,3577.21,894.3,0.74,73,0.572,1,3,13.0,8,6.0,3,11,2,2
CUST_06979,33.0,Other,5.1,6,10281.55,1713.59,1.18,118,0.381,0,4,11.0,11,10.0,3,4,2,6
CUST_06980,29.0,Bengaluru,3.6,25,70626.73,2825.07,6.94,28,0.106,1,3,58.0,22,9.0,9,0,6,2
CUST_06981,36.0,Chennai,3.5,17,38144.96,2243.82,4.86,2,0.257,1,2,64.0,26,10.0,16,4,11,2
CUST_06982,44.0,Chennai,3.5,8,11261.22,1407.65,2.29,15,0.997,2,5,45.0,9,20.0,11,8,12,3
CUST_06983,43.0,Jaipur,2.4,9,16074.8,1786.09,3.75,30,0.828,2,2,7.0,7,1.0,2,1,1,2
CUST_06984,38.0,Chennai,0.9,5,8439.2,1687.84,5.56,157,0.226,1,4,19.0,7,5.0,9,3,4,2
CUST_06985,40.0,Hyderabad,6.5,2,1990.87,995.44,0.31,74,0.344,3,4,19.0,7,6.0,9,10,6,6
CUST_06986,47.0,Kolkata,3.5,24,59520.44,2480.02,6.86,4,0.123,0,3,61.0,25,12.0,13,2,14,0
CUST_06987,33.0,Kolkata,,29,55139.58,1901.36,6.74,6,0.406,4,2,65.0,25,13.0,15,5,7,4
CUST_06988,23.0,Pune,1.6,12,14267.88,1188.99,7.5,25,0.922,3,7,41.0,23,19.0,15,4,12,3
CUST_06989,47.0,Mumbai,9.3,22,50842.87,2311.04,2.37,22,0.183,1,5,58.0,32,12.0,19,0,9,3
CUST_06990,29.0,Mumbai,5.9,20,52400.63,2620.03,3.39,12,0.097,0,3,56.0,23,18.0,16,3,13,3
CUST_06991,27.0,Delhi,1.9,10,21868.11,2186.81,5.26,123,0.329,3,2,8.0,3,3.0,0,1,1,7
CUST_06992,18.0,Bengaluru,1.5,21,32200.38,1533.35,14.0,5,0.287,4,1,56.0,37,14.0,14,11,7,0
CUST_06993,,Hyderabad,4.3,24,36637.95,1526.58,5.58,29,0.364,0,5,64.0,33,14.0,20,1,8,2
CUST_06994,18.0,Other,2.4,23,54435.8,2366.77,9.58,11,0.161,2,3,61.0,25,13.0,14,1,7,2
CUST_06995,26.0,Delhi,3.2,12,19583.53,1631.96,3.75,58,0.631,3,4,9.0,6,4.0,1,5,1,2
CUST_06996,40.0,Kolkata,6.2,11,19027.11,1729.74,1.77,15,0.727,4,3,56.0,23,15.0,16,6,11,0
CUST_06997,41.0,Hyderabad,3.1,5,9480.31,1896.06,1.61,48,0.174,2,2,15.0,6,4.0,2,5,3,1
CUST_06998,27.0,Pune,2.3,7,7839.33,1119.9,3.04,106,0.504,3,5,10.0,0,2.0,3,1,4,2
CUST_06999,33.0,Hyderabad,3.6,17,22335.43,1313.85,4.72,8,0.147,1,4,70.0,37,11.0,18,3,7,5
CUST_07000,25.0,Other,0.7,3,5357.2,1785.73,4.29,90,0.119,0,3,21.0,7,4.0,4,3,2,0
CUST_07001,29.0,Mumbai,3.0,17,56224.61,3307.33,5.67,10,0.311,1,5,64.0,26,12.0,11,4,11,4
CUST_07002,37.0,Bengaluru,0.8,24,68800.8,2866.7,30.0,9,0.444,1,4,59.0,24,14.0,12,4,5,1
CUST_07003,29.0,Mumbai,4.1,3,4120.88,1373.63,0.73,33,0.488,0,3,19.0,7,4.0,3,4,5,0
CUST_07004,32.0,Delhi,2.4,2,2339.65,1169.83,0.83,91,0.123,2,4,20.0,8,4.0,6,5,3,3
CUST_07005,19.0,Hyderabad,7.3,31,48124.17,1552.39,4.25,5,0.128,1,5,76.0,36,15.0,18,2,19,2
CUST_07006,45.0,Ahmedabad,5.6,18,47379.15,2632.17,3.21,5,0.339,0,6,72.0,41,12.0,15,3,20,1
CUST_07007,39.0,Kolkata,3.1,10,16129.4,1612.94,3.23,22,0.898,4,5,42.0,22,28.0,12,10,17,2
CUST_07008,42.0,Bengaluru,7.7,14,37288.09,2663.43,1.82,21,0.1,1,1,47.0,35,13.0,15,2,8,4
CUST_07009,47.0,Other,1.8,13,22845.62,1757.36,7.22,14,0.097,2,1,73.0,25,10.0,16,2,9,1
CUST_07010,26.0,Delhi,1.1,22,27834.04,1265.18,20.0,5,0.503,1,3,70.0,32,11.0,13,5,8,1
CUST_07011,30.0,Kolkata,2.2,23,43595.71,1895.47,10.45,9,0.518,2,3,57.0,28,9.0,11,6,9,6
CUST_07012,18.0,Bengaluru,2.2,4,6474.37,1618.59,1.82,56,0.579,1,5,21.0,2,6.0,5,2,3,1
CUST_07013,65.0,Jaipur,2.3,17,31513.02,1853.71,7.39,13,0.178,1,2,75.0,30,13.0,18,4,12,4
CUST_07014,33.0,Ahmedabad,2.7,17,56138.17,3302.25,6.3,2,0.226,0,5,51.0,29,18.0,8,2,8,3
CUST_07015,44.0,Other,0.5,9,9921.82,1102.42,18.0,65,0.628,1,7,31.0,15,24.0,12,8,20,5
CUST_07016,22.0,Pune,1.4,6,15519.53,2586.59,4.29,365,0.387,2,6,9.0,3,4.0,1,1,1,3
CUST_07017,44.0,Chennai,1.8,29,50443.32,1739.42,16.11,37,0.152,1,3,68.0,28,4.0,14,4,9,4
CUST_07018,53.0,Kolkata,7.6,30,79195.32,2639.84,3.95,4,0.05,1,6,61.0,21,17.0,14,4,5,1
CUST_07019,33.0,Kolkata,1.7,22,33275.53,1512.52,12.94,4,0.238,1,1,61.0,32,18.0,13,3,6,2
CUST_07020,24.0,Bengaluru,1.9,7,9846.83,1406.69,3.68,47,0.432,1,2,15.0,4,5.0,7,9,4,1
CUST_07021,33.0,Mumbai,4.2,12,14902.03,1241.84,2.86,15,0.549,2,1,39.0,22,19.0,16,8,13,4
CUST_07022,18.0,Pune,2.2,4,3847.1,961.77,1.82,72,0.217,1,5,15.0,14,9.0,8,0,0,2
CUST_07023,34.0,Delhi,8.9,12,19119.64,1593.3,1.35,106,0.307,2,4,14.0,7,2.0,2,1,1,3
CUST_07024,42.0,Jaipur,4.5,5,7809.51,1561.9,1.11,57,0.799,0,6,19.0,4,7.0,6,5,0,1
CUST_07025,34.0,Ahmedabad,4.0,15,23643.69,1576.25,3.75,31,0.985,3,8,40.0,20,13.0,14,9,11,3
CUST_07026,31.0,Mumbai,0.6,5,5122.3,1024.46,8.33,67,0.898,0,3,47.0,10,24.0,12,15,10,3
CUST_07027,39.0,Other,3.3,17,53396.24,3140.96,5.15,13,0.01,0,5,48.0,22,16.0,10,6,7,5
CUST_07028,40.0,Pune,2.9,10,11284.74,1128.47,3.45,78,0.427,0,5,9.0,4,3.0,3,3,1,3
CUST_07029,18.0,Bengaluru,5.1,18,37979.68,2109.98,3.53,12,0.349,0,3,70.0,27,10.0,18,5,11,5
CUST_07030,35.0,Pune,4.1,25,52567.62,2102.7,6.1,12,0.113,1,4,58.0,30,10.0,15,0,9,2
CUST_07031,58.0,Jaipur,3.7,4,6402.57,1600.64,1.08,50,0.227,0,3,19.0,4,9.0,5,1,1,4
CUST_07032,21.0,Kolkata,3.4,30,78457.89,2615.26,8.82,15,0.159,0,4,66.0,49,11.0,14,2,9,2
CUST_07033,33.0,Delhi,1.7,7,5551.33,793.05,4.12,57,0.591,1,4,47.0,14,15.0,15,9,13,1
CUST_07034,53.0,Chennai,1.1,19,16360.63,861.09,17.27,16,0.823,4,4,55.0,16,12.0,10,8,12,0
CUST_07035,45.0,Pune,3.5,12,10293.71,857.81,3.43,88,0.809,0,4,55.0,17,32.0,15,13,10,3
CUST_07036,29.0,Delhi,1.2,6,9579.84,1596.64,5.0,10,0.477,1,5,16.0,11,10.0,9,1,2,2
CUST_07037,36.0,Delhi,2.7,33,62597.41,1896.89,12.22,27,0.252,0,3,67.0,30,15.0,15,4,8,2
CUST_07038,34.0,Pune,6.8,16,14598.39,912.4,2.35,51,0.785,2,4,35.0,20,25.0,13,7,5,0
CUST_07039,27.0,Jaipur,7.7,13,8609.47,662.27,1.69,26,0.825,4,3,39.0,20,17.0,14,8,11,4
CUST_07040,33.0,Chennai,2.2,3,3533.58,1177.86,1.36,112,0.315,1,4,21.0,5,6.0,9,5,2,3
CUST_07041,31.0,Pune,5.4,1,911.89,911.89,0.19,36,0.347,0,5,19.0,4,10.0,4,5,3,1
CUST_07042,35.0,Pune,2.7,25,40711.14,1628.45,9.26,29,0.265,0,4,72.0,31,6.0,19,2,11,4
CUST_07043,27.0,Mumbai,1.1,6,12317.0,2052.83,5.45,42,0.29,1,4,15.0,7,9.0,4,5,7,1
CUST_07044,21.0,Delhi,2.7,27,61667.7,2283.99,10.0,25,0.052,0,1,55.0,18,19.0,12,3,15,2
CUST_07045,34.0,Bengaluru,10.0,3,7704.03,2568.01,0.3,183,0.306,2,5,15.0,2,4.0,3,2,2,1
CUST_07046,51.0,Pune,3.9,35,89178.82,2547.97,8.97,4,0.221,3,4,59.0,34,7.0,11,4,12,4
CUST_07047,35.0,Chennai,1.3,4,4952.39,1238.1,3.08,145,0.167,0,5,17.0,5,6.0,7,6,2,4
CUST_07048,31.0,Bengaluru,3.4,22,46661.18,2120.96,6.47,11,0.409,2,5,46.0,32,9.0,9,6,7,2
CUST_07049,42.0,Delhi,4.6,26,22780.12,876.16,5.65,3,0.267,2,4,75.0,26,17.0,16,7,9,3
CUST_07050,32.0,Other,5.3,13,19147.74,1472.9,2.45,10,0.775,1,4,36.0,21,24.0,17,2,9,3
CUST_07051,53.0,Pune,2.2,12,25082.7,2090.23,5.45,30,0.436,0,6,7.0,9,6.0,1,2,4,3
CUST_07052,34.0,Delhi,7.8,12,13057.03,1088.09,1.54,12,0.636,0,3,48.0,18,26.0,12,11,8,5
CUST_07053,41.0,Delhi,2.5,9,19549.18,2172.13,3.6,40,0.304,1,5,10.0,8,3.0,0,2,5,5
CUST_07054,26.0,Pune,3.5,10,8445.76,844.58,2.86,44,0.718,2,6,48.0,13,16.0,12,11,8,4
CUST_07055,39.0,Pune,0.6,14,11802.75,843.05,23.33,6,0.95,5,2,44.0,9,20.0,3,6,16,1
CUST_07056,37.0,Delhi,6.4,17,48487.25,2852.19,2.66,2,0.258,1,4,52.0,19,12.0,3,7,13,3
CUST_07057,33.0,Jaipur,0.9,1,1876.96,1876.96,1.11,57,0.354,0,3,23.0,7,8.0,5,6,1,3
CUST_07058,29.0,Kolkata,4.4,19,14898.96,784.16,4.32,1,0.378,2,2,64.0,36,10.0,16,7,12,4
CUST_07059,28.0,Chennai,1.9,9,21907.67,2434.19,4.74,138,0.445,1,1,11.0,6,5.0,2,1,1,6
CUST_07060,37.0,Bengaluru,1.0,9,19801.06,2200.12,9.0,73,0.613,0,2,11.0,4,5.0,1,3,4,1
CUST_07061,40.0,Bengaluru,2.0,12,28680.02,2390.0,6.0,105,0.525,2,5,9.0,5,3.0,2,0,4,0
CUST_07062,33.0,Pune,0.6,8,9958.99,1244.87,13.33,50,0.603,2,2,39.0,11,18.0,13,13,13,2
CUST_07063,37.0,Mumbai,1.5,3,2822.22,940.74,2.0,65,0.179,2,3,17.0,12,9.0,6,3,3,2
CUST_07064,34.0,Delhi,1.7,4,1000.0,250.0,2.35,57,0.454,1,3,18.0,11,4.0,7,6,2,2
CUST_07065,35.0,Bengaluru,1.0,17,31068.08,1827.53,17.0,2,0.16,0,5,49.0,20,15.0,10,3,10,3
CUST_07066,32.0,Mumbai,3.3,11,8485.06,771.37,3.33,84,0.818,2,2,56.0,14,24.0,14,9,11,0
CUST_07067,34.0,Mumbai,2.6,15,41382.11,2758.81,5.77,8,0.176,0,4,55.0,27,7.0,12,4,12,1
CUST_07068,61.0,Pune,3.3,5,8789.75,1757.95,1.52,37,0.718,3,2,46.0,12,22.0,12,11,15,3
CUST_07069,37.0,Delhi,1.7,18,42355.12,2353.06,10.59,27,0.092,2,7,43.0,26,14.0,7,4,9,2
CUST_07070,40.0,Delhi,2.3,20,53305.27,2665.26,8.7,15,0.117,2,6,55.0,20,19.0,16,1,12,4
CUST_07071,38.0,Mumbai,0.9,21,27409.58,1305.22,23.33,7,0.196,2,1,56.0,32,10.0,12,2,11,2
CUST_07072,31.0,Pune,1.6,20,55766.3,2788.32,12.5,14,0.238,1,5,53.0,36,11.0,13,2,11,1
CUST_07073,47.0,Pune,0.9,1,2285.69,2285.69,1.11,79,0.245,2,3,16.0,7,6.0,3,6,3,1
CUST_07074,31.0,Mumbai,2.1,21,54394.6,2590.22,10.0,29,0.197,3,1,59.0,27,14.0,13,8,7,2
CUST_07075,45.0,Delhi,1.6,9,8420.66,935.63,5.62,22,0.45,1,5,54.0,19,21.0,9,12,9,0
CUST_07076,31.0,Mumbai,4.4,19,54673.88,2877.57,4.32,12,0.509,0,1,54.0,33,19.0,14,1,9,2
CUST_07077,24.0,Chennai,4.7,5,5567.41,1113.48,1.06,12,0.825,3,3,57.0,13,25.0,8,7,15,2
CUST_07078,38.0,Delhi,3.0,1,1117.65,1117.65,0.33,68,0.449,0,2,10.0,7,4.0,4,9,2,1
CUST_07079,23.0,Delhi,4.6,9,5465.66,607.3,1.96,26,0.717,4,4,47.0,18,17.0,10,4,11,1
CUST_07080,39.0,Mumbai,3.2,3,3876.05,1292.02,0.94,180,0.651,0,3,19.0,4,10.0,7,6,3,1
CUST_07081,22.0,Pune,1.8,20,46677.02,2333.85,11.11,2,0.282,1,5,78.0,33,9.0,12,2,6,4
CUST_07082,31.0,Pune,2.8,7,5517.77,788.25,2.5,5,0.303,0,4,19.0,5,4.0,5,1,2,4
CUST_07083,20.0,Other,7.0,20,35461.37,1773.07,2.86,7,0.297,2,5,63.0,27,10.0,18,7,8,3
CUST_07084,62.0,Ahmedabad,5.1,13,11148.98,857.61,2.55,41,0.866,1,5,46.0,18,24.0,10,7,10,1
CUST_07085,18.0,Mumbai,2.7,5,5927.47,1185.49,1.85,10,0.589,1,4,20.0,5,5.0,3,6,1,2
CUST_07086,34.0,Hyderabad,0.6,25,92951.29,3718.05,41.67,5,0.241,1,4,50.0,20,14.0,9,4,6,3
CUST_07087,45.0,Pune,8.5,6,6700.64,1116.77,0.71,104,0.224,0,2,14.0,10,6.0,2,5,1,1
CUST_07088,44.0,Mumbai,2.4,14,17844.54,1274.61,5.83,35,0.95,5,3,52.0,20,17.0,12,6,13,0
CUST_07089,43.0,Chennai,5.6,25,43180.22,1727.21,4.46,1,0.232,3,4,61.0,35,8.0,24,4,8,4
CUST_07090,31.0,Mumbai,2.7,16,57753.64,3609.6,5.93,12,0.678,3,4,47.0,18,21.0,17,3,8,5
CUST_07091,48.0,Bengaluru,0.5,20,60168.17,3008.41,40.0,36,0.131,0,2,52.0,15,7.0,12,3,5,1
CUST_07092,43.0,Chennai,6.1,17,42639.43,2508.2,2.79,110,0.524,6,3,11.0,3,2.0,3,3,1,1
CUST_07093,36.0,Hyderabad,3.3,9,16267.32,1807.48,2.73,33,0.312,0,4,23.0,9,7.0,4,2,4,5
CUST_07094,36.0,Other,0.7,14,33998.54,2428.47,20.0,7,0.152,0,4,45.0,26,17.0,12,2,9,6
CUST_07095,31.0,Ahmedabad,2.2,31,38027.64,1226.7,14.09,1,0.491,1,5,62.0,32,13.0,25,9,7,5
CUST_07096,25.0,Kolkata,3.3,12,16169.54,1347.46,3.64,60,0.9,1,4,47.0,18,17.0,14,8,12,3
CUST_07097,46.0,Delhi,3.1,1,1857.69,1857.69,0.32,120,0.403,1,3,18.0,8,,7,4,1,1
CUST_07098,47.0,Mumbai,5.1,20,53886.1,2694.3,3.92,8,0.042,5,1,48.0,34,14.0,13,5,10,3
CUST_07099,25.0,Kolkata,3.3,18,35866.85,1992.6,5.45,6,0.236,2,2,63.0,23,8.0,10,6,13,0
CUST_07100,32.0,Other,2.8,4,8191.81,2047.95,1.43,30,0.687,4,3,14.0,4,3.0,2,2,3,4
CUST_07101,33.0,Delhi,1.1,18,43222.22,2401.23,16.36,11,0.08,0,3,55.0,29,16.0,12,3,9,4
CUST_07102,34.0,Other,8.0,30,76562.25,2552.07,3.75,12,0.359,1,2,73.0,41,12.0,22,4,10,1
CUST_07103,35.0,Mumbai,2.2,11,18876.62,1716.06,5.0,176,0.368,2,3,9.0,4,1.0,2,0,4,1
CUST_07104,43.0,Delhi,1.7,9,12888.43,1432.05,5.29,16,0.57,1,3,51.0,18,22.0,15,11,6,3
CUST_07105,27.0,Mumbai,1.2,21,32867.83,1565.13,17.5,15,0.376,1,4,62.0,28,13.0,15,8,7,1
CUST_07106,26.0,Bengaluru,1.5,10,22320.7,,6.67,7,0.182,0,2,63.0,28,14.0,7,0,9,3
CUST_07107,46.0,Ahmedabad,,21,34094.34,1623.54,4.38,24,0.127,0,4,58.0,27,12.0,8,1,11,1
CUST_07108,29.0,Delhi,0.8,30,50424.16,1680.81,37.5,14,0.104,2,1,76.0,25,11.0,15,6,12,4
CUST_07109,21.0,Other,2.0,7,9604.86,1372.12,3.5,136,0.588,0,4,6.0,6,6.0,0,3,1,2
CUST_07110,29.0,Hyderabad,0.5,19,43598.08,2294.64,38.0,11,0.269,1,4,88.0,28,12.0,18,5,10,3
CUST_07111,31.0,Bengaluru,1.4,3,2799.34,933.11,2.14,127,0.162,1,1,25.0,3,6.0,6,6,3,2
CUST_07112,50.0,Ahmedabad,1.7,7,10962.87,1566.12,4.12,66,0.633,0,5,14.0,6,4.0,0,4,1,3
CUST_07113,43.0,Mumbai,1.5,26,56940.78,2190.03,17.33,6,0.267,1,4,71.0,32,10.0,12,4,4,2
CUST_07114,,Kolkata,1.2,21,52207.29,2486.06,17.5,4,0.111,2,5,53.0,27,15.0,13,4,13,0
CUST_07115,42.0,Pune,6.6,6,4885.47,814.24,0.91,14,0.986,3,2,47.0,16,22.0,11,8,13,1
CUST_07116,43.0,Delhi,1.7,14,23557.48,1682.68,8.24,127,0.656,1,2,9.0,1,4.0,2,1,0,2
CUST_07117,27.0,Hyderabad,4.7,1,1037.97,1037.97,0.21,67,0.255,1,4,18.0,7,6.0,7,10,1,3
CUST_07118,32.0,Other,1.8,24,65711.46,2737.98,13.33,6,0.389,0,4,51.0,20,13.0,13,5,6,1
CUST_07119,24.0,Hyderabad,1.0,5,7401.7,1480.34,5.0,80,0.697,1,3,23.0,3,5.0,6,7,0,7
CUST_07120,32.0,Chennai,4.2,13,14723.42,1132.57,3.1,67,0.807,2,3,56.0,19,20.0,14,5,11,1
CUST_07121,41.0,Kolkata,5.5,6,11420.64,1903.44,1.09,78,0.17,3,2,9.0,4,3.0,2,0,1,2
CUST_07122,35.0,Pune,0.9,19,55209.15,2905.74,21.11,19,0.146,0,3,62.0,23,10.0,11,3,5,3
CUST_07123,47.0,Ahmedabad,3.9,11,12769.06,1160.82,2.82,87,0.826,3,2,42.0,12,20.0,16,8,8,0
CUST_07124,23.0,Bengaluru,2.2,13,33499.73,2576.9,5.91,189,0.501,0,5,17.0,2,1.0,6,1,3,0
CUST_07125,39.0,Mumbai,8.8,20,37035.61,1851.78,2.27,22,0.519,2,3,58.0,40,14.0,11,2,14,4
CUST_07126,22.0,Delhi,5.2,18,23003.67,1277.98,3.46,7,0.614,5,4,44.0,17,22.0,9,11,11,7
CUST_07127,35.0,Pune,7.1,25,66410.09,2656.4,3.52,6,0.305,0,2,56.0,31,9.0,10,3,9,1
CUST_07128,41.0,Pune,1.9,21,35675.96,1698.86,11.05,5,0.132,0,1,67.0,36,11.0,10,6,11,1
CUST_07129,32.0,Delhi,7.4,30,54492.46,1816.42,4.05,8,0.192,1,3,68.0,33,11.0,10,5,8,6
CUST_07130,40.0,Pune,4.5,11,17352.89,1577.54,2.44,234,0.492,5,5,8.0,5,3.0,1,1,5,2
CUST_07131,24.0,Chennai,3.0,30,56683.26,1889.44,10.0,10,0.366,1,4,69.0,37,18.0,16,6,11,1
CUST_07132,18.0,Hyderabad,4.2,16,18528.8,1158.05,3.81,8,0.841,1,4,55.0,14,26.0,12,11,8,3
CUST_07133,40.0,Chennai,1.2,2,2526.24,1263.12,1.67,65,0.327,0,3,24.0,7,4.0,5,4,0,1
CUST_07134,51.0,Delhi,3.0,21,47310.35,2252.87,7.0,22,0.144,0,6,60.0,26,20.0,14,2,7,5
CUST_07135,24.0,Kolkata,2.1,10,14969.45,1496.94,4.76,36,0.923,4,2,52.0,17,23.0,13,9,12,0
CUST_07136,46.0,Mumbai,5.5,5,10778.61,2155.72,0.91,116,0.378,0,4,11.0,11,3.0,6,6,6,4
CUST_07137,34.0,Hyderabad,0.3,7,13566.13,1938.02,23.33,58,0.503,7,5,10.0,5,5.0,3,1,3,1
CUST_07138,21.0,Pune,3.0,6,6583.44,1097.24,2.0,65,0.751,0,1,15.0,6,5.0,5,3,5,3
CUST_07139,23.0,Bengaluru,1.9,3,2450.4,816.8,1.58,40,0.204,0,3,16.0,3,3.0,6,1,3,1
CUST_07140,34.0,Delhi,7.9,21,49367.85,2350.85,2.66,8,0.083,1,2,56.0,27,11.0,12,1,5,2
CUST_07141,30.0,Ahmedabad,2.4,10,22381.21,2238.12,4.17,130,0.603,3,2,7.0,2,2.0,1,1,0,1
CUST_07142,21.0,Jaipur,2.2,14,42864.57,3061.76,6.36,23,0.079,1,3,56.0,20,19.0,9,4,8,4
CUST_07143,18.0,Kolkata,3.0,6,12093.52,2015.59,2.0,128,0.361,3,2,19.0,7,2.0,4,2,1,4
CUST_07144,26.0,Mumbai,4.3,33,59857.95,1813.88,7.67,7,0.458,3,2,67.0,31,5.0,13,4,9,3
CUST_07145,36.0,Pune,0.6,7,12077.52,1725.36,11.67,79,0.559,6,2,6.0,3,2.0,3,2,0,1
CUST_07146,34.0,Other,0.9,2,3467.59,1733.79,2.22,31,0.566,0,4,20.0,8,6.0,8,3,3,1
CUST_07147,29.0,Bengaluru,7.9,2,500.0,250.0,0.25,41,0.332,0,5,17.0,5,7.0,1,4,3,4
CUST_07148,36.0,Other,3.1,27,52312.11,1937.49,8.71,1,0.183,3,4,74.0,32,7.0,12,4,9,1
CUST_07149,44.0,Delhi,10.0,15,17439.68,1162.65,1.5,22,0.902,2,2,39.0,13,19.0,11,13,15,3
CUST_07150,38.0,Other,,5,5792.35,1158.47,3.85,43,0.953,3,3,39.0,9,20.0,10,9,18,3
CUST_07151,33.0,Other,3.9,1,1191.24,1191.24,0.26,25,0.173,3,2,14.0,4,2.0,6,8,2,1
CUST_07152,43.0,Chennai,3.1,29,50610.41,1745.19,9.35,27,0.417,1,1,50.0,16,18.0,12,1,11,3
CUST_07153,24.0,Mumbai,6.5,3,3756.58,1252.19,0.46,157,0.31,3,3,9.0,6,3.0,7,3,3,1
CUST_07154,32.0,Delhi,0.7,12,22749.63,1895.8,17.14,177,0.543,0,5,12.0,5,1.0,3,2,0,2
CUST_07155,32.0,Other,7.9,22,50157.97,2279.91,2.78,2,0.179,1,2,59.0,33,15.0,11,3,15,1
CUST_07156,22.0,Jaipur,2.9,5,6242.45,1248.49,1.72,88,0.153,1,4,17.0,9,8.0,2,4,4,2
CUST_07157,30.0,Pune,2.5,12,10162.2,846.85,4.8,6,0.978,2,4,44.0,17,19.0,10,7,9,2
CUST_07158,18.0,Delhi,3.9,7,13448.84,1921.26,1.79,8,0.6,1,2,41.0,17,18.0,15,5,11,5
CUST_07159,53.0,Ahmedabad,2.4,17,38151.17,2244.19,7.08,8,0.344,3,4,63.0,33,14.0,17,9,11,6
CUST_07160,25.0,Hyderabad,3.0,11,9345.27,849.57,3.67,6,0.947,0,6,40.0,24,22.0,21,5,8,5
CUST_07161,50.0,Ahmedabad,5.9,3,4982.77,1660.92,0.51,96,0.296,0,4,16.0,9,7.0,8,8,4,2
CUST_07162,34.0,Ahmedabad,1.2,25,53591.67,2143.67,20.83,7,0.358,2,3,69.0,25,10.0,9,8,9,1
CUST_07163,40.0,Other,,7,10871.23,1553.03,1.84,52,0.338,2,5,19.0,10,5.0,5,3,1,3
CUST_07164,29.0,Mumbai,3.9,2,3068.4,1534.2,0.51,102,0.204,0,4,17.0,5,6.0,9,7,1,1
CUST_07165,36.0,Mumbai,8.2,6,16990.7,2831.78,0.73,172,0.479,1,5,20.0,7,11.0,3,5,5,0
CUST_07166,41.0,Mumbai,2.1,13,30488.69,2345.28,6.19,10,0.364,0,3,58.0,25,11.0,8,3,14,4
CUST_07167,41.0,Other,0.2,6,9692.22,1615.37,30.0,58,0.528,0,1,8.0,4,4.0,5,4,3,2
CUST_07168,42.0,Bengaluru,1.9,6,6847.93,1141.32,3.16,27,0.851,4,3,27.0,12,29.0,10,8,5,1
CUST_07169,30.0,Mumbai,1.5,29,60964.81,2102.23,19.33,20,0.282,1,2,69.0,33,17.0,15,5,8,0
CUST_07170,29.0,Delhi,7.3,34,81571.0,2399.15,4.66,16,0.692,2,3,58.0,29,19.0,18,4,10,5
CUST_07171,18.0,Delhi,0.2,9,12667.72,1407.52,45.0,84,0.803,3,4,46.0,23,23.0,13,2,19,4
CUST_07172,39.0,Ahmedabad,5.3,5,9422.38,1884.48,0.94,296,0.304,2,2,9.0,9,3.0,3,2,1,2
CUST_07173,45.0,Kolkata,3.5,15,29146.16,1943.08,4.29,9,0.522,5,4,75.0,29,13.0,22,7,15,2
CUST_07174,50.0,Chennai,0.9,2,3348.37,1674.18,2.22,59,0.781,0,4,10.0,10,1.0,7,6,2,3
CUST_07175,37.0,Mumbai,3.6,20,52233.56,2611.68,5.56,16,0.519,2,3,61.0,26,19.0,15,5,8,1
CUST_07176,26.0,Other,0.5,11,17032.21,1548.38,22.0,42,0.877,2,3,55.0,14,24.0,10,12,13,2
CUST_07177,18.0,Pune,4.4,13,24706.75,1900.52,2.95,137,0.309,0,3,9.0,6,6.0,1,2,2,1
CUST_07178,44.0,Hyderabad,2.5,3,3083.57,1027.86,1.2,80,0.445,0,6,18.0,3,7.0,6,5,3,1
CUST_07179,18.0,Mumbai,0.3,20,36879.12,1843.96,66.67,24,0.224,1,1,57.0,41,14.0,12,6,12,1
CUST_07180,31.0,Mumbai,0.8,7,8287.34,1183.91,8.75,37,0.787,1,2,41.0,16,17.0,7,6,16,1
CUST_07181,32.0,Mumbai,4.5,26,29393.51,1130.52,5.78,31,0.349,1,3,51.0,23,7.0,15,4,13,3
CUST_07182,33.0,Hyderabad,8.5,21,35447.8,1687.99,2.47,16,0.213,1,3,69.0,28,6.0,15,2,7,0
CUST_07183,34.0,Hyderabad,8.6,4,8088.68,2022.17,0.47,96,0.379,1,6,16.0,7,5.0,1,2,1,2
CUST_07184,35.0,Mumbai,5.5,8,19576.18,2447.02,1.45,108,0.418,0,4,19.0,6,3.0,2,8,5,2
CUST_07185,18.0,Delhi,0.7,12,15594.26,1299.52,17.14,29,0.373,0,4,82.0,30,11.0,11,1,6,0
CUST_07186,34.0,Jaipur,6.1,9,12777.43,1419.71,1.48,209,0.33,2,3,10.0,4,5.0,0,4,4,1
CUST_07187,18.0,Mumbai,9.3,12,12745.03,1062.09,1.29,33,0.45,2,3,49.0,18,19.0,13,3,5,1
CUST_07188,41.0,Pune,7.2,29,48358.05,1667.52,4.03,32,0.339,2,4,63.0,30,12.0,11,4,16,0
CUST_07189,28.0,Bengaluru,3.5,17,18489.29,1087.61,4.86,23,0.72,1,4,36.0,26,18.0,16,3,14,3
CUST_07190,18.0,Ahmedabad,1.1,4,6127.61,1531.9,3.64,33,0.906,2,5,47.0,17,21.0,9,10,11,1
CUST_07191,26.0,Pune,5.9,11,16811.3,1528.3,1.86,43,0.914,3,3,52.0,31,25.0,21,13,18,2
CUST_07192,28.0,Other,2.6,14,16914.82,1208.2,5.38,52,0.832,2,4,38.0,23,17.0,9,17,10,3
CUST_07193,46.0,Delhi,2.6,6,7232.32,1205.39,2.31,50,0.757,6,4,59.0,24,25.0,13,18,8,2
CUST_07194,36.0,Delhi,2.8,18,43107.77,2394.88,6.43,5,0.176,0,5,59.0,24,12.0,11,0,4,5
CUST_07195,37.0,Mumbai,2.8,3,1754.89,584.96,1.07,87,0.424,0,6,13.0,6,1.0,6,6,4,4
CUST_07196,46.0,Chennai,1.0,8,5801.93,725.24,8.0,18,0.764,4,2,49.0,19,24.0,13,6,7,1
CUST_07197,33.0,Pune,2.1,13,23931.55,1840.89,6.19,27,0.208,0,6,61.0,32,16.0,5,1,4,3
CUST_07198,42.0,Hyderabad,7.9,2,1245.33,622.66,0.25,111,0.145,0,4,22.0,8,9.0,9,10,5,2
CUST_07199,41.0,Pune,2.7,10,10971.7,1097.17,3.7,115,0.612,4,2,11.0,3,1.0,1,1,2,6
CUST_07200,21.0,Delhi,2.0,10,14943.07,1494.31,5.0,285,0.364,1,4,11.0,3,6.0,2,2,3,3
CUST_07201,49.0,Jaipur,1.3,29,51297.89,1768.89,22.31,13,0.437,0,4,64.0,38,13.0,16,4,8,2
CUST_07202,20.0,Kolkata,1.2,18,55214.71,3067.48,15.0,26,0.039,2,2,56.0,27,13.0,4,5,11,5
CUST_07203,43.0,Mumbai,4.5,11,15203.15,1382.1,2.44,26,0.86,2,4,47.0,13,21.0,19,6,13,5
CUST_07204,19.0,Hyderabad,3.4,20,63641.41,3182.07,5.88,19,0.387,0,2,60.0,34,13.0,7,3,8,0
CUST_07205,40.0,Hyderabad,3.2,13,24646.36,1895.87,4.06,55,0.596,2,4,8.0,6,1.0,3,2,3,2
CUST_07206,53.0,Mumbai,4.4,18,37914.98,2106.39,4.09,25,0.191,1,6,63.0,20,15.0,9,2,8,1
CUST_07207,32.0,Bengaluru,5.4,26,56952.61,,4.81,8,0.285,3,5,73.0,26,11.0,13,7,12,5
CUST_07208,31.0,Pune,2.9,20,27592.49,1379.62,6.9,24,0.259,0,2,69.0,34,22.0,12,4,8,5
CUST_07209,40.0,Bengaluru,4.9,20,42367.23,2118.36,4.08,23,0.218,2,2,66.0,36,13.0,13,4,8,6
CUST_07210,31.0,Kolkata,1.7,6,8722.57,1453.76,3.53,79,0.355,1,3,12.0,9,7.0,6,4,1,2
CUST_07211,52.0,Mumbai,5.9,16,17086.71,1067.92,2.71,78,0.833,2,4,60.0,23,24.0,14,3,19,3
CUST_07212,36.0,Mumbai,2.4,21,20913.01,995.86,8.75,26,0.055,0,4,54.0,23,10.0,10,3,13,3
CUST_07213,31.0,Pune,8.6,22,38818.57,1764.48,2.56,10,0.252,2,2,67.0,29,14.0,14,4,9,4
CUST_07214,29.0,Other,2.7,10,8488.21,848.82,3.7,33,0.768,2,4,44.0,17,18.0,13,11,9,1
CUST_07215,25.0,Kolkata,1.1,17,61198.54,3599.91,15.45,11,0.088,1,2,61.0,30,9.0,11,3,6,0
CUST_07216,28.0,Mumbai,3.5,4,1190.43,297.61,1.14,57,0.919,2,3,43.0,16,26.0,16,8,8,1
CUST_07217,30.0,Delhi,2.5,10,9450.88,945.09,4.0,45,0.838,3,3,38.0,14,22.0,16,10,8,4
CUST_07218,29.0,Pune,0.8,8,18487.1,2310.89,10.0,104,0.472,1,2,22.0,10,5.0,7,8,3,0
CUST_07219,27.0,Chennai,8.8,12,6474.6,539.55,1.36,144,0.497,5,2,,1,2.0,2,1,2,4
CUST_07220,55.0,Bengaluru,2.4,7,8615.49,1230.78,2.92,30,0.477,1,6,9.0,5,5.0,3,2,1,1
CUST_07221,24.0,Other,0.8,11,16863.48,1533.04,13.75,230,0.255,0,6,9.0,5,0.0,3,1,1,0
CUST_07222,35.0,Pune,2.5,24,33685.28,1403.55,9.6,4,0.155,1,4,65.0,50,16.0,16,8,15,4
CUST_07223,40.0,Hyderabad,1.7,20,47843.25,2392.16,11.76,2,0.125,3,5,,26,19.0,14,2,9,1
CUST_07224,40.0,Chennai,1.9,25,21923.49,876.94,13.16,8,0.46,1,7,67.0,35,18.0,12,3,6,3
CUST_07225,33.0,Ahmedabad,3.7,8,17244.49,2155.56,2.16,212,0.717,2,2,10.0,5,2.0,0,3,4,6
CUST_07226,32.0,Delhi,1.5,8,5901.76,737.72,5.33,109,0.412,5,7,11.0,1,2.0,2,1,6,2
CUST_07227,39.0,Chennai,5.3,10,10735.79,1073.58,1.89,64,0.413,4,2,14.0,6,5.0,2,0,0,1
CUST_07228,37.0,Delhi,1.7,27,57069.11,2113.67,15.88,1,0.164,1,7,53.0,29,18.0,12,3,8,4
CUST_07229,31.0,Bengaluru,1.3,6,11881.32,1980.22,4.62,30,0.717,5,1,7.0,6,4.0,0,2,3,2
CUST_07230,18.0,Jaipur,3.0,30,52745.2,1758.17,10.0,10,0.341,1,4,65.0,26,11.0,12,2,12,2
CUST_07231,29.0,Other,0.6,10,25442.93,2544.29,16.67,5,0.273,2,3,58.0,23,12.0,12,5,6,3
CUST_07232,23.0,Kolkata,2.5,8,9745.34,1218.17,3.2,11,0.907,2,1,44.0,16,20.0,8,9,14,3
CUST_07233,27.0,Delhi,2.2,15,41405.0,2760.33,6.82,17,0.056,1,3,62.0,26,15.0,17,2,4,2
CUST_07234,34.0,Ahmedabad,2.0,13,15302.75,1177.13,6.5,17,0.827,2,5,49.0,15,16.0,12,7,12,2
CUST_07235,38.0,Mumbai,1.0,23,42042.25,1827.92,23.0,18,0.395,1,3,69.0,37,16.0,12,4,9,4
CUST_07236,52.0,Mumbai,1.5,8,8722.82,1090.35,5.33,45,0.872,0,1,51.0,17,23.0,15,10,9,2
CUST_07237,29.0,Chennai,5.4,10,9018.14,901.81,1.85,35,0.872,3,1,45.0,19,25.0,23,8,11,6
CUST_07238,42.0,Delhi,1.3,7,15660.13,2237.16,5.38,226,0.549,1,5,7.0,7,3.0,0,4,1,2
CUST_07239,37.0,Other,6.0,2,1892.73,946.37,0.33,21,0.443,1,3,26.0,5,9.0,6,8,2,3
CUST_07240,47.0,Bengaluru,4.6,26,46692.64,1795.87,5.65,29,0.461,1,1,67.0,37,11.0,19,6,16,3
CUST_07241,40.0,Bengaluru,2.3,3,3710.24,1236.75,1.3,180,0.276,1,4,15.0,8,7.0,3,8,2,4
CUST_07242,24.0,Chennai,6.2,9,14028.21,1558.69,1.45,214,0.628,2,2,,5,4.0,2,1,2,3
CUST_07243,18.0,Kolkata,3.8,18,41140.22,2285.57,4.74,14,0.08,0,3,48.0,21,14.0,11,7,12,4
CUST_07244,37.0,Bengaluru,2.3,5,5154.66,1030.93,2.17,4,0.634,4,7,24.0,16,18.0,18,7,11,1
CUST_07245,29.0,Pune,1.4,21,44597.16,2123.67,15.0,20,0.263,2,3,60.0,28,13.0,16,7,13,2
CUST_07246,24.0,Kolkata,2.6,24,63962.28,2665.1,9.23,33,0.32,1,4,45.0,35,13.0,17,2,8,1
CUST_07247,21.0,Delhi,7.5,4,4000.3,1000.07,0.53,57,0.622,2,1,22.0,9,8.0,4,6,3,2
CUST_07248,36.0,Mumbai,2.6,4,3193.82,798.45,1.54,37,0.538,3,1,15.0,5,2.0,0,1,1,1
CUST_07249,49.0,Chennai,8.7,21,53346.08,2540.29,2.41,21,0.168,0,6,59.0,36,11.0,8,3,11,3
CUST_07250,30.0,Mumbai,1.9,6,7349.5,1224.92,3.16,13,0.536,1,2,21.0,5,3.0,0,5,5,1
CUST_07251,40.0,Other,5.1,9,18144.82,2016.09,1.76,291,0.51,0,3,12.0,5,4.0,2,3,2,6
CUST_07252,33.0,Chennai,7.4,13,21506.97,1654.38,1.76,186,0.737,2,3,7.0,6,4.0,1,0,0,0
CUST_07253,21.0,Other,2.1,28,60383.06,2156.54,13.33,17,0.172,1,4,60.0,33,11.0,10,4,9,5
CUST_07254,41.0,Delhi,1.4,7,11499.39,1642.77,5.0,193,0.432,0,2,17.0,5,4.0,3,2,2,1
CUST_07255,23.0,Other,0.2,32,70687.12,2208.97,160.0,23,0.302,1,2,63.0,31,13.0,10,6,7,3
CUST_07256,34.0,Mumbai,2.4,14,16382.75,1170.2,5.83,27,0.673,1,5,40.0,14,22.0,16,11,10,5
CUST_07257,31.0,Mumbai,4.4,16,36098.97,2256.19,3.64,12,0.149,0,3,51.0,24,18.0,13,4,9,2
CUST_07258,43.0,Mumbai,1.3,24,42802.19,1783.42,18.46,25,0.114,1,4,57.0,21,12.0,16,2,9,3
CUST_07259,23.0,Bengaluru,1.8,3,3158.01,1052.67,1.67,64,0.296,1,1,12.0,11,7.0,8,4,1,0
CUST_07260,38.0,Mumbai,3.4,11,14792.29,1344.75,3.24,67,0.963,1,6,35.0,15,23.0,11,5,14,1
CUST_07261,26.0,Bengaluru,4.9,28,47137.17,1683.47,5.71,10,0.162,1,3,65.0,42,6.0,15,4,7,7
CUST_07262,29.0,Delhi,3.4,14,45723.42,3265.96,4.12,36,0.104,2,5,45.0,22,15.0,18,4,9,0
CUST_07263,18.0,Delhi,1.3,3,2356.05,785.35,2.31,7,0.172,1,3,18.0,1,5.0,2,1,4,3
CUST_07264,55.0,Chennai,1.8,15,43234.74,2882.32,8.33,4,0.092,1,5,54.0,29,13.0,16,5,9,2
CUST_07265,40.0,Mumbai,1.4,6,10190.19,1698.37,4.29,5,0.447,1,1,19.0,8,7.0,2,6,3,7
CUST_07266,26.0,Kolkata,3.2,12,26591.39,2215.95,3.75,12,0.26,1,3,69.0,24,16.0,15,4,12,2
CUST_07267,23.0,Hyderabad,1.6,21,58860.43,2802.88,13.12,14,0.176,0,5,48.0,31,11.0,7,6,10,4
CUST_07268,29.0,Other,1.4,26,40385.13,1553.27,18.57,6,0.375,2,4,59.0,33,10.0,11,4,11,4
CUST_07269,41.0,Delhi,1.4,6,8421.61,1403.6,4.29,17,0.707,0,5,32.0,14,21.0,11,12,10,4
CUST_07270,18.0,Other,8.2,22,38295.56,1740.71,2.68,5,0.417,0,1,59.0,34,13.0,17,3,19,2
CUST_07271,33.0,Hyderabad,3.3,21,39543.07,1883.0,6.36,8,0.358,3,3,63.0,34,14.0,12,3,11,5
CUST_07272,52.0,Other,6.4,16,22851.55,1428.22,2.5,331,0.452,2,1,9.0,5,1.0,4,2,1,5
CUST_07273,23.0,Mumbai,6.1,7,14621.13,2088.73,1.15,126,0.755,0,3,24.0,7,7.0,3,8,3,2
CUST_07274,35.0,Kolkata,6.2,27,58464.69,2165.36,4.35,14,0.233,0,4,51.0,26,12.0,14,5,11,2
CUST_07275,56.0,Ahmedabad,5.4,20,37016.99,1850.85,3.7,16,0.454,1,1,66.0,36,13.0,16,8,7,3
CUST_07276,40.0,Mumbai,8.8,6,12712.23,2118.7,0.68,161,0.431,0,5,11.0,7,0.0,3,2,2,2
CUST_07277,35.0,Hyderabad,3.2,29,49326.2,1700.9,9.06,5,0.226,3,1,60.0,36,25.0,14,1,10,3
CUST_07278,39.0,Ahmedabad,3.3,17,43874.57,2580.86,5.15,45,0.341,3,3,53.0,25,17.0,11,0,7,2
CUST_07279,30.0,Hyderabad,3.4,3,4157.73,1385.91,0.88,87,0.478,0,3,12.0,11,8.0,2,4,4,2
CUST_07280,47.0,Mumbai,0.7,15,16356.69,1090.45,21.43,50,0.807,5,6,42.0,17,22.0,15,7,14,3
CUST_07281,30.0,Chennai,1.8,13,16623.98,1278.77,7.22,28,0.929,2,2,45.0,20,20.0,13,12,6,2
CUST_07282,18.0,Mumbai,5.6,13,37657.8,2896.75,2.32,38,0.172,1,3,61.0,23,10.0,12,2,12,4
CUST_07283,30.0,Ahmedabad,2.4,14,39647.87,2831.99,5.83,45,0.594,3,4,52.0,24,11.0,12,4,9,2
CUST_07284,24.0,Mumbai,5.5,6,4499.79,749.97,1.09,124,0.716,0,3,12.0,7,6.0,7,7,1,3
CUST_07285,31.0,Mumbai,2.6,23,34535.17,1501.53,8.85,7,0.292,1,3,61.0,40,11.0,14,4,7,2
CUST_07286,31.0,Pune,7.4,5,5775.56,1155.11,0.68,47,0.691,2,1,51.0,14,21.0,13,9,15,2
CUST_07287,46.0,Chennai,6.6,13,12006.74,923.6,1.97,30,0.813,0,4,42.0,17,23.0,14,9,12,1
CUST_07288,41.0,Other,1.3,23,26968.05,1172.52,17.69,13,0.359,1,2,60.0,37,12.0,13,8,8,3
CUST_07289,37.0,Mumbai,0.7,9,6273.62,697.07,12.86,46,0.505,0,4,12.0,4,4.0,2,2,3,1
CUST_07290,34.0,Mumbai,0.9,5,5254.11,1050.82,5.56,27,0.373,0,5,19.0,6,5.0,2,7,1,2
CUST_07291,23.0,Delhi,0.7,1,1377.48,1377.48,1.43,16,0.168,1,2,18.0,9,7.0,1,6,3,3
CUST_07292,18.0,Ahmedabad,3.8,21,50332.44,2396.78,5.53,4,0.549,1,1,60.0,23,14.0,13,1,10,2
CUST_07293,35.0,Bengaluru,3.6,20,60163.32,3008.17,5.56,9,0.098,3,3,64.0,30,15.0,12,4,10,5
CUST_07294,,Delhi,3.6,9,6405.2,711.69,2.5,16,0.758,0,3,54.0,18,26.0,16,10,12,3
CUST_07295,33.0,Hyderabad,3.2,19,49500.35,2605.28,5.94,8,0.115,0,2,64.0,19,19.0,9,3,13,2
CUST_07296,29.0,Pune,4.1,7,12381.12,1768.73,1.71,158,0.568,3,2,8.0,7,2.0,3,1,0,3
CUST_07297,39.0,Delhi,1.3,18,42056.81,2336.49,13.85,33,0.146,1,6,52.0,22,11.0,13,1,7,3
CUST_07298,33.0,Delhi,8.1,11,16346.37,1486.03,1.36,28,0.888,3,3,47.0,18,18.0,8,6,16,2
CUST_07299,51.0,Ahmedabad,4.3,22,56469.22,2566.78,5.12,29,0.193,3,6,84.0,24,9.0,13,2,6,1
CUST_07300,46.0,Other,1.1,3,6248.03,2082.68,2.73,19,0.405,2,1,25.0,9,10.0,4,2,2,2
CUST_07301,44.0,Kolkata,1.6,14,48127.47,3437.68,8.75,20,0.336,1,4,68.0,20,20.0,11,3,9,2
CUST_07302,42.0,Bengaluru,3.8,22,34678.6,1576.3,5.79,5,0.469,1,2,69.0,28,17.0,14,1,11,3
CUST_07303,21.0,Bengaluru,7.0,26,37813.77,1454.38,3.71,28,0.38,2,1,57.0,38,14.0,16,2,9,1
CUST_07304,41.0,Mumbai,1.6,6,11684.15,1947.36,3.75,36,0.224,2,2,15.0,5,4.0,2,0,1,3
CUST_07305,38.0,Kolkata,1.3,15,30569.41,2037.96,11.54,28,0.409,2,6,52.0,34,17.0,7,4,11,1
CUST_07306,40.0,Hyderabad,5.2,10,15475.96,1547.6,1.92,214,0.555,3,6,6.0,5,7.0,0,1,3,1
CUST_07307,39.0,Other,5.4,2,2100.17,1050.09,0.37,67,0.114,1,4,16.0,4,9.0,4,6,3,0
CUST_07308,39.0,Pune,,21,48020.29,2286.68,8.75,17,0.54,3,4,52.0,26,11.0,16,5,16,3
CUST_07309,61.0,Kolkata,1.4,2,2417.64,1208.82,1.43,73,0.284,0,3,17.0,6,9.0,3,2,2,4
CUST_07310,33.0,Chennai,1.9,17,47598.32,2799.9,8.95,10,0.338,0,1,67.0,24,15.0,13,4,14,3
CUST_07311,43.0,Pune,8.9,14,37702.83,2693.06,1.57,206,0.495,2,1,12.0,3,3.0,4,5,2,2
CUST_07312,29.0,Chennai,9.9,9,10916.73,1212.97,0.91,25,0.928,5,4,52.0,17,16.0,11,14,17,4
CUST_07313,42.0,Other,5.1,24,42059.18,1752.47,4.71,2,0.182,0,2,61.0,32,13.0,12,2,9,2
CUST_07314,43.0,Other,4.2,23,42946.28,1867.23,5.48,3,0.431,3,3,55.0,27,10.0,11,11,15,2
CUST_07315,38.0,Kolkata,2.5,17,56242.68,3308.39,6.8,6,0.316,1,1,43.0,23,11.0,10,3,12,3
CUST_07316,51.0,Mumbai,5.8,11,21012.87,1910.26,1.9,60,0.49,2,1,8.0,7,,1,0,1,0
CUST_07317,25.0,Jaipur,1.6,18,31481.86,1748.99,11.25,5,0.237,0,5,54.0,37,11.0,14,3,12,1
CUST_07318,29.0,Chennai,2.2,5,9668.48,1933.7,2.27,70,0.235,1,1,17.0,6,8.0,3,3,3,6
CUST_07319,36.0,Delhi,2.0,12,9174.4,764.53,6.0,59,0.972,4,4,41.0,13,26.0,9,7,10,2
CUST_07320,43.0,Pune,1.9,9,18125.92,2013.99,4.74,84,0.503,3,1,10.0,3,2.0,3,1,2,3
CUST_07321,36.0,Mumbai,0.9,18,38185.37,2121.41,20.0,3,0.229,3,3,,25,14.0,14,3,11,0
CUST_07322,47.0,Mumbai,0.5,12,18429.05,1535.75,24.0,16,0.801,4,4,53.0,21,18.0,9,5,11,1
CUST_07323,27.0,Kolkata,2.5,11,14297.53,1299.78,4.4,15,0.934,1,2,48.0,15,21.0,11,8,11,4
CUST_07324,23.0,Pune,7.0,4,6296.42,1574.11,0.57,60,0.356,1,5,,4,5.0,6,5,2,2
CUST_07325,37.0,Mumbai,5.6,21,71785.03,3418.33,3.75,26,0.09,1,1,50.0,20,17.0,12,1,8,4
CUST_07326,33.0,Delhi,3.6,42,144683.94,3444.8557142857144,5.83,8,0.155,2,3,52.0,20,15.0,9,1,15,5
CUST_07327,39.0,Bengaluru,2.8,28,60832.67,2172.6,10.0,1,0.381,3,4,64.0,27,15.0,16,5,10,1
CUST_07328,34.0,Mumbai,9.2,2,3037.85,1518.93,0.22,13,0.773,0,1,25.0,9,8.0,3,7,4,5
CUST_07329,31.0,Mumbai,4.0,15,35485.53,2365.7,3.75,2,0.198,1,1,64.0,10,10.0,20,0,4,2
CUST_07330,33.0,Pune,1.8,14,27237.6,1945.54,7.78,51,0.929,0,1,48.0,17,21.0,10,13,16,1
CUST_07331,34.0,Chennai,2.8,23,45813.44,1991.89,8.21,2,0.303,0,3,62.0,34,11.0,17,5,9,3
CUST_07332,31.0,Mumbai,6.6,15,21756.98,1450.47,2.27,133,0.58,1,6,12.0,7,3.0,1,1,3,2
CUST_07333,32.0,Hyderabad,0.5,4,4071.2,1017.8,8.0,73,0.634,1,2,12.0,2,3.0,3,0,3,2
CUST_07334,30.0,Mumbai,6.0,17,24682.29,1451.9,2.83,44,0.827,2,5,47.0,15,29.0,10,6,16,4
CUST_07335,43.0,Pune,2.8,30,54276.02,1809.2,10.71,6,0.212,1,6,54.0,28,16.0,18,7,11,2
CUST_07336,36.0,Delhi,2.4,20,45117.11,2255.86,8.33,16,0.376,6,5,66.0,30,11.0,23,3,13,3
CUST_07337,57.0,Mumbai,1.6,21,57638.6,2744.7,13.12,6,0.063,1,5,54.0,25,18.0,12,3,6,2
CUST_07338,36.0,Mumbai,3.5,25,43983.77,1759.35,7.14,4,0.218,2,3,66.0,24,10.0,13,4,6,1
CUST_07339,28.0,Delhi,3.7,5,6376.07,1275.21,1.35,34,0.492,0,4,22.0,4,,11,7,4,3
CUST_07340,61.0,Delhi,2.9,12,13206.79,1100.57,4.14,25,0.72,3,6,52.0,16,20.0,16,9,22,3
CUST_07341,38.0,Kolkata,1.7,8,10973.13,1371.64,4.71,37,0.607,4,2,9.0,2,2.0,5,2,1,5
CUST_07342,44.0,Mumbai,4.2,24,41777.02,,5.71,10,0.553,2,2,54.0,23,9.0,17,3,17,2
CUST_07343,40.0,Jaipur,7.2,5,9721.14,1944.23,0.69,36,0.538,2,1,19.0,10,7.0,3,1,3,0
CUST_07344,40.0,Ahmedabad,6.9,11,9277.27,843.39,1.59,6,0.8,2,1,48.0,16,20.0,12,6,9,1
CUST_07345,39.0,Kolkata,1.8,6,4507.22,751.2,3.33,13,0.801,4,6,38.0,21,19.0,8,13,11,1
CUST_07346,23.0,Delhi,1.7,29,44785.43,1544.33,17.06,7,0.295,2,4,75.0,33,9.0,13,6,10,1
CUST_07347,38.0,Ahmedabad,3.1,10,12523.37,1252.34,3.23,35,0.879,3,3,49.0,17,22.0,12,7,13,0
CUST_07348,21.0,Pune,1.0,4,4973.23,1243.31,4.0,22,0.665,2,3,28.0,12,27.0,15,7,14,1
CUST_07349,32.0,Mumbai,3.9,3,1907.13,635.71,0.77,99,0.129,0,5,20.0,5,4.0,4,5,5,2
CUST_07350,27.0,Mumbai,1.8,10,13499.06,1349.91,5.56,80,0.65,1,4,7.0,5,6.0,3,3,1,1
CUST_07351,38.0,Other,1.6,28,55656.87,1987.75,17.5,22,0.377,1,4,61.0,31,6.0,13,2,9,3
CUST_07352,37.0,Delhi,5.7,17,37940.69,2231.81,2.98,15,0.323,2,6,62.0,28,13.0,16,4,9,3
CUST_07353,39.0,Other,1.1,10,10798.73,1079.87,9.09,13,0.744,1,4,52.0,14,25.0,10,8,18,6
CUST_07354,37.0,Pune,4.3,18,22344.7,1241.3722222222223,2.09,15,0.634,0,2,38.0,19,17.0,13,10,11,2
CUST_07355,28.0,Other,0.5,11,24061.96,2187.45,22.0,42,0.199,0,2,54.0,25,8.0,6,2,4,7
CUST_07356,31.0,Other,7.8,2,3422.14,1711.07,0.26,99,0.326,0,5,14.0,12,4.0,3,5,2,5
CUST_07357,43.0,Other,2.9,10,22676.3,2267.63,3.45,83,0.462,1,1,13.0,6,1.0,1,3,1,1
CUST_07358,45.0,Bengaluru,0.8,11,6112.78,555.71,13.75,53,0.258,1,6,9.0,5,1.0,1,0,4,3
CUST_07359,23.0,Jaipur,2.8,12,24408.73,2034.06,4.29,17,0.278,2,3,62.0,21,17.0,9,2,10,2
CUST_07360,19.0,Other,8.5,12,27501.52,2291.79,1.41,86,0.508,1,2,8.0,7,2.0,3,1,2,3
CUST_07361,27.0,Delhi,1.0,2,3918.76,1959.38,2.0,33,0.607,2,5,16.0,6,8.0,5,11,3,3
CUST_07362,44.0,Bengaluru,4.4,11,10574.45,961.31,2.5,35,0.898,3,4,48.0,21,20.0,14,6,12,2
CUST_07363,46.0,Kolkata,3.4,11,10593.39,963.04,3.24,7,0.813,3,3,44.0,23,12.0,16,12,10,2
CUST_07364,25.0,Delhi,1.8,8,6435.64,,4.44,30,0.259,2,4,21.0,5,6.0,4,4,2,4
CUST_07365,37.0,Kolkata,2.9,8,10120.59,1265.07,2.76,14,0.87,3,2,49.0,19,19.0,17,9,11,1
CUST_07366,52.0,Mumbai,2.9,31,51150.47,1650.02,10.69,13,0.385,0,5,65.0,29,22.0,13,7,9,3
CUST_07367,38.0,Bengaluru,0.4,12,10819.29,901.61,30.0,31,0.946,1,4,39.0,18,22.0,8,6,11,3
CUST_07368,48.0,Mumbai,1.4,12,14625.27,1218.77,8.57,9,0.834,2,3,44.0,19,24.0,17,7,17,1
CUST_07369,44.0,Delhi,2.0,16,55154.56,3447.16,8.0,6,0.089,0,5,50.0,23,13.0,14,0,7,5
CUST_07370,25.0,Pune,6.9,14,16211.77,1157.98,2.03,81,0.545,2,3,13.0,3,2.0,1,0,2,2
CUST_07371,32.0,Ahmedabad,10.0,5,10756.75,2151.35,0.5,85,0.275,2,3,25.0,5,4.0,6,2,6,3
CUST_07372,34.0,Pune,0.8,1,1372.01,1372.01,1.25,15,0.203,0,4,14.0,8,8.0,3,3,3,4
CUST_07373,35.0,Ahmedabad,4.8,11,27322.23,2483.84,2.29,7,0.337,2,2,56.0,25,16.0,8,3,11,1
CUST_07374,43.0,Ahmedabad,0.7,10,9860.61,986.06,14.29,15,0.874,2,1,50.0,21,15.0,19,11,15,2
CUST_07375,38.0,Bengaluru,9.0,17,32420.54,1907.09,1.89,12,0.069,2,7,50.0,22,17.0,16,0,12,2
CUST_07376,18.0,Pune,3.7,17,53027.85,3119.29,4.59,35,0.062,3,3,48.0,27,12.0,9,3,6,0
CUST_07377,21.0,Pune,2.4,20,15891.94,794.6,8.33,42,0.886,3,3,39.0,15,20.0,17,13,11,4
CUST_07378,18.0,Bengaluru,2.0,20,43828.48,2191.42,10.0,15,0.723,1,4,66.0,27,14.0,14,3,7,0
CUST_07379,36.0,Mumbai,2.7,12,12986.64,1082.22,4.44,37,0.714,4,3,45.0,18,19.0,11,7,13,0
CUST_07380,36.0,Hyderabad,1.6,14,41113.24,2936.66,8.75,25,0.079,3,3,63.0,27,14.0,8,3,9,3
CUST_07381,37.0,Other,2.2,25,19445.62,777.82,11.36,4,0.257,1,4,59.0,25,11.0,20,3,11,0
CUST_07382,24.0,Mumbai,1.0,21,58546.19,2787.91,21.0,24,0.346,0,3,65.0,33,15.0,16,4,6,1
CUST_07383,41.0,Hyderabad,4.0,10,21747.13,2174.71,2.5,66,0.188,3,1,11.0,5,1.0,2,2,2,5
CUST_07384,41.0,Other,2.0,7,7765.19,1109.31,3.5,39,0.889,2,4,37.0,22,11.0,13,12,11,2
CUST_07385,21.0,Jaipur,3.0,3,3854.08,1284.69,1.0,88,0.303,1,5,11.0,7,1.0,2,3,1,3
CUST_07386,19.0,Jaipur,6.3,23,32435.26,1410.23,3.65,3,0.255,0,3,67.0,25,10.0,13,8,6,2
CUST_07387,34.0,Ahmedabad,4.4,17,38604.14,2270.83,3.86,3,0.355,1,3,69.0,23,12.0,8,1,2,3
CUST_07388,52.0,Delhi,1.4,14,26240.44,1874.32,10.0,116,0.357,3,4,8.0,0,3.0,2,0,1,3
CUST_07389,51.0,Jaipur,4.1,23,57095.51,2482.41,5.61,9,0.4,3,2,57.0,29,14.0,16,6,3,1
CUST_07390,40.0,Other,3.2,22,27232.87,1237.86,6.88,9,0.56,4,3,66.0,31,13.0,17,5,11,2
CUST_07391,27.0,Bengaluru,0.4,2,2902.43,1451.21,5.0,64,0.519,3,2,13.0,7,11.0,3,1,2,3
CUST_07392,43.0,Delhi,4.2,23,55161.42,2398.32,5.48,2,0.195,1,2,40.0,30,17.0,13,3,10,2
CUST_07393,29.0,Bengaluru,2.9,3,3041.86,1013.95,1.03,52,0.513,0,4,12.0,7,3.0,1,5,6,1
CUST_07394,26.0,Delhi,1.9,9,11742.05,1304.67,4.74,6,0.794,3,3,32.0,18,19.0,12,8,8,4
CUST_07395,18.0,Pune,4.5,18,23822.9,1323.49,4.0,11,0.277,3,5,72.0,32,19.0,22,4,12,1
CUST_07396,35.0,Hyderabad,1.5,23,83634.91,3636.3,15.33,12,0.016,2,4,62.0,32,13.0,6,6,8,2
CUST_07397,28.0,Hyderabad,4.2,20,55851.82,2792.59,4.76,27,0.1,0,5,63.0,21,15.0,8,1,7,1
CUST_07398,35.0,Bengaluru,6.5,7,15676.68,2239.53,1.08,35,0.621,3,3,10.0,4,5.0,1,2,2,0
CUST_07399,18.0,Mumbai,1.1,2,2393.77,1196.88,1.82,41,0.263,0,4,15.0,6,3.0,4,6,3,3
CUST_07400,36.0,Ahmedabad,4.0,25,56884.57,2275.38,6.25,2,0.222,1,5,67.0,37,11.0,17,1,8,2
CUST_07401,18.0,Mumbai,0.2,15,35034.67,2335.64,75.0,30,0.275,1,4,46.0,25,11.0,10,2,10,3
CUST_07402,45.0,Mumbai,2.5,9,11490.41,1276.71,3.6,80,0.434,1,3,21.0,3,6.0,4,5,1,0
CUST_07403,39.0,Hyderabad,3.3,16,19325.66,1207.85,4.85,11,0.822,0,4,57.0,18,29.0,11,14,22,0
CUST_07404,,Delhi,1.8,28,37055.49,1323.41,15.56,7,0.222,1,3,69.0,24,15.0,12,4,11,1
CUST_07405,40.0,Mumbai,2.7,35,45255.55,1293.02,12.96,16,0.15,2,2,68.0,20,14.0,20,6,9,1
CUST_07406,24.0,Delhi,1.9,17,32729.03,1925.24,8.95,18,0.15,2,3,58.0,27,13.0,24,3,7,3
CUST_07407,35.0,Kolkata,1.2,1,1243.24,1243.24,0.83,63,0.288,0,1,26.0,10,4.0,3,5,3,1
CUST_07408,42.0,Hyderabad,4.9,12,20736.67,1728.06,2.45,96,0.363,2,4,12.0,6,0.0,1,1,6,0
CUST_07409,18.0,Delhi,0.7,15,44575.88,2971.73,21.43,2,0.201,0,3,50.0,21,12.0,13,4,12,3
CUST_07410,30.0,Pune,3.7,10,14244.81,1424.48,2.7,37,0.798,1,4,36.0,16,16.0,19,11,13,4
CUST_07411,34.0,Chennai,2.1,20,52378.19,2618.91,9.52,13,0.332,3,4,60.0,40,12.0,15,2,10,4
CUST_07412,32.0,Jaipur,2.7,9,12685.51,1409.5,3.33,10,0.611,1,4,54.0,13,15.0,12,12,10,2
CUST_07413,49.0,Chennai,3.5,23,46709.16,2030.83,6.57,4,0.297,2,5,69.0,32,11.0,16,4,7,0
CUST_07414,23.0,Ahmedabad,5.8,4,3512.64,878.16,0.69,66,0.239,0,3,23.0,3,3.0,4,2,2,4
CUST_07415,28.0,Bengaluru,1.8,7,5738.69,819.81,3.89,18,0.932,1,5,35.0,18,18.0,8,8,11,2
CUST_07416,18.0,Kolkata,1.0,8,10510.07,1313.76,8.0,39,0.783,3,5,27.0,19,15.0,12,9,19,2
CUST_07417,49.0,Jaipur,2.8,21,21519.16,1024.72,7.5,9,0.551,1,4,66.0,22,7.0,19,5,13,6
CUST_07418,32.0,Kolkata,2.8,18,54393.42,3021.86,6.43,2,0.186,2,4,73.0,29,12.0,18,3,10,6
CUST_07419,30.0,Other,7.5,13,45586.22,3506.63,1.73,6,0.297,3,3,54.0,27,15.0,9,2,9,2
CUST_07420,,Bengaluru,1.1,5,9815.21,1963.04,4.55,28,0.414,1,5,14.0,6,7.0,8,9,1,3
CUST_07421,40.0,Other,4.3,8,21062.27,2632.78,1.86,20,0.294,2,6,59.0,25,15.0,12,2,9,7
CUST_07422,37.0,Hyderabad,3.3,4,3896.65,974.16,1.21,40,0.36,0,9,15.0,6,6.0,3,5,3,4
CUST_07423,60.0,Jaipur,5.5,27,46345.48,1716.5,4.91,30,0.442,0,3,73.0,27,9.0,15,7,12,1
CUST_07424,39.0,Mumbai,1.0,21,46172.93,2198.71,21.0,8,0.144,1,2,56.0,29,13.0,19,2,9,6
CUST_07425,29.0,Chennai,2.6,9,9819.86,1091.1,3.46,25,0.757,2,4,50.0,19,20.0,13,5,11,0
CUST_07426,28.0,Ahmedabad,6.1,33,51209.44,1551.8,5.41,4,0.461,4,5,50.0,42,12.0,16,5,8,3
CUST_07427,30.0,Mumbai,0.3,16,47459.82,2966.24,53.33,18,0.241,1,1,59.0,19,10.0,14,3,11,0
CUST_07428,19.0,Chennai,0.9,23,23679.35,1029.54,25.56,9,0.681,2,4,62.0,34,10.0,17,5,13,3
CUST_07429,34.0,Ahmedabad,4.2,2,3488.83,1744.42,0.48,25,0.309,1,1,11.0,10,10.0,8,7,3,1
CUST_07430,42.0,Delhi,0.8,3,4247.55,1415.85,3.75,38,0.605,0,4,20.0,12,8.0,2,6,2,2
CUST_07431,28.0,Delhi,2.7,29,46668.9,1609.27,10.74,24,0.416,2,1,68.0,35,16.0,14,1,11,3
CUST_07432,26.0,Hyderabad,1.3,12,16862.25,1405.19,9.23,17,0.793,3,3,54.0,18,16.0,13,12,25,5
CUST_07433,49.0,Bengaluru,3.3,25,71642.6,2865.7,7.58,5,0.054,0,4,47.0,16,15.0,8,3,10,4
CUST_07434,20.0,Mumbai,8.5,18,28798.05,1599.89,2.12,23,0.637,1,5,67.0,25,12.0,22,4,9,2
CUST_07435,18.0,Mumbai,1.6,10,22428.09,2242.81,6.25,6,0.45,0,1,57.0,29,11.0,16,4,9,3
CUST_07436,22.0,Mumbai,1.4,8,14110.31,1763.79,5.71,108,0.492,2,2,15.0,7,5.0,1,3,0,0
CUST_07437,19.0,Pune,5.9,24,35132.66,1463.86,4.07,6,0.146,1,6,45.0,27,17.0,8,3,8,4
CUST_07438,38.0,Pune,1.1,25,47903.54,1916.14,22.73,45,0.415,1,4,79.0,32,8.0,15,3,8,1
CUST_07439,30.0,Kolkata,0.8,24,26541.2,1105.88,30.0,11,0.387,1,5,80.0,31,,6,6,11,4
CUST_07440,32.0,Hyderabad,1.3,14,26839.08,1917.08,10.77,2,0.446,1,3,45.0,25,8.0,16,2,4,1
CUST_07441,46.0,Kolkata,3.9,1,1952.28,1952.28,0.26,99,0.499,1,1,17.0,3,9.0,1,2,4,5
CUST_07442,27.0,Mumbai,1.4,21,61125.67,2910.75,15.0,8,0.088,1,8,49.0,27,18.0,15,1,12,1
CUST_07443,42.0,Bengaluru,3.4,9,26515.93,2946.21,2.65,8,0.246,1,3,53.0,26,10.0,9,3,7,4
CUST_07444,49.0,Delhi,4.2,6,12657.73,2109.62,1.43,73,0.33,0,5,23.0,5,9.0,9,6,4,2
CUST_07445,29.0,Ahmedabad,2.1,23,48404.86,2104.56,10.95,8,0.387,1,3,59.0,38,14.0,22,4,20,4
CUST_07446,41.0,Chennai,2.0,2,3960.63,1980.31,1.0,82,0.132,0,3,24.0,9,4.0,4,8,3,2
CUST_07447,32.0,Jaipur,2.6,10,9243.21,924.32,3.85,15,0.979,2,3,41.0,10,22.0,13,10,17,5
CUST_07448,43.0,Mumbai,8.8,27,35207.59,1303.98,3.07,10,0.461,1,5,63.0,38,12.0,18,6,10,1
CUST_07449,18.0,Kolkata,1.8,4,6070.85,1517.71,2.22,12,0.416,0,5,16.0,7,8.0,7,3,2,2
CUST_07450,18.0,Hyderabad,2.7,16,22143.06,1383.94,5.93,4,0.118,3,2,53.0,20,26.0,10,1,16,1
CUST_07451,30.0,Ahmedabad,7.4,8,6927.02,865.88,1.08,7,0.893,4,4,51.0,18,21.0,20,9,6,1
CUST_07452,25.0,Bengaluru,7.8,20,34531.29,1726.56,2.56,10,0.492,2,3,53.0,23,18.0,11,7,9,2
CUST_07453,29.0,Hyderabad,1.7,25,32893.46,1315.74,14.71,3,0.175,0,3,72.0,35,13.0,22,1,16,5
CUST_07454,32.0,Mumbai,1.1,17,12555.83,738.58,15.45,12,0.672,3,4,39.0,20,19.0,17,11,5,3
CUST_07455,41.0,Chennai,5.0,11,24544.71,2231.34,2.2,118,0.447,2,3,12.0,2,3.0,3,0,2,5
CUST_07456,30.0,Pune,2.5,10,17138.79,1713.88,4.0,90,0.573,0,4,10.0,5,1.0,1,3,0,0
CUST_07457,26.0,Mumbai,7.3,10,13202.76,1320.28,1.37,7,0.842,4,4,47.0,19,22.0,14,11,16,0
CUST_07458,30.0,Mumbai,0.7,27,51223.43,1897.16,38.57,20,0.283,1,3,70.0,22,6.0,13,5,13,0
CUST_07459,26.0,Other,1.1,21,25174.66,1198.79,19.09,7,0.487,1,6,54.0,36,17.0,16,2,15,5
CUST_07460,25.0,Delhi,2.8,17,31882.44,1875.44,6.07,16,0.182,1,3,60.0,21,18.0,24,4,18,5
CUST_07461,18.0,Jaipur,3.0,7,6765.2,966.46,2.33,27,0.954,1,2,47.0,20,21.0,14,16,13,2
CUST_07462,35.0,Other,1.5,22,31953.36,1452.43,14.67,21,0.218,0,4,78.0,29,14.0,11,7,13,3
CUST_07463,28.0,Other,3.1,9,20962.95,,2.9,103,0.406,2,2,10.0,3,3.0,4,2,2,2
CUST_07464,44.0,Jaipur,5.2,30,49493.39,1649.78,5.77,10,0.354,2,2,63.0,25,5.0,8,1,12,1
CUST_07465,20.0,Jaipur,2.9,28,69329.39,2476.05,9.66,16,0.411,1,3,71.0,34,14.0,17,3,11,3
CUST_07466,29.0,Delhi,5.1,16,23090.58,1443.16,3.14,5,0.227,2,6,64.0,30,9.0,19,4,10,2
CUST_07467,52.0,Mumbai,2.1,8,10416.31,1302.04,3.81,58,0.088,2,3,15.0,8,7.0,5,3,3,2
CUST_07468,25.0,Chennai,5.6,8,11486.59,1435.82,1.43,83,0.688,1,3,21.0,11,9.0,6,1,3,3
CUST_07469,32.0,Bengaluru,3.8,13,12537.83,964.45,3.42,40,0.808,5,6,41.0,13,22.0,11,6,22,2
CUST_07470,22.0,Mumbai,1.3,18,29383.08,1632.39,13.85,22,0.107,2,4,76.0,42,11.0,22,2,5,4
CUST_07471,21.0,Chennai,3.7,4,10696.73,2674.18,1.08,83,0.486,1,6,19.0,6,3.0,6,5,2,4
CUST_07472,49.0,Hyderabad,2.7,13,37244.5,2864.96,4.81,14,0.159,1,3,63.0,23,13.0,11,4,0,3
CUST_07473,36.0,Jaipur,3.1,13,22151.36,1703.95,4.19,113,0.716,3,2,12.0,2,2.0,1,2,3,3
CUST_07474,35.0,Hyderabad,2.7,9,13185.35,1465.04,3.33,28,0.692,1,1,42.0,24,22.0,10,5,17,2
CUST_07475,18.0,Hyderabad,1.7,20,32139.93,1607.0,11.76,17,0.248,1,6,63.0,24,10.0,15,6,11,0
CUST_07476,38.0,Bengaluru,8.7,6,7047.57,1174.59,0.69,29,0.75,1,3,46.0,21,16.0,13,16,17,5
CUST_07477,46.0,Bengaluru,3.4,5,5345.29,1069.06,1.47,53,0.336,1,3,16.0,4,2.0,5,6,2,0
CUST_07478,45.0,Other,2.9,16,40967.79,2560.49,5.52,19,0.469,0,3,56.0,26,14.0,13,4,6,0
CUST_07479,41.0,Mumbai,1.0,7,8834.0,1262.0,7.0,139,0.287,1,5,12.0,1,3.0,4,2,5,0
CUST_07480,23.0,Bengaluru,4.0,9,11172.59,1241.4,2.25,21,0.919,3,4,46.0,17,15.0,9,4,10,2
CUST_07481,37.0,Chennai,0.5,23,38253.07,1663.18,46.0,14,0.311,1,4,52.0,32,9.0,15,1,11,3
CUST_07482,41.0,Bengaluru,4.4,16,45085.06,2817.82,3.64,44,0.027,0,3,56.0,23,7.0,16,3,11,3
CUST_07483,18.0,Delhi,1.1,34,67487.79,1984.94,30.91,15,0.081,0,6,75.0,32,17.0,14,4,10,0
CUST_07484,23.0,Delhi,1.1,9,4374.67,486.07,8.18,41,0.717,1,4,46.0,15,27.0,14,9,14,2
CUST_07485,43.0,Pune,0.8,25,43864.96,1754.6,31.25,33,0.294,0,4,65.0,38,10.0,13,1,11,0
CUST_07486,43.0,Delhi,10.0,6,9974.1,1662.35,0.6,36,0.244,1,5,21.0,11,4.0,6,6,3,4
CUST_07487,19.0,Jaipur,6.4,27,42803.21,1585.3,4.22,36,0.113,2,5,63.0,44,14.0,13,3,7,1
CUST_07488,42.0,Bengaluru,1.8,10,22258.09,2225.81,5.56,208,0.703,2,1,7.0,6,3.0,2,1,1,3
CUST_07489,35.0,Pune,3.0,11,14431.59,1311.96,3.67,64,0.877,2,5,35.0,14,17.0,15,7,9,2
CUST_07490,42.0,Delhi,3.9,6,6349.35,1058.23,1.54,138,0.513,0,3,23.0,12,5.0,8,5,4,6
CUST_07491,28.0,Mumbai,1.2,22,51905.72,2359.35,18.33,14,0.058,3,2,60.0,19,25.0,9,3,17,1
CUST_07492,40.0,Other,0.2,24,49170.15,2048.76,120.0,6,0.233,0,1,70.0,26,13.0,19,2,12,1
CUST_07493,42.0,Delhi,1.8,29,28902.75,996.65,16.11,8,0.218,0,3,59.0,32,7.0,13,8,7,4
CUST_07494,30.0,Other,1.0,12,15629.57,1302.46,12.0,97,0.652,0,1,39.0,21,,11,12,18,0
CUST_07495,34.0,Delhi,1.7,3,5351.97,1783.99,1.76,116,0.587,1,7,15.0,3,4.0,2,1,1,3
CUST_07496,28.0,Ahmedabad,3.0,19,63217.11,3327.22,6.33,17,0.24,0,7,50.0,23,10.0,12,3,9,4
CUST_07497,51.0,Pune,0.5,16,49840.01,3115.0,32.0,7,0.079,1,3,50.0,32,12.0,20,3,5,2
CUST_07498,33.0,Mumbai,2.3,8,20812.34,2601.54,3.48,138,0.42,4,3,8.0,1,2.0,1,2,3,2
CUST_07499,25.0,Mumbai,2.5,25,67796.99,2711.88,10.0,7,0.466,2,3,77.0,42,12.0,13,8,8,3
CUST_07500,27.0,Hyderabad,3.6,4,5573.06,1393.26,1.11,47,0.581,2,3,19.0,6,5.0,4,5,4,5
CUST_07501,35.0,Delhi,2.9,12,17097.92,1424.83,4.14,26,0.958,7,4,51.0,10,21.0,14,6,14,3
CUST_07502,42.0,Bengaluru,3.2,6,9725.84,1620.97,1.88,139,0.668,1,4,21.0,7,4.0,8,10,2,2
CUST_07503,21.0,Ahmedabad,2.6,22,41919.09,1905.41,8.46,7,0.28,0,2,57.0,21,11.0,6,5,8,4
CUST_07504,52.0,Pune,4.0,18,37983.85,2110.21,4.5,9,0.467,1,4,51.0,24,13.0,15,4,8,4
CUST_07505,37.0,Delhi,3.6,11,16304.04,1482.19,3.06,93,0.681,6,1,37.0,16,21.0,15,10,19,2
CUST_07506,39.0,Ahmedabad,0.8,12,20641.49,1720.12,15.0,56,0.447,3,4,5.0,4,0.0,2,1,1,3
CUST_07507,33.0,Bengaluru,5.0,20,36363.4,1818.17,4.0,6,0.508,2,4,79.0,31,11.0,12,5,14,1
CUST_07508,34.0,Ahmedabad,2.3,27,50921.02,1885.96,11.74,17,0.122,3,2,58.0,31,11.0,17,5,5,4
CUST_07509,33.0,Delhi,5.4,8,9987.91,1248.49,1.48,9,0.958,1,4,41.0,24,23.0,15,8,15,0
CUST_07510,44.0,Delhi,3.1,5,7360.62,1472.12,1.61,306,0.706,0,2,12.0,2,7.0,1,4,0,4
CUST_07511,34.0,Mumbai,5.4,3,5434.78,1811.59,0.56,46,0.497,0,5,23.0,8,3.0,14,6,3,4
CUST_07512,42.0,Other,4.7,7,12434.24,1776.32,1.49,218,0.454,1,3,5.0,2,3.0,3,2,3,3
CUST_07513,30.0,Jaipur,1.3,24,63123.47,2630.14,18.46,10,0.169,1,4,59.0,33,14.0,9,0,11,1
CUST_07514,36.0,Other,1.5,16,36649.32,2290.58,10.67,12,0.137,2,2,58.0,22,9.0,12,3,10,4
CUST_07515,26.0,Delhi,6.0,7,4195.57,599.37,1.17,32,0.995,2,3,34.0,15,19.0,9,14,16,3
CUST_07516,46.0,Ahmedabad,4.2,1,1221.32,1221.32,0.24,28,0.467,2,4,16.0,5,6.0,4,7,3,1
CUST_07517,26.0,Bengaluru,6.2,24,48918.04,2038.25,3.87,12,0.179,2,4,52.0,34,13.0,9,11,5,3
CUST_07518,31.0,Bengaluru,1.1,26,48654.05,1871.31,23.64,12,0.246,2,4,54.0,33,9.0,21,4,5,1
CUST_07519,31.0,Ahmedabad,1.9,2,4146.93,2073.47,1.05,52,0.355,1,7,18.0,11,6.0,6,6,1,4
CUST_07520,30.0,Mumbai,2.3,10,31407.11,3140.71,4.35,25,0.036,2,2,40.0,33,15.0,11,3,10,2
CUST_07521,41.0,Pune,3.7,28,50135.55,1790.56,7.57,6,0.141,3,4,63.0,25,12.0,12,5,16,3
CUST_07522,31.0,Delhi,1.6,10,10205.78,1020.58,6.25,20,0.617,5,4,62.0,20,25.0,15,5,12,4
CUST_07523,48.0,Ahmedabad,5.0,14,17423.05,1244.5,2.8,12,0.827,0,4,51.0,19,16.0,15,8,8,3
CUST_07524,26.0,Delhi,3.3,4,6086.66,1521.66,1.21,33,0.321,1,3,14.0,11,4.0,8,2,0,2
CUST_07525,36.0,Delhi,3.3,33,42981.37,1302.47,10.0,13,0.185,1,1,63.0,35,5.0,13,5,11,3
CUST_07526,26.0,Other,3.3,17,18926.86,1113.34,5.15,97,0.899,2,3,41.0,15,26.0,19,7,12,2
CUST_07527,38.0,Delhi,2.3,9,9551.44,1061.27,3.91,45,0.96,2,4,54.0,16,21.0,12,5,14,3
CUST_07528,34.0,Pune,3.5,11,15299.9,1390.9,3.14,11,0.837,4,5,38.0,17,30.0,15,3,13,2
CUST_07529,32.0,Hyderabad,4.1,3,3789.35,1263.12,0.73,38,0.323,0,1,18.0,12,8.0,6,4,3,1
CUST_07530,46.0,Ahmedabad,2.0,20,42014.22,,10.0,1,0.436,1,6,72.0,30,9.0,15,3,9,1
CUST_07531,27.0,Mumbai,1.6,11,23032.25,2093.84,6.88,6,0.265,0,4,69.0,19,12.0,13,3,11,4
CUST_07532,40.0,Hyderabad,2.5,18,56454.57,3136.37,7.2,8,0.22,0,5,65.0,24,9.0,14,5,6,0
CUST_07533,26.0,Mumbai,2.5,29,70382.98,2427.0,11.6,1,0.495,1,3,70.0,25,8.0,18,4,10,3
CUST_07534,35.0,Bengaluru,4.6,17,15085.64,887.39,3.7,61,0.943,1,5,46.0,14,28.0,11,12,11,4
CUST_07535,22.0,Pune,2.0,3,5179.08,1726.36,1.5,85,0.12,3,2,18.0,7,9.0,3,3,4,1
CUST_07536,27.0,Delhi,,3,3964.7,1321.57,0.61,143,0.468,1,7,11.0,8,4.0,6,3,3,4
CUST_07537,,Bengaluru,5.5,7,4057.29,579.61,1.27,54,0.459,0,2,21.0,10,6.0,4,3,4,3
CUST_07538,52.0,Other,2.6,22,40077.66,1821.71,8.46,16,0.231,1,2,81.0,37,5.0,17,3,8,6
CUST_07539,35.0,Kolkata,3.2,23,32183.95,1399.3,7.19,4,0.139,0,6,69.0,38,12.0,20,1,11,4
CUST_07540,51.0,Other,4.8,31,61808.07,1993.81,6.46,13,0.345,5,6,52.0,30,11.0,17,3,7,4
CUST_07541,36.0,Chennai,6.1,18,24952.36,1386.24,2.95,17,0.207,1,8,60.0,19,17.0,17,4,6,2
CUST_07542,30.0,Mumbai,3.0,15,35964.2,2397.61,5.0,5,0.535,2,3,55.0,26,14.0,10,4,12,3
CUST_07543,49.0,Pune,1.7,12,12260.09,1021.67,7.06,16,0.97,2,4,46.0,17,18.0,13,9,13,4
CUST_07544,38.0,Other,4.7,8,15474.64,1934.33,1.7,81,0.268,1,4,10.0,3,3.0,2,1,2,5
CUST_07545,28.0,Chennai,2.7,22,72473.04,3294.23,8.15,16,0.162,0,5,60.0,20,9.0,9,3,9,3
CUST_07546,,Other,1.5,18,46284.05,2571.34,12.0,19,0.129,1,3,54.0,35,16.0,6,1,8,2
CUST_07547,31.0,Mumbai,6.1,6,7237.8,1206.3,0.98,46,0.452,0,4,17.0,4,6.0,5,2,3,4
CUST_07548,18.0,Delhi,3.3,26,36837.68,1416.83,7.88,4,0.265,2,5,58.0,31,20.0,15,4,4,2
CUST_07549,43.0,Delhi,6.5,6,12770.21,2128.37,0.92,32,0.254,1,4,27.0,2,7.0,6,4,3,1
CUST_07550,45.0,Delhi,4.5,3,6288.42,2096.14,0.67,64,0.26,2,4,17.0,8,8.0,9,6,6,5
CUST_07551,52.0,Pune,2.7,7,15032.85,2147.55,2.59,103,0.22,3,5,5.0,5,5.0,6,1,1,3
CUST_07552,38.0,Bengaluru,5.2,22,46084.6,2094.75,4.23,9,0.321,0,5,50.0,36,9.0,17,3,4,2
CUST_07553,32.0,Chennai,4.8,4,4687.23,1171.81,0.83,17,0.647,1,2,19.0,7,6.0,6,3,5,2
CUST_07554,42.0,Delhi,1.3,15,16120.61,1074.71,11.54,28,0.837,2,3,42.0,20,13.0,9,9,14,4
CUST_07555,42.0,Mumbai,4.4,3,3322.04,1107.35,0.68,120,0.295,1,2,9.0,6,6.0,7,7,2,3
CUST_07556,50.0,Chennai,8.2,7,12447.32,1778.19,0.85,8,0.738,2,4,44.0,19,21.0,13,6,12,2
CUST_07557,34.0,Bengaluru,2.8,23,60119.38,2613.89,8.21,4,0.104,0,4,50.0,13,16.0,13,2,7,2
CUST_07558,32.0,Hyderabad,4.7,9,4532.67,503.63,1.91,5,0.858,8,4,44.0,22,21.0,15,9,6,2
CUST_07559,27.0,Bengaluru,9.4,14,21191.18,1513.66,1.49,35,0.945,2,4,43.0,16,19.0,14,7,13,3
CUST_07560,39.0,Jaipur,2.3,4,1000.0,250.0,1.74,120,0.384,1,4,16.0,5,10.0,3,1,7,6
CUST_07561,19.0,Hyderabad,3.5,4,5483.54,1370.88,1.14,65,0.372,0,2,20.0,6,6.0,1,3,4,2
CUST_07562,,Other,3.4,2,2664.49,1332.25,0.59,57,0.19,0,3,17.0,3,4.0,5,6,2,3
CUST_07563,40.0,Bengaluru,3.1,14,41845.23,2988.94,4.52,2,0.178,1,3,56.0,22,11.0,22,2,14,5
CUST_07564,40.0,Delhi,9.3,8,15780.11,1972.51,0.86,73,0.463,0,5,25.0,5,5.0,3,4,3,1
CUST_07565,35.0,Delhi,0.9,15,11525.17,768.34,16.67,54,0.618,2,4,46.0,19,21.0,13,9,9,5
CUST_07566,49.0,Bengaluru,2.8,9,12595.08,1399.45,3.21,30,0.436,2,2,9.0,4,4.0,1,2,2,1
CUST_07567,43.0,Bengaluru,2.6,7,11116.63,1588.09,2.69,113,0.538,2,2,7.0,1,5.0,1,1,1,2
CUST_07568,28.0,Chennai,2.7,12,34365.7,2863.81,4.44,4,0.071,1,5,50.0,24,17.0,11,7,11,1
CUST_07569,28.0,Pune,1.4,2,3406.22,1703.11,1.43,87,0.169,4,4,22.0,6,4.0,5,4,5,3
CUST_07570,25.0,Chennai,5.7,15,38158.61,2543.91,2.63,20,0.341,1,2,50.0,29,11.0,6,3,11,3
CUST_07571,40.0,Kolkata,4.4,23,34190.49,1486.54,5.23,6,0.295,1,1,73.0,32,14.0,11,3,15,3
CUST_07572,24.0,Chennai,,9,9882.18,1098.02,5.29,4,0.947,4,5,51.0,10,24.0,11,7,12,1
CUST_07573,45.0,Bengaluru,2.1,27,87997.32,3259.16,12.86,12,0.14,1,2,60.0,22,20.0,14,2,9,5
CUST_07574,47.0,Other,1.2,3,3459.83,1153.28,2.5,58,0.464,0,4,10.0,9,7.0,4,4,2,0
CUST_07575,25.0,Delhi,2.2,22,58621.43,2664.61,10.0,12,0.118,1,3,52.0,20,11.0,10,4,6,3
CUST_07576,32.0,Mumbai,3.5,16,45939.79,2871.24,4.57,23,0.141,1,4,49.0,21,8.0,15,5,11,3
CUST_07577,34.0,Ahmedabad,1.0,8,10194.25,1274.28,8.0,41,0.517,2,5,42.0,13,12.0,13,15,14,0
CUST_07578,43.0,Pune,2.4,4,4725.09,1181.27,1.67,41,0.295,2,4,18.0,8,7.0,7,5,2,5
CUST_07579,50.0,Kolkata,0.7,5,10613.01,2122.6,7.14,132,0.588,3,3,11.0,0,3.0,4,1,1,4
CUST_07580,18.0,Mumbai,1.9,6,9732.2,1622.03,3.16,44,0.587,2,2,11.0,8,12.0,7,6,6,0
CUST_07581,31.0,Mumbai,3.6,2,3066.63,1533.32,0.56,66,0.349,2,5,20.0,2,5.0,6,5,2,0
CUST_07582,31.0,Mumbai,2.3,20,42462.2,2123.11,8.7,6,0.262,2,2,65.0,30,15.0,11,6,9,4
CUST_07583,20.0,Delhi,1.0,22,67595.74,3072.53,22.0,16,0.127,1,3,61.0,30,15.0,17,3,8,4
CUST_07584,29.0,Mumbai,3.5,13,18010.07,1385.39,3.71,21,0.182,1,1,64.0,21,13.0,15,3,9,3
CUST_07585,38.0,Pune,2.7,6,7301.34,1216.89,2.22,22,0.978,0,1,45.0,19,30.0,16,6,11,3
CUST_07586,31.0,Kolkata,1.9,3,3271.89,1090.63,1.58,48,0.605,1,5,16.0,5,5.0,7,10,4,4
CUST_07587,19.0,Kolkata,2.3,28,30739.64,1097.84,12.17,11,0.514,0,4,68.0,30,6.0,18,7,10,4
CUST_07588,63.0,Ahmedabad,2.3,1,2446.22,2446.22,0.43,61,0.257,0,5,17.0,5,2.0,5,6,0,2
CUST_07589,37.0,Ahmedabad,1.5,14,15010.58,1072.18,9.33,15,0.892,6,3,37.0,22,29.0,10,9,12,4
CUST_07590,35.0,Bengaluru,5.9,23,51527.05,2240.31,3.9,3,0.036,1,3,61.0,19,11.0,8,4,10,0
CUST_07591,23.0,Jaipur,6.3,25,57628.76,2305.15,3.97,25,0.51,2,5,57.0,26,12.0,12,5,9,6
CUST_07592,37.0,Bengaluru,0.3,5,5492.97,1098.59,16.67,53,0.566,2,4,15.0,2,4.0,3,5,5,3
CUST_07593,32.0,Bengaluru,2.8,5,10941.75,2188.35,1.79,101,0.585,1,4,20.0,6,6.0,4,8,3,1
CUST_07594,18.0,Kolkata,7.1,12,19759.19,1646.6,1.69,126,0.732,2,1,8.0,1,5.0,1,2,2,3
CUST_07595,23.0,Pune,2.1,9,26364.56,2929.4,4.29,8,0.08,4,4,61.0,20,13.0,17,4,3,4
CUST_07596,42.0,Ahmedabad,5.2,10,15442.42,1544.24,1.92,239,0.428,2,5,4.0,1,0.0,2,3,0,3
CUST_07597,53.0,Bengaluru,4.6,24,71137.57,2964.07,5.22,9,0.284,1,5,72.0,42,11.0,12,7,10,2
CUST_07598,38.0,Mumbai,1.5,11,38188.04,3471.64,7.33,30,0.135,0,4,50.0,28,11.0,13,3,7,2
CUST_07599,45.0,Mumbai,2.7,10,22662.53,2266.25,3.7,250,0.383,1,1,13.0,3,2.0,4,3,1,3
CUST_07600,32.0,Mumbai,2.9,27,58904.46,2181.65,9.31,33,0.226,1,3,83.0,46,16.0,7,3,12,0
CUST_07601,33.0,Jaipur,1.9,1,1210.17,1210.17,0.53,39,0.19,2,4,16.0,9,12.0,2,9,1,1
CUST_07602,45.0,Other,3.9,16,26672.34,1667.02,4.1,4,0.125,2,4,48.0,33,15.0,17,1,6,8
CUST_07603,51.0,Delhi,4.6,12,16925.24,1410.44,2.61,74,0.909,5,4,48.0,12,23.0,11,4,18,1
CUST_07604,47.0,Delhi,3.2,7,13867.07,1981.01,2.19,95,0.773,2,5,8.0,4,6.0,4,2,2,0
CUST_07605,23.0,Pune,4.9,28,61257.24,,5.71,12,0.268,3,4,71.0,38,15.0,14,1,9,0
CUST_07606,33.0,Ahmedabad,3.2,4,5138.97,1284.74,1.25,16,0.453,0,1,20.0,5,5.0,5,4,2,5
CUST_07607,37.0,Pune,2.9,17,40663.6,2391.98,5.86,7,0.327,1,6,50.0,21,21.0,11,3,9,2
CUST_07608,31.0,Other,0.6,3,6647.46,2215.82,5.0,25,0.21,1,2,10.0,9,4.0,8,6,1,6
CUST_07609,38.0,Chennai,1.0,22,44892.56,2040.57,22.0,4,0.149,1,4,68.0,37,14.0,17,4,15,2
CUST_07610,42.0,Jaipur,7.9,26,56768.26,2183.39,3.29,1,0.553,2,2,65.0,35,9.0,14,4,11,4
CUST_07611,44.0,Hyderabad,4.2,39,57055.0,1462.95,9.29,6,0.372,1,2,68.0,23,14.0,18,2,11,1
CUST_07612,51.0,Chennai,7.0,18,56648.12,3147.12,2.57,30,0.069,1,3,62.0,26,9.0,7,2,15,3
CUST_07613,31.0,Hyderabad,2.6,9,15978.85,1775.43,3.46,195,0.615,7,4,7.0,6,1.0,1,2,3,3
CUST_07614,20.0,Ahmedabad,10.0,21,39622.61,1886.79,2.1,24,0.251,0,3,76.0,28,11.0,14,5,15,3
CUST_07615,38.0,Ahmedabad,2.8,25,40456.78,1618.27,8.93,11,0.232,1,2,56.0,31,14.0,17,2,11,4
CUST_07616,53.0,Hyderabad,2.6,16,17061.49,1066.34,6.15,21,0.515,0,3,56.0,17,21.0,12,9,9,0
CUST_07617,29.0,Chennai,0.7,23,28683.03,1247.09,32.86,4,0.329,0,4,55.0,33,5.0,21,6,10,5
CUST_07618,41.0,Other,5.0,7,10057.6,1436.8,1.4,37,0.66,0,1,19.0,4,2.0,7,5,1,3
CUST_07619,41.0,Other,6.9,11,25303.48,2300.32,1.59,30,0.454,4,3,9.0,2,2.0,3,0,0,1
CUST_07620,36.0,Chennai,9.1,28,62350.27,2226.8,3.08,1,0.303,0,1,64.0,31,9.0,13,7,11,2
CUST_07621,34.0,Mumbai,3.0,6,10760.24,1793.37,2.0,96,0.649,5,6,9.0,4,3.0,1,2,3,2
CUST_07622,25.0,Mumbai,1.7,17,16875.56,992.68,10.0,28,0.909,0,5,61.0,14,25.0,14,7,15,1
CUST_07623,18.0,Jaipur,2.7,16,27681.37,1730.09,5.93,26,0.114,2,3,50.0,26,11.0,12,0,7,1
CUST_07624,23.0,Mumbai,4.2,6,11366.26,1894.38,1.43,61,0.359,1,4,28.0,12,5.0,3,7,2,2
CUST_07625,30.0,Pune,2.4,9,10536.48,1170.72,3.75,12,0.825,4,2,53.0,25,22.0,8,5,13,2
CUST_07626,45.0,Pune,2.6,4,8079.5,2019.88,1.54,72,0.239,2,3,11.0,3,9.0,9,2,5,1
CUST_07627,33.0,Hyderabad,2.9,13,3270.05,251.54,4.48,138,0.518,0,3,9.0,6,3.0,3,1,2,4
CUST_07628,29.0,Hyderabad,3.0,8,8099.54,1012.44,2.67,23,0.819,2,5,57.0,17,21.0,11,9,9,5
CUST_07629,25.0,Delhi,1.1,12,14749.52,1229.13,10.91,42,0.655,1,3,4.0,0,4.0,2,2,0,4
CUST_07630,41.0,Pune,3.5,3,3306.02,1102.01,0.86,55,0.497,2,5,17.0,6,6.0,6,6,4,3
CUST_07631,48.0,Kolkata,1.6,17,17321.06,1018.89,10.62,12,0.944,3,4,30.0,20,19.0,8,12,11,2
CUST_07632,45.0,Other,3.2,12,17002.58,1416.88,3.75,40,0.675,6,3,56.0,13,22.0,17,6,12,3
CUST_07633,40.0,Mumbai,0.8,31,42846.51,1382.15,38.75,3,0.173,3,1,,35,12.0,19,2,9,4
CUST_07634,19.0,Mumbai,6.1,4,8070.32,2017.58,0.66,175,0.451,0,3,10.0,4,6.0,0,4,2,2
CUST_07635,30.0,Chennai,2.9,4,8175.94,2043.98,1.38,110,0.479,1,1,17.0,8,6.0,8,4,2,5
CUST_07636,53.0,Ahmedabad,2.5,20,55833.28,2791.66,8.0,18,0.155,0,2,81.0,29,10.0,16,2,7,1
CUST_07637,45.0,Ahmedabad,5.6,29,57944.05,1998.07,5.18,10,0.125,3,3,53.0,38,11.0,12,3,10,2
CUST_07638,19.0,Kolkata,4.2,3,5583.92,1861.31,0.71,26,0.635,0,2,16.0,5,10.0,3,5,3,2
CUST_07639,33.0,Jaipur,2.3,19,53727.86,2827.78,8.26,24,0.441,2,2,63.0,33,19.0,15,1,7,3
CUST_07640,38.0,Pune,6.5,22,63112.77,2868.76,3.38,2,0.215,2,1,51.0,29,18.0,7,5,9,4
CUST_07641,26.0,Mumbai,2.9,8,9698.65,1212.33,2.76,16,0.931,0,2,43.0,26,15.0,11,13,10,3
CUST_07642,18.0,Hyderabad,2.8,28,58396.26,2085.58,10.0,4,0.271,1,2,73.0,31,12.0,12,6,8,1
CUST_07643,35.0,Ahmedabad,3.3,20,38992.13,1949.61,6.06,6,0.141,1,2,71.0,26,13.0,19,1,7,1
CUST_07644,26.0,Hyderabad,9.5,21,39320.59,1872.41,2.21,17,0.138,5,2,65.0,26,13.0,16,2,9,0
CUST_07645,26.0,Other,0.7,18,36682.04,,25.71,7,0.033,0,4,44.0,20,20.0,17,3,7,0
CUST_07646,30.0,Ahmedabad,10.0,1,1236.21,1236.21,0.1,103,0.58,1,3,18.0,4,6.0,4,4,4,2
CUST_07647,33.0,Chennai,5.5,7,6609.13,944.16,1.27,81,0.923,4,1,56.0,9,24.0,20,8,15,2
CUST_07648,34.0,Mumbai,2.4,25,45443.39,1817.74,10.42,5,0.526,1,4,69.0,34,23.0,15,6,16,3
CUST_07649,25.0,Mumbai,2.1,28,56571.02,2020.39,13.33,15,0.183,3,5,67.0,39,13.0,17,4,11,1
CUST_07650,32.0,Ahmedabad,3.6,5,5891.92,1178.38,1.39,19,0.786,3,7,36.0,17,21.0,11,8,11,3
CUST_07651,18.0,Pune,4.1,15,38696.64,2579.78,3.66,16,0.125,2,2,51.0,21,9.0,14,2,11,4
CUST_07652,37.0,Mumbai,6.2,13,25987.52,1999.04,2.1,26,0.077,2,5,50.0,24,16.0,16,5,6,1
CUST_07653,18.0,Other,2.8,15,47304.72,3153.65,5.36,14,0.141,1,4,59.0,25,15.0,13,0,8,3
CUST_07654,31.0,Jaipur,2.8,1,1554.16,1554.16,0.36,29,0.504,0,2,19.0,6,5.0,5,3,1,4
CUST_07655,43.0,Pune,0.4,2,2435.37,1217.69,5.0,46,0.144,0,4,22.0,7,5.0,2,4,2,0
CUST_07656,23.0,Ahmedabad,2.0,1,1082.73,1082.73,0.5,51,0.249,2,1,16.0,9,5.0,4,2,1,1
CUST_07657,41.0,Mumbai,7.9,5,9801.38,1960.28,0.63,121,0.293,0,4,12.0,5,4.0,4,6,2,2
CUST_07658,46.0,Delhi,4.3,6,8306.85,1384.48,1.4,66,0.395,3,2,28.0,4,6.0,2,1,1,1
CUST_07659,18.0,Hyderabad,4.2,11,4766.04,433.28,2.62,90,0.871,1,3,49.0,15,10.0,21,7,15,0
CUST_07660,32.0,Kolkata,2.2,7,11863.69,1694.81,3.18,81,0.11,2,3,21.0,7,9.0,2,2,0,0
CUST_07661,18.0,Mumbai,2.0,18,37221.75,2067.88,9.0,18,0.14,1,4,51.0,32,22.0,12,4,3,2
CUST_07662,33.0,Delhi,4.3,2,4397.36,2198.68,0.47,71,0.498,0,5,19.0,7,7.0,8,5,0,4
CUST_07663,34.0,Pune,3.7,2,3426.94,1713.47,0.54,27,0.476,0,2,,13,4.0,3,7,3,7
CUST_07664,,Other,4.3,8,8970.52,1121.31,1.86,7,0.88,3,4,48.0,24,20.0,16,12,15,4
CUST_07665,53.0,Chennai,3.2,29,54030.16,1863.11,9.06,10,0.295,1,2,63.0,24,9.0,12,3,15,3
CUST_07666,37.0,Delhi,3.7,21,49655.27,2364.54,5.68,12,0.194,2,1,55.0,28,7.0,17,5,8,1
CUST_07667,26.0,Mumbai,1.0,3,4463.24,1487.75,3.0,56,0.574,1,5,19.0,7,7.0,7,8,2,2
CUST_07668,49.0,Hyderabad,8.6,2,4895.38,2447.69,0.23,18,0.348,1,3,16.0,8,3.0,7,6,6,0
CUST_07669,18.0,Chennai,2.2,8,10848.2,1356.03,3.64,43,0.4,0,4,11.0,3,5.0,0,3,2,6
CUST_07670,,Ahmedabad,3.3,27,45384.96,1680.92,8.18,17,0.485,4,5,67.0,25,13.0,23,4,20,3
CUST_07671,18.0,Delhi,0.4,9,16518.87,1835.43,22.5,33,0.343,1,3,23.0,2,6.0,6,4,3,3
CUST_07672,52.0,Other,1.9,14,17513.0,1250.93,7.37,29,0.475,4,6,38.0,19,33.0,9,16,10,2
CUST_07673,37.0,Bengaluru,3.1,8,9578.05,1197.26,2.58,74,0.485,1,2,7.0,5,2.0,1,1,1,6
CUST_07674,41.0,Delhi,4.1,7,8540.64,1220.09,1.71,8,0.924,8,5,35.0,18,18.0,11,6,18,1
CUST_07675,37.0,Delhi,0.6,13,9206.21,708.17,21.67,19,0.633,3,2,39.0,23,11.0,7,7,15,1
CUST_07676,40.0,Bengaluru,3.1,14,14554.53,1039.61,4.52,58,0.83,5,3,46.0,19,21.0,11,8,13,0
CUST_07677,35.0,Other,6.2,1,2110.88,2110.88,0.16,16,0.504,0,2,15.0,4,12.0,5,5,2,1
CUST_07678,37.0,Kolkata,3.9,10,19758.33,1975.83,2.56,207,0.652,4,4,17.0,4,2.0,1,1,1,0
CUST_07679,35.0,Hyderabad,6.6,14,36662.5,2618.75,2.12,7,0.097,1,2,53.0,28,16.0,13,3,8,4
CUST_07680,28.0,Mumbai,4.1,15,54681.4,3645.43,3.66,32,0.062,1,3,55.0,31,14.0,11,2,11,2
CUST_07681,34.0,Mumbai,2.1,8,14955.66,1869.46,3.81,102,0.419,1,4,9.0,3,1.0,1,3,1,2
CUST_07682,37.0,Bengaluru,2.7,11,14072.72,1279.34,4.07,27,0.897,4,6,47.0,16,18.0,11,10,9,1
CUST_07683,35.0,Kolkata,3.4,14,18436.0,1316.86,4.12,32,0.798,2,3,35.0,19,15.0,12,4,16,1
CUST_07684,19.0,Kolkata,4.4,13,16160.9,1243.15,2.95,55,0.717,2,6,52.0,14,19.0,10,9,16,4
CUST_07685,21.0,Pune,4.6,27,85423.73,3163.84,5.87,28,0.134,0,3,59.0,21,15.0,8,3,11,3
CUST_07686,45.0,Mumbai,2.3,2,1190.19,595.1,0.87,48,0.505,1,2,12.0,7,6.0,4,4,4,4
CUST_07687,31.0,Delhi,2.3,2,3284.8,1642.4,0.87,42,0.57,1,6,14.0,6,5.0,6,6,5,3
CUST_07688,40.0,Other,2.0,25,56419.18,2256.77,12.5,11,0.153,2,3,79.0,35,13.0,15,3,15,0
CUST_07689,23.0,Hyderabad,0.9,17,29364.95,1727.35,18.89,5,0.225,1,3,56.0,33,11.0,14,3,8,2
CUST_07690,19.0,Delhi,5.3,5,9263.18,1852.64,0.94,82,0.238,0,4,22.0,7,5.0,4,4,6,3
CUST_07691,26.0,Delhi,2.3,12,20589.95,1715.83,5.22,6,0.392,0,2,59.0,27,21.0,14,4,5,1
CUST_07692,32.0,Mumbai,1.3,7,14041.51,2005.93,5.38,210,0.326,0,3,14.0,6,1.0,4,2,4,0
CUST_07693,27.0,Bengaluru,4.1,20,28515.39,1425.77,4.88,10,0.439,5,4,57.0,38,11.0,26,1,9,2
CUST_07694,47.0,Ahmedabad,4.4,10,10522.42,1052.24,2.27,10,0.841,2,2,36.0,15,21.0,15,5,8,6
CUST_07695,36.0,Other,1.1,11,13070.45,1188.22,10.0,300,0.603,2,3,8.0,5,5.0,3,5,2,1
CUST_07696,52.0,Bengaluru,6.2,6,11719.52,1953.25,0.97,117,0.541,1,4,17.0,7,9.0,4,4,2,4
CUST_07697,38.0,Mumbai,5.6,17,25268.45,1486.38,3.04,1,0.364,2,5,57.0,37,,11,1,5,2
CUST_07698,18.0,Chennai,3.3,2,2688.1,1344.05,0.61,41,0.518,1,2,21.0,5,5.0,4,8,0,2
CUST_07699,45.0,Kolkata,3.2,29,42878.69,1478.58,9.06,8,0.293,2,3,67.0,20,14.0,14,3,15,5
CUST_07700,19.0,Mumbai,5.3,24,51639.86,,4.53,28,0.329,0,5,80.0,31,6.0,10,6,13,3
CUST_07701,36.0,Jaipur,2.2,8,11503.6,1437.95,3.64,78,0.343,2,2,16.0,5,1.0,0,2,3,0
CUST_07702,26.0,Ahmedabad,6.2,2,2807.18,1403.59,0.32,171,0.314,2,3,11.0,6,8.0,2,3,2,1
CUST_07703,55.0,Bengaluru,0.6,4,9034.26,2258.57,6.67,46,0.583,1,4,18.0,5,1.0,5,6,5,2
CUST_07704,48.0,Hyderabad,3.5,22,29876.27,1358.01,6.29,11,0.225,3,4,69.0,35,18.0,13,1,16,1
CUST_07705,27.0,Kolkata,2.9,15,36721.51,2448.1,5.17,40,0.107,2,4,60.0,19,10.0,11,4,12,3
CUST_07706,33.0,Chennai,1.0,14,36860.93,2632.92,14.0,15,0.085,3,4,51.0,22,16.0,13,3,11,2
CUST_07707,36.0,Mumbai,5.4,5,3642.69,728.54,0.93,23,0.605,1,3,34.0,18,19.0,8,2,9,5
CUST_07708,43.0,Mumbai,2.0,4,7464.73,1866.18,2.0,27,0.367,0,3,17.0,4,6.0,2,3,4,3
CUST_07709,34.0,Mumbai,4.9,8,5930.82,741.35,1.63,16,0.648,1,4,51.0,18,28.0,19,13,17,3
CUST_07710,24.0,Kolkata,4.3,2,3796.64,1898.32,0.47,180,0.559,1,3,13.0,4,5.0,10,3,2,2
CUST_07711,27.0,Bengaluru,1.6,25,62625.52,2505.02,15.62,9,0.043,0,4,71.0,20,19.0,12,3,6,2
CUST_07712,34.0,Hyderabad,0.6,16,31070.01,1941.88,26.67,9,0.242,0,2,66.0,32,10.0,13,5,8,4
CUST_07713,46.0,Kolkata,3.8,20,44539.37,2226.97,5.26,6,0.584,1,4,65.0,24,8.0,14,4,8,0
CUST_07714,38.0,Delhi,4.4,9,11965.47,1329.5,2.05,6,0.873,5,5,44.0,20,18.0,16,5,13,2
CUST_07715,26.0,Kolkata,3.6,11,30735.72,2794.16,3.06,4,0.253,0,3,61.0,29,18.0,8,2,9,1
CUST_07716,40.0,Bengaluru,1.6,8,11874.22,1484.28,5.0,252,0.634,1,1,,3,4.0,1,2,3,2
CUST_07717,30.0,Delhi,9.4,28,25212.06,900.43,2.98,11,0.251,1,3,68.0,40,,15,3,14,4
CUST_07718,43.0,Delhi,2.9,11,18212.56,1655.69,3.79,193,0.436,1,2,,1,2.0,1,3,2,1
CUST_07719,59.0,Other,,26,54268.15,2087.24,37.14,18,0.447,2,6,72.0,43,12.0,19,1,15,3
CUST_07720,30.0,Kolkata,5.5,5,9977.8,1995.56,0.91,105,0.528,1,2,9.0,2,5.0,1,3,1,7
CUST_07721,42.0,Mumbai,1.8,8,11117.49,1389.69,4.44,15,0.819,8,4,38.0,17,15.0,14,9,13,2
CUST_07722,27.0,Other,4.5,6,13567.2,2261.2,1.33,79,0.479,3,3,8.0,3,,1,1,1,0
CUST_07723,33.0,Kolkata,1.5,13,37801.78,2907.83,8.67,1,0.298,3,1,47.0,25,13.0,10,3,13,2
CUST_07724,34.0,Mumbai,3.0,3,3879.78,1293.26,1.0,44,0.443,2,2,12.0,4,5.0,6,5,6,2
CUST_07725,32.0,Mumbai,1.2,12,29730.24,2477.52,10.0,140,0.627,0,4,9.0,3,5.0,2,1,2,1
CUST_07726,59.0,Delhi,2.8,19,66817.49,3516.71,6.79,18,0.193,0,5,62.0,21,10.0,13,3,13,2
CUST_07727,31.0,Hyderabad,1.7,21,49694.35,2366.4,12.35,16,0.384,0,3,50.0,22,14.0,7,5,5,2
CUST_07728,40.0,Hyderabad,2.5,29,76019.21,2621.35,11.6,1,0.143,0,4,50.0,41,13.0,14,4,8,6
CUST_07729,18.0,Pune,2.0,9,18647.11,2071.9,4.5,109,0.828,1,4,8.0,11,5.0,1,0,3,5
CUST_07730,38.0,Bengaluru,5.6,18,13919.86,773.33,3.21,97,0.845,4,5,45.0,19,16.0,11,9,21,1
CUST_07731,45.0,Pune,6.9,6,5782.58,963.76,0.87,51,0.844,2,2,34.0,17,28.0,14,7,14,4
CUST_07732,29.0,Mumbai,1.9,25,74291.27,2971.65,13.16,13,0.176,1,2,48.0,26,13.0,11,1,11,1
CUST_07733,18.0,Bengaluru,5.9,22,55200.05,2509.09,3.73,27,0.238,2,2,52.0,27,14.0,14,2,3,1
CUST_07734,34.0,Delhi,9.1,4,4030.82,1007.7,0.44,16,0.33,2,3,25.0,7,5.0,4,3,3,2
CUST_07735,34.0,Hyderabad,1.1,21,71067.91,3384.19,19.09,46,0.206,0,5,53.0,30,11.0,10,3,8,3
CUST_07736,41.0,Other,2.6,2,2335.92,1167.96,0.77,141,0.561,1,7,14.0,6,7.0,7,6,1,0
CUST_07737,54.0,Mumbai,2.2,12,30222.97,2518.58,5.45,91,0.523,4,5,10.0,5,0.0,2,1,5,1
CUST_07738,30.0,Mumbai,8.9,30,56592.07,1886.4,3.37,24,0.303,4,1,68.0,37,15.0,12,3,12,3
CUST_07739,25.0,Mumbai,3.5,1,757.63,757.63,0.29,140,0.472,0,4,20.0,2,4.0,4,4,3,3
CUST_07740,22.0,Bengaluru,9.1,15,41934.19,2795.61,1.65,12,0.086,2,5,53.0,32,19.0,17,5,6,4
CUST_07741,36.0,Chennai,4.8,10,11862.05,1186.21,2.08,53,0.773,3,2,46.0,19,20.0,10,8,13,4
CUST_07742,39.0,Hyderabad,5.2,17,44545.83,2620.34,3.27,23,0.286,1,4,61.0,17,14.0,4,3,11,3
CUST_07743,29.0,Bengaluru,2.9,1,794.22,794.22,0.34,126,0.375,2,1,16.0,7,,1,3,3,3
CUST_07744,42.0,Delhi,4.1,33,71887.86,2178.42,8.05,15,0.358,0,4,61.0,36,5.0,17,1,9,2
CUST_07745,,Delhi,3.9,17,20201.74,1188.34,4.36,8,0.824,2,2,47.0,18,19.0,8,8,15,4
CUST_07746,34.0,Delhi,4.2,14,17158.66,1225.62,3.33,3,0.917,6,1,39.0,17,28.0,16,6,8,4
CUST_07747,25.0,Hyderabad,0.5,14,34569.88,2469.28,28.0,20,0.287,0,4,56.0,23,21.0,15,1,9,2
CUST_07748,29.0,Mumbai,7.9,7,18917.36,2702.48,0.89,51,0.166,0,2,19.0,9,4.0,1,7,5,1
CUST_07749,18.0,Kolkata,4.3,25,50346.79,2013.87,5.81,3,0.24,2,4,66.0,34,10.0,9,4,8,3
CUST_07750,36.0,Hyderabad,2.6,7,13667.6,1952.51,2.69,33,0.465,1,6,11.0,7,2.0,8,9,4,4
CUST_07751,34.0,Pune,5.3,17,36803.33,2164.9,3.21,3,0.234,0,4,54.0,28,11.0,13,4,12,1
CUST_07752,36.0,Bengaluru,2.7,4,4483.34,1120.83,1.48,116,0.407,1,4,14.0,10,9.0,7,10,5,0
CUST_07753,39.0,Other,6.0,14,42466.24,3033.3,2.33,12,0.128,0,3,54.0,32,11.0,17,2,13,2
CUST_07754,38.0,Mumbai,2.0,29,48326.45,1666.43,14.5,9,0.155,0,4,53.0,30,10.0,15,10,10,2
CUST_07755,33.0,Pune,8.1,21,34208.43,1628.97,2.59,10,0.406,1,3,72.0,38,14.0,11,5,8,1
CUST_07756,34.0,Bengaluru,3.5,5,10673.99,2134.8,1.43,58,0.332,0,4,7.0,11,7.0,7,4,2,3
CUST_07757,20.0,Chennai,8.0,17,34346.7,2020.39,2.12,11,0.273,0,4,72.0,37,11.0,8,6,16,2
CUST_07758,,Pune,10.0,6,11523.38,1920.56,0.6,114,0.38,2,5,5.0,7,3.0,2,0,1,3
CUST_07759,35.0,Other,2.2,10,16450.52,1645.05,4.55,122,0.391,2,2,11.0,5,2.0,2,1,0,2
CUST_07760,27.0,Chennai,0.2,16,35033.79,2189.61,80.0,13,0.174,1,3,51.0,26,15.0,11,1,6,2
CUST_07761,43.0,Jaipur,0.2,9,10223.99,1136.0,45.0,68,0.826,2,7,47.0,18,24.0,18,11,12,4
CUST_07762,27.0,Delhi,1.1,30,50006.47,1666.88,27.27,6,0.121,1,1,54.0,24,12.0,15,2,16,3
CUST_07763,36.0,Ahmedabad,1.0,14,21508.38,1536.31,14.0,14,0.23,2,3,53.0,29,12.0,15,9,14,2
CUST_07764,35.0,Delhi,2.2,4,7810.32,1952.58,1.82,84,0.514,2,4,17.0,6,5.0,6,5,2,1
CUST_07765,41.0,Pune,5.9,2,3901.91,1950.95,0.34,30,0.495,1,4,16.0,8,8.0,8,4,1,2
CUST_07766,43.0,Other,2.4,9,8985.22,998.36,3.75,91,0.593,1,3,11.0,5,10.0,5,7,4,2
CUST_07767,41.0,Mumbai,3.9,21,33184.16,1580.2,5.38,7,0.378,1,3,80.0,31,14.0,18,5,15,3
CUST_07768,18.0,Other,5.0,28,57152.1,2041.15,5.6,16,0.399,2,4,74.0,27,14.0,13,2,10,4
CUST_07769,46.0,Bengaluru,4.6,12,25435.74,2119.65,2.61,21,0.437,1,6,61.0,21,17.0,14,1,13,3
CUST_07770,49.0,Other,1.1,8,11477.81,1434.73,7.27,150,0.263,1,5,22.0,7,6.0,0,5,0,3
CUST_07771,29.0,Hyderabad,1.4,12,9986.93,832.24,8.57,82,0.582,3,5,39.0,14,15.0,15,9,13,5
CUST_07772,36.0,Kolkata,1.6,6,5234.02,872.34,3.75,95,0.32,0,2,14.0,8,6.0,3,4,2,2
CUST_07773,25.0,Mumbai,1.5,21,31028.68,1477.56,14.0,9,0.382,2,5,68.0,24,13.0,12,3,11,1
CUST_07774,18.0,Bengaluru,3.3,20,41235.18,2061.76,6.06,2,0.294,1,5,57.0,27,11.0,9,2,11,2
CUST_07775,27.0,Kolkata,1.6,30,47812.72,1593.76,18.75,5,0.226,2,2,73.0,32,11.0,18,3,7,3
CUST_07776,29.0,Ahmedabad,2.5,18,48176.6,2676.48,7.2,11,0.234,2,2,,23,8.0,12,2,10,4
CUST_07777,30.0,Mumbai,3.5,28,44430.87,1586.82,8.0,11,0.161,2,3,56.0,42,11.0,16,4,9,1
CUST_07778,24.0,Bengaluru,0.3,2,1989.8,994.9,6.67,26,0.392,0,4,20.0,2,3.0,8,6,5,4
CUST_07779,27.0,Bengaluru,1.8,12,20123.78,1676.98,6.67,117,0.587,4,3,4.0,3,4.0,8,3,2,4
CUST_07780,34.0,Mumbai,1.6,15,19423.67,1294.91,9.38,40,0.567,4,3,47.0,17,23.0,18,14,14,6
CUST_07781,26.0,Bengaluru,2.9,12,15588.41,1299.03,4.14,13,0.979,0,4,33.0,10,19.0,12,7,12,0
CUST_07782,39.0,Ahmedabad,3.3,30,59674.5,1989.15,9.09,23,0.175,0,3,46.0,19,10.0,13,7,9,1
CUST_07783,41.0,Delhi,6.2,8,15939.1,1992.39,1.29,207,0.244,1,2,7.0,7,1.0,2,1,4,7
CUST_07784,58.0,Bengaluru,5.4,15,32961.96,2197.46,2.78,9,0.254,0,3,58.0,27,11.0,13,4,5,4
CUST_07785,45.0,Other,1.9,7,16073.37,2296.2,3.68,86,0.678,2,2,7.0,3,0.0,1,1,4,4
CUST_07786,36.0,Mumbai,2.3,15,12741.93,849.46,6.52,29,0.881,1,2,37.0,17,20.0,13,11,10,1
CUST_07787,28.0,Hyderabad,2.4,34,61651.83,1813.29,14.17,16,0.317,0,1,61.0,32,15.0,10,5,9,5
CUST_07788,37.0,Kolkata,4.9,5,5457.97,1091.59,1.02,30,0.616,0,3,9.0,2,4.0,2,0,1,1
CUST_07789,37.0,Kolkata,6.6,18,29783.07,1654.61,2.73,7,0.178,2,4,51.0,26,14.0,15,3,14,2
CUST_07790,29.0,Kolkata,4.2,13,18292.65,1407.13,3.1,10,0.725,0,2,48.0,15,27.0,11,11,11,5
CUST_07791,42.0,Kolkata,3.4,11,2750.0,250.0,3.24,37,0.525,2,3,35.0,16,17.0,12,14,11,1
CUST_07792,20.0,Mumbai,0.8,26,51840.35,1993.86,32.5,5,0.546,0,2,65.0,29,14.0,9,5,8,0
CUST_07793,32.0,Hyderabad,2.7,25,43105.69,1724.23,9.26,12,0.059,1,4,66.0,35,14.0,15,1,7,2
CUST_07794,40.0,Ahmedabad,5.3,2,3662.37,1831.18,0.38,130,0.309,2,3,26.0,11,7.0,2,4,3,2
CUST_07795,,Mumbai,2.8,8,15805.78,1975.72,2.86,78,0.157,1,5,21.0,13,4.0,4,7,3,4
CUST_07796,32.0,Mumbai,2.7,24,52471.73,2186.32,8.89,9,0.257,1,5,77.0,31,4.0,18,4,12,3
CUST_07797,33.0,Ahmedabad,0.8,10,16924.93,1692.49,12.5,253,0.306,0,4,15.0,2,5.0,2,3,0,1
CUST_07798,26.0,Kolkata,6.9,15,51838.85,3455.92,2.17,11,0.316,4,5,55.0,18,17.0,10,3,8,3
CUST_07799,46.0,Bengaluru,0.9,39,92539.14,2372.8,43.33,6,0.23,1,4,62.0,28,13.0,20,2,13,3
CUST_07800,24.0,Other,7.1,22,30672.29,1394.19,3.1,21,0.271,2,5,74.0,36,11.0,15,7,5,4
CUST_07801,37.0,Kolkata,3.3,21,47951.97,2283.43,6.36,25,0.179,1,3,50.0,22,11.0,12,1,10,6
CUST_07802,38.0,Other,8.4,18,45825.8,2545.88,2.14,15,0.228,2,4,52.0,21,12.0,14,5,4,6
CUST_07803,25.0,Other,4.9,7,11159.02,1594.15,1.43,47,0.705,2,3,11.0,4,4.0,3,3,1,6
CUST_07804,35.0,Bengaluru,5.4,30,82516.74,2750.56,5.56,9,0.161,1,4,57.0,42,11.0,18,5,15,2
CUST_07805,25.0,Kolkata,2.5,13,48370.27,3720.79,5.2,3,0.189,0,3,60.0,31,16.0,10,3,6,5
CUST_07806,48.0,Chennai,2.9,18,49780.8,2765.6,6.21,14,0.04,1,3,57.0,33,10.0,7,2,10,2
CUST_07807,23.0,Ahmedabad,2.6,1,1374.49,1374.49,0.38,57,0.21,1,1,19.0,6,5.0,3,3,5,2
CUST_07808,27.0,Ahmedabad,1.6,12,23161.08,1930.09,7.5,163,0.638,3,4,4.0,4,4.0,0,2,1,1
CUST_07809,22.0,Mumbai,3.4,25,55036.53,2201.46,7.35,26,0.433,0,5,53.0,36,8.0,11,4,6,2
CUST_07810,20.0,Pune,1.3,17,46680.33,2745.9,13.08,31,0.25,0,4,56.0,27,15.0,5,2,8,6
CUST_07811,50.0,Pune,,27,51155.82,1894.66,14.21,16,0.363,0,5,72.0,34,6.0,10,5,5,3
CUST_07812,39.0,Ahmedabad,1.8,9,19104.52,2122.72,5.0,12,0.144,1,5,45.0,34,19.0,22,0,7,4
CUST_07813,35.0,Ahmedabad,2.0,15,40700.03,2713.34,7.5,4,0.341,0,3,52.0,16,13.0,17,2,7,2
CUST_07814,27.0,Bengaluru,1.6,21,42770.55,2036.69,13.12,7,0.085,2,5,70.0,39,16.0,20,5,7,4
CUST_07815,43.0,Hyderabad,0.7,23,25875.99,1125.04,32.86,7,0.337,4,4,64.0,30,12.0,11,5,4,6
CUST_07816,26.0,Ahmedabad,1.3,8,7742.14,967.77,6.15,42,0.906,2,2,38.0,13,25.0,10,10,12,1
CUST_07817,42.0,Delhi,3.9,28,35216.02,1257.72,7.18,2,0.121,3,3,60.0,23,10.0,8,3,11,1
CUST_07818,25.0,Mumbai,2.2,12,16699.61,1391.63,5.45,156,0.336,4,2,12.0,3,0.0,5,1,5,3
CUST_07819,28.0,Bengaluru,2.4,10,19434.15,1943.42,4.17,91,0.214,3,6,11.0,9,3.0,4,1,1,3
CUST_07820,42.0,Other,6.7,12,18482.04,1540.17,1.79,31,0.808,2,8,44.0,18,28.0,14,9,11,2
CUST_07821,43.0,Ahmedabad,8.9,28,47457.78,1694.92,3.15,11,0.41,3,3,,25,12.0,18,4,14,3
CUST_07822,40.0,Delhi,7.5,22,37639.42,1710.88,2.93,20,0.425,0,4,67.0,36,9.0,10,4,8,5
CUST_07823,24.0,Mumbai,,26,65670.89,2525.8,3.66,17,0.219,1,4,64.0,39,14.0,15,5,13,5
CUST_07824,30.0,Chennai,4.8,7,5063.16,723.31,1.46,21,0.354,1,5,18.0,8,7.0,5,6,3,2
CUST_07825,36.0,Ahmedabad,5.9,9,14174.06,1574.9,1.53,5,0.783,1,1,39.0,15,22.0,19,12,8,2
CUST_07826,26.0,Chennai,6.2,6,8529.73,1421.62,0.97,86,0.667,1,5,11.0,5,1.0,1,0,1,1
CUST_07827,48.0,Bengaluru,6.4,14,27369.96,1955.0,2.19,124,0.697,0,5,10.0,5,3.0,3,2,3,1
CUST_07828,18.0,Mumbai,1.2,34,66452.58,1954.49,28.33,13,0.666,2,2,52.0,39,17.0,23,4,11,2
CUST_07829,26.0,Other,2.6,5,6184.14,1236.83,1.92,24,0.574,1,2,39.0,17,24.0,17,7,17,3
CUST_07830,29.0,Pune,,17,58921.47,3465.97,5.15,10,0.071,2,2,58.0,28,14.0,5,1,8,3
CUST_07831,18.0,Pune,0.9,19,41302.6,,21.11,13,0.494,1,4,67.0,35,14.0,21,6,14,4
CUST_07832,20.0,Ahmedabad,0.7,25,44757.78,1790.31,35.71,23,0.604,2,3,43.0,39,11.0,13,2,9,3
CUST_07833,40.0,Other,3.6,26,39063.55,1502.44,7.22,12,0.468,1,4,58.0,31,9.0,18,2,10,3
CUST_07834,34.0,Chennai,1.4,5,7956.67,1591.33,3.57,208,0.502,1,6,14.0,5,4.0,3,2,4,5
CUST_07835,50.0,Hyderabad,4.0,15,29936.66,1995.78,3.75,14,0.057,1,6,59.0,35,9.0,23,6,8,1
CUST_07836,49.0,Delhi,4.1,12,15275.6,1272.97,2.93,18,0.704,3,7,41.0,18,19.0,10,8,17,1
CUST_07837,38.0,Mumbai,2.6,9,11340.78,1260.09,3.46,30,0.817,3,4,55.0,17,25.0,13,8,7,1
CUST_07838,37.0,Pune,2.7,1,2331.19,2331.19,0.37,28,0.256,0,5,13.0,8,6.0,4,10,6,1
CUST_07839,35.0,Hyderabad,1.9,24,48385.51,2016.06,12.63,14,0.26,3,2,59.0,31,13.0,15,2,9,2
CUST_07840,18.0,Mumbai,1.0,11,8256.68,750.61,11.0,112,0.372,2,5,14.0,2,3.0,1,3,4,1
CUST_07841,20.0,Jaipur,3.7,12,13612.23,1134.35,3.24,30,0.622,5,4,49.0,11,28.0,10,4,10,3
CUST_07842,35.0,Pune,2.6,27,50017.02,1852.48,10.38,16,0.082,1,4,63.0,30,16.0,15,1,9,0
CUST_07843,40.0,Bengaluru,1.2,15,37607.08,2507.14,12.5,4,0.339,1,5,50.0,23,15.0,14,1,16,4
CUST_07844,37.0,Bengaluru,2.4,9,11529.64,1281.07,3.75,88,0.857,3,5,44.0,19,19.0,14,10,14,1
CUST_07845,25.0,Hyderabad,5.5,4,6858.95,1714.74,0.73,102,0.523,1,4,12.0,6,6.0,6,5,4,0
CUST_07846,43.0,Delhi,0.7,13,14161.74,1089.36,18.57,41,0.836,1,5,42.0,17,14.0,11,11,13,1
CUST_07847,49.0,Jaipur,2.9,6,6945.62,1157.6,2.07,61,0.498,1,7,13.0,8,9.0,3,6,1,3
CUST_07848,43.0,Bengaluru,1.2,7,9351.35,1335.91,5.83,13,0.73,3,4,45.0,21,21.0,15,8,9,5
CUST_07849,44.0,Chennai,2.4,17,34220.36,2012.96,7.08,9,0.287,0,5,57.0,19,10.0,16,3,10,2
CUST_07850,28.0,Chennai,0.4,13,44307.04,3408.23,32.5,17,0.341,1,4,45.0,30,18.0,13,7,12,0
CUST_07851,45.0,Mumbai,0.8,27,52754.67,1953.88,33.75,37,0.281,2,4,72.0,40,17.0,8,1,10,2
CUST_07852,35.0,Hyderabad,0.7,4,10866.32,2716.58,5.71,100,0.445,0,2,24.0,6,5.0,2,7,3,1
CUST_07853,39.0,Hyderabad,8.3,3,4527.19,1509.06,0.36,6,0.552,1,7,17.0,7,6.0,1,5,5,0
CUST_07854,38.0,Jaipur,3.5,31,52903.77,1706.57,8.86,17,0.296,1,3,63.0,22,19.0,21,3,11,1
CUST_07855,33.0,Jaipur,1.4,11,10100.87,918.26,7.86,36,0.886,3,3,34.0,19,20.0,22,10,7,3
CUST_07856,25.0,Mumbai,1.5,18,23368.55,1298.25,12.0,39,0.224,0,7,61.0,41,11.0,24,3,11,4
CUST_07857,33.0,Mumbai,4.6,33,87981.31,2666.1,7.17,3,0.092,1,1,67.0,35,19.0,15,2,9,2
CUST_07858,44.0,Delhi,4.0,27,41192.0,1525.63,6.75,16,0.177,5,2,65.0,33,10.0,13,3,9,1
CUST_07859,30.0,Other,2.7,18,36181.18,2010.07,6.67,3,0.134,0,4,59.0,22,17.0,10,4,14,4
CUST_07860,43.0,Mumbai,7.0,18,40466.58,2248.14,2.57,12,0.251,0,4,55.0,27,13.0,7,1,7,1
CUST_07861,41.0,Chennai,1.5,27,54547.32,2020.27,18.0,14,0.288,1,4,51.0,26,17.0,7,2,9,4
CUST_07862,31.0,Hyderabad,0.7,16,30540.19,1908.76,22.86,19,0.164,1,3,60.0,27,13.0,13,6,9,3
CUST_07863,48.0,Chennai,6.7,16,42337.27,2646.08,2.39,11,0.35,0,5,60.0,24,15.0,6,3,13,3
CUST_07864,30.0,Pune,1.9,1,2325.02,2325.02,0.53,78,0.291,0,3,18.0,6,8.0,4,6,2,3
CUST_07865,49.0,Pune,0.7,20,35015.73,1750.79,28.57,4,0.087,2,2,63.0,27,6.0,11,8,9,4
CUST_07866,38.0,Bengaluru,2.8,9,9998.06,1110.9,3.21,42,0.455,3,7,5.0,8,5.0,2,1,4,4
CUST_07867,34.0,Mumbai,3.2,13,31524.92,2424.99,4.06,5,0.031,0,4,56.0,8,19.0,16,4,5,1
CUST_07868,25.0,Mumbai,2.7,34,68071.8,2002.11,12.59,8,0.276,2,3,61.0,27,13.0,15,6,13,3
CUST_07869,33.0,Mumbai,6.4,24,26056.25,1085.68,3.75,18,0.313,2,3,61.0,33,20.0,14,2,8,3
CUST_07870,32.0,Hyderabad,8.7,14,38856.8,2775.49,1.61,23,0.056,2,7,53.0,28,17.0,11,3,14,2
CUST_07871,21.0,Delhi,1.9,1,1649.55,1649.55,0.53,53,0.244,0,2,14.0,6,6.0,4,5,3,2
CUST_07872,32.0,Delhi,5.0,23,66944.86,2910.65,4.6,23,0.108,0,2,57.0,27,17.0,9,2,7,2
CUST_07873,26.0,Delhi,2.2,8,11251.27,1406.41,3.64,79,0.719,4,5,13.0,5,8.0,2,0,2,2
CUST_07874,40.0,Pune,6.7,11,8968.83,815.35,1.64,239,0.734,0,5,15.0,3,3.0,1,0,0,4
CUST_07875,47.0,Bengaluru,0.9,5,5997.76,1199.55,5.56,12,0.676,1,4,50.0,18,22.0,16,13,8,5
CUST_07876,22.0,Pune,3.1,9,6649.34,738.82,2.9,48,0.856,2,3,60.0,18,17.0,11,12,11,1
CUST_07877,51.0,Chennai,4.3,5,7928.16,1585.63,1.16,56,0.539,0,2,14.0,9,5.0,2,7,6,5
CUST_07878,33.0,Mumbai,4.4,25,58753.38,2350.14,5.68,6,0.461,2,6,56.0,25,15.0,19,2,10,1
CUST_07879,24.0,Other,2.1,4,4664.57,1166.14,1.9,119,0.341,0,5,18.0,15,10.0,5,8,5,4
CUST_07880,42.0,Mumbai,2.6,19,33425.44,1759.23,7.31,17,0.372,0,3,39.0,27,10.0,14,1,6,3
CUST_07881,30.0,Other,4.1,17,46765.96,2750.94,4.15,16,0.25,4,4,59.0,20,12.0,18,3,13,2
CUST_07882,33.0,Ahmedabad,3.2,7,5620.93,802.99,2.19,46,0.792,0,1,,13,23.0,12,7,16,1
CUST_07883,30.0,Chennai,3.0,20,24058.34,1202.92,6.67,16,0.927,4,4,33.0,14,21.0,7,10,7,1
CUST_07884,26.0,Other,2.0,9,7155.22,795.02,4.5,114,0.487,3,3,11.0,3,3.0,2,2,1,2
CUST_07885,41.0,Mumbai,1.3,15,32154.51,2143.63,11.54,11,0.17,0,5,43.0,35,18.0,9,2,8,7
CUST_07886,31.0,Mumbai,5.8,2,2583.78,1291.89,0.34,60,0.488,0,2,18.0,12,5.0,5,8,1,0
CUST_07887,20.0,Pune,1.2,26,37649.87,1448.07,21.67,6,0.261,2,1,84.0,37,12.0,19,1,8,1
CUST_07888,40.0,Pune,6.5,26,55989.15,2153.43,4.0,5,0.402,3,4,68.0,27,10.0,9,0,10,0
CUST_07889,22.0,Delhi,7.3,23,28535.21,1240.66,3.15,19,0.492,0,4,67.0,38,13.0,13,2,10,4
CUST_07890,22.0,Hyderabad,4.9,23,47563.33,2067.97,4.69,8,0.418,0,5,49.0,32,11.0,18,4,15,2
CUST_07891,46.0,Mumbai,2.1,13,34735.35,2671.95,6.19,2,0.189,2,6,52.0,31,13.0,11,3,6,2
CUST_07892,22.0,Delhi,0.7,5,4374.28,874.86,7.14,12,0.687,3,6,34.0,27,14.0,18,10,9,2
CUST_07893,18.0,Pune,4.3,3,3626.31,1208.77,0.7,23,0.432,0,4,11.0,8,5.0,8,10,4,0
CUST_07894,40.0,Hyderabad,1.0,8,9627.5,1203.44,8.0,16,0.863,2,3,34.0,15,15.0,12,11,17,2
CUST_07895,31.0,Other,1.7,11,6026.46,547.86,6.47,32,0.774,1,3,32.0,22,21.0,12,6,8,1
CUST_07896,32.0,Bengaluru,2.0,1,1810.01,1810.01,0.5,137,0.691,1,2,11.0,7,5.0,2,5,1,4
CUST_07897,31.0,Bengaluru,1.3,10,16721.98,1672.2,7.69,61,0.301,0,4,23.0,1,4.0,9,3,4,1
CUST_07898,36.0,Delhi,1.5,12,8226.53,685.54,8.0,42,0.867,3,5,49.0,18,17.0,12,8,8,2
CUST_07899,26.0,Ahmedabad,3.1,24,24877.7,1036.57,7.74,32,0.276,2,2,65.0,30,8.0,14,4,6,2
CUST_07900,49.0,Mumbai,10.0,13,9709.79,746.91,1.3,72,0.768,1,6,14.0,4,1.0,1,3,3,2
CUST_07901,19.0,Other,4.1,8,9067.89,1133.49,1.95,13,0.752,3,2,47.0,16,13.0,11,12,7,2
CUST_07902,38.0,Bengaluru,5.8,29,67094.4,2313.6,5.0,19,0.436,0,4,65.0,32,16.0,9,3,11,2
CUST_07903,40.0,Delhi,1.8,21,40877.32,1946.54,11.67,13,0.262,0,6,65.0,29,7.0,10,4,10,1
CUST_07904,26.0,Other,9.2,5,6549.91,1309.98,0.54,59,0.617,0,3,12.0,9,6.0,6,5,1,1
CUST_07905,24.0,Other,,11,30435.59,2766.87,1.28,12,0.065,1,5,56.0,28,18.0,18,3,16,1
CUST_07906,44.0,Chennai,2.1,9,20204.62,2244.96,4.29,114,0.5,3,4,7.0,5,5.0,1,3,1,3
CUST_07907,24.0,Mumbai,9.0,16,39528.82,2470.55,1.78,38,0.17,1,1,60.0,26,19.0,11,1,8,4
CUST_07908,28.0,Kolkata,1.5,3,6077.95,2025.98,2.0,49,0.305,1,4,19.0,6,11.0,3,8,2,4
CUST_07909,43.0,Delhi,2.5,21,39848.71,1897.56,8.4,15,0.693,1,4,61.0,36,8.0,14,7,18,0
CUST_07910,34.0,Delhi,2.6,5,3278.96,655.79,1.92,14,0.81,2,6,46.0,11,19.0,15,10,18,3
CUST_07911,18.0,Mumbai,2.0,9,21786.78,2420.75,4.5,86,0.503,3,5,10.0,6,4.0,1,3,1,3
CUST_07912,51.0,Bengaluru,0.5,30,64555.13,2151.84,60.0,17,0.333,1,4,67.0,35,18.0,20,4,12,4
CUST_07913,29.0,Kolkata,0.6,11,10868.86,988.08,18.33,2,0.976,1,2,44.0,16,18.0,14,7,7,2
CUST_07914,30.0,Pune,2.3,11,35841.37,3258.31,4.78,22,0.048,1,1,61.0,23,14.0,14,3,7,5
CUST_07915,37.0,Other,6.1,23,43322.21,1883.57,3.77,11,0.07,1,2,65.0,31,15.0,10,4,6,3
CUST_07916,40.0,Pune,2.7,19,26981.97,1420.1,7.04,2,0.327,1,3,77.0,41,13.0,18,5,9,1
CUST_07917,54.0,Mumbai,1.6,2,1792.21,896.1,1.25,155,0.398,1,4,16.0,7,6.0,9,3,5,3
CUST_07918,18.0,Chennai,5.0,14,28518.53,2037.04,2.8,24,0.12,1,3,62.0,29,15.0,17,2,12,2
CUST_07919,42.0,Ahmedabad,4.3,23,62605.42,2721.97,5.35,3,0.11,0,1,47.0,30,13.0,9,4,11,1
CUST_07920,41.0,Other,3.5,21,32224.21,1534.49,6.0,8,0.213,0,5,68.0,41,14.0,15,6,6,4
CUST_07921,33.0,Kolkata,1.6,5,6996.21,1399.24,3.12,43,0.512,0,5,19.0,8,3.0,4,5,2,2
CUST_07922,42.0,Pune,2.9,2,3396.19,1698.1,0.69,86,0.217,2,5,14.0,5,6.0,5,7,2,4
CUST_07923,43.0,Other,0.2,12,43871.37,3655.95,60.0,23,0.15,0,4,49.0,30,11.0,11,4,9,4
CUST_07924,20.0,Other,6.3,13,27681.05,2129.31,2.06,25,0.339,2,2,49.0,23,10.0,18,2,8,3
CUST_07925,51.0,Mumbai,4.3,9,13965.02,1551.67,2.09,204,0.555,1,3,16.0,4,3.0,0,1,2,3
CUST_07926,18.0,Hyderabad,1.9,31,41183.32,1328.49,16.32,32,0.293,2,1,53.0,32,12.0,18,5,9,1
CUST_07927,23.0,Hyderabad,3.1,10,16793.2,1679.32,3.23,220,0.165,1,7,10.0,4,3.0,4,2,1,3
CUST_07928,31.0,Bengaluru,2.3,13,22722.78,1747.91,5.65,361,0.694,3,3,13.0,1,3.0,1,1,0,2
CUST_07929,53.0,Other,3.1,2,3270.44,1635.22,0.65,61,0.17,1,1,27.0,6,2.0,11,3,4,1
CUST_07930,31.0,Mumbai,10.0,15,38510.5,2567.37,1.5,17,0.262,0,2,69.0,21,11.0,10,4,12,3
CUST_07931,34.0,Hyderabad,6.4,5,4527.43,905.49,0.78,58,0.397,0,1,15.0,6,13.0,3,6,2,2
CUST_07932,48.0,Pune,5.3,3,4791.72,1597.24,0.57,57,0.56,1,5,15.0,10,4.0,3,10,6,3
CUST_07933,31.0,Bengaluru,5.3,10,11157.36,1115.74,1.89,42,0.662,2,5,49.0,16,13.0,7,12,9,1
CUST_07934,,Kolkata,6.7,27,36885.65,1366.14,4.03,8,0.236,2,3,68.0,28,10.0,12,8,8,2
CUST_07935,30.0,Pune,6.9,27,52510.37,1944.83,3.91,13,0.118,2,1,62.0,34,16.0,19,3,15,2
CUST_07936,48.0,Delhi,4.7,19,60713.88,3195.47,4.04,9,0.157,1,8,52.0,19,16.0,6,4,4,3
CUST_07937,35.0,Other,2.9,8,9602.51,1200.31,2.76,45,0.811,2,4,36.0,13,19.0,9,13,4,0
CUST_07938,53.0,Kolkata,1.2,9,10029.86,1114.43,7.5,31,0.78,2,6,44.0,16,14.0,13,9,10,2
CUST_07939,41.0,Hyderabad,3.8,26,45486.62,1749.49,6.84,16,0.124,3,3,57.0,30,12.0,18,3,4,0
CUST_07940,28.0,Pune,2.6,12,12971.96,1081.0,4.62,59,0.531,1,5,47.0,17,28.0,12,8,9,1
CUST_07941,35.0,Bengaluru,1.3,19,22261.81,1171.67,14.62,7,0.36,0,3,47.0,32,9.0,14,5,13,2
CUST_07942,25.0,Kolkata,3.2,7,10650.06,1521.44,2.19,25,0.597,0,2,20.0,8,5.0,3,3,3,1
CUST_07943,27.0,Ahmedabad,0.8,10,13243.65,1324.37,12.5,39,0.456,2,3,15.0,4,4.0,4,2,1,4
CUST_07944,70.0,Pune,2.2,21,64219.19,3058.06,9.55,12,0.282,2,2,51.0,33,18.0,15,1,6,4
CUST_07945,44.0,Chennai,5.4,24,43189.79,1799.57,4.44,31,0.349,2,4,67.0,32,16.0,18,6,10,0
CUST_07946,43.0,Mumbai,2.9,17,49427.51,2907.5,5.86,34,0.289,1,7,73.0,20,13.0,10,2,7,3
CUST_07947,28.0,Mumbai,4.4,5,9796.96,1959.39,1.14,47,0.528,0,3,14.0,4,5.0,5,4,4,3
CUST_07948,50.0,Hyderabad,4.2,1,991.41,991.41,0.24,85,0.338,1,3,,5,7.0,3,7,3,3
CUST_07949,45.0,Pune,2.7,7,15035.98,2148.0,2.59,194,0.599,0,3,15.0,3,3.0,6,0,4,1
CUST_07950,53.0,Mumbai,4.8,29,55989.84,1930.68,6.04,4,0.127,1,4,76.0,25,11.0,20,4,13,1
CUST_07951,52.0,Kolkata,3.0,8,15551.89,1943.99,2.67,43,0.406,1,4,8.0,4,6.0,2,0,6,1
CUST_07952,19.0,Bengaluru,1.0,17,38084.89,2240.29,17.0,10,0.24,0,4,54.0,31,15.0,13,1,7,3
CUST_07953,23.0,Ahmedabad,2.6,8,10067.74,1258.47,3.08,24,0.855,1,2,40.0,22,17.0,17,6,7,1
CUST_07954,24.0,Chennai,9.1,17,43983.96,2587.29,1.87,9,0.119,0,4,56.0,23,20.0,8,2,7,0
CUST_07955,25.0,Kolkata,1.5,8,10668.38,1333.55,5.33,124,0.341,2,4,10.0,7,2.0,1,3,3,2
CUST_07956,37.0,Delhi,8.7,11,6898.48,627.13,1.26,56,0.877,1,6,42.0,25,20.0,12,8,18,2
CUST_07957,28.0,Pune,0.2,2,3535.2,1767.6,10.0,79,0.289,3,2,21.0,2,3.0,6,9,3,1
CUST_07958,55.0,Hyderabad,0.8,6,5386.91,,7.5,99,0.561,2,1,24.0,5,2.0,2,5,10,5
CUST_07959,53.0,Pune,1.4,12,31377.82,2614.82,8.57,12,0.091,2,2,53.0,26,11.0,9,4,3,5
CUST_07960,34.0,Ahmedabad,0.9,18,56188.41,3121.58,20.0,4,0.196,0,4,46.0,29,11.0,14,1,10,0
CUST_07961,54.0,Bengaluru,5.5,8,8066.01,1008.25,1.45,298,0.616,0,3,11.0,3,4.0,4,3,0,3
CUST_07962,49.0,Pune,0.7,23,47253.93,2054.52,32.86,10,0.472,0,5,76.0,32,5.0,13,3,12,2
CUST_07963,29.0,Hyderabad,1.5,21,53203.63,2533.51,14.0,8,0.464,0,5,54.0,28,15.0,15,2,8,4
CUST_07964,18.0,Other,4.8,6,8200.71,1366.78,1.25,22,0.636,4,4,33.0,23,14.0,18,9,9,3
CUST_07965,32.0,Mumbai,3.5,7,8912.91,1273.27,2.0,53,0.732,3,3,39.0,19,14.0,15,8,12,3
CUST_07966,28.0,Mumbai,2.7,24,78671.81,3277.99,8.89,1,0.18,2,4,52.0,20,10.0,10,4,10,0
CUST_07967,36.0,Ahmedabad,2.5,18,42092.02,2338.45,7.2,20,0.295,2,3,67.0,25,9.0,13,7,8,2
CUST_07968,35.0,Mumbai,4.6,22,56599.02,2572.68,4.78,17,0.232,2,4,57.0,34,15.0,13,1,7,4
CUST_07969,35.0,Mumbai,1.0,20,30592.63,1529.63,20.0,7,0.321,2,3,72.0,22,15.0,8,2,9,1
CUST_07970,39.0,Delhi,1.4,10,16561.05,1656.1,7.14,45,0.516,3,6,12.0,6,3.0,0,3,4,1
CUST_07971,22.0,Bengaluru,4.0,5,9038.4,1807.68,1.25,139,0.433,2,3,13.0,4,4.0,2,1,1,2
CUST_07972,38.0,Hyderabad,1.5,1,1640.19,1640.19,0.67,143,0.265,1,4,17.0,8,5.0,2,5,1,2
CUST_07973,30.0,Bengaluru,3.0,17,45384.94,2669.7,5.67,23,0.314,0,4,56.0,33,21.0,10,0,11,3
CUST_07974,36.0,Other,2.2,15,21229.77,1415.32,6.82,150,0.395,2,5,11.0,3,6.0,3,2,1,1
CUST_07975,44.0,Kolkata,1.7,12,11787.32,982.28,7.06,29,0.658,4,5,58.0,17,19.0,12,10,16,4
CUST_07976,22.0,Other,2.7,11,27895.49,2535.95,4.07,5,0.053,3,3,47.0,34,11.0,9,2,11,5
CUST_07977,31.0,Bengaluru,0.3,11,17870.33,1624.58,36.67,185,0.59,0,1,8.0,2,3.0,3,3,1,2
CUST_07978,33.0,Mumbai,3.9,3,4910.66,1636.89,0.77,180,0.768,1,1,11.0,8,5.0,3,8,6,4
CUST_07979,29.0,Other,3.8,3,4975.82,1658.61,0.79,40,0.133,2,3,14.0,9,6.0,8,5,3,1
CUST_07980,43.0,Mumbai,6.9,1,2234.32,2234.32,0.14,180,0.498,0,4,12.0,5,,4,5,1,1
CUST_07981,27.0,Kolkata,1.3,26,54201.79,2084.68,20.0,5,0.532,0,2,65.0,31,,13,3,7,4
CUST_07982,28.0,Mumbai,6.1,31,54730.17,1765.49,5.08,28,0.239,4,1,74.0,33,7.0,16,2,12,2
CUST_07983,27.0,Kolkata,1.4,4,8647.28,2161.82,2.86,53,0.476,1,4,21.0,10,4.0,8,5,1,2
CUST_07984,45.0,Other,4.9,43,83144.77,1933.6,8.78,21,0.322,2,1,63.0,30,11.0,10,4,10,2
CUST_07985,29.0,Delhi,0.9,25,61080.25,,27.78,19,0.414,3,4,76.0,30,7.0,27,3,12,6
CUST_07986,39.0,Pune,1.5,6,5042.87,840.48,4.0,33,0.358,1,5,19.0,8,7.0,4,4,2,2
CUST_07987,54.0,Pune,1.6,2,2403.79,1201.89,1.25,11,0.296,0,5,15.0,7,5.0,3,5,4,2
CUST_07988,33.0,Bengaluru,3.1,15,20298.87,1353.26,4.84,45,0.885,3,2,55.0,24,16.0,13,12,10,3
CUST_07989,45.0,Mumbai,3.6,5,7024.75,1404.95,1.39,116,0.408,0,4,18.0,4,6.0,5,4,0,0
CUST_07990,51.0,Chennai,0.7,5,4094.29,818.86,7.14,40,0.386,3,4,20.0,14,7.0,3,8,2,2
CUST_07991,44.0,Delhi,3.3,5,5374.91,1074.98,1.52,63,0.371,0,4,14.0,5,6.0,4,6,2,4
CUST_07992,34.0,Delhi,3.0,24,33117.18,1379.88,8.0,9,0.351,3,2,63.0,27,14.0,12,3,5,4
CUST_07993,40.0,Bengaluru,3.6,48,111611.48,2325.2391666666667,6.67,7,0.314,0,3,57.0,28,8.0,12,1,10,1
CUST_07994,21.0,Hyderabad,3.6,18,40780.46,2265.58,5.0,5,0.383,0,3,61.0,32,5.0,16,5,15,0
CUST_07995,26.0,Mumbai,7.3,16,40180.55,2511.28,2.19,8,0.269,1,6,40.0,29,9.0,6,1,11,6
CUST_07996,28.0,Chennai,1.7,22,35274.03,1603.36,12.94,18,0.082,0,4,57.0,33,9.0,16,4,8,2
CUST_07997,56.0,Jaipur,6.3,25,52052.12,2082.08,3.97,9,0.392,0,2,63.0,26,6.0,13,4,11,7
CUST_07998,26.0,Pune,4.0,13,16164.75,1243.44,3.25,79,0.871,3,5,53.0,11,21.0,11,11,11,0
CUST_07999,26.0,Pune,2.2,13,10295.16,791.94,5.91,122,0.46,0,2,13.0,5,2.0,1,3,3,1
CUST_08000,24.0,Kolkata,1.9,17,43595.73,2564.45,8.95,36,0.207,0,5,48.0,21,18.0,19,6,9,4
CUST_08001,40.0,Pune,4.6,7,12600.61,1800.09,1.52,83,0.271,1,3,,4,3.0,6,9,2,2
CUST_08002,35.0,Mumbai,1.4,2,4283.11,2141.56,1.43,33,0.513,0,1,16.0,11,5.0,4,5,3,4
CUST_08003,45.0,Hyderabad,4.1,13,34023.47,2617.19,3.17,8,0.115,0,4,59.0,25,20.0,10,5,6,1
CUST_08004,41.0,Pune,1.9,6,9712.61,1618.77,3.16,50,0.673,6,4,15.0,3,2.0,2,1,3,2
CUST_08005,20.0,Mumbai,4.7,18,28648.11,1591.56,3.83,22,0.825,3,1,47.0,19,16.0,17,8,11,0
CUST_08006,26.0,Other,1.6,26,45377.86,1745.3,16.25,11,0.2,1,3,63.0,36,18.0,16,3,12,2
CUST_08007,48.0,Delhi,2.5,3,6535.28,2178.43,1.2,19,0.478,2,3,16.0,3,7.0,14,3,0,4
CUST_08008,32.0,Other,2.0,29,34212.63,1179.75,14.5,3,0.44,1,5,67.0,33,10.0,12,7,13,5
CUST_08009,46.0,Mumbai,7.0,4,3720.63,930.16,0.57,24,0.314,2,6,16.0,4,6.0,3,7,9,2
CUST_08010,33.0,Ahmedabad,8.6,16,28629.42,1789.34,1.86,31,0.188,1,2,,28,9.0,9,2,6,3
CUST_08011,24.0,Bengaluru,2.0,7,9453.06,1350.44,3.5,59,0.468,2,3,16.0,4,10.0,4,2,2,2
CUST_08012,31.0,Mumbai,3.5,15,21055.03,1403.67,4.29,2,0.568,2,5,53.0,28,26.0,9,9,11,1
CUST_08013,24.0,Kolkata,2.9,5,7536.61,1507.32,1.72,73,0.356,0,4,16.0,5,9.0,1,6,1,1
CUST_08014,28.0,Jaipur,1.9,32,49485.09,1546.41,16.84,27,0.111,0,4,59.0,28,9.0,9,4,7,1
CUST_08015,36.0,Mumbai,1.3,5,7022.13,1404.43,3.85,80,0.279,1,4,20.0,8,5.0,6,6,3,5
CUST_08016,39.0,Kolkata,1.1,7,7764.39,1109.2,6.36,35,0.613,4,7,17.0,7,6.0,6,5,3,3
CUST_08017,18.0,Bengaluru,1.5,15,15905.93,1060.4,10.0,23,0.922,5,5,43.0,16,14.0,15,8,13,2
CUST_08018,34.0,Kolkata,2.1,8,6684.71,835.59,3.81,32,0.737,1,5,37.0,22,20.0,12,10,17,6
CUST_08019,28.0,Kolkata,2.3,5,7135.73,1427.15,2.17,5,0.657,2,6,43.0,19,28.0,20,14,11,2
CUST_08020,28.0,Mumbai,0.5,12,27034.54,2252.88,24.0,83,0.524,2,4,13.0,7,4.0,2,2,2,0
CUST_08021,35.0,Mumbai,5.4,13,14459.63,1112.28,2.41,52,0.65,4,1,43.0,9,25.0,17,9,17,3
CUST_08022,28.0,Bengaluru,6.5,3,4028.02,1342.67,0.46,52,0.388,0,5,14.0,7,9.0,6,3,1,2
CUST_08023,48.0,Other,7.3,1,1430.84,,0.14,157,0.41,0,4,19.0,7,4.0,2,1,1,0
CUST_08024,46.0,Delhi,0.8,20,33989.89,1699.49,25.0,4,0.241,1,6,73.0,32,16.0,22,4,10,5
CUST_08025,46.0,Hyderabad,2.4,24,49007.61,2041.98,10.0,18,0.522,0,7,80.0,31,11.0,16,4,13,0
CUST_08026,29.0,Mumbai,5.7,27,34688.18,1284.75,4.74,7,0.132,0,3,48.0,30,10.0,17,3,8,3
CUST_08027,24.0,Kolkata,0.4,3,6684.06,2228.02,7.5,145,0.487,2,3,15.0,7,3.0,3,4,1,1
CUST_08028,35.0,Hyderabad,1.0,22,35216.87,1600.77,22.0,17,0.223,0,5,52.0,42,12.0,20,2,10,2
CUST_08029,32.0,Kolkata,,6,6297.87,1049.64,1.25,42,0.895,2,5,59.0,11,26.0,16,21,12,3
CUST_08030,28.0,Other,2.2,4,3447.88,861.97,1.82,49,0.458,1,3,18.0,8,3.0,4,6,3,1
CUST_08031,22.0,Mumbai,2.5,20,29539.45,1476.97,8.0,10,0.16,0,6,59.0,44,10.0,9,7,11,2
CUST_08032,34.0,Pune,1.6,2,4401.82,2200.91,1.25,91,0.217,0,4,22.0,8,4.0,4,4,2,3
CUST_08033,30.0,Other,3.5,26,45632.3,1755.09,7.43,9,0.411,0,3,76.0,30,17.0,16,1,14,8
CUST_08034,41.0,Mumbai,3.2,19,46741.47,2460.08,5.94,4,0.076,0,3,51.0,21,21.0,8,1,12,2
CUST_08035,41.0,Kolkata,1.2,2,3898.48,1949.24,1.67,80,0.215,2,4,14.0,7,14.0,6,3,0,3
CUST_08036,45.0,Kolkata,6.1,12,41332.49,3444.37,1.97,15,0.447,0,4,66.0,23,,13,2,7,5
CUST_08037,21.0,Chennai,0.2,27,68547.91,2538.81,135.0,14,0.364,0,4,57.0,32,13.0,11,7,11,1
CUST_08038,38.0,Pune,3.8,8,13646.5,1705.81,2.11,39,0.457,2,3,12.0,3,4.0,2,2,4,3
CUST_08039,27.0,Pune,3.2,23,19905.6,865.46,7.19,6,0.397,4,4,58.0,27,11.0,16,8,8,1
CUST_08040,22.0,Chennai,7.4,8,17279.06,2159.88,1.08,148,0.413,4,5,13.0,1,3.0,2,2,1,3
CUST_08041,30.0,Pune,2.0,14,11730.24,837.87,7.0,123,0.468,4,4,12.0,5,3.0,0,1,3,1
CUST_08042,,Chennai,1.7,31,55387.1,1786.68,18.24,2,0.583,1,3,67.0,33,10.0,11,4,9,0
CUST_08043,30.0,Bengaluru,5.6,16,27092.39,1693.27,2.86,15,0.106,2,2,40.0,32,12.0,11,3,15,3
CUST_08044,50.0,Delhi,1.6,3,5652.37,1884.12,1.88,33,0.601,0,4,11.0,4,13.0,3,6,4,1
CUST_08045,39.0,Delhi,1.0,10,8830.76,883.08,10.0,16,0.716,4,2,47.0,21,21.0,7,16,7,3
CUST_08046,30.0,Other,5.1,14,34686.04,2477.57,2.75,14,0.062,1,1,55.0,29,16.0,16,2,6,1
CUST_08047,46.0,Bengaluru,4.9,5,4610.32,922.06,1.02,32,0.434,1,4,16.0,9,3.0,3,3,4,2
CUST_08048,38.0,Hyderabad,4.2,14,32471.04,2319.36,3.33,11,0.087,1,5,52.0,25,7.0,11,3,13,1
CUST_08049,25.0,Other,1.4,13,22795.09,1753.47,9.29,150,0.63,4,3,11.0,4,5.0,3,0,4,1
CUST_08050,53.0,Chennai,5.9,17,46977.37,2763.37,2.88,4,0.041,0,6,36.0,28,21.0,11,2,9,3
CUST_08051,37.0,Other,3.1,17,48536.59,2855.09,5.48,7,0.102,2,4,71.0,22,15.0,10,2,13,3
CUST_08052,34.0,Mumbai,3.1,18,48112.85,2672.94,5.81,11,0.668,2,2,68.0,23,16.0,6,4,6,1
CUST_08053,25.0,Ahmedabad,8.8,11,14053.76,1277.61,1.25,76,0.554,0,4,14.0,3,3.0,0,11,0,1
CUST_08054,46.0,Delhi,0.9,5,7217.95,1443.59,5.56,180,0.601,0,1,14.0,3,7.0,7,4,1,2
CUST_08055,39.0,Ahmedabad,4.7,1,1483.55,1483.55,0.21,37,0.344,0,4,16.0,9,7.0,3,2,2,2
CUST_08056,40.0,Jaipur,7.8,27,54129.8,2004.81,3.46,5,0.218,4,1,56.0,40,13.0,15,5,11,4
CUST_08057,29.0,Pune,1.0,26,47810.65,1838.87,26.0,37,0.292,1,4,60.0,26,14.0,16,4,11,2
CUST_08058,42.0,Delhi,3.6,23,56137.77,2440.77,6.39,8,0.446,1,2,62.0,35,10.0,12,6,8,2
CUST_08059,43.0,Kolkata,1.6,13,21515.51,1655.04,8.12,22,0.834,1,4,48.0,12,22.0,8,6,8,4
CUST_08060,27.0,Mumbai,4.1,9,7486.79,831.87,2.2,16,0.726,2,3,50.0,25,16.0,12,16,19,2
CUST_08061,20.0,Kolkata,3.8,4,6077.16,1519.29,1.05,27,0.135,3,7,13.0,11,5.0,6,3,3,2
CUST_08062,40.0,Mumbai,4.6,26,51803.28,1992.43,5.65,38,0.206,0,4,66.0,37,11.0,8,5,12,2
CUST_08063,18.0,Other,1.5,8,12597.49,1574.69,5.33,97,0.34,2,5,11.0,5,3.0,3,5,2,4
CUST_08064,36.0,Pune,3.5,22,35062.71,1593.76,6.29,13,0.324,0,4,57.0,16,17.0,11,2,9,3
CUST_08065,30.0,Hyderabad,4.8,7,8178.88,1168.41,1.46,163,0.42,3,1,16.0,3,3.0,2,1,1,0
CUST_08066,46.0,Mumbai,1.8,21,33307.26,1586.06,11.67,13,0.059,0,5,54.0,28,9.0,8,3,12,2
CUST_08067,30.0,Pune,3.8,10,13112.59,1311.26,2.63,25,0.752,0,6,47.0,15,17.0,7,12,15,4
CUST_08068,45.0,Delhi,2.2,72,136477.1,1895.5152777777778,16.36,8,0.192,1,1,61.0,27,7.0,14,2,8,3
CUST_08069,29.0,Bengaluru,5.8,18,28203.08,1566.84,3.1,27,0.85,2,4,55.0,14,27.0,11,11,17,3
CUST_08070,44.0,Mumbai,,15,15020.23,1001.35,18.75,44,0.907,3,5,60.0,14,11.0,14,13,15,2
CUST_08071,55.0,Jaipur,3.5,28,37828.63,1351.02,8.0,35,0.512,1,1,69.0,24,15.0,23,3,14,3
CUST_08072,23.0,Mumbai,7.0,18,40625.97,2257.0,2.57,7,0.339,2,2,56.0,38,11.0,16,6,8,4
CUST_08073,37.0,Kolkata,2.3,6,8076.68,1346.11,2.61,52,0.567,0,3,14.0,7,5.0,3,4,8,4
CUST_08074,61.0,Bengaluru,0.7,4,7103.78,1775.95,5.71,71,0.512,1,2,18.0,5,6.0,0,4,4,2
CUST_08075,35.0,Bengaluru,3.4,5,10517.19,2103.44,1.47,52,0.382,0,3,18.0,10,7.0,5,8,5,4
CUST_08076,35.0,Pune,6.9,30,41799.38,1393.31,4.35,3,0.425,1,4,55.0,37,12.0,12,2,15,4
CUST_08077,42.0,Hyderabad,2.7,11,12377.66,1125.24,4.07,57,0.657,2,2,42.0,20,14.0,10,3,10,3
CUST_08078,34.0,Hyderabad,2.9,12,6606.61,550.55,4.14,42,0.991,3,4,39.0,22,14.0,12,5,13,3
CUST_08079,18.0,Mumbai,0.7,13,24965.16,1920.4,18.57,15,0.233,1,3,58.0,35,7.0,14,2,9,2
CUST_08080,45.0,Pune,5.6,11,8226.49,747.86,1.96,23,0.756,2,3,42.0,19,19.0,7,7,14,2
CUST_08081,18.0,Mumbai,2.4,25,32412.77,1296.51,10.42,30,0.281,1,3,72.0,26,18.0,16,7,8,1
CUST_08082,30.0,Mumbai,5.6,11,13947.22,1267.93,1.96,18,0.08,3,1,36.0,25,12.0,11,0,6,3
CUST_08083,46.0,Mumbai,4.9,33,82648.01,2504.49,6.73,14,0.204,3,4,44.0,35,9.0,15,5,12,2
CUST_08084,30.0,Pune,1.5,19,48109.58,2532.08,12.67,8,0.061,2,5,48.0,30,17.0,13,4,7,4
CUST_08085,27.0,Chennai,3.8,6,11074.37,1845.73,1.58,117,0.451,0,2,16.0,5,8.0,6,3,4,1
CUST_08086,43.0,Delhi,5.0,1,1538.49,1538.49,0.2,36,0.431,1,4,20.0,5,5.0,5,9,0,1
CUST_08087,25.0,Delhi,6.4,10,23279.2,2327.92,1.56,345,0.444,4,3,6.0,4,5.0,2,0,1,2
CUST_08088,22.0,Mumbai,2.1,4,5558.14,1389.53,1.9,23,0.47,1,3,19.0,6,4.0,8,8,5,1
CUST_08089,37.0,Hyderabad,2.9,21,37342.4,1778.21,7.24,6,0.276,2,2,54.0,21,17.0,16,4,8,4
CUST_08090,32.0,Delhi,0.4,4,7030.38,1757.59,10.0,53,0.36,1,3,14.0,5,4.0,1,0,2,1
CUST_08091,22.0,Chennai,7.4,7,16613.99,2373.43,0.95,185,0.229,1,5,9.0,8,5.0,1,3,3,1
CUST_08092,40.0,Kolkata,4.4,8,13043.33,1630.42,1.82,72,0.835,6,3,65.0,22,24.0,14,9,9,4
CUST_08093,39.0,Hyderabad,3.9,8,5427.95,678.49,2.05,29,0.777,1,4,50.0,18,16.0,15,7,12,5
CUST_08094,30.0,Pune,0.4,9,15812.36,1756.93,22.5,38,0.444,2,3,13.0,7,4.0,4,1,2,4
CUST_08095,31.0,Bengaluru,4.1,8,8845.78,1105.72,1.95,24,0.937,3,5,45.0,13,15.0,9,13,12,1
CUST_08096,39.0,Pune,3.4,13,18487.67,1422.13,3.82,210,0.353,3,4,7.0,4,3.0,2,4,1,2
CUST_08097,46.0,Other,2.7,19,27090.91,1425.84,7.04,4,0.162,0,3,47.0,27,20.0,16,2,10,1
CUST_08098,31.0,Kolkata,3.6,17,36382.26,2140.13,4.72,39,0.156,1,4,50.0,23,9.0,11,2,10,1
CUST_08099,41.0,Bengaluru,3.0,11,13960.32,1269.12,3.67,53,0.697,2,4,52.0,19,18.0,13,14,14,2
CUST_08100,40.0,Other,4.3,11,9709.89,882.72,2.56,32,0.586,3,5,34.0,17,25.0,10,10,11,3
CUST_08101,43.0,Hyderabad,3.5,5,8402.64,1680.53,1.43,59,0.567,0,4,10.0,8,3.0,6,7,5,2
CUST_08102,34.0,Delhi,2.5,8,7598.72,949.84,3.2,138,0.389,1,4,11.0,5,5.0,1,2,2,5
CUST_08103,25.0,Mumbai,4.1,26,47896.26,1842.16,6.34,18,0.272,0,4,73.0,26,13.0,22,4,11,1
CUST_08104,29.0,Hyderabad,1.7,24,54207.53,2258.65,14.12,19,0.246,2,4,58.0,30,14.0,13,2,10,3
CUST_08105,37.0,Jaipur,3.6,1,2105.84,2105.84,0.28,33,0.46,1,5,23.0,3,6.0,4,2,1,5
CUST_08106,52.0,Jaipur,3.8,11,10407.73,946.16,2.89,20,0.859,4,2,45.0,21,32.0,14,8,14,2
CUST_08107,29.0,Hyderabad,3.8,22,56296.53,2558.93,5.79,12,0.1,1,4,48.0,31,10.0,13,0,4,1
CUST_08108,42.0,Delhi,3.8,17,24076.82,1416.28,4.47,58,0.814,2,4,44.0,10,21.0,12,8,10,0
CUST_08109,31.0,Chennai,5.2,3,4924.75,1641.58,0.58,55,0.205,2,6,20.0,8,7.0,3,10,8,1
CUST_08110,35.0,Kolkata,4.1,6,8543.74,1423.96,1.46,167,0.548,1,5,18.0,7,7.0,3,3,2,1
CUST_08111,49.0,Bengaluru,5.0,7,5809.69,829.96,1.4,13,0.936,6,3,48.0,12,14.0,13,10,10,0
CUST_08112,42.0,Bengaluru,2.0,29,66043.58,2277.36,14.5,28,0.147,3,1,57.0,23,13.0,10,2,13,3
CUST_08113,22.0,Chennai,2.4,9,17879.72,1986.64,3.75,210,0.448,0,4,10.0,3,6.0,2,0,2,6
CUST_08114,28.0,Jaipur,6.7,6,15612.97,2602.16,0.9,22,0.491,0,4,17.0,7,2.0,1,8,4,5
CUST_08115,47.0,Ahmedabad,1.2,21,44776.64,2132.22,17.5,8,0.164,2,1,71.0,36,9.0,14,3,14,2
CUST_08116,35.0,Mumbai,4.8,31,57449.19,1853.2,6.46,9,0.589,2,3,51.0,24,12.0,18,1,14,4
CUST_08117,23.0,Mumbai,6.1,7,8197.45,1171.06,1.15,102,0.438,0,5,16.0,5,6.0,7,5,3,2
CUST_08118,26.0,Jaipur,2.7,19,40039.87,2107.36,7.04,7,0.544,4,5,63.0,29,9.0,14,3,10,0
CUST_08119,41.0,Ahmedabad,1.3,13,33847.45,2603.65,10.0,5,0.178,2,7,58.0,18,13.0,7,2,10,2
CUST_08120,44.0,Delhi,3.0,15,15534.77,1035.65,5.0,39,0.764,2,4,45.0,7,24.0,9,10,6,5
CUST_08121,34.0,Hyderabad,0.7,29,51860.35,1788.29,41.43,7,0.238,1,5,64.0,34,7.0,19,4,11,4
CUST_08122,59.0,Other,2.2,4,4839.09,1209.77,1.82,58,0.494,0,4,19.0,7,7.0,7,1,2,4
CUST_08123,42.0,Other,2.5,23,60496.91,2630.3,9.2,3,0.094,4,3,58.0,23,11.0,12,1,9,2
CUST_08124,32.0,Ahmedabad,3.9,4,4593.75,1148.44,1.03,75,0.325,0,4,12.0,9,8.0,7,2,1,0
CUST_08125,26.0,Pune,2.0,34,26762.61,787.14,17.0,8,0.201,0,2,76.0,30,,13,4,13,2
CUST_08126,24.0,Kolkata,2.4,26,78259.98,3010.0,10.83,9,0.044,1,3,62.0,31,16.0,15,1,5,2
CUST_08127,37.0,Mumbai,6.3,16,39254.69,2453.42,2.54,11,0.301,1,1,59.0,20,12.0,13,4,9,5
CUST_08128,29.0,Jaipur,1.5,9,14393.29,1599.25,6.0,72,0.48,2,3,5.0,5,4.0,0,0,2,2
CUST_08129,51.0,Mumbai,6.4,13,22469.63,1728.43,2.03,230,0.356,5,4,10.0,4,4.0,0,1,1,7
CUST_08130,49.0,Chennai,3.7,23,31689.35,1377.8,6.22,1,0.522,1,1,70.0,24,13.0,10,3,10,3
CUST_08131,40.0,Hyderabad,5.2,1,1281.65,1281.65,0.19,19,0.232,0,5,17.0,6,6.0,6,6,4,3
CUST_08132,22.0,Kolkata,1.3,9,7757.44,861.94,6.92,14,0.586,0,3,37.0,16,13.0,14,4,11,2
CUST_08133,27.0,Hyderabad,2.8,9,18374.12,2041.57,3.21,191,0.529,1,2,11.0,8,1.0,4,1,3,3
CUST_08134,47.0,Mumbai,2.8,29,61207.49,2110.6,10.36,26,0.25,0,3,60.0,33,14.0,17,4,8,3
CUST_08135,28.0,Chennai,2.6,6,7577.95,1262.99,2.31,123,0.478,0,5,21.0,9,6.0,4,2,5,3
CUST_08136,45.0,Delhi,3.2,24,71387.55,2974.48,7.5,2,0.204,1,3,63.0,20,23.0,9,3,6,2
CUST_08137,39.0,Delhi,1.9,23,34660.48,1506.98,12.11,10,0.377,1,5,60.0,25,19.0,17,4,11,5
CUST_08138,35.0,Other,1.8,5,6834.26,1366.85,2.78,59,0.546,2,2,12.0,4,1.0,6,0,0,1
CUST_08139,27.0,Hyderabad,2.0,11,10230.63,930.06,5.5,36,0.845,2,5,43.0,20,24.0,19,10,17,4
CUST_08140,33.0,Kolkata,5.2,36,62336.42,1731.57,6.92,3,0.433,1,5,59.0,26,12.0,13,4,11,2
CUST_08141,36.0,Bengaluru,1.1,20,48500.44,2425.02,18.18,23,0.183,1,5,57.0,28,12.0,10,2,3,1
CUST_08142,44.0,Kolkata,1.9,9,20829.96,2314.44,4.74,42,0.356,0,1,20.0,6,7.0,8,7,2,3
CUST_08143,25.0,Kolkata,4.6,4,3689.6,922.4,0.87,35,0.509,0,3,15.0,10,9.0,2,8,1,3
CUST_08144,31.0,Chennai,6.9,16,32226.45,2014.15,2.32,15,0.508,5,1,58.0,29,10.0,22,4,10,3
CUST_08145,34.0,Other,6.8,10,13999.29,1399.93,1.47,229,0.185,2,3,16.0,2,5.0,1,0,4,1
CUST_08146,41.0,Bengaluru,5.0,27,64825.17,2400.93,5.4,8,0.378,2,5,58.0,17,16.0,14,2,8,4
CUST_08147,25.0,Chennai,6.1,15,27712.19,1847.48,2.46,17,0.327,2,5,71.0,28,4.0,14,4,7,2
CUST_08148,21.0,Ahmedabad,2.4,9,12341.49,1371.28,3.75,149,0.586,0,3,6.0,0,4.0,3,1,1,3
CUST_08149,41.0,Delhi,2.0,29,35842.64,1235.95,14.5,9,0.096,2,3,59.0,32,10.0,7,3,14,2
CUST_08150,19.0,Bengaluru,0.3,32,40239.81,1257.49,106.67,2,0.263,4,4,61.0,29,9.0,13,1,10,5
CUST_08151,47.0,Other,2.0,9,15600.13,1733.35,4.5,38,0.758,4,3,41.0,18,17.0,10,12,15,2
CUST_08152,32.0,Mumbai,2.2,9,13462.57,1495.84,4.09,118,0.338,0,2,13.0,6,10.0,5,9,2,2
CUST_08153,19.0,Delhi,0.5,17,39343.44,2314.32,34.0,49,0.225,3,3,61.0,33,16.0,12,5,11,6
CUST_08154,29.0,Bengaluru,1.3,4,9291.49,2322.87,3.08,120,0.239,4,3,13.0,3,4.0,2,3,2,0
CUST_08155,38.0,Mumbai,8.7,7,16268.26,2324.04,0.8,63,0.297,2,3,21.0,9,9.0,4,3,2,1
CUST_08156,29.0,Jaipur,2.7,19,49054.44,2581.81,7.04,21,0.134,1,5,49.0,23,12.0,12,1,11,3
CUST_08157,34.0,Delhi,1.3,1,1086.09,1086.09,0.77,81,0.229,2,4,23.0,4,8.0,5,7,4,3
CUST_08158,41.0,Pune,2.5,31,58777.1,1896.04,12.4,3,0.25,1,4,72.0,32,8.0,10,4,6,3
CUST_08159,32.0,Ahmedabad,3.4,15,33600.52,2240.03,4.41,1,0.17,0,3,63.0,34,13.0,15,1,14,3
CUST_08160,25.0,Pune,2.8,2,2464.2,1232.1,0.71,51,0.214,1,5,12.0,4,5.0,3,4,1,3
CUST_08161,31.0,Chennai,1.7,5,5684.68,1136.94,2.94,163,0.34,0,4,16.0,4,3.0,3,4,1,0
CUST_08162,48.0,Ahmedabad,4.7,16,46878.4,2929.9,3.4,1,0.34,0,3,51.0,28,,15,2,8,0
CUST_08163,51.0,Ahmedabad,10.0,28,70194.78,2506.96,2.8,16,0.286,2,5,56.0,40,15.0,16,0,18,3
CUST_08164,18.0,Ahmedabad,5.7,7,5117.12,731.02,1.23,18,0.795,2,3,37.0,10,28.0,19,10,17,3
CUST_08165,45.0,Mumbai,2.4,18,46464.71,2581.37,7.5,34,0.1,1,4,72.0,29,14.0,16,5,6,4
CUST_08166,37.0,Mumbai,2.6,23,46613.84,2026.69,8.85,13,0.508,0,3,72.0,29,17.0,21,7,10,3
CUST_08167,43.0,Delhi,4.1,17,49637.86,2919.87,4.15,2,0.24,3,3,49.0,23,14.0,18,4,12,2
CUST_08168,28.0,Mumbai,3.2,4,3163.57,790.89,1.25,113,0.511,1,6,22.0,6,10.0,7,5,3,1
CUST_08169,,Bengaluru,5.6,16,35292.4,2205.78,2.86,10,0.215,4,3,62.0,38,12.0,12,1,10,3
CUST_08170,40.0,Delhi,6.2,16,46474.68,2904.67,2.58,5,0.153,0,1,66.0,27,15.0,14,4,13,1
CUST_08171,25.0,Hyderabad,0.7,3,4715.07,1571.69,4.29,66,0.302,1,4,22.0,3,7.0,6,4,1,1
CUST_08172,20.0,Delhi,3.9,3,5459.9,1819.97,0.77,11,0.468,0,4,23.0,7,6.0,3,4,7,2
CUST_08173,21.0,Bengaluru,0.3,13,23015.54,1770.43,43.33,15,0.93,4,4,42.0,20,14.0,10,8,9,4
CUST_08174,40.0,Delhi,7.7,22,44848.14,2038.55,2.86,14,0.45,0,3,68.0,41,9.0,14,6,6,1
CUST_08175,35.0,Pune,2.3,4,7116.14,1779.03,1.74,169,0.273,1,4,22.0,4,,2,2,5,1
CUST_08176,42.0,Chennai,0.8,25,35864.45,1434.58,31.25,7,0.032,2,1,57.0,24,12.0,12,6,9,1
CUST_08177,41.0,Chennai,3.4,21,29230.61,1391.93,6.18,10,0.323,1,4,70.0,30,12.0,17,4,10,1
CUST_08178,30.0,Ahmedabad,6.7,2,3110.91,1555.46,0.3,133,0.53,0,4,17.0,7,7.0,5,6,1,3
CUST_08179,33.0,Jaipur,6.6,10,27552.43,2755.24,1.52,26,0.196,2,4,60.0,27,15.0,9,3,6,1
CUST_08180,29.0,Chennai,3.9,25,50594.28,2023.77,6.41,9,0.117,1,1,62.0,23,9.0,9,2,12,3
CUST_08181,32.0,Chennai,2.0,14,55700.44,3978.6,7.0,30,0.173,0,2,61.0,20,19.0,13,2,12,2
CUST_08182,24.0,Mumbai,2.4,23,44466.04,1933.31,9.58,7,0.049,1,4,65.0,28,7.0,9,2,10,2
CUST_08183,38.0,Mumbai,1.2,32,85157.08,2661.16,26.67,11,0.085,0,3,57.0,27,13.0,11,4,4,0
CUST_08184,45.0,Ahmedabad,3.1,6,6063.06,1010.51,1.94,101,0.745,1,3,11.0,4,3.0,2,3,4,2
CUST_08185,26.0,Pune,3.2,24,44303.82,1845.99,7.5,8,0.186,1,2,,31,15.0,15,7,9,3
CUST_08186,47.0,Delhi,0.9,18,73779.27,4098.85,20.0,5,0.04,0,4,72.0,25,14.0,9,5,11,4
CUST_08187,35.0,Mumbai,5.4,25,55953.39,2238.14,4.63,33,0.235,1,5,69.0,21,12.0,13,1,6,2
CUST_08188,36.0,Pune,0.2,8,15738.38,1967.3,40.0,65,0.377,3,3,12.0,4,1.0,4,3,1,1
CUST_08189,18.0,Kolkata,4.1,12,9253.37,771.11,2.93,36,0.858,1,3,51.0,15,23.0,16,3,16,0
CUST_08190,18.0,Pune,5.0,17,25449.13,1497.01,3.4,1,0.256,1,3,72.0,31,8.0,13,4,11,4
CUST_08191,35.0,Bengaluru,5.6,5,6153.11,1230.62,0.89,121,0.613,1,6,8.0,1,5.0,3,3,2,4
CUST_08192,42.0,Mumbai,3.0,33,58754.26,1780.43,11.0,15,0.298,0,4,59.0,27,6.0,14,5,11,0
CUST_08193,27.0,Chennai,3.2,21,44325.58,2110.74,6.56,15,0.287,3,2,65.0,28,9.0,12,4,14,1
CUST_08194,51.0,Kolkata,5.2,30,53063.37,1768.78,5.77,12,0.071,2,3,65.0,31,8.0,15,4,8,4
CUST_08195,41.0,Delhi,3.4,18,32666.19,1814.79,5.29,24,0.288,2,1,55.0,27,11.0,15,0,12,3
CUST_08196,25.0,Ahmedabad,1.7,33,75308.08,2282.06,19.41,2,0.27,3,4,71.0,31,10.0,10,6,5,5
CUST_08197,34.0,Pune,3.4,10,13029.88,1302.99,2.94,128,0.487,1,3,20.0,6,9.0,8,4,1,2
CUST_08198,59.0,Chennai,8.1,29,93068.42,3209.26,3.58,10,0.289,3,4,67.0,26,19.0,16,4,8,3
CUST_08199,22.0,Kolkata,2.0,8,5503.51,687.94,4.0,3,0.795,0,3,48.0,23,12.0,11,7,13,1
CUST_08200,39.0,Other,1.7,10,30411.89,3041.19,5.88,20,0.091,1,5,45.0,25,21.0,18,7,6,4
CUST_08201,31.0,Pune,2.4,20,44997.15,2249.86,8.33,5,0.03,2,5,68.0,26,11.0,8,4,9,3
CUST_08202,41.0,Mumbai,3.6,28,36508.61,1303.88,7.78,12,0.434,3,3,72.0,33,11.0,16,4,6,4
CUST_08203,47.0,Pune,1.5,5,9584.49,1916.9,3.33,127,0.438,1,6,19.0,9,1.0,4,1,2,6
CUST_08204,30.0,Mumbai,0.7,22,38770.14,1762.28,31.43,5,0.38,1,2,47.0,31,16.0,15,6,11,4
CUST_08205,45.0,Mumbai,3.4,2,4326.29,2163.14,0.59,150,0.275,0,4,21.0,4,9.0,2,7,4,6
CUST_08206,56.0,Delhi,3.1,25,65262.52,,8.06,5,0.331,1,6,74.0,29,7.0,17,2,13,1
CUST_08207,35.0,Bengaluru,0.7,18,57765.22,3209.18,25.71,23,0.155,2,1,50.0,19,14.0,9,4,7,0
CUST_08208,42.0,Other,1.0,21,56648.71,2697.56,21.0,15,0.143,0,5,51.0,44,20.0,15,3,13,4
CUST_08209,28.0,Pune,2.9,23,42386.52,1842.89,7.93,17,0.376,1,6,55.0,29,8.0,13,7,7,5
CUST_08210,34.0,Other,2.0,17,37261.11,2191.83,8.5,15,0.472,1,5,63.0,30,15.0,15,2,8,4
CUST_08211,32.0,Ahmedabad,1.5,12,32508.55,2709.05,8.0,39,0.194,0,4,54.0,30,18.0,10,2,6,0
CUST_08212,42.0,Jaipur,2.1,2,3608.18,1804.09,0.95,8,0.241,1,5,23.0,4,4.0,6,6,3,3
CUST_08213,46.0,Other,1.6,18,43535.3,2418.63,11.25,4,0.198,1,2,62.0,35,18.0,14,3,6,4
CUST_08214,33.0,Kolkata,2.5,13,13146.74,1011.29,5.2,12,0.657,3,3,48.0,24,27.0,7,6,20,5
CUST_08215,49.0,Ahmedabad,4.7,31,46309.06,1493.84,6.6,6,0.178,4,5,60.0,31,9.0,13,5,2,1
CUST_08216,49.0,Bengaluru,5.2,15,11420.96,761.4,2.88,37,0.806,3,6,28.0,14,28.0,19,4,8,5
CUST_08217,42.0,Bengaluru,1.6,13,17080.05,1313.85,8.12,11,0.96,1,3,46.0,17,21.0,8,16,13,1
CUST_08218,29.0,Other,3.1,24,48769.35,2032.06,7.74,4,0.483,0,3,61.0,39,6.0,13,2,9,1
CUST_08219,28.0,Delhi,3.1,16,28230.84,1764.43,5.16,9,0.462,6,4,68.0,28,12.0,7,5,9,1
CUST_08220,26.0,Mumbai,0.8,6,10396.24,1732.71,7.5,74,0.635,0,6,13.0,11,4.0,7,7,3,3
CUST_08221,43.0,Kolkata,0.4,16,19160.66,1197.54,40.0,100,0.655,2,5,10.0,9,6.0,2,0,0,3
CUST_08222,22.0,Hyderabad,6.2,21,52345.57,2492.65,3.39,7,0.097,2,1,60.0,23,18.0,11,5,11,1
CUST_08223,41.0,Ahmedabad,4.1,17,44560.89,2621.23,4.15,9,0.1,0,2,70.0,20,12.0,11,4,10,3
CUST_08224,23.0,Mumbai,6.1,16,37567.15,2347.95,2.62,111,0.527,0,3,13.0,6,1.0,2,1,2,4
CUST_08225,,Hyderabad,5.1,33,42347.43,1283.26,6.47,15,0.117,5,5,68.0,26,7.0,14,5,7,2
CUST_08226,34.0,Pune,4.1,5,6609.45,1321.89,1.22,47,0.84,0,3,46.0,14,22.0,14,11,16,1
CUST_08227,47.0,Other,5.1,20,32707.53,1635.38,3.92,6,0.28,0,5,68.0,24,12.0,16,6,11,4
CUST_08228,45.0,Mumbai,2.5,16,47196.61,2949.79,6.4,3,0.469,3,1,64.0,36,11.0,14,2,7,4
CUST_08229,48.0,Ahmedabad,4.3,8,6433.66,804.21,1.86,46,0.896,3,5,52.0,19,20.0,11,8,9,4
CUST_08230,49.0,Mumbai,5.0,8,6381.08,797.64,1.6,13,0.782,4,4,33.0,17,22.0,13,10,8,4
CUST_08231,35.0,Mumbai,4.2,26,54779.79,2106.91,6.19,17,0.171,3,4,74.0,25,15.0,14,6,10,2
CUST_08232,22.0,Pune,1.4,13,16550.07,1273.08,9.29,19,0.659,4,5,37.0,15,17.0,15,6,12,1
CUST_08233,23.0,Delhi,1.1,4,6942.26,1735.56,3.64,125,0.251,1,2,26.0,6,9.0,6,5,5,4
CUST_08234,18.0,Hyderabad,4.0,15,15594.6,1039.64,3.75,3,0.889,2,3,38.0,28,17.0,12,8,17,0
CUST_08235,23.0,Mumbai,1.5,14,42711.65,3050.83,9.33,4,0.227,0,3,54.0,29,12.0,10,4,13,1
CUST_08236,35.0,Bengaluru,1.6,9,8157.21,906.36,5.62,14,0.648,3,3,35.0,16,23.0,11,11,8,6
CUST_08237,28.0,Pune,2.1,4,3077.33,769.33,1.9,30,0.444,0,2,15.0,6,7.0,2,4,2,1
CUST_08238,32.0,Jaipur,2.3,6,15636.05,2606.01,2.61,37,0.305,0,2,16.0,8,4.0,4,9,4,4
CUST_08239,39.0,Mumbai,2.1,5,4216.95,843.39,2.38,32,0.42,1,2,20.0,5,4.0,1,9,3,3
CUST_08240,31.0,Delhi,2.0,15,33537.67,2235.84,7.5,4,0.086,2,5,50.0,25,13.0,13,4,11,4
CUST_08241,23.0,Chennai,2.5,4,8984.87,2246.22,1.6,121,0.38,0,6,18.0,4,4.0,7,5,2,3
CUST_08242,33.0,Other,1.0,4,5156.22,1289.05,4.0,137,0.66,1,2,14.0,7,6.0,6,6,3,2
CUST_08243,25.0,Jaipur,0.7,21,58381.74,2780.08,30.0,8,0.192,1,1,67.0,29,11.0,13,2,9,4
CUST_08244,31.0,Jaipur,7.2,21,31585.67,1504.08,2.92,2,0.124,0,2,63.0,37,9.0,17,3,13,2
CUST_08245,47.0,Mumbai,1.3,18,35732.23,1985.12,13.85,10,0.098,0,4,58.0,40,14.0,15,6,7,0
CUST_08246,31.0,Ahmedabad,0.2,8,16554.9,2069.36,40.0,72,0.556,0,3,23.0,5,7.0,5,4,4,1
CUST_08247,52.0,Kolkata,1.8,26,70608.14,2715.7,14.44,18,0.41,1,4,57.0,28,17.0,14,1,13,1
CUST_08248,48.0,Other,0.5,17,17009.46,1000.56,34.0,24,0.893,2,5,45.0,11,36.0,20,10,15,6
CUST_08249,28.0,Delhi,0.8,4,3674.56,918.64,5.0,111,0.454,2,3,12.0,3,4.0,4,0,1,1
CUST_08250,23.0,Other,2.6,5,9311.14,1862.23,1.92,96,0.394,0,3,18.0,9,6.0,6,10,6,0
CUST_08251,33.0,Delhi,0.9,10,12679.88,1267.99,11.11,37,0.366,1,3,15.0,2,3.0,1,5,1,3
CUST_08252,46.0,Chennai,6.1,10,8654.43,865.44,1.64,138,0.596,2,4,15.0,1,3.0,4,0,0,0
CUST_08253,29.0,Bengaluru,4.4,19,46857.27,2466.17,4.32,6,0.08,4,4,59.0,22,10.0,13,3,8,0
CUST_08254,43.0,Bengaluru,5.2,4,5280.68,1320.17,0.77,180,0.491,2,5,29.0,7,5.0,4,5,5,3
CUST_08255,46.0,Hyderabad,2.8,22,29641.27,1347.33,7.86,8,0.178,2,3,77.0,32,14.0,24,2,12,1
CUST_08256,26.0,Delhi,1.0,9,15251.06,1694.56,9.0,128,0.852,1,5,8.0,7,2.0,5,1,1,2
CUST_08257,27.0,Ahmedabad,2.0,36,61471.96,1707.55,18.0,12,0.153,0,1,69.0,26,11.0,7,2,13,2
CUST_08258,41.0,Chennai,3.2,8,12746.26,1593.28,2.5,277,0.574,2,3,12.0,4,4.0,2,3,0,4
CUST_08259,36.0,Chennai,5.6,9,10926.0,1214.0,1.61,56,0.972,3,3,53.0,20,18.0,9,9,14,1
CUST_08260,27.0,Pune,1.1,7,10844.45,1549.21,6.36,59,0.212,1,3,20.0,6,10.0,7,4,5,3
CUST_08261,30.0,Other,2.7,16,47737.73,2983.61,5.93,16,0.245,0,3,51.0,22,16.0,10,3,13,1
CUST_08262,33.0,Chennai,5.0,15,31340.03,2089.34,3.0,3,0.174,0,3,57.0,27,9.0,14,3,16,1
CUST_08263,18.0,Pune,3.3,3,5995.36,1998.45,0.91,54,0.797,1,2,14.0,6,3.0,7,1,1,4
CUST_08264,42.0,Kolkata,7.2,10,25896.21,2589.62,1.39,3,0.172,0,3,58.0,24,16.0,7,3,6,2
CUST_08265,29.0,Mumbai,1.9,3,3267.92,1089.31,1.58,9,0.416,0,4,14.0,11,6.0,3,5,4,5
CUST_08266,18.0,Mumbai,1.9,17,28653.16,1685.48,8.95,3,0.29,1,5,,26,14.0,14,1,5,2
CUST_08267,34.0,Bengaluru,0.3,5,7122.23,1424.45,16.67,17,0.32,0,6,27.0,4,8.0,7,6,4,6
CUST_08268,27.0,Hyderabad,2.5,22,43674.91,1985.22,8.8,12,0.323,1,3,69.0,39,12.0,12,6,6,3
CUST_08269,51.0,Pune,3.8,7,9017.08,1288.15,1.84,12,0.766,2,5,42.0,20,20.0,14,6,9,2
CUST_08270,28.0,Delhi,5.4,7,10242.8,1463.26,1.3,84,0.142,2,3,16.0,7,7.0,6,8,4,2
CUST_08271,23.0,Other,2.8,19,36761.51,1934.82,6.79,11,0.37,0,4,68.0,27,7.0,16,2,12,3
CUST_08272,39.0,Delhi,5.6,21,61994.95,2952.14,3.75,20,0.298,1,6,60.0,27,14.0,13,3,8,1
CUST_08273,27.0,Mumbai,4.0,15,52511.91,3500.79,3.75,10,0.076,1,4,64.0,19,18.0,17,2,7,3
CUST_08274,26.0,Other,8.4,10,9867.23,986.72,1.19,31,0.891,3,1,48.0,17,19.0,13,11,6,1
CUST_08275,39.0,Delhi,3.4,8,10207.38,1275.92,2.35,25,0.784,2,4,46.0,18,18.0,13,8,13,2
CUST_08276,24.0,Chennai,4.3,5,12425.54,2485.11,1.16,34,0.342,3,1,36.0,5,6.0,5,7,0,0
CUST_08277,19.0,Pune,3.9,7,8025.43,1146.49,1.79,29,0.712,3,7,46.0,27,22.0,12,8,9,2
CUST_08278,51.0,Hyderabad,5.4,24,47892.37,1995.52,4.44,19,0.442,0,3,56.0,24,13.0,17,4,7,2
CUST_08279,40.0,Delhi,3.5,28,48803.08,1742.97,8.0,8,0.229,0,3,73.0,38,9.0,23,2,11,2
CUST_08280,31.0,Other,2.2,14,47227.09,3373.36,6.36,20,0.022,0,6,79.0,29,15.0,10,5,6,4
CUST_08281,34.0,Bengaluru,1.0,24,48998.05,2041.59,24.0,9,0.199,1,2,50.0,34,7.0,13,2,10,6
CUST_08282,39.0,Hyderabad,1.8,9,15810.36,,5.0,95,0.549,2,3,11.0,3,4.0,4,3,4,1
CUST_08283,44.0,Other,2.1,6,11825.36,1970.89,2.86,145,0.535,1,4,11.0,9,4.0,2,3,3,3
CUST_08284,26.0,Other,5.8,31,50786.24,1638.27,5.34,16,0.232,3,2,77.0,37,9.0,15,4,7,1
CUST_08285,38.0,Mumbai,4.8,10,9261.74,926.17,2.08,40,0.516,9,4,45.0,12,18.0,15,9,5,0
CUST_08286,29.0,Ahmedabad,10.0,3,6306.22,2102.07,0.3,13,0.271,2,1,19.0,9,2.0,4,4,4,0
CUST_08287,32.0,Delhi,2.7,13,15975.3,1228.87,4.81,12,0.779,4,2,48.0,8,22.0,10,12,12,1
CUST_08288,36.0,Hyderabad,1.2,19,57357.32,3018.81,15.83,4,0.076,2,3,64.0,26,8.0,13,3,9,4
CUST_08289,34.0,Delhi,1.4,16,46198.72,2887.42,11.43,20,0.31,1,3,66.0,21,10.0,13,2,7,1
CUST_08290,41.0,Delhi,5.2,18,19482.34,1082.35,3.46,9,0.952,2,4,42.0,20,23.0,14,7,11,3
CUST_08291,39.0,Mumbai,1.7,10,17470.31,1747.03,5.88,128,0.509,3,3,14.0,4,2.0,1,5,0,2
CUST_08292,19.0,Hyderabad,0.7,2,2545.57,1272.79,2.86,111,0.26,0,3,20.0,13,8.0,8,3,2,2
CUST_08293,20.0,Hyderabad,3.9,22,79926.39,3633.02,5.64,60,0.329,0,3,70.0,24,22.0,11,3,5,3
CUST_08294,30.0,Pune,5.0,15,34824.81,2321.65,3.0,33,0.093,0,2,60.0,21,7.0,3,3,7,1
CUST_08295,52.0,Hyderabad,0.6,1,1341.37,1341.37,1.67,82,0.545,0,2,22.0,8,4.0,2,4,3,2
CUST_08296,25.0,Other,1.9,3,4676.33,1558.78,1.58,180,0.32,0,5,18.0,6,5.0,6,4,3,3
CUST_08297,32.0,Kolkata,1.7,16,12849.56,803.1,9.41,26,0.88,3,4,44.0,12,14.0,17,7,10,0
CUST_08298,29.0,Bengaluru,2.9,7,17192.99,2456.14,2.41,39,0.65,1,5,19.0,4,2.0,3,7,4,3
CUST_08299,28.0,Other,1.7,19,46993.63,2473.35,11.18,37,0.308,0,3,63.0,20,16.0,14,2,9,1
CUST_08300,36.0,Hyderabad,2.6,2,2687.08,1343.54,0.77,115,0.352,3,6,24.0,7,9.0,5,5,4,2
CUST_08301,48.0,Mumbai,3.3,2,3171.09,1585.54,0.61,46,0.163,1,3,23.0,10,4.0,3,4,7,2
CUST_08302,39.0,Hyderabad,0.6,23,36453.52,1584.94,38.33,21,0.521,2,4,71.0,31,20.0,11,3,14,1
CUST_08303,26.0,Pune,2.3,6,7130.96,1188.49,2.61,36,0.278,0,5,17.0,11,,11,4,3,2
CUST_08304,62.0,Kolkata,2.0,20,34508.71,1725.44,10.0,7,0.462,1,2,58.0,32,19.0,13,6,12,6
CUST_08305,35.0,Other,2.3,17,56207.32,3306.31,7.39,14,0.119,1,1,63.0,29,18.0,14,4,11,2
CUST_08306,28.0,Delhi,2.3,22,51778.93,2353.59,9.57,20,0.268,0,5,61.0,34,13.0,22,6,5,2
CUST_08307,48.0,Bengaluru,0.5,18,45546.08,2530.34,36.0,3,0.05,1,3,64.0,20,20.0,13,5,7,1
CUST_08308,29.0,Bengaluru,8.0,32,54312.24,1697.26,4.0,5,0.233,4,2,73.0,25,9.0,18,6,10,3
CUST_08309,51.0,Delhi,3.0,16,38882.44,2430.15,5.33,13,0.372,1,3,63.0,27,9.0,17,5,10,1
CUST_08310,25.0,Ahmedabad,5.3,8,16045.63,2005.7,1.51,8,0.916,3,4,45.0,20,14.0,12,8,16,4
CUST_08311,48.0,Hyderabad,1.4,15,21534.38,1435.63,10.71,20,0.887,3,4,45.0,20,25.0,14,9,8,1
CUST_08312,36.0,Mumbai,6.2,24,28800.87,1200.04,3.87,6,0.346,2,6,44.0,32,11.0,12,3,13,0
CUST_08313,47.0,Ahmedabad,2.9,20,42748.16,2137.41,6.9,2,0.109,1,5,47.0,24,7.0,14,3,10,1
CUST_08314,,Pune,4.2,12,15205.55,1267.13,2.86,26,0.578,1,1,43.0,20,16.0,15,4,13,3
CUST_08315,,Other,0.8,23,52012.77,2261.42,28.75,35,0.51,0,5,69.0,27,15.0,18,1,10,4
CUST_08316,47.0,Delhi,2.1,26,59268.86,2279.57,12.38,4,0.492,2,2,60.0,33,12.0,12,10,11,4
CUST_08317,20.0,Hyderabad,3.1,14,19490.86,1392.2,4.52,75,0.191,0,6,11.0,1,2.0,2,1,2,3
CUST_08318,24.0,Mumbai,8.1,3,5067.1,1689.03,0.37,119,0.373,1,3,16.0,7,3.0,3,7,3,2
CUST_08319,26.0,Delhi,3.9,11,21639.94,1967.27,2.82,119,0.788,2,3,4.0,6,1.0,0,2,2,4
CUST_08320,39.0,Ahmedabad,1.1,6,9764.88,1627.48,5.45,19,0.869,3,4,33.0,18,20.0,13,13,17,2
CUST_08321,34.0,Bengaluru,1.2,10,18398.92,1839.89,8.33,22,0.047,1,3,55.0,23,5.0,12,4,5,1
CUST_08322,32.0,Other,0.7,1,976.72,976.72,1.43,96,0.407,0,3,16.0,8,8.0,4,2,3,2
CUST_08323,35.0,Hyderabad,1.5,24,42325.73,1763.57,16.0,10,0.198,3,5,58.0,25,12.0,21,4,8,1
CUST_08324,40.0,Other,6.2,10,9841.58,984.16,1.61,31,0.815,0,3,38.0,18,20.0,14,11,14,3
CUST_08325,41.0,Other,3.7,23,50144.35,2180.19,6.22,15,0.484,0,3,53.0,23,13.0,9,2,8,10
CUST_08326,45.0,Bengaluru,4.2,4,6860.41,1715.1,0.95,62,0.593,0,3,18.0,6,7.0,3,3,1,5
CUST_08327,52.0,Hyderabad,6.3,21,73060.37,3479.07,3.33,24,0.348,1,5,55.0,26,16.0,18,3,9,2
CUST_08328,34.0,Ahmedabad,4.3,11,15237.49,1385.23,2.56,103,0.342,0,3,9.0,2,2.0,1,3,1,4
CUST_08329,29.0,Pune,0.9,10,18685.58,1868.56,11.11,195,0.524,0,6,4.0,1,3.0,2,0,1,2
CUST_08330,,Jaipur,4.9,6,6327.74,1054.62,1.22,17,0.721,2,4,49.0,24,18.0,16,12,5,2
CUST_08331,23.0,Hyderabad,9.2,3,6118.08,2039.36,0.33,92,0.294,0,4,20.0,6,4.0,5,4,3,1
CUST_08332,27.0,Kolkata,0.9,12,11030.43,919.2,13.33,38,0.817,3,3,41.0,14,16.0,10,10,15,4
CUST_08333,44.0,Mumbai,3.3,5,6333.64,1266.73,1.52,70,0.261,1,5,21.0,4,7.0,5,4,2,2
CUST_08334,33.0,Kolkata,6.1,27,69958.58,2591.06,4.43,23,0.376,1,1,57.0,36,9.0,14,3,13,4
CUST_08335,22.0,Delhi,5.2,11,8718.38,792.58,2.12,10,0.564,1,5,14.0,9,3.0,4,4,0,4
CUST_08336,19.0,Ahmedabad,9.3,14,19932.9,1423.78,1.51,25,0.722,1,2,43.0,25,18.0,7,8,12,6
CUST_08337,34.0,Bengaluru,6.3,3,5249.24,1749.75,0.48,38,0.391,5,4,6.0,1,0.0,1,2,2,3
CUST_08338,45.0,Pune,1.6,11,12705.66,1155.06,6.88,7,0.903,0,4,53.0,17,19.0,13,8,5,2
CUST_08339,45.0,Other,5.6,13,14480.57,1113.89,2.32,24,0.874,1,2,33.0,23,24.0,9,10,12,0
CUST_08340,35.0,Kolkata,2.8,4,3382.92,845.73,1.43,51,0.454,0,2,20.0,9,10.0,7,4,4,7
CUST_08341,54.0,Other,2.3,2,2466.58,1233.29,0.87,14,0.333,1,3,27.0,6,11.0,6,3,1,2
CUST_08342,33.0,Delhi,1.7,16,13621.26,851.33,9.41,55,0.558,2,5,53.0,21,19.0,11,5,8,1
CUST_08343,33.0,Chennai,5.7,20,50966.57,2548.33,3.51,7,0.285,0,5,55.0,28,15.0,12,1,13,0
CUST_08344,18.0,Hyderabad,1.0,14,12017.03,858.36,14.0,17,0.848,4,3,44.0,22,19.0,13,11,12,3
CUST_08345,30.0,Chennai,3.2,7,13774.17,1967.74,2.19,103,0.296,1,2,14.0,3,7.0,3,2,1,2
CUST_08346,43.0,Mumbai,1.7,3,3945.14,1315.05,1.76,61,0.192,0,1,9.0,8,8.0,7,8,0,4
CUST_08347,50.0,Delhi,2.9,3,6151.62,2050.54,1.03,34,0.493,0,3,20.0,6,7.0,4,6,5,0
CUST_08348,26.0,Other,2.5,28,62153.53,2219.77,11.2,25,0.089,0,5,54.0,25,12.0,13,2,6,1
CUST_08349,39.0,Bengaluru,2.9,11,10424.16,947.65,3.79,17,0.818,4,6,32.0,17,20.0,16,8,15,4
CUST_08350,44.0,Other,3.7,5,4106.24,821.25,1.35,52,0.661,3,3,23.0,10,3.0,3,7,3,2
CUST_08351,34.0,Pune,1.5,10,15493.67,1549.37,6.67,168,0.377,1,6,18.0,10,3.0,2,4,3,7
CUST_08352,18.0,Other,1.0,14,35780.85,2555.78,14.0,8,0.1,3,6,59.0,29,11.0,13,2,6,5
CUST_08353,36.0,Chennai,1.5,7,9867.72,1409.67,4.67,171,0.612,4,5,9.0,8,3.0,2,4,2,3
CUST_08354,42.0,Kolkata,3.2,15,18262.33,1217.49,4.69,40,0.942,3,4,44.0,10,17.0,14,7,15,2
CUST_08355,25.0,Delhi,2.9,22,60777.87,2762.63,7.59,18,0.099,1,6,54.0,17,11.0,10,4,9,1
CUST_08356,31.0,Other,1.5,30,53857.46,1795.25,20.0,11,0.325,1,3,72.0,36,14.0,14,4,11,0
CUST_08357,22.0,Hyderabad,3.2,30,61740.77,2058.03,9.38,19,0.135,0,1,74.0,34,,15,4,10,4
CUST_08358,18.0,Chennai,5.9,11,13080.01,1189.09,1.86,19,0.845,5,5,43.0,17,26.0,18,14,9,2
CUST_08359,44.0,Mumbai,2.9,22,36755.65,1670.71,7.59,32,0.379,1,3,57.0,22,9.0,12,1,5,0
CUST_08360,34.0,Chennai,1.4,23,49557.84,2154.69,16.43,8,0.173,1,5,62.0,24,14.0,8,2,6,3
CUST_08361,50.0,Jaipur,0.8,4,4215.15,1053.79,5.0,61,0.425,0,2,18.0,9,9.0,7,2,1,2
CUST_08362,43.0,Mumbai,2.9,21,38979.71,1856.18,7.24,13,0.115,1,7,42.0,25,12.0,4,1,12,4
CUST_08363,30.0,Kolkata,1.3,19,26535.77,1396.62,14.62,13,0.444,2,4,69.0,29,10.0,13,3,11,2
CUST_08364,33.0,Mumbai,2.2,9,11709.36,1301.04,4.09,20,0.856,7,1,37.0,13,17.0,10,10,15,2
CUST_08365,40.0,Other,3.8,14,15701.59,1121.54,3.68,32,0.825,1,5,34.0,21,22.0,16,6,15,5
CUST_08366,44.0,Other,3.5,4,4359.6,1089.9,1.14,36,0.489,0,4,19.0,4,9.0,3,4,6,1
CUST_08367,37.0,Delhi,6.1,8,6266.34,783.29,1.31,31,0.915,3,3,49.0,21,17.0,13,10,22,5
CUST_08368,45.0,Mumbai,0.5,3,4012.12,1337.37,6.0,108,0.54,1,4,12.0,9,7.0,3,6,4,1
CUST_08369,31.0,Chennai,2.4,10,12155.95,1215.59,4.17,14,0.929,1,1,55.0,15,17.0,13,9,13,5
CUST_08370,24.0,Mumbai,2.5,11,36647.66,3331.61,4.4,9,0.313,1,4,58.0,28,21.0,12,3,5,2
CUST_08371,33.0,Bengaluru,3.2,22,55902.52,2541.0236363636363,3.44,18,0.264,0,4,69.0,18,17.0,12,3,9,3
CUST_08372,36.0,Pune,1.1,24,45499.51,1895.81,21.82,8,0.09,1,3,60.0,33,17.0,11,6,8,0
CUST_08373,22.0,Bengaluru,1.6,17,24806.27,1459.19,10.62,10,0.156,2,5,65.0,54,14.0,16,6,13,5
CUST_08374,21.0,Mumbai,1.0,2,2880.39,1440.19,2.0,58,0.156,0,2,15.0,4,4.0,2,8,1,3
CUST_08375,38.0,Mumbai,3.4,17,19910.86,1171.23,5.0,100,0.854,5,3,41.0,21,15.0,14,11,11,2
CUST_08376,30.0,Mumbai,1.6,30,26460.23,,18.75,12,0.232,0,3,55.0,24,14.0,14,3,6,0
CUST_08377,32.0,Hyderabad,5.1,24,60297.74,2512.41,4.71,17,0.089,2,3,49.0,36,12.0,12,4,13,1
CUST_08378,30.0,Hyderabad,4.6,30,68792.0,2293.07,6.52,15,0.182,0,3,46.0,35,20.0,12,5,13,3
CUST_08379,49.0,Pune,5.5,7,8179.56,1168.51,1.27,34,0.785,7,2,55.0,18,14.0,15,8,10,4
CUST_08380,47.0,Chennai,2.0,23,44156.25,1919.84,11.5,6,0.376,1,5,72.0,19,13.0,11,2,10,2
CUST_08381,22.0,Jaipur,2.0,10,7957.78,795.78,5.0,39,0.928,1,4,47.0,15,20.0,14,9,16,2
CUST_08382,29.0,Pune,2.1,20,50196.75,2509.84,9.52,28,0.085,0,3,53.0,32,12.0,8,2,14,1
CUST_08383,43.0,Ahmedabad,1.4,3,6244.7,2081.57,2.14,143,0.347,0,6,22.0,13,4.0,8,9,4,3
CUST_08384,40.0,Chennai,0.9,8,9624.59,1203.07,8.89,179,0.599,0,6,5.0,2,2.0,0,3,3,0
CUST_08385,34.0,Mumbai,1.3,25,57213.71,2288.55,19.23,33,0.377,2,2,81.0,27,11.0,17,5,12,3
CUST_08386,23.0,Delhi,6.9,10,12688.92,1268.89,1.45,19,0.888,2,3,42.0,22,22.0,17,9,14,2
CUST_08387,27.0,Bengaluru,1.9,9,20010.85,2223.43,4.74,108,0.265,0,3,13.0,3,2.0,6,1,1,4
CUST_08388,29.0,Kolkata,8.1,27,49399.96,1829.63,3.33,5,0.224,1,2,62.0,34,13.0,27,1,9,3
CUST_08389,37.0,Delhi,1.8,15,15590.57,1039.37,8.33,23,0.797,5,4,42.0,15,17.0,12,13,15,3
CUST_08390,51.0,Other,3.1,17,34680.79,2040.05,5.48,2,0.187,1,5,38.0,27,13.0,12,5,6,1
CUST_08391,27.0,Chennai,3.5,11,11506.91,1046.08,3.14,5,0.878,5,3,37.0,31,20.0,11,6,15,0
CUST_08392,24.0,Delhi,2.8,17,48603.47,2859.03,6.07,33,0.098,0,8,46.0,27,17.0,9,1,10,1
CUST_08393,33.0,Mumbai,1.8,8,13631.57,1703.95,4.44,108,0.419,3,5,5.0,3,2.0,1,1,3,5
CUST_08394,44.0,Pune,0.4,6,7928.31,1321.39,15.0,16,0.543,1,4,13.0,7,3.0,4,14,4,2
CUST_08395,20.0,Bengaluru,2.6,2,1683.08,841.54,0.77,79,0.371,1,4,24.0,8,8.0,2,10,4,2
CUST_08396,49.0,Bengaluru,1.4,7,8754.26,1250.61,5.0,180,0.333,1,2,14.0,7,4.0,4,11,3,2
CUST_08397,32.0,Kolkata,1.8,9,10457.34,1161.93,5.0,27,0.844,3,1,38.0,26,18.0,15,7,17,2
CUST_08398,27.0,Kolkata,1.7,13,20156.86,1550.53,7.65,20,0.87,3,6,33.0,13,19.0,7,6,11,4
CUST_08399,18.0,Pune,6.9,8,9943.58,1242.95,1.16,67,0.457,1,3,8.0,3,3.0,0,2,1,2
CUST_08400,41.0,Hyderabad,1.2,7,5301.94,757.42,5.83,215,0.642,2,1,10.0,2,4.0,1,3,0,3
CUST_08401,32.0,Mumbai,8.0,19,25932.5,1364.87,2.38,6,0.736,1,2,43.0,12,17.0,8,10,16,0
CUST_08402,36.0,Delhi,9.1,7,16823.58,2403.37,0.77,152,0.459,2,5,9.0,0,1.0,2,1,3,0
CUST_08403,25.0,Kolkata,5.0,13,5475.89,421.22,2.6,39,0.804,2,2,35.0,25,12.0,19,6,13,0
CUST_08404,31.0,Delhi,0.2,15,19565.13,1304.34,75.0,16,0.45,3,2,52.0,17,17.0,7,11,10,0
CUST_08405,29.0,Ahmedabad,0.9,8,12233.17,1529.15,8.89,26,0.945,3,5,39.0,11,21.0,9,13,12,1
CUST_08406,33.0,Other,5.7,26,29334.37,1128.25,4.56,21,0.397,0,3,56.0,27,11.0,24,5,8,1
CUST_08407,27.0,Hyderabad,1.1,13,45729.13,3517.63,11.82,20,0.063,0,1,53.0,23,10.0,9,5,9,4
CUST_08408,19.0,Mumbai,3.0,30,58894.86,1963.16,10.0,12,0.487,2,4,74.0,31,10.0,15,5,9,0
CUST_08409,61.0,Delhi,1.8,14,23804.56,1700.33,7.78,26,0.756,1,2,42.0,15,23.0,16,8,15,3
CUST_08410,20.0,Mumbai,6.0,27,52250.72,1935.21,4.5,9,0.321,4,2,71.0,30,15.0,10,4,12,2
CUST_08411,36.0,Hyderabad,2.9,16,18250.93,1140.68,5.52,6,0.541,4,5,38.0,14,18.0,7,6,11,3
CUST_08412,,Ahmedabad,3.2,8,12837.93,1604.74,2.5,198,0.342,1,5,10.0,2,0.0,1,3,2,1
CUST_08413,18.0,Hyderabad,10.0,23,36680.78,1594.82,2.3,17,0.115,3,3,66.0,40,15.0,13,5,11,2
CUST_08414,35.0,Ahmedabad,8.1,7,5891.75,841.68,0.86,25,0.83,3,1,51.0,19,23.0,14,4,17,0
CUST_08415,36.0,Ahmedabad,2.8,18,41240.98,2291.17,6.43,7,0.089,1,4,54.0,25,14.0,6,5,6,3
CUST_08416,47.0,Jaipur,0.3,22,66970.83,3044.13,73.33,9,0.172,2,5,61.0,27,17.0,17,3,5,3
CUST_08417,38.0,Pune,4.4,6,10569.7,1761.62,1.36,93,0.482,0,6,20.0,11,10.0,4,2,1,3
CUST_08418,33.0,Jaipur,9.9,10,12317.56,1231.76,1.01,37,0.66,3,3,38.0,12,11.0,13,11,8,2
CUST_08419,25.0,Chennai,0.4,4,8269.94,2067.49,10.0,24,0.729,1,4,16.0,7,9.0,3,4,4,3
CUST_08420,49.0,Delhi,4.8,16,40706.47,2544.15,3.33,24,0.092,2,1,49.0,18,17.0,6,3,17,2
CUST_08421,43.0,Other,6.2,8,6737.76,842.22,1.29,19,0.613,0,3,45.0,17,20.0,13,6,9,3
CUST_08422,22.0,Other,2.8,22,37557.9,1707.18,7.86,17,0.477,1,5,77.0,33,12.0,15,5,9,3
CUST_08423,34.0,Hyderabad,3.1,25,49799.64,1991.99,8.06,3,0.494,2,2,56.0,38,10.0,13,3,13,3
CUST_08424,35.0,Ahmedabad,2.9,14,31055.27,2218.23,4.83,9,0.041,0,3,40.0,34,14.0,7,1,8,0
CUST_08425,31.0,Pune,1.0,11,33580.02,3052.73,11.0,21,0.155,3,2,46.0,26,15.0,13,3,10,3
CUST_08426,42.0,Bengaluru,10.0,34,57083.75,1678.93,3.4,3,0.295,1,5,47.0,34,20.0,8,2,11,2
CUST_08427,42.0,Pune,0.7,16,28631.48,1789.47,22.86,33,0.105,2,3,51.0,29,13.0,12,3,13,1
CUST_08428,32.0,Bengaluru,4.9,11,26278.84,2388.99,2.24,122,0.473,0,3,13.0,4,1.0,1,3,3,1
CUST_08429,31.0,Bengaluru,4.6,29,55226.46,1904.36,6.3,9,0.377,1,4,59.0,34,7.0,14,4,15,2
CUST_08430,49.0,Pune,1.1,16,30220.51,1888.78,14.55,31,0.076,1,3,55.0,24,17.0,14,4,6,3
CUST_08431,43.0,Chennai,3.0,23,80127.78,3483.82,7.67,10,0.107,1,4,51.0,35,14.0,14,3,8,3
CUST_08432,35.0,Mumbai,0.9,7,7973.56,1139.08,7.78,59,0.883,2,4,41.0,17,16.0,17,7,14,4
CUST_08433,18.0,Mumbai,4.0,23,55163.11,2398.4,5.75,17,0.243,0,4,46.0,30,12.0,11,3,10,3
CUST_08434,37.0,Delhi,6.5,7,11239.83,1605.69,1.08,191,0.47,3,5,15.0,4,1.0,1,0,0,1
CUST_08435,41.0,Delhi,3.1,8,16116.9,2014.61,2.58,128,0.303,3,3,10.0,1,2.0,2,2,4,1
CUST_08436,18.0,Delhi,4.7,25,45924.29,1836.97,5.32,22,0.364,1,2,62.0,28,,16,5,11,4
CUST_08437,37.0,Pune,1.3,12,17271.74,1439.31,9.23,7,0.8,3,6,46.0,18,15.0,16,10,9,4
CUST_08438,30.0,Delhi,1.3,25,79894.23,3195.77,19.23,9,0.181,2,2,53.0,31,15.0,7,3,11,3
CUST_08439,32.0,Mumbai,2.9,2,2688.64,1344.32,0.69,62,0.286,2,5,27.0,14,7.0,4,5,4,5
CUST_08440,25.0,Delhi,0.9,23,40319.98,1753.04,25.56,9,0.12,4,3,73.0,35,16.0,15,6,8,2
CUST_08441,33.0,Other,1.2,21,34763.02,1655.38,17.5,2,0.219,0,5,63.0,30,16.0,13,4,10,3
CUST_08442,48.0,Pune,1.7,19,21114.55,1111.29,11.18,10,0.477,1,3,52.0,36,7.0,13,5,13,3
CUST_08443,30.0,Chennai,4.0,1,2048.71,2048.71,0.25,138,0.595,0,3,22.0,6,9.0,5,11,3,1
CUST_08444,44.0,Mumbai,1.2,27,38465.58,1424.65,22.5,20,0.179,2,5,63.0,20,17.0,11,4,9,3
CUST_08445,26.0,Delhi,2.8,13,33035.54,2541.2,4.64,27,0.266,0,8,53.0,21,10.0,8,3,11,4
CUST_08446,42.0,Delhi,4.8,4,6224.04,1556.01,0.83,59,0.316,2,5,,3,9.0,7,2,4,1
CUST_08447,34.0,Other,1.9,8,3830.54,478.82,4.21,32,0.688,3,3,42.0,19,21.0,18,13,8,1
CUST_08448,38.0,Bengaluru,1.9,8,18808.49,2351.06,4.21,141,0.454,1,5,8.0,9,3.0,1,3,0,2
CUST_08449,34.0,Chennai,4.0,24,31949.77,1331.24,6.0,3,0.173,2,3,52.0,17,14.0,9,1,10,2
CUST_08450,40.0,Hyderabad,3.2,3,3531.09,1177.03,0.94,71,0.229,1,6,17.0,5,6.0,3,4,1,0
CUST_08451,18.0,Mumbai,2.1,1,1687.09,1687.09,0.48,29,0.304,0,6,17.0,10,5.0,9,5,7,4
CUST_08452,20.0,Other,1.4,13,38221.08,2940.08,9.29,2,0.48,0,5,54.0,25,11.0,8,4,4,3
CUST_08453,38.0,Delhi,1.7,4,8756.91,,2.35,84,0.493,1,4,13.0,5,8.0,9,5,4,5
CUST_08454,18.0,Mumbai,4.9,9,8264.3,918.26,1.84,11,0.898,2,6,53.0,19,15.0,8,6,6,1
CUST_08455,29.0,Delhi,1.9,8,12249.87,1531.23,4.21,56,0.695,2,7,11.0,1,1.0,1,2,4,2
CUST_08456,33.0,Delhi,10.0,23,64031.42,2783.97,2.3,23,0.412,1,2,59.0,24,12.0,13,3,11,2
CUST_08457,26.0,Mumbai,1.5,2,2754.79,1377.39,1.33,37,0.633,1,2,22.0,5,8.0,9,7,2,1
CUST_08458,27.0,Hyderabad,4.3,24,40508.13,1687.84,5.58,9,0.39,2,4,67.0,42,10.0,16,4,7,5
CUST_08459,37.0,Delhi,4.4,13,24556.96,1889.0,2.95,216,0.427,2,4,12.0,4,3.0,2,0,1,1
CUST_08460,44.0,Hyderabad,3.6,26,29716.62,1142.95,7.22,16,0.54,1,3,58.0,37,12.0,16,3,7,1
CUST_08461,24.0,Mumbai,0.8,6,6965.78,1160.96,7.5,315,0.624,1,1,7.0,4,,3,4,3,1
CUST_08462,28.0,Other,5.5,10,16603.25,1660.33,1.82,51,0.573,1,3,9.0,5,4.0,1,1,2,1
CUST_08463,27.0,Mumbai,2.7,27,37999.96,1407.41,10.0,8,0.137,0,5,65.0,34,11.0,15,1,13,1
CUST_08464,18.0,Chennai,6.7,4,6427.54,1606.88,0.6,52,0.305,1,3,16.0,13,7.0,7,1,3,6
CUST_08465,35.0,Kolkata,2.2,9,15100.22,1677.8,4.09,115,0.763,2,4,9.0,2,2.0,0,0,2,0
CUST_08466,43.0,Mumbai,2.2,26,52505.74,2019.45,11.82,16,0.229,0,3,45.0,33,22.0,9,5,7,5
CUST_08467,44.0,Mumbai,3.8,31,47940.17,1546.46,8.16,9,0.158,1,4,76.0,26,12.0,19,5,7,1
CUST_08468,25.0,Mumbai,2.7,9,11287.77,1254.2,3.33,15,0.782,1,3,47.0,12,16.0,9,14,20,0
CUST_08469,21.0,Pune,0.9,31,63814.76,2058.54,34.44,12,0.192,1,2,73.0,35,12.0,9,4,8,2
CUST_08470,34.0,Mumbai,4.9,8,17809.94,2226.24,1.63,2,0.213,0,5,51.0,32,11.0,19,3,15,3
CUST_08471,42.0,Chennai,0.7,25,53456.28,2138.25,35.71,9,0.089,1,5,84.0,33,12.0,14,2,14,3
CUST_08472,36.0,Bengaluru,5.4,29,31950.46,1101.74,5.37,4,0.205,0,4,58.0,30,17.0,13,2,4,4
CUST_08473,37.0,Hyderabad,1.3,9,4364.45,484.94,6.92,23,0.922,3,1,35.0,14,21.0,14,8,11,1
CUST_08474,45.0,Mumbai,9.4,14,44073.03,3148.07,1.49,6,0.138,2,5,51.0,36,10.0,10,1,8,2
CUST_08475,27.0,Jaipur,0.8,15,18459.9,1230.66,18.75,142,0.224,1,6,12.0,3,3.0,1,1,2,3
CUST_08476,32.0,Mumbai,0.9,4,11372.77,2843.19,4.44,45,0.53,0,3,19.0,6,7.0,6,4,1,5
CUST_08477,50.0,Delhi,1.3,17,52149.61,3067.62,13.08,7,0.266,0,4,43.0,23,12.0,12,2,12,1
CUST_08478,32.0,Mumbai,5.3,5,8247.38,1649.48,0.94,18,0.416,1,2,17.0,8,5.0,5,4,1,1
CUST_08479,21.0,Mumbai,4.1,3,2173.36,724.45,0.73,87,0.308,2,3,27.0,6,12.0,8,3,3,1
CUST_08480,27.0,Chennai,5.6,9,19457.18,2161.91,1.61,62,0.508,2,3,10.0,4,4.0,2,1,2,2
CUST_08481,25.0,Chennai,4.3,21,46672.33,2222.49,4.88,20,0.172,1,1,55.0,21,19.0,10,4,9,2
CUST_08482,38.0,Chennai,2.7,33,85832.32,2600.98,12.22,7,0.252,3,2,65.0,27,11.0,8,4,10,0
CUST_08483,25.0,Hyderabad,6.4,15,24510.87,1634.06,2.34,52,0.344,1,1,7.0,5,4.0,0,3,4,2
CUST_08484,37.0,Other,8.0,7,16717.79,2388.26,0.88,83,0.406,5,3,6.0,2,1.0,1,2,4,0
CUST_08485,27.0,Bengaluru,1.2,1,1768.0,1768.0,0.83,14,0.155,0,2,21.0,9,4.0,7,5,0,3
CUST_08486,18.0,Bengaluru,6.2,4,5992.75,1498.19,0.65,44,0.35,2,1,15.0,8,5.0,3,3,2,3
CUST_08487,37.0,Pune,6.1,15,47120.38,3141.36,2.46,13,0.18,1,4,57.0,22,14.0,6,0,13,1
CUST_08488,35.0,Mumbai,1.3,15,12371.3,824.75,11.54,33,0.636,1,3,44.0,15,14.0,20,6,12,3
CUST_08489,39.0,Hyderabad,1.7,29,49309.54,1700.33,17.06,17,0.464,1,4,69.0,42,5.0,8,4,11,5
CUST_08490,27.0,Delhi,5.1,19,51489.83,2709.99,3.73,6,0.085,0,1,47.0,32,17.0,13,5,13,2
CUST_08491,26.0,Bengaluru,1.9,8,8306.64,1038.33,4.21,140,0.242,0,5,22.0,9,7.0,6,1,3,2
CUST_08492,38.0,Pune,3.2,36,94842.26,2634.507222222222,5.62,1,0.127,0,3,63.0,25,,17,4,3,1
CUST_08493,49.0,Ahmedabad,3.3,14,27667.41,1976.24,4.24,13,0.93,2,1,46.0,19,23.0,17,8,12,4
CUST_08494,34.0,Other,1.3,9,16418.63,1824.29,6.92,116,0.339,3,5,8.0,3,1.0,1,1,1,3
CUST_08495,38.0,Delhi,1.3,20,44627.89,2231.39,15.38,8,0.244,1,2,40.0,17,19.0,9,2,12,2
CUST_08496,31.0,Ahmedabad,1.1,4,5219.46,1304.86,3.64,256,0.36,5,6,,6,4.0,0,2,2,0
CUST_08497,19.0,Jaipur,,9,16585.58,1842.84,2.2,115,0.687,6,3,11.0,1,7.0,3,2,3,2
CUST_08498,44.0,Other,0.8,6,7481.74,1246.96,7.5,9,0.784,3,3,50.0,19,20.0,11,8,11,2
CUST_08499,43.0,Delhi,5.4,21,44981.83,2141.99,3.89,10,0.21,2,6,65.0,18,10.0,11,1,7,2
CUST_08500,41.0,Kolkata,1.8,24,29697.39,1237.39,13.33,13,0.175,3,4,67.0,34,,12,6,12,0
CUST_08501,32.0,Pune,3.1,25,54699.96,2188.0,8.06,4,0.373,2,5,63.0,44,20.0,12,1,10,3
CUST_08502,40.0,Hyderabad,1.0,20,36499.31,1824.97,20.0,2,0.206,2,1,,39,8.0,16,1,13,2
CUST_08503,43.0,Chennai,9.5,20,16642.19,832.11,2.11,35,0.125,0,2,65.0,32,12.0,17,6,9,3
CUST_08504,50.0,Kolkata,4.4,10,14287.1,1428.71,2.27,116,0.568,2,5,10.0,5,1.0,2,2,1,4
CUST_08505,44.0,Pune,4.3,11,36404.48,3309.5,2.56,43,0.276,1,5,67.0,17,20.0,9,4,4,2
CUST_08506,,Ahmedabad,4.6,3,2173.19,724.4,0.65,133,0.5,0,6,14.0,8,6.0,2,6,1,5
CUST_08507,21.0,Bengaluru,4.0,20,55833.2,2791.66,5.0,1,0.083,0,3,50.0,28,11.0,10,4,9,2
CUST_08508,36.0,Pune,1.2,10,11811.45,1181.14,8.33,23,0.542,1,3,41.0,20,24.0,18,10,9,2
CUST_08509,37.0,Hyderabad,,8,17954.35,2244.29,5.33,109,0.765,0,3,10.0,4,1.0,1,1,1,0
CUST_08510,41.0,Jaipur,2.6,27,40456.77,1498.4,10.38,14,0.104,2,3,53.0,35,10.0,16,1,11,2
CUST_08511,48.0,Other,4.1,20,61443.08,3072.15,4.88,16,0.036,0,1,53.0,24,10.0,10,5,10,2
CUST_08512,33.0,Kolkata,4.9,3,3551.51,1183.84,0.61,123,0.338,0,3,14.0,3,7.0,6,5,2,8
CUST_08513,55.0,Mumbai,1.6,6,12454.26,2075.71,3.75,53,0.36,1,4,19.0,6,4.0,6,4,3,2
CUST_08514,18.0,Mumbai,2.5,4,6283.2,1570.8,1.6,55,0.258,1,3,22.0,6,4.0,7,6,2,4
CUST_08515,38.0,Mumbai,8.4,23,35601.33,1547.88,2.74,3,0.339,2,3,57.0,37,13.0,15,3,9,1
CUST_08516,26.0,Mumbai,2.1,30,66517.44,2217.25,14.29,11,0.286,1,5,62.0,37,16.0,21,5,11,5
CUST_08517,18.0,Delhi,5.5,7,7261.54,1037.36,1.27,140,0.249,1,3,9.0,9,3.0,3,4,2,2
CUST_08518,32.0,Delhi,0.7,7,14096.69,2013.81,10.0,283,0.838,1,3,7.0,5,1.0,2,0,1,3
CUST_08519,19.0,Mumbai,2.2,10,12600.74,1260.07,4.55,15,0.96,4,6,39.0,28,18.0,13,9,8,4
CUST_08520,32.0,Jaipur,6.2,4,6439.83,1609.96,0.65,45,0.149,0,1,25.0,5,6.0,5,5,3,0
CUST_08521,34.0,Hyderabad,7.1,8,8959.52,1119.94,1.13,18,0.943,0,4,46.0,22,18.0,20,7,7,2
CUST_08522,45.0,Ahmedabad,3.8,30,47908.3,1596.94,7.89,12,0.148,2,4,73.0,19,9.0,13,5,6,1
CUST_08523,19.0,Delhi,0.4,15,35402.79,2360.19,37.5,13,0.187,1,4,46.0,29,15.0,12,2,10,3
CUST_08524,43.0,Bengaluru,0.4,27,42984.19,1592.01,67.5,6,0.234,2,4,73.0,30,3.0,12,5,9,7
CUST_08525,35.0,Delhi,3.6,11,20487.25,1862.48,3.06,18,0.961,2,4,46.0,19,19.0,16,10,11,2
CUST_08526,44.0,Bengaluru,3.8,24,68447.3,2851.97,6.32,13,0.043,1,3,60.0,18,9.0,7,2,9,5
CUST_08527,30.0,Hyderabad,10.0,14,20394.97,1456.78,1.4,36,0.623,4,5,44.0,16,40.0,11,11,9,2
CUST_08528,21.0,Bengaluru,1.6,6,11366.08,1894.35,3.75,119,0.688,1,2,20.0,9,10.0,5,6,6,2
CUST_08529,,Ahmedabad,1.0,2,4492.55,2246.27,2.0,100,0.37,1,5,17.0,10,7.0,1,3,1,2
CUST_08530,21.0,Other,2.5,4,7174.15,1793.54,1.6,163,0.219,0,3,18.0,7,4.0,4,5,2,5
CUST_08531,39.0,Bengaluru,2.0,13,16723.97,1286.46,6.5,77,0.651,1,3,8.0,4,4.0,1,3,2,2
CUST_08532,49.0,Pune,4.5,15,36385.61,2425.71,3.33,1,0.106,1,3,65.0,26,13.0,13,4,8,0
CUST_08533,28.0,Other,5.0,10,9884.41,988.44,2.0,15,0.695,0,4,44.0,21,16.0,20,7,10,5
CUST_08534,40.0,Kolkata,2.5,2,2508.08,1254.04,0.8,69,0.507,0,2,15.0,6,8.0,7,4,4,3
CUST_08535,19.0,Chennai,4.8,7,6135.76,876.54,1.46,32,0.965,4,2,45.0,16,21.0,22,14,10,1
CUST_08536,36.0,Kolkata,1.2,23,45342.12,1971.4,19.17,2,0.48,0,4,70.0,36,10.0,19,3,14,4
CUST_08537,41.0,Mumbai,3.4,16,46934.81,2933.43,4.71,22,0.187,2,3,55.0,21,14.0,10,2,12,1
CUST_08538,20.0,Mumbai,0.2,9,12911.74,1434.64,45.0,69,0.524,1,3,8.0,6,2.0,2,4,3,4
CUST_08539,32.0,Mumbai,1.6,12,14865.21,1238.77,7.5,10,0.586,2,6,54.0,16,21.0,14,4,13,1
CUST_08540,41.0,Mumbai,4.2,15,25971.51,1731.43,3.57,238,0.753,2,4,6.0,4,2.0,4,0,4,3
CUST_08541,18.0,Bengaluru,8.1,11,8595.28,781.39,1.36,46,0.466,2,5,47.0,19,19.0,12,4,5,6
CUST_08542,47.0,Mumbai,1.4,1,1474.44,1474.44,0.71,50,0.574,1,4,18.0,4,5.0,4,3,1,3
CUST_08543,38.0,Jaipur,3.5,3,4130.59,1376.86,0.86,87,0.188,1,2,13.0,8,3.0,4,4,1,3
CUST_08544,41.0,Hyderabad,1.3,3,6028.49,2009.5,2.31,24,0.189,1,3,14.0,7,9.0,7,7,3,1
CUST_08545,30.0,Delhi,2.1,32,53430.66,1669.71,15.24,1,0.384,3,5,62.0,22,15.0,16,3,7,3
CUST_08546,18.0,Mumbai,3.9,15,19063.46,1270.9,3.85,9,0.872,2,4,52.0,15,20.0,15,10,10,3
CUST_08547,39.0,Hyderabad,1.1,2,2934.74,1467.37,1.82,122,0.266,0,5,16.0,6,6.0,4,3,2,0
CUST_08548,33.0,Mumbai,2.1,23,38331.93,1666.61,10.95,15,0.184,3,2,63.0,45,16.0,17,2,9,1
CUST_08549,34.0,Kolkata,3.2,29,66867.24,2305.77,9.06,23,0.02,2,2,57.0,30,18.0,19,2,12,6
CUST_08550,45.0,Ahmedabad,3.4,13,24681.5,1898.58,3.82,15,0.339,1,6,56.0,23,10.0,13,1,7,4
CUST_08551,42.0,Hyderabad,2.9,11,23273.2,2115.75,3.79,75,0.34,2,2,11.0,6,4.0,2,4,5,3
CUST_08552,53.0,Mumbai,3.2,24,45776.27,1907.34,7.5,4,0.234,1,1,47.0,31,7.0,7,5,11,3
CUST_08553,36.0,Ahmedabad,1.6,1,1323.35,1323.35,0.62,89,0.226,0,4,22.0,5,5.0,4,10,6,1
CUST_08554,27.0,Delhi,1.5,18,34301.54,1905.64,12.0,7,0.409,2,2,61.0,46,16.0,20,4,11,2
CUST_08555,32.0,Pune,1.2,25,38031.82,1521.27,20.83,2,0.523,2,4,53.0,29,10.0,12,5,9,2
CUST_08556,38.0,Bengaluru,1.3,1,1188.2,1188.2,0.77,82,0.234,0,2,13.0,7,4.0,7,5,2,2
CUST_08557,44.0,Other,1.2,12,24565.92,2047.16,10.0,1,0.179,0,3,46.0,22,12.0,16,5,9,1
CUST_08558,19.0,Delhi,3.0,16,25390.69,1586.92,5.33,13,0.8,4,3,43.0,12,20.0,13,4,11,3
CUST_08559,34.0,Other,1.3,6,5292.36,882.06,4.62,18,0.272,0,2,19.0,4,7.0,4,3,2,1
CUST_08560,50.0,Mumbai,3.2,5,7709.11,1541.82,1.56,65,0.481,1,1,14.0,6,4.0,2,2,1,1
CUST_08561,32.0,Mumbai,2.5,17,44096.84,2593.93,6.8,19,0.084,1,3,61.0,25,19.0,14,1,10,4
CUST_08562,43.0,Chennai,3.6,12,18908.2,1575.68,3.33,123,0.403,1,4,7.0,5,3.0,1,3,4,3
CUST_08563,39.0,Pune,2.8,1,1645.22,1645.22,0.36,112,0.21,0,6,17.0,7,8.0,6,9,4,2
CUST_08564,44.0,Delhi,2.6,13,12812.98,985.61,5.0,41,0.572,0,2,13.0,2,2.0,0,2,7,2
CUST_08565,26.0,Mumbai,5.4,9,11548.2,1283.13,1.67,33,0.958,1,2,59.0,21,18.0,4,5,11,5
CUST_08566,26.0,Delhi,5.0,7,7486.95,1069.56,1.4,45,0.619,2,6,49.0,15,19.0,16,8,12,2
CUST_08567,34.0,Delhi,3.4,14,23790.72,1699.34,4.12,129,0.595,2,2,7.0,3,5.0,2,0,4,1
CUST_08568,19.0,Kolkata,5.0,14,16904.88,1207.49,2.8,242,0.567,4,6,8.0,7,3.0,1,0,2,2
CUST_08569,31.0,Chennai,1.3,14,20344.6,1453.19,10.77,38,0.886,0,1,39.0,19,31.0,18,12,15,2
CUST_08570,37.0,Other,2.1,31,73752.17,2379.1,14.76,8,0.195,4,5,68.0,33,14.0,14,1,16,5
CUST_08571,52.0,Kolkata,2.2,24,59318.4,2471.6,10.91,9,0.206,1,5,75.0,27,9.0,13,3,6,5
CUST_08572,38.0,Chennai,3.3,29,60039.93,2070.34,8.79,17,0.453,1,5,83.0,42,12.0,15,3,11,5
CUST_08573,40.0,Chennai,0.8,25,52032.39,2081.3,31.25,12,0.24,1,1,64.0,24,9.0,15,5,11,1
CUST_08574,46.0,Jaipur,3.4,19,40556.42,2134.55,5.59,4,0.234,2,4,56.0,26,9.0,13,8,9,0
CUST_08575,24.0,Delhi,4.1,8,10582.51,1322.81,1.95,83,0.763,0,2,13.0,4,3.0,3,4,3,4
CUST_08576,32.0,Delhi,4.0,25,37263.3,1490.53,6.25,7,0.167,0,4,66.0,19,12.0,8,3,12,2
CUST_08577,58.0,Kolkata,0.7,5,9481.22,1896.24,7.14,120,0.564,3,3,14.0,9,,4,2,2,1
CUST_08578,33.0,Pune,0.8,14,39625.27,2830.38,17.5,16,0.049,3,1,60.0,31,14.0,8,3,7,1
CUST_08579,45.0,Other,1.6,30,52483.0,1749.43,18.75,29,0.284,1,3,78.0,26,11.0,10,6,12,4
CUST_08580,44.0,Hyderabad,8.3,18,52317.7,2906.54,2.17,25,0.154,0,2,53.0,23,20.0,9,5,9,4
CUST_08581,19.0,Delhi,3.5,23,53372.47,2320.54,6.57,19,0.279,2,5,78.0,32,14.0,10,5,13,4
CUST_08582,37.0,Kolkata,0.9,4,7623.22,,4.44,101,0.345,1,6,13.0,6,3.0,4,3,2,4
CUST_08583,35.0,Delhi,3.6,9,15511.94,1723.55,2.5,109,0.411,6,4,,4,3.0,1,1,2,2
CUST_08584,37.0,Other,3.0,25,41771.19,1670.85,8.33,22,0.348,3,2,65.0,36,4.0,11,1,10,2
CUST_08585,26.0,Other,4.0,9,12698.39,1410.93,2.25,52,0.567,2,3,43.0,29,23.0,8,8,7,5
CUST_08586,23.0,Chennai,2.6,6,4122.68,687.11,2.31,19,0.85,1,4,41.0,19,19.0,17,7,16,0
CUST_08587,29.0,Mumbai,2.7,9,11923.16,1324.8,3.33,153,0.429,1,3,8.0,2,5.0,1,2,0,3
CUST_08588,33.0,Pune,1.6,2,4051.96,2025.98,1.25,109,0.343,1,4,7.0,8,7.0,4,5,5,1
CUST_08589,46.0,Bengaluru,9.7,7,7877.43,1125.35,0.72,15,0.961,1,6,37.0,19,16.0,11,6,11,1
CUST_08590,52.0,Jaipur,2.1,3,3678.08,1226.03,1.43,118,0.475,1,1,23.0,4,10.0,6,3,2,1
CUST_08591,48.0,Pune,2.4,3,3083.19,1027.73,1.25,75,0.479,2,4,9.0,4,8.0,3,6,4,4
CUST_08592,43.0,Mumbai,1.8,20,34527.3,1726.37,11.11,44,0.217,0,2,53.0,32,13.0,12,3,10,2
CUST_08593,24.0,Mumbai,0.4,35,59031.85,1686.62,87.5,10,0.322,3,1,57.0,30,20.0,19,6,10,5
CUST_08594,30.0,Bengaluru,0.8,9,16831.27,1870.14,11.25,82,0.638,3,4,8.0,3,4.0,3,2,1,1
CUST_08595,36.0,Jaipur,3.0,4,3704.78,926.19,1.33,30,0.242,0,4,20.0,8,4.0,5,6,3,1
CUST_08596,28.0,Mumbai,2.0,10,9755.29,975.53,5.0,47,0.915,2,2,40.0,20,24.0,13,10,12,7
CUST_08597,40.0,Pune,0.6,12,14380.07,1198.34,20.0,3,0.823,3,7,53.0,17,17.0,9,5,16,3
CUST_08598,41.0,Chennai,4.3,33,42489.68,1287.57,7.67,12,0.187,3,2,73.0,24,19.0,23,2,8,2
CUST_08599,39.0,Ahmedabad,4.2,13,12328.1,948.32,3.1,50,0.84,1,2,40.0,21,18.0,13,5,8,5
CUST_08600,44.0,Ahmedabad,3.8,3,6442.23,2147.41,0.79,57,0.58,2,4,19.0,3,5.0,8,1,1,6
CUST_08601,25.0,Ahmedabad,2.9,27,37041.72,1371.92,9.31,3,0.343,2,2,53.0,28,12.0,11,2,10,4
CUST_08602,43.0,Mumbai,7.3,3,4308.41,1436.14,0.41,33,0.403,0,3,20.0,3,9.0,2,8,5,3
CUST_08603,27.0,Delhi,1.9,11,21209.1,1928.1,5.79,195,0.551,1,5,12.0,2,1.0,3,0,0,6
CUST_08604,25.0,Other,2.9,15,35952.51,2396.83,5.17,39,0.302,0,3,61.0,19,19.0,15,6,12,3
CUST_08605,39.0,Other,1.1,15,21605.88,1440.39,13.64,20,0.9,4,1,50.0,18,17.0,15,7,9,1
CUST_08606,46.0,Hyderabad,0.7,26,41480.12,1595.39,37.14,21,0.283,1,3,53.0,23,11.0,13,5,4,5
CUST_08607,39.0,Chennai,6.6,2,2215.38,1107.69,0.3,57,0.075,2,4,22.0,11,9.0,6,6,3,0
CUST_08608,34.0,Other,3.8,22,35916.38,1632.56,5.79,7,0.395,2,2,72.0,32,6.0,11,3,13,5
CUST_08609,37.0,Bengaluru,3.5,6,5365.59,894.27,1.71,90,0.671,1,5,18.0,12,8.0,5,2,2,2
CUST_08610,35.0,Mumbai,9.4,7,15510.72,2215.82,0.74,191,0.301,0,3,13.0,4,6.0,1,1,2,1
CUST_08611,23.0,Chennai,0.6,16,27026.73,1689.17,26.67,16,0.386,0,3,68.0,32,12.0,20,6,10,2
CUST_08612,22.0,Other,0.9,4,4268.88,1067.22,4.44,103,0.472,3,2,11.0,2,3.0,0,5,3,3
CUST_08613,33.0,Chennai,8.3,8,15296.57,1912.07,0.96,119,0.336,1,4,12.0,4,1.0,1,1,1,2
CUST_08614,35.0,Ahmedabad,2.9,24,84680.53,3528.36,8.28,49,0.358,1,2,51.0,26,17.0,13,1,13,1
CUST_08615,34.0,Bengaluru,2.9,22,57398.44,2609.02,7.59,16,0.059,0,4,63.0,39,9.0,14,6,14,2
CUST_08616,41.0,Mumbai,2.1,10,8218.77,821.88,4.76,215,0.801,0,1,6.0,4,2.0,1,3,2,3
CUST_08617,32.0,Mumbai,2.8,11,26786.09,2435.1,3.93,102,0.205,1,4,11.0,4,2.0,2,1,3,0
CUST_08618,40.0,Other,3.6,15,35706.22,2380.41,4.17,30,0.238,2,1,53.0,29,16.0,11,4,10,1
CUST_08619,33.0,Bengaluru,6.3,20,41922.92,2096.15,3.17,5,0.224,1,4,46.0,28,15.0,16,5,11,5
CUST_08620,52.0,Mumbai,7.6,18,43421.01,2412.28,2.37,6,0.01,1,4,62.0,25,10.0,10,2,8,0
CUST_08621,35.0,Other,4.7,6,12319.87,2053.31,1.28,146,0.549,2,3,15.0,6,5.0,5,0,4,2
CUST_08622,57.0,Bengaluru,9.3,16,50975.24,3185.95,1.72,21,0.116,0,2,68.0,30,14.0,11,4,7,2
CUST_08623,38.0,Ahmedabad,1.6,18,16465.27,914.74,11.25,48,0.716,2,4,45.0,19,15.0,12,6,14,4
CUST_08624,32.0,Hyderabad,5.4,5,7777.24,1555.45,0.93,8,0.351,1,3,11.0,5,2.0,1,3,2,2
CUST_08625,25.0,Mumbai,3.6,17,34433.96,2025.53,4.72,10,0.211,0,5,55.0,25,17.0,14,3,13,5
CUST_08626,20.0,Hyderabad,3.4,9,7136.82,792.98,2.65,82,0.687,2,2,37.0,26,24.0,14,7,11,1
CUST_08627,24.0,Other,1.7,28,47048.57,1680.31,16.47,16,0.097,0,2,72.0,33,13.0,21,4,8,6
CUST_08628,25.0,Mumbai,2.6,14,28540.6,2038.61,5.38,204,0.795,1,6,8.0,3,3.0,4,1,2,0
CUST_08629,38.0,Ahmedabad,1.9,32,59929.8,1872.81,16.84,6,0.187,1,5,66.0,26,16.0,23,6,13,3
CUST_08630,29.0,Pune,0.3,8,15113.5,1889.19,26.67,81,0.373,0,3,15.0,9,4.0,4,6,2,2
CUST_08631,36.0,Delhi,3.3,2,3601.45,1800.72,0.61,66,0.577,0,4,12.0,5,11.0,2,4,2,2
CUST_08632,47.0,Delhi,8.5,23,25190.61,1095.24,2.71,3,0.246,2,3,71.0,36,14.0,20,6,10,5
CUST_08633,33.0,Jaipur,1.7,13,37390.48,2876.19,7.65,16,0.192,0,4,54.0,41,16.0,7,1,7,5
CUST_08634,55.0,Bengaluru,3.4,15,22363.37,1490.89,4.41,23,0.402,0,4,68.0,37,13.0,14,4,13,3
CUST_08635,22.0,Bengaluru,1.2,28,37198.41,1328.51,23.33,23,0.233,3,1,63.0,31,10.0,17,1,11,3
CUST_08636,32.0,Ahmedabad,5.1,2,2882.98,1441.49,0.39,85,0.533,1,3,17.0,10,5.0,5,2,0,4
CUST_08637,29.0,Mumbai,6.4,7,7149.73,1021.39,1.09,117,0.444,0,4,20.0,3,6.0,7,6,5,2
CUST_08638,43.0,Mumbai,0.4,13,14083.1,1083.32,32.5,29,0.737,6,5,43.0,19,24.0,7,6,11,2
CUST_08639,18.0,Mumbai,2.4,9,3605.71,400.63,3.75,12,0.682,4,2,40.0,19,21.0,9,11,8,4
CUST_08640,20.0,Chennai,2.0,7,6552.73,936.1,3.5,29,0.643,5,3,48.0,20,23.0,9,7,13,5
CUST_08641,33.0,Bengaluru,2.4,1,1389.41,1389.41,0.42,108,0.332,1,3,13.0,5,4.0,2,6,3,3
CUST_08642,50.0,Jaipur,4.8,31,69886.5,2254.4,6.46,12,0.499,1,2,57.0,33,9.0,18,4,14,2
CUST_08643,36.0,Bengaluru,2.3,23,44458.65,1932.98,10.0,8,0.159,3,5,68.0,19,11.0,15,6,4,1
CUST_08644,20.0,Pune,5.7,25,38461.25,1538.45,4.39,15,0.345,1,3,95.0,31,17.0,16,8,11,1
CUST_08645,22.0,Ahmedabad,0.3,5,5000.38,1000.08,16.67,16,0.839,1,3,39.0,18,14.0,7,12,6,3
CUST_08646,51.0,Delhi,3.2,11,22063.6,2005.78,3.44,43,0.959,4,1,39.0,22,24.0,12,6,6,1
CUST_08647,28.0,Other,3.4,7,7413.56,1059.08,2.06,10,0.838,3,4,49.0,10,22.0,8,9,9,1
CUST_08648,25.0,Pune,1.0,8,22492.76,2811.59,8.0,11,0.191,0,3,37.0,30,14.0,9,2,10,2
CUST_08649,49.0,Mumbai,7.8,4,7265.23,1816.31,0.51,39,0.444,0,3,15.0,7,9.0,4,6,2,3
CUST_08650,44.0,Bengaluru,2.1,26,58674.06,2256.69,12.38,7,0.169,0,1,66.0,30,12.0,7,7,10,1
CUST_08651,47.0,Mumbai,4.3,13,33730.82,2594.68,3.02,8,0.324,0,3,48.0,21,14.0,5,1,13,6
CUST_08652,24.0,Mumbai,1.6,26,53233.87,2047.46,16.25,12,0.477,4,3,67.0,32,6.0,16,7,4,3
CUST_08653,19.0,Bengaluru,1.3,36,84686.41,2352.4,27.69,9,0.382,3,4,65.0,27,8.0,12,7,12,1
CUST_08654,35.0,Pune,4.7,8,13945.0,1743.12,1.7,19,0.892,2,5,44.0,25,25.0,12,11,12,4
CUST_08655,37.0,Mumbai,1.4,20,38247.83,1912.39,14.29,21,0.542,0,3,63.0,38,12.0,13,5,14,3
CUST_08656,38.0,Delhi,2.4,14,16615.21,1186.8,5.83,34,0.773,4,5,51.0,13,15.0,10,12,14,2
CUST_08657,49.0,Bengaluru,1.7,7,7986.39,1140.91,4.12,57,0.8,2,4,55.0,17,15.0,17,13,16,1
CUST_08658,18.0,Delhi,4.5,22,56758.77,2579.94,4.89,11,0.283,3,4,54.0,29,13.0,16,2,10,2
CUST_08659,43.0,Mumbai,2.0,19,45812.94,2411.21,9.5,3,0.166,1,4,53.0,31,9.0,8,4,11,2
CUST_08660,23.0,Hyderabad,1.1,7,12417.94,1773.99,6.36,30,0.51,1,4,10.0,3,5.0,2,1,2,1
CUST_08661,43.0,Kolkata,3.6,31,34930.48,1126.79,8.61,1,0.156,3,4,74.0,27,20.0,18,3,12,2
CUST_08662,29.0,Chennai,7.3,23,43695.29,1899.8,3.15,18,0.312,1,5,59.0,22,16.0,15,1,4,2
CUST_08663,26.0,Delhi,5.0,17,52082.32,3063.67,3.4,7,0.148,1,4,54.0,32,10.0,13,5,7,1
CUST_08664,28.0,Mumbai,5.1,4,5791.93,1447.98,0.78,57,0.819,4,3,47.0,17,23.0,9,10,13,2
CUST_08665,20.0,Bengaluru,1.7,15,13174.59,878.31,8.82,25,0.854,4,4,38.0,31,24.0,11,7,13,2
CUST_08666,34.0,Jaipur,3.2,16,14008.9,875.56,5.0,49,0.813,1,3,40.0,12,18.0,14,11,11,2
CUST_08667,26.0,Bengaluru,2.1,3,3928.87,1309.62,1.43,134,0.355,0,6,19.0,6,5.0,4,11,1,1
CUST_08668,42.0,Pune,1.2,13,26392.29,2030.18,10.83,7,0.052,1,6,55.0,37,17.0,16,7,10,3
CUST_08669,40.0,Mumbai,3.7,25,48526.99,1941.08,6.76,14,0.284,0,5,46.0,33,17.0,11,4,11,1
CUST_08670,51.0,Other,3.4,2,3774.27,1887.13,0.59,180,0.411,0,6,20.0,6,4.0,5,4,3,0
CUST_08671,38.0,Kolkata,2.5,7,10680.96,1525.85,2.8,116,0.43,1,1,12.0,2,1.0,3,3,1,1
CUST_08672,39.0,Delhi,6.1,14,39225.07,2801.79,2.3,6,0.123,0,3,49.0,28,13.0,13,3,16,3
CUST_08673,48.0,Delhi,0.7,7,7412.48,,10.0,37,0.804,0,5,36.0,15,23.0,14,7,15,3
CUST_08674,28.0,Jaipur,4.2,13,18485.45,1421.96,3.1,6,0.372,2,3,67.0,29,13.0,10,3,5,1
CUST_08675,19.0,Mumbai,3.8,20,36493.16,1824.66,5.26,15,0.176,0,4,61.0,26,10.0,13,2,4,2
CUST_08676,36.0,Hyderabad,0.5,29,56885.87,1961.58,58.0,6,0.122,1,7,64.0,27,13.0,12,4,10,1
CUST_08677,20.0,Kolkata,3.7,13,40070.44,3082.34,3.51,25,0.12,2,1,44.0,27,15.0,13,3,3,0
CUST_08678,59.0,Delhi,0.7,5,5926.47,1185.29,7.14,52,0.417,0,3,18.0,7,8.0,8,4,3,2
CUST_08679,49.0,Mumbai,2.0,9,7969.18,885.46,4.5,15,0.837,2,6,53.0,21,13.0,17,11,14,0
CUST_08680,56.0,Pune,2.2,20,59571.39,2978.57,9.09,9,0.146,1,4,45.0,26,19.0,14,2,7,3
CUST_08681,35.0,Other,1.6,16,38263.66,2391.48,10.0,18,0.309,2,7,49.0,27,21.0,13,2,12,2
CUST_08682,40.0,Bengaluru,1.5,6,13180.14,2196.69,4.0,120,0.275,1,3,12.0,3,7.0,3,1,5,3
CUST_08683,29.0,Ahmedabad,1.7,20,49667.42,2483.37,11.76,22,0.276,0,2,54.0,23,17.0,11,3,5,2
CUST_08684,43.0,Hyderabad,3.0,8,7849.27,981.16,2.67,7,0.802,3,3,38.0,12,15.0,13,12,9,3
CUST_08685,22.0,Other,5.6,20,29845.98,1492.3,3.57,3,0.13,1,4,66.0,33,9.0,15,2,8,0
CUST_08686,18.0,Other,3.9,6,6568.75,1094.79,1.54,17,0.884,4,1,48.0,18,19.0,12,7,12,2
CUST_08687,26.0,Bengaluru,4.5,33,42817.91,1297.51,7.33,18,0.36,2,6,67.0,32,9.0,12,5,14,2
CUST_08688,19.0,Delhi,7.0,15,42583.85,2838.92,2.14,15,0.02,1,5,55.0,18,17.0,6,1,6,0
CUST_08689,49.0,Hyderabad,6.1,28,68567.64,2448.84,4.59,9,0.598,0,2,53.0,37,14.0,13,5,6,0
CUST_08690,52.0,Chennai,4.4,18,34596.94,1922.05,4.09,23,0.225,1,4,51.0,29,12.0,16,3,9,3
CUST_08691,20.0,Bengaluru,0.9,32,57644.6,1801.39,35.56,3,0.301,0,3,74.0,33,9.0,15,3,11,2
CUST_08692,47.0,Ahmedabad,2.0,3,4986.15,1662.05,1.5,142,0.426,1,2,26.0,5,5.0,5,11,0,3
CUST_08693,44.0,Pune,0.5,22,33630.83,1528.67,44.0,5,0.153,2,5,74.0,37,8.0,20,3,9,2
CUST_08694,18.0,Delhi,0.8,23,56370.46,2450.89,28.75,6,0.262,0,6,55.0,26,22.0,15,1,10,1
CUST_08695,30.0,Chennai,2.2,8,8129.64,1016.2,3.64,32,0.898,2,5,37.0,17,16.0,10,9,15,5
CUST_08696,28.0,Pune,2.9,8,5294.0,661.75,2.76,87,0.868,1,2,36.0,20,22.0,8,6,8,5
CUST_08697,41.0,Bengaluru,5.6,7,5822.77,831.82,1.25,175,0.645,3,1,4.0,3,4.0,3,4,2,1
CUST_08698,22.0,Other,4.6,15,20895.22,1393.01,3.26,57,0.789,3,5,46.0,16,23.0,16,6,14,3
CUST_08699,33.0,Hyderabad,6.6,4,3882.5,970.63,0.61,34,0.941,2,3,46.0,10,24.0,18,4,11,2
CUST_08700,27.0,Other,1.2,12,17041.5,1420.12,10.0,45,0.751,1,3,39.0,24,22.0,8,3,8,3
CUST_08701,39.0,Kolkata,6.5,11,21370.44,1942.77,1.69,246,0.608,0,4,11.0,1,7.0,1,3,1,5
CUST_08702,32.0,Kolkata,3.9,4,6081.09,1520.27,1.03,68,0.415,0,3,14.0,9,2.0,6,12,3,4
CUST_08703,29.0,Hyderabad,5.1,19,30711.79,1616.41,3.73,18,0.214,0,1,64.0,25,7.0,11,3,12,1
CUST_08704,32.0,Mumbai,3.3,24,27970.03,1165.42,7.27,4,0.575,3,5,61.0,23,18.0,19,3,5,0
CUST_08705,54.0,Bengaluru,3.8,17,43079.18,2534.07,4.47,4,0.273,2,5,72.0,22,29.0,15,4,10,1
CUST_08706,30.0,Pune,2.9,10,12392.32,1239.23,3.45,21,0.891,5,3,44.0,14,23.0,16,5,13,3
CUST_08707,24.0,Other,2.3,5,4092.5,818.5,2.17,22,0.345,0,1,24.0,10,6.0,6,10,6,3
CUST_08708,40.0,Pune,3.0,14,16421.46,1172.96,4.67,20,0.845,1,6,39.0,19,14.0,16,12,14,1
CUST_08709,33.0,Pune,3.7,10,25989.41,2598.94,2.7,18,0.178,1,3,44.0,27,18.0,9,3,9,2
CUST_08710,20.0,Hyderabad,8.0,3,6889.85,2296.62,0.38,33,0.615,1,2,17.0,10,3.0,9,3,3,1
CUST_08711,56.0,Bengaluru,1.7,5,9986.25,1997.25,2.94,166,0.441,1,2,26.0,6,4.0,3,5,3,3
CUST_08712,30.0,Mumbai,1.7,26,33620.5,1293.1,15.29,5,0.109,2,3,65.0,36,12.0,19,5,11,3
CUST_08713,30.0,Mumbai,2.0,4,6846.7,1711.68,2.0,172,0.543,2,3,17.0,8,3.0,2,5,1,2
CUST_08714,36.0,Ahmedabad,6.8,25,43420.98,1736.84,3.68,9,0.336,6,4,64.0,19,16.0,12,3,6,5
CUST_08715,51.0,Bengaluru,5.6,5,2420.19,484.04,0.89,135,0.682,1,3,11.0,3,0.0,3,1,1,1
CUST_08716,18.0,Mumbai,3.3,2,3046.5,1523.25,0.61,41,0.625,0,4,20.0,3,11.0,3,6,4,3
CUST_08717,37.0,Bengaluru,2.6,12,13909.58,1159.13,4.62,37,0.858,0,3,48.0,27,26.0,9,7,13,3
CUST_08718,55.0,Pune,1.3,2,1870.83,935.41,1.54,70,0.384,1,3,18.0,6,3.0,10,6,2,1
CUST_08719,35.0,Pune,0.7,13,17637.46,1356.73,18.57,230,0.499,5,4,7.0,3,,0,5,1,2
CUST_08720,22.0,Other,2.3,20,15947.51,797.38,8.7,61,0.975,0,3,39.0,9,21.0,11,5,13,1
CUST_08721,28.0,Delhi,1.2,27,50874.11,1884.23,22.5,10,0.596,1,5,60.0,38,10.0,11,2,8,2
CUST_08722,36.0,Mumbai,5.4,6,8102.89,1350.48,1.11,180,0.417,0,4,20.0,4,7.0,10,4,6,2
CUST_08723,47.0,Other,3.2,22,39069.65,1775.89,6.88,11,0.486,2,3,57.0,42,16.0,11,5,18,0
CUST_08724,31.0,Ahmedabad,2.7,20,24533.0,1226.65,7.41,7,0.34,6,2,55.0,28,23.0,16,2,11,4
CUST_08725,42.0,Pune,1.0,3,2937.47,979.16,3.0,140,0.65,2,2,7.0,1,0.0,0,1,3,3
CUST_08726,20.0,Delhi,2.0,3,3137.24,1045.75,1.5,169,0.363,1,3,16.0,8,8.0,1,6,3,3
CUST_08727,20.0,Jaipur,2.8,27,67581.63,2503.02,9.64,4,0.299,1,3,70.0,37,16.0,11,2,13,2
CUST_08728,29.0,Delhi,6.9,29,34276.23,1181.94,4.2,19,0.408,0,3,74.0,30,4.0,20,9,10,4
CUST_08729,48.0,Hyderabad,2.9,24,40310.55,1679.61,8.28,1,0.135,2,1,70.0,25,19.0,23,4,9,3
CUST_08730,35.0,Hyderabad,4.0,31,51498.21,1661.23,7.75,5,0.375,2,6,60.0,42,15.0,16,3,5,1
CUST_08731,37.0,Delhi,1.5,11,19215.09,1746.83,7.33,15,0.282,0,2,50.0,25,15.0,14,5,8,2
CUST_08732,37.0,Chennai,2.5,7,6943.93,991.99,2.8,46,0.378,2,5,21.0,4,5.0,4,3,6,4
CUST_08733,45.0,Bengaluru,0.9,25,54962.77,2198.51,27.78,2,0.521,3,4,66.0,34,9.0,14,3,18,2
CUST_08734,28.0,Mumbai,6.1,9,12362.74,1373.64,1.48,51,0.697,4,4,43.0,14,17.0,10,5,14,2
CUST_08735,41.0,Ahmedabad,5.3,30,48842.77,1628.09,5.66,19,0.684,0,3,58.0,38,8.0,21,10,6,4
CUST_08736,26.0,Mumbai,7.9,7,10053.12,1436.16,0.89,45,0.586,1,4,7.0,9,2.0,2,5,4,4
CUST_08737,54.0,Bengaluru,2.8,29,53939.87,1860.0,10.36,3,0.447,1,2,59.0,39,7.0,13,9,2,0
CUST_08738,26.0,Hyderabad,0.5,18,54879.16,3048.84,36.0,30,0.248,1,5,60.0,18,18.0,14,3,14,5
CUST_08739,25.0,Chennai,2.6,18,65522.4,3640.13,6.92,18,0.088,2,3,51.0,25,17.0,14,3,9,4
CUST_08740,39.0,Bengaluru,1.6,8,9476.04,1184.5,5.0,14,0.916,3,2,32.0,14,15.0,12,6,13,2
CUST_08741,35.0,Kolkata,3.2,9,8946.66,994.07,2.81,6,0.737,4,4,56.0,18,21.0,18,3,15,0
CUST_08742,37.0,Mumbai,2.9,29,72265.79,2491.92,10.0,5,0.296,4,3,78.0,33,8.0,15,5,5,3
CUST_08743,36.0,Chennai,2.3,24,40854.1,1702.25,10.43,4,0.219,1,1,57.0,28,13.0,11,7,9,0
CUST_08744,23.0,Ahmedabad,1.5,15,57036.17,3802.41,10.0,2,0.305,1,1,54.0,24,12.0,11,3,4,3
CUST_08745,50.0,Jaipur,5.3,12,16271.8,1355.98,2.26,28,0.956,5,6,36.0,20,19.0,13,13,13,2
CUST_08746,43.0,Hyderabad,1.3,8,9189.3,1148.66,6.15,24,0.845,2,5,61.0,22,22.0,16,13,13,2
CUST_08747,48.0,Delhi,3.2,17,27612.11,1624.24,5.31,6,0.114,2,2,56.0,21,15.0,11,3,9,2
CUST_08748,29.0,Mumbai,7.4,23,73145.05,3180.22,3.11,24,0.091,1,3,53.0,22,8.0,12,1,11,1
CUST_08749,38.0,Delhi,5.1,17,38836.06,2284.47,3.33,32,0.249,0,2,65.0,20,12.0,8,2,6,5
CUST_08750,36.0,Hyderabad,1.4,22,55981.74,2544.62,15.71,24,0.247,0,3,50.0,27,13.0,16,4,7,3
CUST_08751,45.0,Pune,3.4,13,12583.37,967.95,3.82,35,0.795,1,4,46.0,16,12.0,7,8,10,2
CUST_08752,46.0,Other,0.8,19,40071.03,2109.0,23.75,14,0.111,1,4,66.0,21,14.0,14,1,8,1
CUST_08753,36.0,Jaipur,1.2,22,33530.51,1524.11,18.33,9,0.488,0,3,61.0,27,7.0,19,5,10,5
CUST_08754,19.0,Mumbai,2.2,20,58073.23,2903.66,9.09,13,0.195,3,4,62.0,28,13.0,10,3,13,3
CUST_08755,52.0,Hyderabad,2.4,11,19307.03,1755.18,4.58,30,0.387,0,3,10.0,2,3.0,2,4,2,0
CUST_08756,40.0,Ahmedabad,4.9,14,26427.4,1887.67,2.86,91,0.14,4,3,9.0,4,5.0,4,3,2,3
CUST_08757,28.0,Pune,2.4,26,57984.45,2230.17,10.83,7,0.231,0,5,49.0,27,18.0,15,4,11,1
CUST_08758,38.0,Bengaluru,2.8,20,34243.9,1712.19,7.14,23,0.355,2,2,75.0,24,12.0,16,6,16,3
CUST_08759,19.0,Delhi,4.7,25,66307.44,2652.3,5.32,14,0.154,1,3,56.0,30,15.0,21,2,12,4
CUST_08760,45.0,Pune,1.5,7,6892.28,984.61,4.67,33,0.809,1,3,48.0,20,24.0,7,5,9,2
CUST_08761,19.0,Hyderabad,7.3,21,28322.61,1348.7,2.88,26,0.342,3,4,58.0,23,13.0,20,3,6,2
CUST_08762,32.0,Other,6.4,3,3713.05,1237.68,0.47,28,0.138,2,3,15.0,5,11.0,5,3,3,1
CUST_08763,36.0,Delhi,3.0,16,13750.12,859.38,5.33,38,0.645,1,3,47.0,20,20.0,12,8,17,0
CUST_08764,44.0,Hyderabad,4.5,6,13624.99,2270.83,1.33,101,0.456,3,4,8.0,5,3.0,2,2,2,3
CUST_08765,35.0,Delhi,3.0,13,26001.63,2000.13,4.33,5,0.069,1,6,60.0,17,4.0,11,2,13,2
CUST_08766,40.0,Jaipur,2.6,4,7476.07,1869.02,1.54,75,0.294,0,3,15.0,7,11.0,7,3,4,6
CUST_08767,34.0,Jaipur,3.4,7,11065.54,1580.79,2.06,83,0.366,2,1,18.0,4,5.0,3,6,2,1
CUST_08768,34.0,Mumbai,5.4,12,17648.18,1470.68,2.22,18,0.156,0,7,42.0,25,15.0,6,3,5,0
CUST_08769,35.0,Jaipur,5.0,27,36232.65,1341.95,5.4,4,0.593,5,4,54.0,33,16.0,16,9,8,4
CUST_08770,32.0,Mumbai,1.6,22,50839.95,2310.91,13.75,5,0.182,0,4,54.0,27,14.0,9,1,6,3
CUST_08771,18.0,Mumbai,2.7,31,23047.17,743.46,11.48,22,0.382,1,4,56.0,23,10.0,12,5,6,0
CUST_08772,26.0,Chennai,1.1,24,40463.07,1685.96,21.82,16,0.38,1,5,60.0,39,9.0,19,2,6,3
CUST_08773,36.0,Delhi,4.1,8,9400.54,1175.07,1.95,29,0.593,2,4,42.0,19,18.0,21,9,5,4
CUST_08774,32.0,Hyderabad,4.5,20,41711.37,2085.57,4.44,13,0.153,4,5,70.0,35,9.0,14,2,17,4
CUST_08775,32.0,Chennai,3.8,8,15766.53,1970.82,2.11,150,0.523,3,4,7.0,4,3.0,3,4,2,1
CUST_08776,31.0,Mumbai,10.0,12,29320.19,2443.35,1.2,17,0.233,1,3,57.0,33,12.0,13,2,13,2
CUST_08777,25.0,Delhi,3.2,5,8520.33,1704.07,1.56,203,0.562,2,5,13.0,9,0.0,1,1,2,3
CUST_08778,29.0,Bengaluru,0.4,30,54879.43,1829.31,75.0,8,0.409,0,2,70.0,28,9.0,14,1,10,6
CUST_08779,31.0,Pune,2.9,4,7626.56,1906.64,1.38,76,0.354,1,6,17.0,9,6.0,8,6,3,5
CUST_08780,34.0,Mumbai,1.4,18,32579.74,1809.99,12.86,8,0.537,1,7,56.0,37,18.0,16,3,10,0
CUST_08781,38.0,Mumbai,4.8,13,23570.64,1813.13,2.71,14,0.095,0,1,59.0,21,17.0,11,2,11,4
CUST_08782,32.0,Ahmedabad,5.5,8,11419.07,1427.38,1.45,54,0.348,1,2,10.0,3,4.0,2,2,3,2
CUST_08783,24.0,Other,2.3,32,73358.44,2292.45,13.91,20,0.172,2,2,76.0,28,14.0,15,3,12,7
CUST_08784,20.0,Mumbai,2.9,5,10746.16,2149.23,1.72,36,0.303,0,3,18.0,6,4.0,6,5,2,3
CUST_08785,60.0,Pune,3.5,13,9412.52,724.04,3.71,35,0.45,5,2,31.0,24,15.0,12,4,7,1
CUST_08786,23.0,Chennai,3.4,11,11178.51,1016.23,3.24,22,0.805,3,5,41.0,12,29.0,15,11,5,4
CUST_08787,29.0,Other,5.5,11,12999.59,1181.78,2.0,12,0.838,3,4,65.0,21,23.0,15,8,11,4
CUST_08788,39.0,Delhi,3.3,6,13667.81,2277.97,1.82,33,0.378,0,3,14.0,9,9.0,3,4,3,5
CUST_08789,38.0,Jaipur,2.7,24,68657.77,2860.74,8.89,17,0.12,1,2,49.0,22,16.0,6,2,9,1
CUST_08790,39.0,Bengaluru,2.4,2,2953.88,1476.94,0.83,83,0.388,0,5,17.0,7,6.0,11,2,3,4
CUST_08791,30.0,Other,0.9,8,15176.49,1897.06,8.89,240,0.445,2,4,15.0,4,2.0,3,1,6,2
CUST_08792,36.0,Mumbai,1.3,18,50699.67,2816.65,13.85,17,0.022,2,4,45.0,31,17.0,9,3,8,3
CUST_08793,35.0,Other,1.2,20,60658.36,3032.92,16.67,9,0.098,0,8,65.0,22,11.0,5,6,6,7
CUST_08794,31.0,Bengaluru,10.0,6,11150.87,1858.48,0.6,26,0.359,0,2,16.0,5,14.0,4,7,2,5
CUST_08795,36.0,Other,2.7,23,31735.57,1379.81,8.52,39,0.218,0,4,63.0,28,14.0,14,7,13,0
CUST_08796,45.0,Bengaluru,4.5,25,40377.97,1615.12,5.56,3,0.052,1,2,70.0,41,7.0,16,9,12,1
CUST_08797,34.0,Hyderabad,4.1,22,72669.11,3303.14,5.37,11,0.181,0,5,47.0,24,17.0,10,4,8,4
CUST_08798,34.0,Ahmedabad,0.5,9,9074.46,1008.27,18.0,21,0.856,3,3,39.0,21,21.0,18,10,17,2
CUST_08799,45.0,Kolkata,2.5,21,51805.46,2466.93,8.4,6,0.041,0,3,55.0,32,16.0,20,2,12,2
CUST_08800,44.0,Hyderabad,3.8,4,4767.61,1191.9,1.05,40,0.848,0,5,39.0,23,19.0,18,4,15,3
CUST_08801,50.0,Bengaluru,0.3,5,8967.51,1793.5,16.67,52,0.503,2,2,15.0,5,5.0,7,3,1,2
CUST_08802,18.0,Ahmedabad,2.5,32,64399.87,2012.5,12.8,42,0.127,1,1,55.0,34,9.0,11,4,7,1
CUST_08803,43.0,Other,4.7,6,7791.57,1298.6,1.28,4,0.75,3,3,43.0,22,21.0,11,15,11,2
CUST_08804,40.0,Mumbai,2.2,6,10976.68,1829.45,2.73,80,0.338,1,5,9.0,4,4.0,2,1,1,2
CUST_08805,25.0,Hyderabad,4.3,3,3667.76,1222.59,0.7,68,0.055,1,6,24.0,4,6.0,7,6,4,4
CUST_08806,37.0,Jaipur,1.4,2,3869.88,1934.94,1.43,119,0.388,0,4,22.0,9,4.0,5,8,5,2
CUST_08807,45.0,Chennai,2.0,22,39256.31,1784.38,11.0,4,0.309,3,2,60.0,24,10.0,21,4,8,2
CUST_08808,26.0,Ahmedabad,4.5,1,1073.16,1073.16,0.22,66,0.62,0,3,25.0,10,6.0,3,10,3,0
CUST_08809,38.0,Jaipur,2.5,19,51514.64,2711.3,7.6,15,0.031,0,3,70.0,30,11.0,14,3,5,2
CUST_08810,43.0,Kolkata,1.1,23,48038.62,2088.64,20.91,6,0.092,0,4,55.0,27,15.0,12,3,9,5
CUST_08811,23.0,Kolkata,4.7,27,58977.0,2184.33,5.74,29,0.349,1,5,67.0,36,8.0,12,10,12,1
CUST_08812,33.0,Other,3.4,28,49429.63,1765.34,8.24,13,0.323,1,5,69.0,31,14.0,12,6,8,3
CUST_08813,37.0,Jaipur,1.5,2,3843.86,1921.93,1.33,38,0.29,0,4,11.0,8,5.0,8,5,5,1
CUST_08814,26.0,Ahmedabad,4.4,29,71543.02,2467.0,6.59,11,0.692,1,6,67.0,21,21.0,16,1,10,5
CUST_08815,25.0,Mumbai,2.3,1,1587.27,1587.27,0.43,99,0.425,0,2,21.0,6,4.0,4,5,2,1
CUST_08816,33.0,Pune,6.4,5,7537.67,1507.53,0.78,65,0.461,2,4,14.0,14,6.0,6,5,2,1
CUST_08817,42.0,Hyderabad,5.5,12,7011.11,584.26,2.18,18,0.929,2,3,51.0,21,20.0,10,11,20,1
CUST_08818,40.0,Chennai,2.9,20,35205.5,1760.27,6.9,2,0.122,2,3,73.0,28,10.0,7,7,19,2
CUST_08819,25.0,Delhi,3.9,15,15822.47,1054.83,3.85,4,0.678,5,1,57.0,16,23.0,4,7,14,1
CUST_08820,41.0,Mumbai,6.2,27,60198.36,2229.57,4.35,9,0.166,0,3,57.0,26,17.0,17,7,10,1
CUST_08821,26.0,Delhi,2.9,19,50039.5,2633.66,6.55,27,0.159,0,4,62.0,22,13.0,8,1,6,0
CUST_08822,,Kolkata,0.5,7,11286.34,1612.33,14.0,78,0.444,3,6,12.0,3,4.0,1,3,3,5
CUST_08823,30.0,Jaipur,3.9,21,55784.75,2656.42,5.38,12,0.059,4,3,46.0,27,16.0,10,2,12,1
CUST_08824,45.0,Other,4.9,16,53801.58,3362.6,3.27,39,0.193,0,5,61.0,14,13.0,12,5,7,1
CUST_08825,41.0,Delhi,5.0,8,14040.61,1755.08,1.6,171,0.665,3,3,12.0,6,5.0,0,2,0,3
CUST_08826,34.0,Delhi,1.4,23,37711.72,1639.64,16.43,21,0.503,1,3,62.0,29,14.0,21,7,6,4
CUST_08827,30.0,Delhi,6.5,4,5071.48,1267.87,0.62,44,0.253,1,2,15.0,4,7.0,3,5,1,1
CUST_08828,30.0,Delhi,10.0,28,57584.43,2056.59,2.8,3,0.196,2,5,74.0,35,10.0,10,4,7,3
CUST_08829,35.0,Chennai,4.9,28,48722.25,1740.08,5.71,13,0.328,2,3,58.0,29,10.0,19,5,7,1
CUST_08830,23.0,Delhi,2.2,21,35223.73,1677.32,9.55,10,0.458,0,2,70.0,28,10.0,11,5,9,3
CUST_08831,31.0,Mumbai,3.6,22,48318.65,2196.3,6.11,22,0.172,4,3,58.0,25,6.0,12,4,8,4
CUST_08832,32.0,Bengaluru,4.3,21,40475.8,1927.42,4.88,17,0.228,1,7,70.0,36,15.0,12,8,12,4
CUST_08833,20.0,Pune,4.6,3,4649.51,1549.84,0.65,13,0.438,0,5,16.0,6,4.0,4,3,5,5
CUST_08834,26.0,Mumbai,3.2,13,7815.7,601.21,4.06,48,0.918,5,3,44.0,18,16.0,10,9,12,2
CUST_08835,38.0,Bengaluru,1.2,11,19382.38,1762.03,9.17,176,0.33,0,5,14.0,4,0.0,2,1,3,2
CUST_08836,34.0,Pune,4.5,17,48756.72,2868.04,3.78,13,0.062,0,4,51.0,27,18.0,8,2,13,1
CUST_08837,31.0,Bengaluru,1.7,18,27269.41,1514.97,10.59,38,0.864,2,4,50.0,16,25.0,10,11,10,5
CUST_08838,25.0,Pune,2.2,11,14061.98,1278.36,5.0,2,0.89,2,2,50.0,9,23.0,10,7,17,4
CUST_08839,50.0,Hyderabad,1.5,10,17664.64,1766.46,6.67,186,0.322,5,2,13.0,5,0.0,3,1,1,2
CUST_08840,26.0,Other,1.1,17,48923.73,2877.87,15.45,2,0.127,3,1,55.0,25,16.0,12,4,12,2
CUST_08841,37.0,Hyderabad,2.2,8,7287.64,910.95,3.64,43,0.784,1,5,40.0,16,21.0,11,10,15,2
CUST_08842,29.0,Chennai,3.4,6,12619.33,2103.22,1.76,201,0.354,0,3,6.0,3,2.0,1,3,2,0
CUST_08843,34.0,Other,1.9,21,34791.14,1656.72,11.05,5,0.377,2,6,61.0,37,11.0,19,3,9,4
CUST_08844,39.0,Delhi,1.4,8,15289.63,1911.2,5.71,70,0.511,1,5,12.0,3,5.0,1,3,2,2
CUST_08845,20.0,Mumbai,2.8,13,31835.83,2448.91,4.64,27,0.192,0,4,60.0,24,18.0,13,4,9,3
CUST_08846,34.0,Delhi,0.6,3,3923.55,1307.85,5.0,79,0.465,1,3,19.0,5,7.0,12,5,2,4
CUST_08847,46.0,Delhi,0.2,10,17450.55,1745.06,50.0,113,0.605,4,3,12.0,3,5.0,4,4,1,5
CUST_08848,52.0,Chennai,5.1,5,11381.0,2276.2,0.98,19,0.387,0,3,10.0,6,5.0,9,3,5,0
CUST_08849,33.0,Mumbai,0.9,25,43059.98,1722.4,27.78,7,0.304,1,3,71.0,29,8.0,12,2,9,1
CUST_08850,34.0,Jaipur,3.0,38,36737.44,966.7747368421053,6.33,27,0.147,2,4,66.0,27,10.0,18,1,13,3
CUST_08851,56.0,Mumbai,5.2,5,9254.31,1850.86,0.96,83,0.431,1,2,9.0,3,3.0,3,1,4,2
CUST_08852,45.0,Other,3.0,7,6516.65,930.95,2.33,12,0.933,3,3,27.0,20,17.0,11,12,18,3
CUST_08853,28.0,Other,1.5,14,36566.33,2611.88,9.33,9,0.054,0,5,53.0,24,10.0,14,6,3,1
CUST_08854,28.0,Other,2.8,1,1383.85,1383.85,0.36,88,0.673,0,5,19.0,5,5.0,6,3,2,3
CUST_08855,44.0,Ahmedabad,1.7,15,19387.73,1292.52,8.82,13,0.896,1,4,45.0,20,23.0,16,14,12,0
CUST_08856,24.0,Mumbai,2.1,18,42509.57,2361.64,8.57,12,0.215,3,2,44.0,30,8.0,18,0,7,1
CUST_08857,45.0,Chennai,0.7,28,58607.85,2093.14,40.0,8,0.283,2,5,71.0,29,14.0,12,2,7,0
CUST_08858,37.0,Pune,0.3,15,30662.36,2044.16,50.0,6,0.253,1,5,51.0,26,16.0,10,2,13,1
CUST_08859,39.0,Jaipur,2.0,12,11884.01,990.33,6.0,47,0.733,3,7,58.0,17,20.0,17,9,13,1
CUST_08860,31.0,Delhi,1.0,4,4026.04,1006.51,4.0,173,0.361,1,3,18.0,10,4.0,8,4,5,2
CUST_08861,28.0,Delhi,3.9,11,15059.22,1369.02,2.82,90,0.855,1,2,47.0,17,13.0,15,5,11,3
CUST_08862,49.0,Other,2.7,7,13553.48,1936.21,2.59,89,0.517,1,1,19.0,5,7.0,7,3,2,5
CUST_08863,32.0,Mumbai,2.1,6,8116.49,1352.75,2.86,71,0.427,1,4,12.0,5,6.0,2,4,2,3
CUST_08864,30.0,Pune,7.8,13,12702.88,977.14,1.67,6,0.568,3,1,48.0,22,16.0,13,6,14,6
CUST_08865,33.0,Bengaluru,3.4,22,65347.86,2970.36,6.47,31,0.399,0,6,46.0,28,11.0,14,2,9,1
CUST_08866,36.0,Chennai,3.1,4,6702.2,1675.55,1.29,180,0.643,0,4,17.0,4,13.0,7,4,1,3
CUST_08867,24.0,Chennai,6.3,29,50872.17,1754.21,4.6,5,0.223,1,1,63.0,34,15.0,19,8,7,6
CUST_08868,28.0,Chennai,1.3,13,14834.32,1141.1,10.0,31,0.771,3,5,45.0,28,26.0,13,8,10,2
CUST_08869,28.0,Jaipur,1.8,6,7175.58,1195.93,3.33,90,0.245,0,5,17.0,3,7.0,5,6,8,1
CUST_08870,42.0,Mumbai,1.2,26,27621.37,1062.36,21.67,16,0.269,0,6,61.0,39,7.0,17,2,8,3
CUST_08871,25.0,Bengaluru,2.7,12,15799.89,1316.66,4.44,223,0.601,1,3,9.0,2,3.0,1,1,4,2
CUST_08872,18.0,Kolkata,9.2,16,49497.92,3093.62,1.74,18,0.214,1,2,59.0,24,10.0,12,3,6,4
CUST_08873,18.0,Chennai,1.9,3,5906.38,1968.79,1.58,116,0.517,0,6,16.0,8,6.0,3,4,3,5
CUST_08874,19.0,Bengaluru,2.5,16,33546.47,2096.65,6.4,6,0.345,0,4,46.0,25,10.0,11,2,9,4
CUST_08875,48.0,Mumbai,0.9,8,11750.3,1468.79,8.89,65,0.273,5,3,4.0,6,5.0,3,3,1,2
CUST_08876,34.0,Mumbai,5.2,15,39285.1,2619.01,2.88,3,0.034,1,1,51.0,38,19.0,13,1,9,3
CUST_08877,39.0,Mumbai,7.1,23,58560.43,2546.11,3.24,14,0.32,1,1,66.0,25,16.0,10,2,9,1
CUST_08878,39.0,Delhi,1.9,14,21408.84,1529.2,7.37,17,0.183,1,4,56.0,19,9.0,17,5,6,1
CUST_08879,35.0,Mumbai,10.0,21,31632.99,1506.33,2.1,5,0.196,0,3,62.0,25,14.0,15,5,11,1
CUST_08880,33.0,Bengaluru,0.5,31,77013.0,2484.29,62.0,5,0.625,2,3,76.0,35,14.0,24,3,12,2
CUST_08881,44.0,Mumbai,2.3,12,11091.02,924.25,5.22,5,0.617,3,6,36.0,19,17.0,10,7,14,0
CUST_08882,35.0,Kolkata,1.9,7,6790.67,970.1,3.68,14,0.691,3,5,48.0,21,25.0,15,11,10,3
CUST_08883,48.0,Jaipur,2.9,26,82368.69,3168.03,8.97,8,0.177,1,4,40.0,32,5.0,10,4,12,1
CUST_08884,40.0,Delhi,4.6,28,42629.93,1522.5,6.09,21,0.369,0,3,65.0,29,13.0,19,3,10,0
CUST_08885,,Bengaluru,6.8,2,1649.14,824.57,0.29,70,0.451,1,3,23.0,4,3.0,7,6,6,3
CUST_08886,29.0,Other,1.6,2,4290.64,2145.32,1.25,23,0.308,0,5,14.0,7,4.0,5,5,5,0
CUST_08887,27.0,Hyderabad,3.5,3,4234.91,1411.64,0.86,92,0.399,1,3,20.0,6,4.0,6,4,1,2
CUST_08888,46.0,Other,3.1,4,2228.76,557.19,1.29,35,0.295,2,1,19.0,7,11.0,4,6,0,1
CUST_08889,30.0,Mumbai,5.0,23,44743.64,1945.38,4.6,9,0.286,1,3,74.0,30,10.0,14,5,12,1
CUST_08890,26.0,Jaipur,2.0,19,53554.61,2818.66,9.5,1,0.213,2,4,49.0,30,8.0,22,1,5,0
CUST_08891,37.0,Bengaluru,1.6,20,29409.43,1470.47,12.5,21,0.398,4,8,61.0,39,10.0,16,5,11,3
CUST_08892,33.0,Mumbai,1.7,2,2144.32,1072.16,1.18,5,0.666,2,2,12.0,6,2.0,4,2,3,4
CUST_08893,37.0,Other,4.2,10,26628.48,2662.85,2.38,84,0.362,2,4,10.0,4,5.0,3,3,3,1
CUST_08894,53.0,Other,0.7,9,11607.16,1289.68,12.86,39,0.729,4,5,46.0,15,21.0,16,8,11,1
CUST_08895,43.0,Delhi,1.8,10,29563.82,2956.38,5.56,4,0.266,1,4,53.0,20,9.0,8,1,12,2
CUST_08896,34.0,Other,2.5,13,31402.26,2415.56,5.2,19,0.153,0,1,39.0,27,12.0,17,1,8,5
CUST_08897,20.0,Mumbai,3.4,28,49466.5,1766.66,8.24,11,0.527,4,3,67.0,28,8.0,11,6,10,2
CUST_08898,29.0,Chennai,3.3,11,19288.43,1753.49,3.33,11,0.948,3,6,37.0,23,20.0,12,7,9,4
CUST_08899,41.0,Pune,1.2,19,53325.87,2806.62,15.83,3,0.181,2,2,60.0,18,17.0,14,4,10,2
CUST_08900,22.0,Pune,0.9,7,8710.89,1244.41,7.78,199,0.571,1,4,7.0,3,1.0,1,3,1,2
CUST_08901,55.0,Kolkata,3.6,23,50969.93,2216.08,6.39,3,0.56,3,2,65.0,22,12.0,20,2,8,1
CUST_08902,34.0,Delhi,1.7,6,6598.2,1099.7,3.53,155,0.462,2,1,12.0,6,2.0,5,4,2,1
CUST_08903,34.0,Mumbai,2.5,4,4038.46,1009.62,1.6,62,0.187,2,4,17.0,9,6.0,6,4,3,2
CUST_08904,27.0,Bengaluru,1.3,4,7546.93,1886.73,3.08,19,0.156,2,5,17.0,14,4.0,4,5,3,4
CUST_08905,39.0,Pune,1.3,10,9457.96,945.8,7.69,14,0.963,4,2,50.0,16,19.0,14,5,19,4
CUST_08906,22.0,Chennai,3.9,6,9236.42,1539.4,1.54,145,0.31,2,2,20.0,8,6.0,6,2,5,1
CUST_08907,56.0,Pune,3.0,6,12097.92,2016.32,2.0,96,0.378,0,4,21.0,5,6.0,6,3,4,2
CUST_08908,47.0,Ahmedabad,2.2,3,4111.65,1370.55,1.36,111,0.448,1,4,21.0,7,6.0,3,4,5,1
CUST_08909,44.0,Pune,2.7,10,7397.2,739.72,3.7,75,0.905,1,1,59.0,25,18.0,17,9,7,5
CUST_08910,20.0,Delhi,1.9,6,3471.99,578.67,3.16,144,0.473,2,3,10.0,4,,0,4,0,1
CUST_08911,36.0,Delhi,2.8,6,12296.35,2049.39,2.14,25,0.417,0,4,20.0,12,5.0,3,3,2,1
CUST_08912,46.0,Chennai,2.2,6,12350.95,2058.49,2.73,39,0.242,2,4,11.0,4,9.0,9,5,5,2
CUST_08913,40.0,Mumbai,6.9,6,6480.61,1080.1,0.87,42,0.496,2,4,15.0,1,5.0,0,3,3,3
CUST_08914,24.0,Bengaluru,1.8,29,61368.95,2116.17,16.11,15,0.593,5,4,55.0,41,10.0,15,7,10,3
CUST_08915,27.0,Delhi,1.4,10,30361.15,3036.12,7.14,36,0.229,1,5,72.0,29,12.0,15,1,6,2
CUST_08916,29.0,Jaipur,5.5,11,6764.04,614.91,2.0,12,0.819,3,1,44.0,22,28.0,17,4,10,1
CUST_08917,28.0,Mumbai,2.3,15,22111.07,1474.07,6.52,29,0.789,4,2,43.0,21,16.0,17,6,14,1
CUST_08918,49.0,Ahmedabad,5.7,3,5549.16,1849.72,0.53,140,0.174,1,4,23.0,6,10.0,4,4,3,3
CUST_08919,18.0,Mumbai,4.0,7,9169.44,1309.92,1.75,84,0.913,1,2,40.0,19,20.0,9,8,16,3
CUST_08920,41.0,Mumbai,1.3,11,11447.11,1040.65,8.46,15,0.934,4,5,45.0,18,17.0,16,7,9,3
CUST_08921,21.0,Pune,2.8,8,5327.89,665.99,2.86,46,0.805,0,4,44.0,13,19.0,10,8,12,3
CUST_08922,24.0,Mumbai,1.0,13,48852.81,3757.91,13.0,6,0.241,1,2,72.0,21,26.0,18,3,9,3
CUST_08923,18.0,Bengaluru,6.6,10,14350.32,1435.03,1.52,18,0.919,2,1,45.0,9,20.0,11,6,13,4
CUST_08924,29.0,Other,1.4,3,2997.81,999.27,2.14,16,0.372,0,6,22.0,1,9.0,4,3,3,3
CUST_08925,49.0,Mumbai,0.2,13,30282.82,2329.45,65.0,11,0.09,1,7,42.0,19,11.0,13,6,18,3
CUST_08926,37.0,Bengaluru,1.2,13,18889.41,1453.03,10.83,34,0.769,5,3,44.0,18,17.0,8,12,14,4
CUST_08927,22.0,Delhi,7.5,12,11198.18,933.18,1.6,9,0.905,2,4,41.0,20,19.0,19,8,18,2
CUST_08928,44.0,Delhi,3.5,19,45931.96,2417.47,5.43,9,0.468,0,2,62.0,22,13.0,13,2,10,2
CUST_08929,46.0,Delhi,2.8,11,24536.93,2230.63,3.93,14,0.1,0,4,54.0,26,12.0,15,4,8,1
CUST_08930,35.0,Jaipur,0.6,10,22366.69,2236.67,16.67,63,0.439,2,6,9.0,3,4.0,1,5,1,1
CUST_08931,54.0,Mumbai,7.8,23,52144.43,2267.15,2.95,6,0.266,0,4,82.0,32,12.0,21,5,7,3
CUST_08932,42.0,Kolkata,6.0,26,43460.42,1671.55,4.33,21,0.462,3,2,64.0,21,15.0,20,5,11,4
CUST_08933,41.0,Pune,1.2,22,52281.57,2376.43,18.33,15,0.135,0,6,51.0,26,13.0,12,3,7,3
CUST_08934,26.0,Delhi,0.6,1,1483.29,1483.29,1.67,66,0.361,0,3,18.0,7,6.0,7,6,5,5
CUST_08935,40.0,Bengaluru,4.5,10,11098.3,1109.83,2.22,14,0.878,1,7,47.0,18,18.0,12,10,9,1
CUST_08936,36.0,Delhi,5.1,3,5164.14,1721.38,0.59,63,0.321,1,1,20.0,11,7.0,5,5,3,4
CUST_08937,39.0,Mumbai,3.6,19,62529.37,3291.02,5.28,5,0.012,0,3,37.0,26,19.0,14,3,8,2
CUST_08938,27.0,Mumbai,5.9,7,14707.7,2101.1,1.19,272,0.822,4,2,8.0,2,5.0,4,2,2,2
CUST_08939,35.0,Delhi,3.2,22,43178.11,1962.64,6.88,4,0.174,1,2,73.0,23,16.0,12,6,14,1
CUST_08940,26.0,Ahmedabad,1.7,23,27987.77,1216.86,13.53,29,0.162,2,5,75.0,23,9.0,16,10,4,1
CUST_08941,18.0,Mumbai,6.3,11,14991.73,1362.88,1.75,29,0.673,3,4,43.0,22,23.0,17,7,7,1
CUST_08942,44.0,Kolkata,1.6,30,60313.31,2010.44,18.75,5,0.447,0,6,57.0,39,17.0,12,5,10,1
CUST_08943,19.0,Delhi,2.7,5,10491.04,2098.21,1.85,217,0.638,3,2,12.0,5,3.0,2,3,1,1
CUST_08944,35.0,Jaipur,3.6,13,19492.31,1499.41,3.61,80,0.577,1,3,3.0,5,5.0,0,2,1,1
CUST_08945,37.0,Bengaluru,2.5,16,21899.1,1368.69,6.4,5,0.132,3,1,52.0,23,12.0,6,3,12,5
CUST_08946,37.0,Mumbai,6.7,9,16060.88,1784.54,1.34,61,0.396,3,2,7.0,4,1.0,2,1,1,4
CUST_08947,31.0,Other,5.6,3,5169.38,1723.13,0.54,65,0.279,2,4,20.0,3,7.0,4,8,1,3
CUST_08948,37.0,Mumbai,1.7,10,15238.36,1523.84,5.88,136,0.508,2,2,8.0,7,6.0,0,1,1,3
CUST_08949,39.0,Hyderabad,6.7,30,47773.38,1592.45,4.48,19,0.269,1,2,56.0,44,11.0,17,3,9,2
CUST_08950,41.0,Hyderabad,0.6,4,2632.51,658.13,6.67,74,0.977,4,4,49.0,24,9.0,9,12,15,3
CUST_08951,51.0,Delhi,0.5,28,37569.77,1341.78,56.0,19,0.156,1,3,75.0,21,13.0,13,8,10,3
CUST_08952,36.0,Other,10.0,7,10885.26,1555.04,0.7,30,0.475,0,5,19.0,4,13.0,5,4,1,6
CUST_08953,35.0,Ahmedabad,5.6,17,37154.46,2185.56,3.04,16,0.082,4,6,49.0,21,12.0,10,3,12,4
CUST_08954,25.0,Ahmedabad,1.1,8,5711.02,713.88,7.27,32,0.986,3,4,39.0,28,25.0,12,8,18,0
CUST_08955,38.0,Other,,33,70760.45,2144.26,14.35,3,0.206,2,4,54.0,21,8.0,17,6,12,2
CUST_08956,41.0,Bengaluru,2.3,20,46678.14,2333.91,8.7,19,0.398,2,5,76.0,40,7.0,17,3,11,1
CUST_08957,32.0,Mumbai,5.0,2,3248.46,1624.23,0.4,128,0.629,1,1,20.0,8,10.0,7,5,2,0
CUST_08958,39.0,Kolkata,4.2,7,11228.51,1604.07,1.67,221,0.556,2,3,11.0,4,2.0,3,0,3,2
CUST_08959,31.0,Delhi,6.4,9,10901.5,1211.28,1.41,25,0.842,1,3,43.0,17,29.0,11,10,11,2
CUST_08960,41.0,Pune,1.6,8,10845.82,1355.73,5.0,43,0.383,0,5,6.0,5,2.0,2,3,2,5
CUST_08961,43.0,Bengaluru,5.2,26,26505.94,1019.46,5.0,9,0.266,4,3,62.0,30,11.0,11,2,9,2
CUST_08962,43.0,Other,1.4,15,13457.62,897.17,10.71,16,0.541,1,3,46.0,23,26.0,16,11,19,3
CUST_08963,35.0,Mumbai,3.6,9,11984.63,1331.63,2.5,45,0.607,2,4,48.0,17,14.0,14,10,10,4
CUST_08964,24.0,Ahmedabad,3.6,19,53101.96,2794.84,5.28,9,0.398,0,4,48.0,24,16.0,6,1,6,2
CUST_08965,28.0,Bengaluru,2.5,14,13995.84,999.7,5.6,17,0.935,2,2,43.0,27,23.0,14,11,12,3
CUST_08966,40.0,Mumbai,1.4,3,5758.35,1919.45,2.14,51,0.227,1,4,13.0,14,6.0,4,5,1,7
CUST_08967,58.0,Ahmedabad,3.9,10,12585.65,1258.56,2.56,22,0.828,4,5,50.0,23,14.0,22,6,9,2
CUST_08968,31.0,Other,5.2,11,11673.12,1061.19,2.12,56,0.154,1,3,16.0,9,6.0,5,3,3,0
CUST_08969,39.0,Delhi,10.0,7,6186.59,883.8,0.7,45,0.871,3,5,43.0,25,22.0,13,5,10,1
CUST_08970,28.0,Delhi,2.6,18,55780.82,3098.93,6.92,6,0.122,2,3,55.0,22,9.0,12,3,10,2
CUST_08971,24.0,Delhi,2.3,15,47993.08,3199.54,6.52,19,0.341,1,1,61.0,26,13.0,12,1,7,1
CUST_08972,27.0,Ahmedabad,6.5,15,16875.53,1125.04,2.31,27,0.884,3,5,35.0,16,21.0,9,11,14,2
CUST_08973,18.0,Mumbai,6.3,29,42361.66,1460.75,4.6,9,0.302,3,4,58.0,29,10.0,20,3,20,2
CUST_08974,48.0,Pune,0.8,16,53235.36,3327.21,20.0,11,0.385,0,2,48.0,26,13.0,15,5,5,0
CUST_08975,18.0,Chennai,5.3,29,46936.0,1618.48,5.47,1,0.392,3,4,51.0,29,10.0,21,5,8,2
CUST_08976,31.0,Delhi,4.9,14,14308.95,1022.07,2.86,27,0.867,4,8,38.0,17,23.0,12,9,10,1
CUST_08977,,Delhi,2.4,27,11258.16,416.97,11.25,36,0.257,2,3,71.0,37,8.0,16,2,8,1
CUST_08978,25.0,Jaipur,3.2,5,7821.74,1564.35,1.56,36,0.273,1,4,14.0,9,7.0,5,3,2,1
CUST_08979,48.0,Other,0.8,5,11756.24,2351.25,6.25,87,0.359,2,3,28.0,6,6.0,6,2,3,6
CUST_08980,36.0,Other,5.2,33,70802.25,2145.52,6.35,5,0.753,0,2,60.0,34,11.0,10,3,15,3
CUST_08981,24.0,Pune,4.5,5,3351.38,670.28,1.11,12,0.517,0,4,25.0,6,4.0,6,3,4,4
CUST_08982,28.0,Other,6.8,5,7447.15,1489.43,0.74,29,0.638,1,5,24.0,5,9.0,3,8,6,2
CUST_08983,26.0,Kolkata,1.6,3,5560.39,1853.46,1.88,41,0.595,0,5,15.0,5,7.0,3,3,2,1
CUST_08984,34.0,Mumbai,1.8,10,10372.3,1037.23,5.56,23,0.842,2,4,43.0,15,21.0,12,10,4,5
CUST_08985,36.0,Hyderabad,2.5,17,48200.02,2835.3,6.8,31,0.25,2,2,49.0,31,15.0,7,2,12,2
CUST_08986,53.0,Mumbai,0.7,6,12653.03,2108.84,8.57,19,0.32,1,2,13.0,6,4.0,7,9,3,2
CUST_08987,18.0,Chennai,2.1,24,39391.86,1641.33,11.43,11,0.503,2,2,81.0,26,16.0,18,2,6,1
CUST_08988,34.0,Kolkata,6.4,9,13303.92,1478.21,1.41,140,0.332,1,4,13.0,5,2.0,2,5,2,2
CUST_08989,31.0,Ahmedabad,3.8,5,8868.13,1773.63,1.32,71,0.239,2,4,17.0,8,6.0,2,4,3,2
CUST_08990,43.0,Mumbai,0.7,12,12852.35,1071.03,17.14,23,0.862,1,5,32.0,31,17.0,11,10,9,2
CUST_08991,38.0,Hyderabad,1.6,15,16500.1,1100.01,9.38,6,0.225,1,2,57.0,37,5.0,11,3,8,6
CUST_08992,40.0,Mumbai,1.5,29,53757.54,1853.71,19.33,8,0.409,0,3,62.0,39,11.0,13,5,7,1
CUST_08993,37.0,Other,7.8,31,32637.53,1052.82,3.97,5,0.537,2,3,64.0,32,17.0,18,1,7,6
CUST_08994,25.0,Chennai,4.2,7,7242.98,1034.71,1.67,43,0.837,1,5,47.0,24,22.0,12,6,8,1
CUST_08995,46.0,Mumbai,6.4,26,41217.34,1585.28,4.06,6,0.313,1,2,62.0,22,15.0,20,2,12,3
CUST_08996,42.0,Pune,0.5,9,10300.32,1144.48,18.0,59,0.846,1,5,36.0,14,32.0,14,7,10,2
CUST_08997,43.0,Chennai,2.7,16,44583.49,2786.47,5.93,5,0.017,2,4,51.0,24,15.0,14,3,13,1
CUST_08998,47.0,Bengaluru,,5,9685.58,1937.12,3.33,69,0.457,0,4,10.0,6,3.0,3,0,2,2
CUST_08999,38.0,Kolkata,1.8,20,46316.9,2315.85,11.11,1,0.253,1,2,49.0,24,14.0,13,4,9,2
CUST_09000,49.0,Delhi,2.2,15,31869.49,2124.63,6.82,110,0.416,3,4,13.0,3,7.0,4,5,0,1
CUST_09001,38.0,Chennai,2.4,6,13741.54,2290.26,2.5,30,0.659,1,2,15.0,3,3.0,2,2,4,5
CUST_09002,32.0,Mumbai,2.1,6,4342.44,723.74,2.86,46,0.567,5,3,42.0,20,12.0,10,8,9,4
CUST_09003,34.0,Hyderabad,0.9,5,8988.34,1797.67,5.56,144,0.31,0,4,22.0,8,6.0,3,7,2,3
CUST_09004,34.0,Other,7.9,26,57985.05,2230.19,3.29,34,0.356,1,4,71.0,31,6.0,15,3,14,6
CUST_09005,29.0,Hyderabad,3.0,3,2983.35,994.45,1.0,82,0.308,1,1,17.0,6,9.0,2,3,1,5
CUST_09006,50.0,Mumbai,9.6,28,40953.83,1462.64,2.92,11,0.206,0,5,66.0,35,10.0,16,4,10,3
CUST_09007,37.0,Other,6.1,22,44801.38,2036.43,3.61,2,0.505,3,5,58.0,41,7.0,18,4,10,0
CUST_09008,35.0,Mumbai,1.8,9,10497.97,1166.44,5.0,44,0.887,1,3,43.0,12,20.0,16,4,8,2
CUST_09009,38.0,Kolkata,6.1,12,13662.22,1138.52,1.97,10,0.966,3,4,45.0,23,17.0,13,7,11,5
CUST_09010,64.0,Hyderabad,1.0,12,19149.87,1595.82,12.0,25,0.696,4,4,49.0,17,16.0,8,7,16,2
CUST_09011,23.0,Delhi,1.8,16,33921.93,2120.12,8.89,5,0.239,0,3,59.0,31,15.0,20,7,7,2
CUST_09012,26.0,Mumbai,2.3,26,70207.82,2700.3,11.3,7,0.372,2,3,58.0,30,7.0,16,4,10,1
CUST_09013,20.0,Mumbai,2.8,14,22615.2,1615.37,5.0,16,0.09,1,4,55.0,22,13.0,13,2,7,2
CUST_09014,32.0,Jaipur,1.9,19,43742.56,2302.24,10.0,5,0.014,2,5,52.0,32,12.0,14,8,10,1
CUST_09015,36.0,Jaipur,2.6,33,66385.49,2011.68,12.69,11,0.283,2,3,59.0,29,13.0,9,3,5,4
CUST_09016,29.0,Bengaluru,3.5,23,61630.32,2679.58,6.57,4,0.191,1,3,45.0,20,19.0,13,1,11,3
CUST_09017,29.0,Mumbai,2.7,20,62136.04,3106.8,7.41,4,0.199,1,7,66.0,22,11.0,12,2,11,3
CUST_09018,35.0,Jaipur,2.3,4,5009.68,1252.42,1.74,140,0.061,4,4,18.0,8,3.0,3,4,5,3
CUST_09019,29.0,Bengaluru,5.5,20,67013.4,3350.67,3.64,27,0.227,0,5,57.0,19,15.0,12,3,9,0
CUST_09020,37.0,Bengaluru,6.0,4,7112.26,1778.07,0.67,57,0.337,1,5,15.0,6,6.0,2,2,4,3
CUST_09021,45.0,Delhi,3.9,23,43600.37,1895.67,5.9,5,0.191,0,6,64.0,36,8.0,20,6,5,5
CUST_09022,41.0,Delhi,1.4,12,9441.79,786.82,8.57,58,0.381,3,5,14.0,1,4.0,4,1,2,1
CUST_09023,43.0,Bengaluru,1.0,11,11224.05,1020.37,11.0,27,0.567,1,2,60.0,17,16.0,15,11,12,4
CUST_09024,45.0,Hyderabad,2.8,25,40843.05,1633.72,8.93,20,0.285,4,1,59.0,39,9.0,12,5,13,2
CUST_09025,37.0,Bengaluru,1.7,12,6312.33,526.03,7.06,17,0.643,3,4,50.0,17,13.0,14,8,4,3
CUST_09026,,Jaipur,3.5,26,34396.7,1322.95,7.43,8,0.328,0,4,62.0,33,16.0,13,6,12,2
CUST_09027,26.0,Delhi,1.2,12,17296.26,1441.36,10.0,11,0.863,3,3,38.0,14,24.0,16,11,10,1
CUST_09028,30.0,Hyderabad,6.1,18,46858.62,2603.26,2.95,46,0.042,1,5,52.0,22,16.0,18,1,8,3
CUST_09029,29.0,Delhi,8.2,16,26057.32,1628.58,1.95,79,0.734,4,3,9.0,5,3.0,2,2,3,5
CUST_09030,41.0,Kolkata,2.9,23,29533.79,1284.08,7.93,22,0.467,0,5,79.0,29,20.0,17,2,8,4
CUST_09031,37.0,Mumbai,2.3,24,42440.08,1768.34,10.43,18,0.214,1,5,59.0,32,18.0,15,1,6,3
CUST_09032,41.0,Pune,8.8,4,6545.7,1636.43,0.45,35,0.585,2,5,20.0,10,5.0,4,10,1,2
CUST_09033,22.0,Ahmedabad,4.5,24,44682.42,1861.77,5.33,10,0.369,2,6,68.0,31,8.0,15,3,9,1
CUST_09034,48.0,Pune,7.6,5,4319.85,863.97,0.66,21,0.571,0,4,16.0,7,7.0,2,7,5,6
CUST_09035,30.0,Hyderabad,2.8,7,11344.79,1620.68,2.5,12,0.855,1,4,48.0,15,27.0,9,9,11,4
CUST_09036,23.0,Other,1.4,6,11327.94,1887.99,4.29,148,0.108,0,5,19.0,10,9.0,6,1,3,3
CUST_09037,30.0,Bengaluru,2.9,16,50595.37,3162.21,5.52,18,0.317,1,2,43.0,27,19.0,13,8,11,2
CUST_09038,59.0,Pune,5.5,1,1976.77,1976.77,0.18,101,0.231,1,5,20.0,6,6.0,1,11,2,2
CUST_09039,30.0,Delhi,4.5,5,7448.78,1489.76,1.11,69,0.45,1,7,19.0,8,6.0,3,8,6,2
CUST_09040,31.0,Ahmedabad,2.5,21,42625.38,2029.78,8.4,25,0.312,1,1,65.0,44,10.0,10,8,6,4
CUST_09041,32.0,Delhi,1.0,20,53674.3,2683.72,20.0,4,0.26,0,2,60.0,23,12.0,8,4,7,5
CUST_09042,33.0,Kolkata,2.3,28,56015.68,2000.56,12.17,29,0.448,2,3,63.0,27,6.0,8,3,8,3
CUST_09043,26.0,Kolkata,1.1,11,19864.39,1805.85,10.0,71,0.315,3,4,7.0,3,5.0,1,5,1,1
CUST_09044,35.0,Bengaluru,8.7,24,29177.17,1215.72,2.76,18,0.509,1,5,71.0,30,18.0,17,2,12,1
CUST_09045,45.0,Ahmedabad,0.3,14,19102.14,1364.44,46.67,58,0.875,2,5,49.0,14,19.0,15,10,14,5
CUST_09046,37.0,Delhi,1.6,20,54080.63,2704.03,12.5,4,0.36,3,4,45.0,22,13.0,15,4,6,1
CUST_09047,23.0,Bengaluru,2.3,24,40559.31,1689.97,10.43,29,0.264,0,2,69.0,22,,8,2,10,4
CUST_09048,31.0,Chennai,4.3,12,15673.94,1306.16,2.79,20,0.951,1,4,48.0,14,15.0,6,11,13,1
CUST_09049,28.0,Mumbai,3.4,4,5727.44,1431.86,1.18,192,0.474,1,5,11.0,5,2.0,3,2,3,1
CUST_09050,35.0,Pune,0.6,5,2458.31,491.66,8.33,47,0.965,4,2,38.0,15,25.0,9,9,12,2
CUST_09051,47.0,Chennai,1.7,6,3857.78,642.96,3.53,47,0.338,1,4,19.0,9,7.0,6,4,1,4
CUST_09052,33.0,Chennai,2.1,14,12394.31,885.31,6.67,19,0.823,2,4,49.0,9,25.0,21,10,18,0
CUST_09053,33.0,Bengaluru,2.1,10,24503.95,2450.39,4.76,7,0.168,1,5,70.0,20,14.0,10,3,12,3
CUST_09054,52.0,Ahmedabad,3.3,24,37324.8,1555.2,7.27,45,0.351,2,5,69.0,33,10.0,9,2,12,7
CUST_09055,43.0,Bengaluru,6.6,19,22653.32,1192.28,2.88,14,0.863,1,4,46.0,20,19.0,12,10,12,4
CUST_09056,40.0,Jaipur,0.8,7,11938.65,1705.52,8.75,30,0.442,1,3,6.0,6,,2,0,3,1
CUST_09057,54.0,Kolkata,3.1,6,8022.75,1337.13,1.94,96,0.62,0,3,10.0,5,3.0,1,3,4,2
CUST_09058,39.0,Delhi,1.0,27,53385.61,1977.24,27.0,19,0.344,2,2,49.0,36,22.0,15,6,11,2
CUST_09059,18.0,Delhi,5.1,30,52996.43,1766.55,5.88,11,0.383,1,6,64.0,32,9.0,14,5,10,2
CUST_09060,42.0,Chennai,3.8,24,35610.03,1483.75,6.32,11,0.225,2,1,69.0,28,11.0,14,5,8,1
CUST_09061,18.0,Jaipur,0.6,7,9501.97,1357.42,11.67,111,0.574,3,3,20.0,5,5.0,6,1,2,3
CUST_09062,39.0,Mumbai,4.9,11,21815.67,1983.24,2.24,67,0.505,4,2,14.0,5,2.0,0,1,3,4
CUST_09063,18.0,Bengaluru,3.1,1,1088.63,1088.63,0.32,14,0.64,0,1,15.0,9,10.0,4,5,2,1
CUST_09064,29.0,Mumbai,0.6,24,36580.56,1524.19,40.0,4,0.344,0,6,53.0,32,15.0,13,2,15,2
CUST_09065,30.0,Pune,2.6,12,19609.23,1634.1,4.62,16,0.972,2,3,33.0,17,19.0,10,13,14,1
CUST_09066,26.0,Chennai,3.8,5,6241.09,1248.22,1.32,51,0.734,1,4,49.0,13,19.0,20,4,9,0
CUST_09067,31.0,Mumbai,10.0,30,43775.02,1459.17,3.0,13,0.383,1,4,74.0,31,5.0,18,3,14,3
CUST_09068,44.0,Chennai,1.2,6,4300.38,716.73,5.0,28,0.8,4,3,39.0,19,27.0,10,8,14,2
CUST_09069,27.0,Other,0.5,16,37795.53,2362.22,32.0,37,0.079,2,6,48.0,32,18.0,10,1,12,2
CUST_09070,39.0,Other,1.7,17,39254.51,2309.09,10.0,23,0.284,0,2,65.0,24,12.0,15,2,8,4
CUST_09071,24.0,Pune,3.4,5,8113.32,1622.66,1.47,51,0.511,1,3,3.0,5,2.0,0,2,0,4
CUST_09072,32.0,Kolkata,3.4,5,13030.15,2606.03,1.47,146,0.164,0,4,24.0,10,2.0,3,8,4,1
CUST_09073,37.0,Other,2.8,27,23193.76,859.03,9.64,10,0.204,1,6,64.0,34,16.0,13,4,13,0
CUST_09074,24.0,Mumbai,2.8,7,7098.35,1014.05,2.5,14,0.674,5,6,34.0,18,23.0,10,10,9,2
CUST_09075,21.0,Bengaluru,2.4,16,39561.64,2472.6,6.67,11,0.327,1,4,49.0,30,12.0,17,3,12,3
CUST_09076,39.0,Other,2.3,6,8471.58,1411.93,2.61,140,0.261,1,4,20.0,7,3.0,4,4,2,6
CUST_09077,45.0,Pune,6.9,7,7548.68,1078.38,1.01,9,0.561,0,6,11.0,6,5.0,4,5,2,1
CUST_09078,33.0,Other,1.3,2,1272.59,636.3,1.54,73,0.183,0,1,17.0,5,5.0,2,3,3,6
CUST_09079,29.0,Bengaluru,1.9,4,6158.08,1539.52,2.11,21,0.45,4,2,19.0,3,7.0,9,5,2,1
CUST_09080,36.0,Mumbai,0.8,21,40633.98,1934.95,26.25,25,0.209,1,6,71.0,38,20.0,19,4,15,1
CUST_09081,35.0,Bengaluru,3.5,25,34779.21,1391.17,7.14,10,0.311,1,1,68.0,34,13.0,18,1,8,2
CUST_09082,36.0,Delhi,5.4,9,8810.99,979.0,1.67,69,0.759,4,4,42.0,21,28.0,13,14,11,3
CUST_09083,18.0,Delhi,2.9,28,61500.18,2196.43,9.66,13,0.514,1,5,77.0,32,14.0,14,4,12,2
CUST_09084,23.0,Hyderabad,7.2,2,3788.49,1894.25,0.28,26,0.58,0,2,21.0,6,6.0,9,6,2,2
CUST_09085,26.0,Bengaluru,2.5,23,44991.46,1956.15,9.2,1,0.266,1,5,62.0,37,9.0,11,4,7,1
CUST_09086,36.0,Bengaluru,0.8,14,32548.0,2324.86,17.5,31,0.195,1,3,46.0,22,16.0,16,5,10,3
CUST_09087,36.0,Mumbai,4.0,26,46571.15,1791.2,6.5,3,0.192,2,3,76.0,31,12.0,20,6,13,3
CUST_09088,40.0,Ahmedabad,0.5,13,24753.2,1904.09,26.0,328,0.818,0,1,6.0,1,2.0,2,2,3,3
CUST_09089,37.0,Bengaluru,1.4,24,37100.02,1545.83,17.14,5,0.186,0,4,65.0,31,15.0,20,1,3,0
CUST_09090,21.0,Ahmedabad,2.4,12,20454.31,1704.53,5.0,43,0.758,2,7,36.0,16,20.0,16,10,9,2
CUST_09091,48.0,Ahmedabad,1.4,25,37272.14,1490.89,17.86,8,0.189,0,2,75.0,36,7.0,17,4,10,2
CUST_09092,47.0,Delhi,10.0,16,36205.26,2262.83,1.6,33,0.091,2,2,47.0,14,12.0,9,3,9,0
CUST_09093,21.0,Mumbai,2.8,9,12045.31,1338.37,3.21,37,0.795,2,2,49.0,15,30.0,12,9,9,0
CUST_09094,37.0,Other,2.8,2,2852.39,1426.19,0.71,56,0.387,3,2,8.0,4,6.0,6,4,5,1
CUST_09095,28.0,Kolkata,3.9,9,6671.97,741.33,2.31,24,0.8,5,4,57.0,13,20.0,17,7,7,4
CUST_09096,35.0,Mumbai,1.3,10,16602.54,1660.25,7.69,186,0.706,0,3,11.0,6,4.0,1,4,2,2
CUST_09097,45.0,Chennai,4.2,22,53380.63,2426.39,5.24,8,0.326,1,7,60.0,36,14.0,13,6,11,2
CUST_09098,55.0,Mumbai,4.9,16,48401.27,3025.08,3.27,12,0.195,0,4,51.0,25,14.0,13,3,7,3
CUST_09099,42.0,Mumbai,3.9,9,17664.23,1962.69,2.31,104,0.455,2,5,10.0,5,3.0,4,3,1,2
CUST_09100,37.0,Bengaluru,10.0,25,49070.44,1962.82,2.5,14,0.393,2,5,72.0,36,,18,3,7,7
CUST_09101,31.0,Mumbai,1.8,16,12274.32,767.14,8.89,30,0.835,3,3,49.0,15,19.0,19,9,11,3
CUST_09102,36.0,Other,2.5,1,1818.58,1818.58,0.4,46,0.485,1,2,16.0,5,9.0,8,5,2,1
CUST_09103,48.0,Jaipur,0.8,19,37239.24,1959.96,23.75,8,0.185,1,5,54.0,28,18.0,10,3,13,1
CUST_09104,34.0,Chennai,2.3,2,3971.29,1985.65,0.87,165,0.345,0,3,17.0,13,7.0,7,6,3,5
CUST_09105,25.0,Mumbai,2.7,15,48516.38,3234.43,5.56,12,0.144,1,4,72.0,28,15.0,11,2,14,3
CUST_09106,18.0,Delhi,3.6,27,38037.79,1408.81,7.5,6,0.206,0,5,68.0,42,11.0,17,4,7,4
CUST_09107,39.0,Delhi,2.7,23,51069.99,2220.43,8.52,10,0.143,0,4,61.0,22,13.0,12,3,7,3
CUST_09108,36.0,Bengaluru,1.3,2,2085.17,1042.59,1.54,45,0.443,1,5,20.0,5,3.0,5,4,4,2
CUST_09109,28.0,Mumbai,3.9,32,49862.86,1558.21,8.21,5,0.406,1,5,74.0,33,16.0,20,5,16,5
CUST_09110,44.0,Hyderabad,3.5,3,4640.63,1546.88,0.86,48,0.488,2,4,22.0,7,5.0,5,4,2,2
CUST_09111,30.0,Bengaluru,2.4,6,8811.21,1468.54,2.5,335,0.576,0,5,11.0,3,3.0,3,1,2,2
CUST_09112,33.0,Other,1.8,12,17019.19,1418.27,6.67,35,0.819,1,4,55.0,12,21.0,15,8,8,3
CUST_09113,34.0,Other,1.4,12,17084.26,1423.69,8.57,12,0.562,2,3,39.0,16,14.0,16,9,11,3
CUST_09114,30.0,Hyderabad,6.4,11,12732.28,1157.48,1.72,35,0.898,3,3,,15,27.0,15,13,11,6
CUST_09115,36.0,Chennai,4.7,26,48400.35,1861.55,5.53,9,0.174,5,4,68.0,24,9.0,14,5,11,2
CUST_09116,46.0,Mumbai,4.6,8,9060.96,1132.62,1.74,11,0.848,1,5,50.0,16,16.0,13,6,12,5
CUST_09117,23.0,Pune,2.7,10,12918.03,1291.8,3.7,30,0.925,5,9,46.0,15,20.0,12,6,11,4
CUST_09118,39.0,Other,5.3,5,13751.51,2750.3,0.94,266,0.518,6,3,10.0,3,2.0,3,3,3,0
CUST_09119,36.0,Chennai,3.2,5,10711.19,2142.24,1.56,210,0.564,3,2,4.0,3,4.0,3,2,1,2
CUST_09120,36.0,Pune,2.6,7,13469.02,1924.15,2.69,30,0.517,3,1,13.0,5,3.0,0,2,0,2
CUST_09121,43.0,Hyderabad,1.4,9,18474.24,2052.69,6.43,129,0.455,1,1,10.0,9,0.0,3,2,1,0
CUST_09122,34.0,Other,2.7,11,14368.71,1306.25,4.07,32,0.648,4,4,34.0,20,18.0,12,8,11,2
CUST_09123,39.0,Delhi,0.3,3,4598.08,1532.69,10.0,39,0.403,0,4,11.0,4,5.0,8,5,4,3
CUST_09124,41.0,Pune,5.2,10,23434.91,2343.49,1.92,240,0.308,1,3,5.0,4,3.0,5,1,1,2
CUST_09125,29.0,Other,1.3,37,87451.02,2363.54,28.46,22,0.265,2,5,63.0,35,18.0,18,3,10,3
CUST_09126,37.0,Bengaluru,1.5,4,6293.62,1573.4,2.67,144,0.548,0,4,15.0,4,8.0,3,0,0,4
CUST_09127,31.0,Bengaluru,2.0,28,63856.28,2280.58,14.0,5,0.171,3,6,74.0,28,12.0,12,3,15,3
CUST_09128,33.0,Pune,1.4,9,8395.15,932.79,6.43,37,0.839,4,4,52.0,14,16.0,12,9,11,1
CUST_09129,31.0,Jaipur,3.7,2,5118.29,2559.15,0.54,61,0.13,0,6,23.0,3,5.0,4,5,3,1
CUST_09130,39.0,Ahmedabad,5.7,4,4222.78,1055.7,0.7,84,0.5,1,4,16.0,6,4.0,0,2,3,3
CUST_09131,35.0,Delhi,6.0,21,44053.99,2097.81,3.5,2,0.249,0,1,75.0,23,14.0,19,2,7,5
CUST_09132,38.0,Mumbai,2.3,2,2134.99,1067.49,0.87,59,0.261,0,4,21.0,9,3.0,3,6,1,2
CUST_09133,34.0,Bengaluru,1.6,9,9559.8,1062.2,5.62,11,0.874,2,5,32.0,21,21.0,18,5,9,3
CUST_09134,18.0,Pune,5.5,26,49067.75,1887.22,4.73,16,0.359,1,4,49.0,30,16.0,22,5,9,6
CUST_09135,34.0,Mumbai,1.0,3,5130.56,1710.19,3.0,38,0.617,0,2,25.0,3,8.0,4,0,5,3
CUST_09136,35.0,Delhi,5.0,17,17156.03,1009.18,3.4,35,0.748,1,3,45.0,19,16.0,15,10,14,4
CUST_09137,36.0,Mumbai,3.8,5,2134.55,426.91,1.32,87,0.413,0,4,17.0,8,2.0,5,2,4,3
CUST_09138,28.0,Other,3.6,37,82295.26,2224.2,10.28,34,0.385,1,6,79.0,31,19.0,9,1,8,7
CUST_09139,22.0,Mumbai,1.7,17,16057.39,944.55,10.0,26,0.602,2,4,32.0,15,25.0,12,11,9,3
CUST_09140,40.0,Delhi,4.7,9,9441.54,1049.06,1.91,60,0.804,2,3,49.0,24,20.0,9,8,11,2
CUST_09141,31.0,Mumbai,2.8,22,54241.71,2465.53,7.86,32,0.147,1,1,57.0,36,13.0,15,3,10,2
CUST_09142,36.0,Chennai,4.8,21,45228.17,2153.72,4.38,14,0.264,0,3,52.0,24,13.0,11,2,3,1
CUST_09143,31.0,Mumbai,0.7,8,16974.44,2121.8,11.43,47,0.645,3,4,13.0,7,2.0,3,2,5,1
CUST_09144,34.0,Hyderabad,0.4,10,12099.28,1209.93,25.0,2,0.632,4,6,39.0,25,24.0,17,10,14,0
CUST_09145,30.0,Kolkata,9.6,3,6084.72,2028.24,0.31,105,0.52,1,6,18.0,6,9.0,4,4,3,1
CUST_09146,24.0,Other,0.6,29,63050.01,2174.14,48.33,12,0.33,2,5,62.0,20,12.0,17,3,6,1
CUST_09147,39.0,Chennai,6.4,29,61699.92,2127.58,4.53,2,0.223,3,3,62.0,39,10.0,16,4,10,4
CUST_09148,28.0,Mumbai,4.4,23,43774.52,1903.24,5.23,19,0.078,2,2,61.0,28,8.0,18,5,8,0
CUST_09149,36.0,Mumbai,4.7,35,60086.23,1716.75,7.45,10,0.473,2,7,62.0,29,15.0,17,6,9,2
CUST_09150,38.0,Kolkata,0.5,11,16821.34,1529.21,22.0,58,0.842,2,4,52.0,15,14.0,16,7,5,3
CUST_09151,28.0,Pune,4.0,12,10205.26,850.44,3.0,12,0.684,4,5,52.0,22,18.0,14,7,7,1
CUST_09152,22.0,Bengaluru,2.8,13,13835.2,1064.25,4.64,44,0.86,2,1,43.0,23,26.0,8,4,9,2
CUST_09153,58.0,Other,1.0,21,52643.29,2506.82,21.0,37,0.361,1,8,64.0,29,16.0,18,3,9,2
CUST_09154,29.0,Ahmedabad,1.8,9,13507.9,1500.88,5.0,18,0.779,5,2,50.0,18,16.0,10,14,14,2
CUST_09155,40.0,Ahmedabad,2.4,14,30291.05,2163.65,5.83,28,0.128,0,1,64.0,19,13.0,7,3,9,1
CUST_09156,53.0,Jaipur,2.2,18,37642.56,2091.25,8.18,11,0.143,0,4,52.0,27,4.0,12,4,8,5
CUST_09157,42.0,Hyderabad,8.0,7,8777.66,1253.95,0.88,150,0.448,2,4,19.0,6,1.0,3,6,3,4
CUST_09158,31.0,Kolkata,2.1,9,8475.95,941.77,4.29,36,0.677,3,5,45.0,14,23.0,13,10,6,3
CUST_09159,33.0,Delhi,5.8,3,5825.01,1941.67,0.52,180,0.306,0,3,18.0,3,6.0,5,2,4,1
CUST_09160,26.0,Other,3.5,26,42419.37,1631.51,7.43,21,0.297,0,4,57.0,30,13.0,16,5,8,3
CUST_09161,43.0,Pune,0.6,10,19831.81,1983.18,16.67,213,0.619,1,1,11.0,3,1.0,2,1,3,4
CUST_09162,40.0,Hyderabad,1.0,2,2645.58,1322.79,2.0,62,0.223,1,5,19.0,8,9.0,4,5,2,2
CUST_09163,29.0,Delhi,0.7,5,2518.44,503.69,7.14,81,0.467,2,1,14.0,5,3.0,4,7,2,2
CUST_09164,24.0,Mumbai,3.4,34,78886.41,2320.19,10.0,41,0.383,0,4,,31,16.0,13,3,6,1
CUST_09165,21.0,Hyderabad,4.0,9,14594.24,1621.58,2.25,325,0.264,2,5,11.0,4,8.0,1,1,4,3
CUST_09166,44.0,Delhi,1.7,5,3142.76,628.55,2.94,53,0.537,1,4,12.0,8,3.0,6,3,6,1
CUST_09167,35.0,Hyderabad,4.4,10,12045.66,1204.57,2.27,122,0.363,3,4,12.0,4,4.0,3,2,6,2
CUST_09168,36.0,Hyderabad,3.4,21,50937.62,2425.6,6.18,13,0.142,0,3,46.0,18,10.0,15,4,15,1
CUST_09169,26.0,Hyderabad,4.9,25,44769.86,1790.79,5.1,26,0.382,0,3,59.0,32,10.0,21,5,7,3
CUST_09170,19.0,Mumbai,3.5,24,34207.31,1425.3,6.86,15,0.152,0,3,76.0,44,8.0,14,8,13,2
CUST_09171,44.0,Bengaluru,4.2,24,45173.86,1882.24,5.71,6,0.222,3,4,70.0,25,5.0,15,3,14,3
CUST_09172,34.0,Ahmedabad,1.9,10,18553.78,1855.38,5.26,272,0.497,1,3,14.0,2,4.0,2,2,3,5
CUST_09173,43.0,Delhi,2.9,11,29939.53,2721.78,3.79,5,0.336,1,2,57.0,28,15.0,5,3,6,2
CUST_09174,30.0,Bengaluru,1.5,18,48880.24,2715.57,12.0,30,0.176,1,4,56.0,20,15.0,17,4,7,1
CUST_09175,32.0,Bengaluru,8.1,27,52904.05,1959.41,3.33,3,0.128,1,4,55.0,33,10.0,22,6,15,3
CUST_09176,41.0,Jaipur,4.3,16,39092.48,2443.28,3.72,9,0.309,2,5,68.0,27,16.0,8,4,15,5
CUST_09177,41.0,Chennai,3.3,24,41256.01,1719.0,7.27,6,0.296,1,2,62.0,29,12.0,24,4,14,2
CUST_09178,42.0,Mumbai,0.7,2,4771.09,2385.54,2.86,166,0.263,0,3,17.0,7,2.0,3,5,4,3
CUST_09179,31.0,Jaipur,5.7,7,2935.3,419.33,1.23,26,0.769,2,3,54.0,16,22.0,12,11,15,1
CUST_09180,40.0,Ahmedabad,6.4,20,46755.04,2337.75,3.12,9,0.033,3,6,54.0,19,15.0,16,1,9,2
CUST_09181,45.0,Kolkata,1.1,32,47019.93,1469.37,29.09,7,0.257,1,4,74.0,29,17.0,16,2,12,5
CUST_09182,33.0,Bengaluru,2.7,26,58023.64,2231.68,9.63,1,0.159,0,6,65.0,38,15.0,12,4,10,4
CUST_09183,29.0,Kolkata,3.1,16,46470.33,2904.4,5.16,8,0.112,1,4,58.0,19,12.0,13,2,10,1
CUST_09184,47.0,Bengaluru,1.3,5,8809.35,1761.87,3.85,63,0.17,0,2,31.0,10,9.0,4,2,6,1
CUST_09185,27.0,Kolkata,2.0,5,9650.26,1930.05,2.5,180,0.456,3,2,15.0,8,4.0,3,4,2,1
CUST_09186,40.0,Jaipur,1.8,11,4552.71,413.88,6.11,77,0.352,0,3,17.0,5,4.0,13,6,2,3
CUST_09187,33.0,Jaipur,5.5,3,4509.69,1503.23,0.55,49,0.313,0,5,24.0,7,7.0,6,3,3,2
CUST_09188,18.0,Bengaluru,7.5,21,58679.16,2794.25,2.8,25,0.202,0,4,58.0,29,9.0,13,4,16,5
CUST_09189,45.0,Jaipur,2.4,12,23125.15,1927.1,5.0,71,0.59,3,4,12.0,3,4.0,0,0,3,1
CUST_09190,,Mumbai,3.9,3,4654.96,1551.65,0.77,75,0.674,1,3,20.0,4,3.0,4,3,4,2
CUST_09191,18.0,Mumbai,0.6,9,14264.02,1584.89,15.0,247,0.433,2,1,7.0,5,3.0,1,2,1,2
CUST_09192,39.0,Hyderabad,6.3,17,45663.94,2686.11,2.7,17,0.01,1,2,57.0,29,19.0,18,3,13,2
CUST_09193,39.0,Chennai,4.0,7,8514.4,1216.34,1.75,134,0.465,2,4,8.0,4,3.0,1,2,1,3
CUST_09194,28.0,Mumbai,3.1,5,4836.22,967.24,1.61,41,0.294,0,3,20.0,7,9.0,8,0,1,1
CUST_09195,35.0,Bengaluru,2.6,3,5131.24,1710.41,1.15,47,0.554,0,4,24.0,6,7.0,4,8,3,4
CUST_09196,18.0,Mumbai,1.5,21,48674.51,2317.83,14.0,3,0.198,0,6,69.0,30,10.0,9,1,9,0
CUST_09197,41.0,Hyderabad,5.5,4,7889.2,1972.3,0.73,9,0.39,1,3,17.0,11,4.0,4,3,2,4
CUST_09198,,Jaipur,4.2,12,17013.18,1417.765,1.43,100,0.62,1,3,14.0,7,3.0,3,1,4,3
CUST_09199,34.0,Kolkata,4.9,1,1288.42,1288.42,0.2,95,0.517,0,4,25.0,3,6.0,5,3,1,2
CUST_09200,34.0,Delhi,3.0,5,6761.85,1352.37,1.67,29,0.672,3,5,37.0,18,12.0,15,8,7,1
CUST_09201,39.0,Other,6.0,6,15805.21,2634.2,1.0,147,0.546,1,5,13.0,3,2.0,5,2,1,2
CUST_09202,34.0,Chennai,1.6,10,16071.6,1607.16,6.25,94,0.45,2,4,33.0,14,14.0,17,12,12,3
CUST_09203,18.0,Ahmedabad,7.0,10,9861.31,986.13,1.43,13,0.851,3,5,44.0,20,14.0,14,7,8,1
CUST_09204,56.0,Chennai,5.8,12,16455.14,,2.07,77,0.872,1,2,40.0,13,17.0,9,4,14,3
CUST_09205,46.0,Other,3.4,6,8125.73,1354.29,1.76,365,0.524,1,3,8.0,2,1.0,0,2,3,5
CUST_09206,21.0,Ahmedabad,1.3,19,62064.29,,14.62,11,0.124,1,4,44.0,31,12.0,12,5,13,1
CUST_09207,31.0,Bengaluru,5.6,15,17992.14,1199.48,2.68,75,0.789,5,2,45.0,21,19.0,18,10,15,0
CUST_09208,32.0,Delhi,1.6,2,1406.61,703.3,1.25,153,0.353,2,7,20.0,9,4.0,2,2,4,1
CUST_09209,45.0,Chennai,2.3,4,7201.88,1800.47,1.74,24,0.137,1,8,20.0,6,8.0,2,5,5,3
CUST_09210,18.0,Hyderabad,0.9,7,5341.73,763.1,7.78,26,0.633,6,1,42.0,14,24.0,15,10,11,1
CUST_09211,29.0,Hyderabad,1.3,17,38788.27,2281.66,13.08,148,0.694,1,1,8.0,1,4.0,3,5,3,1
CUST_09212,18.0,Delhi,3.2,7,7908.59,1129.8,2.19,275,0.361,6,2,12.0,5,4.0,2,3,3,2
CUST_09213,31.0,Bengaluru,7.5,19,36947.94,1944.63,2.53,4,0.047,1,4,48.0,25,18.0,10,7,9,5
CUST_09214,29.0,Hyderabad,3.8,26,57297.79,2203.76,6.84,10,0.127,2,3,70.0,29,12.0,12,3,11,3
CUST_09215,35.0,Ahmedabad,3.9,19,44087.51,2320.4,4.87,45,0.042,3,4,65.0,25,12.0,7,2,9,3
CUST_09216,28.0,Kolkata,3.7,21,22128.0,1053.71,5.68,7,0.169,0,3,69.0,33,17.0,17,5,10,1
CUST_09217,26.0,Mumbai,4.2,17,23592.76,1387.81,4.05,44,0.735,4,3,34.0,23,15.0,10,8,17,2
CUST_09218,40.0,Pune,4.5,7,11132.96,1590.42,1.56,235,0.272,1,5,12.0,3,1.0,1,2,1,0
CUST_09219,39.0,Mumbai,,8,10119.29,1264.91,1.45,69,0.5,0,4,17.0,8,4.0,8,5,3,3
CUST_09220,40.0,Mumbai,6.6,13,27386.64,,1.97,1,0.045,1,4,58.0,19,10.0,14,2,6,0
CUST_09221,32.0,Pune,1.9,25,65021.65,2600.87,13.16,3,0.227,0,6,66.0,16,8.0,7,4,15,5
CUST_09222,28.0,Ahmedabad,5.3,6,8626.54,1437.76,1.13,34,0.81,5,3,49.0,22,25.0,15,12,12,2
CUST_09223,33.0,Other,7.5,16,16605.73,1037.86,2.13,60,0.939,2,3,39.0,18,20.0,7,10,9,1
CUST_09224,39.0,Delhi,2.1,31,59952.08,1933.94,14.76,5,0.166,2,5,72.0,34,15.0,11,3,11,2
CUST_09225,18.0,Hyderabad,1.4,13,13398.2,1030.63,9.29,193,0.444,1,4,8.0,5,1.0,3,3,3,6
CUST_09226,38.0,Chennai,5.7,5,12015.62,2403.12,0.88,130,0.576,1,2,12.0,2,1.0,1,1,3,2
CUST_09227,37.0,Other,7.2,22,43808.69,1991.3,3.06,9,0.482,2,4,62.0,29,10.0,13,4,17,1
CUST_09228,35.0,Other,2.3,9,18315.82,2035.09,3.91,109,0.769,1,2,12.0,2,4.0,3,5,0,0
CUST_09229,33.0,Mumbai,6.5,25,56372.74,2254.91,3.85,8,0.102,1,3,65.0,33,12.0,9,4,9,5
CUST_09230,18.0,Pune,6.5,5,6852.06,1370.41,0.77,91,0.193,1,4,17.0,6,11.0,7,3,5,2
CUST_09231,30.0,Mumbai,2.5,17,22633.53,1331.38,6.8,5,0.793,0,5,36.0,19,28.0,14,12,15,2
CUST_09232,52.0,Hyderabad,1.8,18,40794.23,2266.35,10.0,4,0.412,1,3,58.0,26,11.0,12,4,6,5
CUST_09233,34.0,Kolkata,1.9,7,9665.48,1380.78,3.68,96,0.717,2,4,10.0,4,2.0,2,2,4,3
CUST_09234,31.0,Delhi,3.3,8,7142.29,892.79,2.42,13,0.808,3,6,45.0,16,12.0,13,5,14,4
CUST_09235,34.0,Jaipur,1.6,3,4724.07,1574.69,1.88,80,0.338,1,3,23.0,9,4.0,5,13,4,1
CUST_09236,38.0,Bengaluru,1.2,24,30065.82,1252.74,20.0,1,0.217,2,3,77.0,27,13.0,13,4,12,4
CUST_09237,41.0,Other,1.8,13,34411.97,2647.07,7.22,6,0.169,0,5,55.0,18,16.0,10,4,16,3
CUST_09238,32.0,Mumbai,5.4,25,71545.38,2861.82,4.63,3,0.107,1,4,55.0,23,15.0,13,5,10,4
CUST_09239,38.0,Mumbai,2.7,4,4883.56,1220.89,1.48,40,0.716,1,3,50.0,16,16.0,9,13,12,0
CUST_09240,51.0,Delhi,1.5,4,6254.39,1563.6,2.67,41,0.653,1,3,21.0,7,5.0,5,7,3,2
CUST_09241,44.0,Mumbai,3.3,31,49383.82,1593.03,9.39,3,0.347,2,6,73.0,36,10.0,9,4,3,4
CUST_09242,57.0,Ahmedabad,3.7,3,4988.83,1662.94,0.81,145,0.628,2,3,19.0,10,3.0,7,3,3,3
CUST_09243,27.0,Mumbai,1.1,2,4092.38,2046.19,1.82,40,0.191,1,3,16.0,6,1.0,7,3,4,0
CUST_09244,51.0,Kolkata,0.3,2,3471.96,1735.98,6.67,82,0.314,1,6,23.0,9,8.0,4,2,1,5
CUST_09245,26.0,Mumbai,0.6,9,11259.1,1251.01,15.0,53,0.789,3,2,43.0,19,15.0,10,7,11,2
CUST_09246,38.0,Pune,2.0,12,14078.35,1173.2,6.0,31,0.32,1,3,12.0,2,7.0,2,1,2,3
CUST_09247,41.0,Ahmedabad,6.4,14,15407.12,1100.51,2.19,43,0.61,4,6,53.0,15,,15,13,13,0
CUST_09248,29.0,Other,7.6,4,3018.54,754.63,0.53,10,0.732,1,5,55.0,16,22.0,13,9,12,4
CUST_09249,35.0,Bengaluru,0.5,20,64647.95,3232.4,40.0,12,0.126,0,6,45.0,20,13.0,13,3,6,1
CUST_09250,43.0,Other,4.0,20,44323.74,2216.19,5.0,6,0.39,1,3,79.0,36,15.0,18,4,9,5
CUST_09251,27.0,Hyderabad,1.5,20,54145.02,2707.25,13.33,5,0.425,2,3,62.0,29,12.0,13,3,12,6
CUST_09252,51.0,Bengaluru,1.7,6,9190.68,1531.78,3.53,63,0.596,1,4,17.0,7,4.0,3,4,5,2
CUST_09253,20.0,Ahmedabad,2.2,24,47815.08,1992.3,10.91,9,0.331,2,4,67.0,21,5.0,20,5,10,3
CUST_09254,53.0,Delhi,1.9,20,37746.23,1887.31,10.53,10,0.401,1,1,71.0,27,5.0,13,4,15,5
CUST_09255,44.0,Pune,1.7,2,2145.1,1072.55,1.18,32,0.695,0,1,15.0,6,2.0,4,2,2,3
CUST_09256,33.0,Chennai,4.9,19,51319.18,2701.01,3.88,5,0.094,0,2,78.0,18,10.0,15,7,6,1
CUST_09257,30.0,Delhi,2.8,28,69905.84,2496.64,10.0,7,0.122,3,5,59.0,30,13.0,12,4,11,1
CUST_09258,29.0,Mumbai,2.2,14,37794.18,2699.58,6.36,7,0.024,3,5,52.0,21,11.0,10,3,10,4
CUST_09259,33.0,Mumbai,1.7,7,10092.57,1441.8,4.12,74,0.309,1,7,16.0,5,8.0,3,9,2,2
CUST_09260,34.0,Ahmedabad,5.3,17,47857.32,2815.14,3.21,2,0.398,2,5,52.0,24,11.0,11,1,9,1
CUST_09261,47.0,Chennai,1.3,13,14847.17,,10.0,3,0.767,2,3,47.0,18,14.0,13,7,13,2
CUST_09262,54.0,Bengaluru,1.3,7,8616.94,1230.99,5.38,22,0.779,6,4,45.0,12,21.0,6,11,5,2
CUST_09263,36.0,Jaipur,2.3,1,1791.98,1791.98,0.43,113,0.481,1,5,15.0,9,9.0,6,3,4,3
CUST_09264,26.0,Bengaluru,5.5,2,2268.71,1134.36,0.36,76,0.572,0,3,13.0,5,8.0,5,7,3,4
CUST_09265,29.0,Kolkata,7.2,4,5735.52,1433.88,0.56,142,0.573,0,3,17.0,2,3.0,7,2,2,2
CUST_09266,32.0,Other,2.6,25,36437.91,1457.52,9.62,9,0.309,0,2,61.0,29,21.0,9,3,12,1
CUST_09267,24.0,Ahmedabad,1.4,28,42456.3,1516.3,20.0,34,0.371,3,7,75.0,33,16.0,18,4,10,4
CUST_09268,22.0,Bengaluru,7.7,27,52818.39,1956.24,3.51,2,0.151,0,2,57.0,29,9.0,19,13,12,3
CUST_09269,55.0,Chennai,9.7,19,49946.23,2628.75,1.96,19,0.129,2,5,52.0,30,15.0,16,4,10,5
CUST_09270,37.0,Bengaluru,3.7,26,38525.11,1481.73,7.03,4,0.508,1,6,57.0,37,7.0,17,6,11,2
CUST_09271,26.0,Chennai,6.4,24,47976.2,1999.01,3.75,13,0.09,2,4,57.0,42,10.0,18,9,10,4
CUST_09272,42.0,Pune,1.7,10,8078.11,807.81,5.88,28,0.841,1,2,43.0,14,18.0,10,7,13,4
CUST_09273,22.0,Bengaluru,1.5,4,8832.98,2208.24,2.67,46,0.49,0,5,19.0,7,6.0,6,9,4,3
CUST_09274,23.0,Pune,3.0,23,54509.14,2369.96,7.67,10,0.481,0,6,65.0,33,12.0,18,4,17,5
CUST_09275,26.0,Mumbai,2.8,5,5207.66,1041.53,1.79,173,0.268,0,1,19.0,10,11.0,5,10,6,2
CUST_09276,51.0,Hyderabad,8.1,26,44626.45,1716.4,3.21,20,0.538,0,4,66.0,29,6.0,16,6,12,3
CUST_09277,31.0,Jaipur,2.2,31,58986.28,1902.78,14.09,2,0.312,1,5,50.0,30,11.0,21,6,10,1
CUST_09278,18.0,Mumbai,2.5,10,13972.38,1397.24,4.0,16,0.694,0,3,29.0,20,12.0,8,8,10,3
CUST_09279,46.0,Pune,4.4,12,24556.03,2046.34,2.73,23,0.132,0,2,58.0,28,16.0,16,1,10,7
CUST_09280,31.0,Bengaluru,4.2,12,27305.95,2275.5,2.86,11,0.19,2,2,51.0,20,11.0,12,2,13,2
CUST_09281,18.0,Chennai,1.0,33,33209.81,1006.36,33.0,7,0.176,0,2,71.0,29,8.0,19,2,13,3
CUST_09282,31.0,Mumbai,5.3,9,14142.46,1571.38,1.7,59,0.533,2,2,20.0,3,1.0,1,1,3,1
CUST_09283,39.0,Mumbai,1.7,2,2682.67,1341.33,1.18,27,0.478,0,2,14.0,10,13.0,3,5,1,3
CUST_09284,38.0,Bengaluru,7.1,16,40640.17,2540.01,2.25,13,0.29,0,3,44.0,18,12.0,14,1,8,3
CUST_09285,52.0,Ahmedabad,3.5,2,4302.46,2151.23,0.57,59,0.481,1,1,25.0,5,7.0,4,5,4,1
CUST_09286,25.0,Mumbai,2.8,3,4458.7,1486.23,1.07,87,0.157,0,3,16.0,7,3.0,2,5,5,4
CUST_09287,34.0,Delhi,8.4,13,12140.5,933.88,1.55,13,0.969,5,4,48.0,16,24.0,16,11,14,2
CUST_09288,27.0,Chennai,1.2,4,7269.11,1817.28,3.33,35,0.386,0,3,21.0,7,7.0,7,4,1,2
CUST_09289,19.0,Mumbai,1.0,27,49913.29,1848.64,27.0,27,0.176,1,4,60.0,25,17.0,17,1,7,3
CUST_09290,43.0,Pune,6.4,23,39353.97,1711.04,3.59,55,0.191,1,3,61.0,25,17.0,8,3,13,4
CUST_09291,39.0,Hyderabad,5.6,13,13385.62,1029.66,2.32,14,0.768,6,4,41.0,13,19.0,12,12,7,0
CUST_09292,37.0,Other,9.0,10,7400.46,740.05,1.11,18,0.881,1,4,39.0,18,24.0,19,9,20,4
CUST_09293,38.0,Delhi,6.0,16,20137.18,1258.57,2.67,92,0.819,5,3,41.0,12,22.0,12,11,12,3
CUST_09294,27.0,Bengaluru,3.3,18,34118.56,1895.48,5.45,21,0.823,0,4,44.0,16,21.0,10,9,7,1
CUST_09295,24.0,Delhi,1.7,13,28249.16,2173.01,7.65,169,0.371,1,4,16.0,3,1.0,1,1,1,2
CUST_09296,34.0,Jaipur,4.2,8,8631.92,1078.99,1.9,188,0.57,0,4,8.0,5,1.0,3,0,3,1
CUST_09297,46.0,Mumbai,2.1,9,5807.79,645.31,4.29,272,0.686,3,4,11.0,10,4.0,3,1,2,3
CUST_09298,50.0,Hyderabad,0.8,3,3719.64,1239.88,3.75,114,0.216,2,1,19.0,6,8.0,6,4,1,2
CUST_09299,42.0,Ahmedabad,1.4,13,28348.22,2180.63,9.29,155,0.572,0,2,14.0,4,4.0,3,3,2,1
CUST_09300,34.0,Other,1.6,14,43067.23,3076.23,8.75,11,0.192,2,4,60.0,35,14.0,14,4,5,3
CUST_09301,37.0,Chennai,3.9,22,42272.82,1921.49,5.64,6,0.238,1,5,62.0,32,15.0,11,4,8,3
CUST_09302,34.0,Delhi,0.7,13,12881.69,990.9,18.57,31,0.897,2,3,44.0,15,23.0,18,13,15,3
CUST_09303,24.0,Bengaluru,0.8,3,3363.82,1121.27,3.75,84,0.282,0,3,16.0,8,4.0,4,2,3,2
CUST_09304,34.0,Delhi,1.9,9,7916.36,879.6,4.74,24,0.831,6,2,43.0,15,14.0,12,16,15,5
CUST_09305,21.0,Hyderabad,1.5,2,3775.65,,1.33,151,0.446,2,5,14.0,6,7.0,3,8,5,3
CUST_09306,33.0,Kolkata,3.3,17,29176.39,1716.26,5.15,13,0.098,0,4,50.0,23,15.0,12,5,5,5
CUST_09307,50.0,Ahmedabad,2.1,29,46110.39,1590.01,13.81,14,0.179,2,1,60.0,31,15.0,18,3,10,0
CUST_09308,42.0,Bengaluru,2.2,2,2203.47,1101.73,0.91,106,0.341,1,4,12.0,11,8.0,6,5,3,4
CUST_09309,25.0,Kolkata,4.8,19,51671.0,2719.53,3.96,29,0.123,1,4,57.0,28,14.0,8,3,10,1
CUST_09310,33.0,Other,5.4,34,48820.67,1435.9,6.3,5,0.43,1,2,,28,15.0,17,3,9,1
CUST_09311,26.0,Other,1.6,26,59118.01,2273.77,16.25,9,0.349,1,2,51.0,40,11.0,12,3,4,4
CUST_09312,33.0,Chennai,4.0,23,31855.1,1385.0,5.75,14,0.532,0,6,75.0,36,14.0,17,1,15,3
CUST_09313,44.0,Chennai,1.3,3,5386.75,1795.58,2.31,66,0.187,0,2,14.0,7,3.0,10,6,1,3
CUST_09314,41.0,Hyderabad,4.7,19,26395.59,1389.24,4.04,9,0.263,1,5,56.0,28,12.0,14,7,7,3
CUST_09315,59.0,Pune,1.2,11,10938.51,994.41,9.17,8,0.822,2,5,50.0,27,29.0,14,7,9,1
CUST_09316,46.0,Mumbai,5.7,25,66294.72,2651.79,4.39,33,0.083,1,3,63.0,16,14.0,13,8,11,3
CUST_09317,36.0,Bengaluru,0.4,8,8098.67,1012.33,20.0,38,0.363,0,4,14.0,6,6.0,4,5,2,7
CUST_09318,41.0,Mumbai,1.3,31,58159.22,1876.1,23.85,7,0.144,1,3,61.0,30,11.0,17,3,10,0
CUST_09319,32.0,Hyderabad,1.8,5,1250.0,250.0,2.78,59,0.253,0,3,18.0,8,3.0,10,0,2,0
CUST_09320,23.0,Chennai,2.2,3,5695.52,1898.51,1.36,19,0.427,2,5,13.0,7,9.0,9,4,6,2
CUST_09321,47.0,Bengaluru,1.0,27,77003.86,2851.99,27.0,7,0.113,1,1,62.0,35,12.0,13,2,6,1
CUST_09322,44.0,Mumbai,1.7,11,17459.8,1587.25,6.47,169,0.657,4,4,8.0,3,4.0,3,1,4,4
CUST_09323,32.0,Mumbai,2.3,13,14750.53,1134.66,5.65,11,0.751,3,3,50.0,17,24.0,21,10,12,2
CUST_09324,37.0,Mumbai,0.4,30,56695.01,1889.83,75.0,18,0.24,3,3,75.0,32,9.0,19,2,6,2
CUST_09325,46.0,Mumbai,3.4,14,39417.59,2815.54,4.12,2,0.207,3,6,49.0,26,9.0,21,6,10,2
CUST_09326,42.0,Other,3.5,12,26836.25,,3.43,132,0.303,2,2,8.0,2,5.0,3,2,1,3
CUST_09327,19.0,Delhi,5.6,7,8744.11,1249.16,1.25,69,0.391,3,6,11.0,6,3.0,3,5,5,4
CUST_09328,36.0,Delhi,10.0,23,35608.87,1548.21,2.3,10,0.295,1,4,69.0,36,14.0,15,3,16,5
CUST_09329,32.0,Mumbai,1.2,27,41692.06,1544.15,22.5,6,0.209,1,6,63.0,36,14.0,16,5,10,3
CUST_09330,45.0,Chennai,6.3,3,5434.25,1811.42,0.48,86,0.161,0,3,10.0,5,7.0,5,5,2,1
CUST_09331,44.0,Chennai,0.9,3,3194.15,1064.72,3.33,180,0.494,0,6,13.0,7,4.0,6,2,6,3
CUST_09332,47.0,Mumbai,2.2,3,5890.76,1963.59,1.36,111,0.474,1,3,19.0,5,7.0,3,10,7,4
CUST_09333,23.0,Other,3.6,12,14948.19,1245.68,3.33,5,0.765,4,2,48.0,11,15.0,17,16,14,3
CUST_09334,26.0,Ahmedabad,3.6,5,7587.71,1517.54,1.39,64,0.18,3,5,17.0,9,5.0,3,8,2,1
CUST_09335,45.0,Pune,5.4,23,45781.47,1990.5,4.26,11,0.148,0,1,69.0,35,7.0,13,6,9,3
CUST_09336,28.0,Bengaluru,2.0,29,60295.26,2079.15,14.5,12,0.296,1,5,52.0,36,13.0,13,1,12,1
CUST_09337,19.0,Bengaluru,3.0,8,9863.2,1232.9,2.67,34,0.645,1,6,11.0,4,7.0,2,7,3,4
CUST_09338,39.0,Delhi,3.2,8,13137.02,1642.13,2.5,61,0.594,2,1,11.0,5,1.0,0,1,2,1
CUST_09339,29.0,Ahmedabad,7.0,23,35515.19,1544.14,3.29,2,0.198,1,7,66.0,28,13.0,13,5,13,0
CUST_09340,52.0,Mumbai,2.7,6,8511.31,1418.55,2.22,42,0.751,4,1,45.0,19,23.0,11,9,9,1
CUST_09341,37.0,Bengaluru,2.0,3,4048.12,1349.37,1.5,60,0.243,0,2,27.0,5,6.0,5,6,1,4
CUST_09342,36.0,Bengaluru,4.9,12,16184.37,1348.7,2.45,9,0.758,4,2,39.0,16,24.0,14,7,15,2
CUST_09343,30.0,Bengaluru,2.7,7,11971.91,1710.27,2.59,5,0.328,2,3,23.0,8,4.0,5,8,1,4
CUST_09344,50.0,Jaipur,5.6,2,3750.43,1875.22,0.36,25,0.389,1,1,,5,4.0,6,5,1,0
CUST_09345,38.0,Pune,5.6,22,81804.56,3718.39,3.93,17,0.233,1,2,49.0,26,22.0,11,2,10,2
CUST_09346,30.0,Mumbai,0.5,13,18176.74,1398.21,26.0,158,0.621,2,4,12.0,5,3.0,1,7,2,4
CUST_09347,26.0,Hyderabad,10.0,3,3097.25,1032.42,0.3,27,0.306,0,5,13.0,10,5.0,5,2,1,3
CUST_09348,33.0,Mumbai,0.9,8,11956.04,1494.51,8.89,110,0.522,4,1,13.0,8,1.0,1,2,2,1
CUST_09349,24.0,Mumbai,3.2,6,10110.76,1685.13,1.88,53,0.395,2,3,19.0,9,7.0,2,3,3,6
CUST_09350,44.0,Bengaluru,1.7,10,23704.18,2370.42,5.88,49,0.554,3,4,15.0,4,3.0,1,2,3,1
CUST_09351,18.0,Pune,1.6,20,67564.79,3378.24,12.5,24,0.146,3,3,55.0,28,18.0,23,4,9,1
CUST_09352,33.0,Delhi,1.2,19,18851.59,992.19,15.83,15,0.435,1,1,58.0,31,11.0,12,4,10,1
CUST_09353,40.0,Pune,5.1,10,15190.88,1519.09,1.96,91,0.343,3,2,4.0,1,2.0,4,3,0,2
CUST_09354,37.0,Mumbai,2.1,36,60069.84,1668.61,17.14,1,0.477,2,5,57.0,28,16.0,12,6,13,3
CUST_09355,27.0,Hyderabad,6.2,22,60402.95,2745.59,3.55,9,0.244,2,4,61.0,30,13.0,14,3,16,3
CUST_09356,41.0,Mumbai,2.0,1,860.92,860.92,0.5,61,0.199,0,2,19.0,7,6.0,4,8,4,1
CUST_09357,25.0,Other,2.0,6,6444.54,1074.09,3.0,147,0.309,1,6,18.0,6,7.0,5,3,3,1
CUST_09358,34.0,Delhi,1.3,17,48965.56,2880.33,13.08,19,0.067,4,2,52.0,36,16.0,15,6,12,3
CUST_09359,41.0,Chennai,2.5,2,4388.7,2194.35,0.8,87,0.333,1,4,6.0,0,3.0,3,2,3,4
CUST_09360,39.0,Ahmedabad,0.4,2,3784.2,1892.1,5.0,99,0.242,3,6,20.0,1,3.0,4,4,1,5
CUST_09361,27.0,Pune,6.0,10,9634.79,963.48,1.67,11,0.737,2,4,57.0,18,23.0,11,8,18,4
CUST_09362,46.0,Kolkata,3.6,6,5969.29,994.88,1.67,23,0.447,1,3,33.0,10,4.0,4,4,1,4
CUST_09363,35.0,Ahmedabad,2.8,29,70611.24,2434.87,10.36,20,0.402,1,7,71.0,18,14.0,14,6,13,3
CUST_09364,41.0,Pune,0.5,14,36143.35,2581.67,28.0,18,0.162,1,5,65.0,32,15.0,15,2,12,4
CUST_09365,49.0,Other,1.4,32,49691.89,1552.87,22.86,34,0.22,3,4,63.0,25,14.0,14,1,6,1
CUST_09366,45.0,Mumbai,0.3,14,17361.39,1240.1,46.67,21,0.897,3,4,46.0,13,13.0,14,9,6,1
CUST_09367,45.0,Pune,,4,2342.24,585.56,4.0,42,0.881,3,4,42.0,21,16.0,17,15,15,1
CUST_09368,36.0,Ahmedabad,2.6,5,6413.74,1282.75,1.92,100,0.419,0,7,16.0,13,4.0,7,4,2,9
CUST_09369,42.0,Pune,3.7,7,13287.84,1898.26,1.89,42,0.349,2,3,21.0,5,5.0,5,2,4,1
CUST_09370,36.0,Chennai,1.4,14,12401.8,885.84,10.0,13,0.736,3,2,55.0,19,18.0,16,5,6,1
CUST_09371,22.0,Jaipur,1.2,7,5335.35,762.19,5.83,118,0.438,0,5,22.0,8,13.0,7,5,4,3
CUST_09372,37.0,Other,4.5,19,56614.54,2979.71,4.22,11,0.14,2,3,56.0,25,7.0,11,5,8,4
CUST_09373,37.0,Bengaluru,2.9,21,54972.85,2617.75,7.24,16,0.132,3,4,44.0,20,13.0,9,1,9,2
CUST_09374,40.0,Other,4.9,14,15701.97,1121.57,2.86,54,0.443,3,3,16.0,3,1.0,1,2,1,2
CUST_09375,33.0,Bengaluru,6.9,14,39390.97,2813.64,2.03,8,0.443,0,4,49.0,17,7.0,7,4,12,1
CUST_09376,26.0,Pune,3.4,26,45148.62,1736.49,7.65,8,0.247,3,3,66.0,23,11.0,20,4,11,2
CUST_09377,41.0,Bengaluru,1.8,5,8930.55,1786.11,2.78,41,0.491,2,2,18.0,11,7.0,4,2,6,3
CUST_09378,21.0,Chennai,2.3,26,30218.15,1162.24,11.3,3,0.465,1,2,75.0,38,11.0,17,3,10,2
CUST_09379,49.0,Bengaluru,2.4,10,8625.58,862.56,4.17,203,0.492,1,4,6.0,4,4.0,1,1,4,1
CUST_09380,32.0,Hyderabad,2.2,21,39974.66,1903.56,9.55,10,0.117,0,2,62.0,33,11.0,14,3,12,3
CUST_09381,36.0,Bengaluru,3.6,19,43088.16,2267.8,5.28,6,0.129,3,4,47.0,33,16.0,13,5,9,3
CUST_09382,40.0,Bengaluru,2.8,29,44772.34,1543.87,10.36,20,0.482,1,5,58.0,36,10.0,19,5,9,5
CUST_09383,40.0,Other,1.2,14,12309.1,879.22,11.67,7,0.982,1,5,45.0,24,20.0,11,8,6,3
CUST_09384,20.0,Bengaluru,0.9,30,53180.78,1772.69,33.33,9,0.487,2,2,60.0,22,15.0,16,3,7,2
CUST_09385,42.0,Pune,2.6,11,11723.14,1065.74,4.23,23,0.683,2,2,52.0,16,20.0,6,7,12,1
CUST_09386,,Kolkata,0.3,5,5625.41,1125.08,16.67,99,0.271,0,4,4.0,7,3.0,3,3,1,3
CUST_09387,28.0,Delhi,5.7,11,16031.0,1457.36,1.93,69,0.549,2,1,9.0,9,4.0,3,3,1,5
CUST_09388,27.0,Ahmedabad,1.6,21,32053.74,1526.37,13.12,3,0.296,3,5,60.0,39,9.0,18,7,11,2
CUST_09389,31.0,Mumbai,7.7,4,2171.65,542.91,0.52,7,0.874,1,2,44.0,23,28.0,15,5,18,2
CUST_09390,21.0,Delhi,6.3,12,16051.07,1337.59,1.9,14,0.741,3,4,35.0,18,24.0,12,7,13,3
CUST_09391,51.0,Mumbai,6.5,5,10076.59,2015.32,0.77,71,0.384,1,5,12.0,4,1.0,4,3,2,3
CUST_09392,49.0,Mumbai,1.9,6,10100.5,1683.42,3.16,225,0.657,1,4,14.0,5,3.0,3,1,1,3
CUST_09393,39.0,Chennai,0.9,33,39065.67,1183.81,36.67,13,0.323,2,5,72.0,30,12.0,15,7,16,1
CUST_09394,32.0,Delhi,3.5,5,11143.36,2228.67,1.43,16,0.606,0,3,21.0,8,4.0,4,6,1,2
CUST_09395,32.0,Jaipur,4.1,17,28636.14,1684.48,4.15,10,0.353,2,4,61.0,28,14.0,12,4,10,3
CUST_09396,42.0,Bengaluru,0.9,16,43444.25,2715.27,17.78,10,0.32,1,4,61.0,25,12.0,17,5,8,0
CUST_09397,52.0,Delhi,10.0,13,42652.86,3280.99,1.3,11,0.19,0,2,60.0,27,12.0,16,5,12,6
CUST_09398,28.0,Kolkata,1.3,13,10261.74,789.36,10.0,40,0.796,3,3,42.0,24,21.0,16,8,12,2
CUST_09399,23.0,Hyderabad,1.8,10,12892.06,1289.21,5.56,35,0.926,3,4,36.0,11,27.0,19,8,14,2
CUST_09400,49.0,Ahmedabad,4.4,19,54793.91,2883.89,4.32,9,0.115,2,4,44.0,23,15.0,10,7,9,2
CUST_09401,18.0,Chennai,4.1,4,3817.19,954.3,0.98,37,0.392,0,3,15.0,8,9.0,3,2,4,0
CUST_09402,24.0,Mumbai,2.2,23,59082.38,2568.8,10.45,7,0.267,0,5,81.0,41,11.0,19,1,10,5
CUST_09403,32.0,Chennai,2.1,15,22474.76,1498.32,7.14,9,0.752,2,4,41.0,16,23.0,9,14,17,2
CUST_09404,18.0,Delhi,2.0,20,45777.06,2288.85,10.0,13,0.452,2,4,86.0,28,16.0,18,4,6,3
CUST_09405,45.0,Bengaluru,5.6,21,55823.8,2658.28,3.75,3,0.235,1,6,46.0,17,8.0,4,2,15,2
CUST_09406,43.0,Other,3.4,25,47482.06,1899.28,7.35,10,0.241,1,6,53.0,28,10.0,15,4,14,2
CUST_09407,28.0,Delhi,1.5,27,41567.13,1539.52,18.0,1,0.362,3,4,44.0,25,11.0,17,3,9,3
CUST_09408,47.0,Hyderabad,2.6,9,16333.34,1814.82,3.46,25,0.743,3,7,46.0,27,18.0,13,12,12,1
CUST_09409,48.0,Delhi,5.0,18,20687.38,1149.3,3.6,11,0.126,1,3,49.0,28,16.0,19,2,10,0
CUST_09410,33.0,Mumbai,1.8,15,8974.86,598.32,8.33,11,0.793,3,6,48.0,20,25.0,13,7,19,1
CUST_09411,29.0,Bengaluru,3.8,15,41877.45,2791.83,3.95,13,0.272,1,1,57.0,23,12.0,9,5,3,1
CUST_09412,57.0,Hyderabad,1.8,1,1635.3,1635.3,0.56,61,0.545,0,1,20.0,9,4.0,2,3,7,3
CUST_09413,41.0,Delhi,1.0,6,10212.2,1702.03,6.0,87,0.146,1,3,10.0,11,8.0,6,6,6,1
CUST_09414,37.0,Delhi,2.1,22,56240.2,2556.37,10.48,27,0.293,1,3,54.0,27,8.0,14,5,16,4
CUST_09415,48.0,Ahmedabad,3.3,10,13597.52,1359.75,3.03,30,0.725,3,3,37.0,25,15.0,15,10,13,4
CUST_09416,37.0,Mumbai,10.0,20,41269.85,2063.49,2.0,21,0.263,4,1,65.0,35,20.0,17,3,8,3
CUST_09417,29.0,Delhi,2.8,7,7004.88,1000.7,2.5,24,0.604,3,4,47.0,16,21.0,10,12,19,1
CUST_09418,35.0,Ahmedabad,2.3,23,38761.61,1685.29,10.0,6,0.351,3,5,74.0,32,9.0,9,2,10,1
CUST_09419,44.0,Other,1.7,9,11194.87,1243.87,5.29,29,0.708,1,5,36.0,14,26.0,18,6,15,3
CUST_09420,18.0,Bengaluru,3.2,14,13827.84,987.7,4.38,58,0.736,3,3,49.0,21,24.0,16,9,14,0
CUST_09421,31.0,Jaipur,2.5,11,18975.83,1725.08,4.4,166,0.587,1,3,13.0,2,0.0,1,2,2,2
CUST_09422,48.0,Pune,2.1,13,10961.5,843.19,6.19,24,0.916,3,6,40.0,7,22.0,11,5,15,0
CUST_09423,29.0,Pune,1.6,8,8932.43,1116.55,5.0,14,0.889,3,5,43.0,18,15.0,14,5,17,4
CUST_09424,49.0,Ahmedabad,0.3,28,61848.02,2208.86,93.33,6,0.274,2,3,91.0,24,7.0,18,3,9,0
CUST_09425,48.0,Other,3.7,9,17734.51,1970.5,2.43,159,0.418,1,4,6.0,7,3.0,1,1,5,3
CUST_09426,33.0,Pune,2.1,7,12540.87,1791.55,3.33,84,0.524,0,3,19.0,8,11.0,5,8,1,0
CUST_09427,28.0,Mumbai,0.9,41,73902.63,1802.5,45.56,6,0.108,0,4,66.0,26,11.0,22,5,10,1
CUST_09428,31.0,Mumbai,2.3,3,4478.39,1492.8,1.3,89,0.247,1,5,15.0,7,4.0,3,8,3,3
CUST_09429,61.0,Pune,2.1,17,28530.64,1678.27,8.1,15,0.16,1,4,78.0,34,17.0,18,2,5,2
CUST_09430,53.0,Kolkata,0.3,6,10028.78,1671.46,20.0,129,0.367,1,3,15.0,8,5.0,2,3,3,5
CUST_09431,35.0,Bengaluru,0.7,7,7613.57,1087.65,10.0,142,0.666,1,1,21.0,8,7.0,4,6,4,1
CUST_09432,28.0,Bengaluru,0.8,22,56461.86,2566.45,27.5,22,0.169,1,2,51.0,30,7.0,7,4,9,1
CUST_09433,35.0,Hyderabad,8.2,3,5864.78,1954.93,0.37,100,0.299,0,4,22.0,5,7.0,7,9,1,4
CUST_09434,36.0,Jaipur,3.6,24,39848.03,1660.33,6.67,2,0.351,1,3,79.0,33,17.0,13,4,9,1
CUST_09435,22.0,Mumbai,1.6,17,30331.31,1784.19,10.62,7,0.372,1,4,,24,16.0,21,7,6,4
CUST_09436,35.0,Chennai,2.2,26,73676.28,2833.7,11.82,18,0.232,2,3,67.0,35,9.0,25,6,8,2
CUST_09437,47.0,Other,2.6,4,4422.6,1105.65,1.54,120,0.294,0,3,22.0,1,6.0,6,2,2,1
CUST_09438,18.0,Pune,4.6,28,41365.72,1477.35,6.09,34,0.212,3,4,70.0,32,13.0,11,2,10,4
CUST_09439,42.0,Ahmedabad,5.5,17,43669.92,2568.82,3.09,5,0.302,0,3,55.0,21,13.0,7,1,5,5
CUST_09440,48.0,Chennai,6.6,3,4006.78,1335.59,0.45,39,0.303,2,2,19.0,8,6.0,4,3,1,4
CUST_09441,28.0,Mumbai,0.8,22,57265.77,2602.99,27.5,21,0.102,1,4,49.0,21,16.0,11,1,6,2
CUST_09442,51.0,Pune,2.2,19,56477.12,2972.48,8.64,15,0.107,1,3,61.0,28,12.0,15,3,13,5
CUST_09443,27.0,Hyderabad,1.8,26,45210.68,1738.87,14.44,21,0.268,0,2,60.0,36,13.0,9,5,17,1
CUST_09444,38.0,Bengaluru,1.0,23,43480.93,1890.48,23.0,10,0.549,1,5,60.0,41,13.0,14,4,4,2
CUST_09445,31.0,Bengaluru,6.9,12,14578.09,1214.84,1.74,37,0.695,0,4,42.0,15,18.0,18,5,18,2
CUST_09446,31.0,Pune,6.0,25,62357.92,2494.32,4.17,17,0.079,0,3,64.0,22,16.0,21,4,8,1
CUST_09447,28.0,Chennai,4.7,5,7078.68,1415.74,1.06,40,0.675,2,2,7.0,4,3.0,3,0,3,4
CUST_09448,41.0,Pune,6.3,4,7452.21,1863.05,0.63,73,0.21,1,5,14.0,5,6.0,5,6,3,6
CUST_09449,42.0,Delhi,1.8,20,45070.18,2253.51,11.11,10,0.345,4,2,68.0,25,15.0,14,4,4,1
CUST_09450,33.0,Delhi,3.3,25,69579.36,2783.17,7.58,21,0.431,2,5,63.0,33,11.0,16,2,6,3
CUST_09451,20.0,Chennai,6.2,19,30314.07,1595.48,3.06,12,0.888,1,5,50.0,21,24.0,12,8,9,4
CUST_09452,38.0,Mumbai,5.0,3,2706.93,902.31,0.6,148,0.251,2,4,21.0,10,6.0,5,6,2,4
CUST_09453,38.0,Pune,5.4,24,59456.69,2477.36,4.44,4,0.179,0,1,72.0,23,21.0,9,1,8,5
CUST_09454,32.0,Pune,4.0,19,46045.69,2423.46,4.75,22,0.109,0,6,54.0,24,16.0,11,4,8,1
CUST_09455,53.0,Mumbai,3.4,16,22370.83,1398.18,4.71,129,0.651,0,5,13.0,7,1.0,0,1,2,2
CUST_09456,18.0,Pune,1.9,22,49289.27,2240.42,11.58,23,0.099,0,3,67.0,27,6.0,16,4,11,3
CUST_09457,18.0,Hyderabad,5.6,28,39813.44,1421.91,5.0,15,0.263,1,4,69.0,30,13.0,14,4,10,1
CUST_09458,27.0,Kolkata,6.6,8,12513.5,1564.19,1.21,304,0.434,5,3,,4,6.0,3,2,4,3
CUST_09459,41.0,Chennai,1.6,5,7100.31,1420.06,3.12,45,0.43,1,4,22.0,9,9.0,8,5,3,3
CUST_09460,23.0,Bengaluru,2.6,27,55965.17,2072.78,10.38,6,0.267,5,3,69.0,38,12.0,18,4,11,4
CUST_09461,24.0,Mumbai,1.6,3,4279.06,1426.35,1.88,13,0.464,2,3,19.0,9,5.0,7,3,3,5
CUST_09462,44.0,Other,4.6,13,35388.53,2722.19,2.83,15,0.016,1,4,53.0,24,9.0,13,2,8,5
CUST_09463,39.0,Mumbai,7.5,3,5793.9,1931.3,0.4,15,0.47,0,6,18.0,6,6.0,5,5,3,5
CUST_09464,38.0,Chennai,3.6,15,9916.23,661.08,4.17,12,0.937,2,2,39.0,11,26.0,18,11,11,2
CUST_09465,42.0,Other,3.5,2,2044.33,1022.17,0.57,179,0.439,1,3,15.0,9,7.0,4,4,5,5
CUST_09466,30.0,Chennai,10.0,12,19583.06,1631.92,1.2,93,0.611,0,8,6.0,8,3.0,3,0,2,4
CUST_09467,30.0,Pune,3.4,9,17545.33,1949.48,2.65,150,0.398,4,2,8.0,2,5.0,1,1,1,0
CUST_09468,42.0,Delhi,3.9,7,14590.14,2084.31,1.79,42,0.53,3,3,15.0,6,6.0,3,2,5,2
CUST_09469,21.0,Mumbai,6.3,5,5341.16,1068.23,0.79,76,0.624,2,6,39.0,22,24.0,13,7,11,3
CUST_09470,18.0,Hyderabad,3.1,23,50819.72,2209.55,7.42,17,0.394,1,4,60.0,34,16.0,18,5,9,1
CUST_09471,30.0,Hyderabad,5.4,12,8980.74,748.39,2.22,60,0.974,2,5,48.0,18,23.0,8,10,16,0
CUST_09472,43.0,Kolkata,4.4,6,12602.52,2100.42,1.36,36,0.6,1,6,18.0,3,6.0,1,6,2,0
CUST_09473,37.0,Mumbai,1.3,8,15815.27,1976.91,6.15,33,0.521,0,3,13.0,3,3.0,1,1,0,1
CUST_09474,43.0,Ahmedabad,0.2,25,42140.92,1685.64,125.0,4,0.419,2,2,65.0,35,9.0,14,9,11,3
CUST_09475,18.0,Kolkata,0.9,10,16743.3,1674.33,11.11,58,0.575,2,4,13.0,6,5.0,1,1,3,3
CUST_09476,37.0,Mumbai,3.0,4,5112.81,1278.2,1.33,28,0.409,1,2,17.0,8,6.0,4,6,2,5
CUST_09477,41.0,Delhi,6.1,9,14034.04,1559.34,1.48,108,0.612,2,5,16.0,2,4.0,0,2,1,3
CUST_09478,20.0,Chennai,2.7,12,19924.33,1660.36,4.44,323,0.351,1,3,10.0,7,3.0,2,1,3,3
CUST_09479,43.0,Bengaluru,2.7,26,37484.59,1441.71,9.63,3,0.423,2,4,61.0,34,15.0,18,6,11,2
CUST_09480,33.0,Mumbai,2.2,14,40192.09,2870.86,6.36,8,0.254,1,3,53.0,23,12.0,20,2,9,0
CUST_09481,65.0,Mumbai,1.9,23,74623.66,3244.51,12.11,9,0.167,1,5,57.0,28,17.0,8,2,10,2
CUST_09482,18.0,Ahmedabad,10.0,29,56855.6,1960.54,2.9,6,0.497,0,4,71.0,42,11.0,20,3,9,2
CUST_09483,48.0,Mumbai,3.3,7,6561.28,937.33,2.12,62,0.904,0,4,52.0,14,16.0,17,7,14,2
CUST_09484,30.0,Mumbai,1.9,4,5581.61,1395.4,2.11,60,0.498,0,6,18.0,7,10.0,10,6,3,1
CUST_09485,18.0,Ahmedabad,3.3,7,7310.84,1044.41,2.12,117,0.538,5,7,13.0,5,2.0,3,0,2,2
CUST_09486,29.0,Hyderabad,3.5,4,4755.01,1188.75,1.14,77,0.317,0,6,16.0,7,10.0,6,6,2,4
CUST_09487,37.0,Hyderabad,1.4,16,45834.2,2864.64,11.43,12,0.34,0,4,50.0,27,13.0,17,3,8,2
CUST_09488,44.0,Bengaluru,7.0,15,47077.18,3138.48,2.14,12,0.01,1,4,61.0,27,8.0,19,6,7,5
CUST_09489,51.0,Hyderabad,2.2,16,48371.42,3023.21,7.27,2,0.204,2,4,53.0,37,17.0,12,6,6,3
CUST_09490,48.0,Hyderabad,6.8,28,54981.52,1963.63,4.12,16,0.438,1,2,70.0,35,13.0,12,1,10,3
CUST_09491,24.0,Other,2.0,12,15043.87,1253.66,6.0,46,0.865,1,6,37.0,20,15.0,5,13,7,4
CUST_09492,45.0,Pune,1.6,26,69587.61,2676.45,16.25,9,0.156,1,4,53.0,22,10.0,10,1,3,1
CUST_09493,38.0,Pune,8.2,24,45507.28,1896.14,2.93,15,0.266,4,4,66.0,21,13.0,11,3,10,0
CUST_09494,27.0,Mumbai,7.1,16,35790.64,2236.91,2.25,13,0.229,1,4,63.0,28,9.0,10,2,6,2
CUST_09495,32.0,Chennai,2.2,3,5438.74,1812.91,1.36,75,0.407,0,3,12.0,6,6.0,3,6,2,3
CUST_09496,27.0,Hyderabad,1.9,10,9986.33,998.63,5.26,45,0.786,5,4,45.0,19,27.0,15,13,9,1
CUST_09497,34.0,Mumbai,4.4,7,8347.32,1192.47,1.59,76,0.782,2,7,53.0,22,9.0,9,10,12,1
CUST_09498,27.0,Delhi,1.1,23,26611.57,1157.02,20.91,9,0.157,3,2,81.0,31,8.0,20,6,11,2
CUST_09499,24.0,Mumbai,3.8,10,14647.51,1464.75,2.63,131,0.457,4,3,6.0,1,4.0,0,1,3,1
CUST_09500,39.0,Delhi,6.4,30,58952.74,1965.09,4.69,6,0.401,6,6,51.0,36,12.0,11,2,14,1
CUST_09501,40.0,Other,2.2,9,14006.18,1556.24,4.09,41,0.792,3,5,,21,19.0,12,9,13,2
CUST_09502,32.0,Chennai,6.5,3,3481.03,1160.34,0.46,104,0.454,4,3,25.0,5,5.0,5,9,1,2
CUST_09503,48.0,Mumbai,5.9,9,8157.05,906.34,1.53,10,0.895,3,4,48.0,10,21.0,11,8,9,3
CUST_09504,31.0,Pune,4.0,10,16345.77,1634.58,2.5,109,0.47,3,6,10.0,6,2.0,3,0,1,3
CUST_09505,31.0,Mumbai,10.0,19,43113.23,2269.12,1.9,1,0.682,0,2,63.0,41,13.0,17,1,11,5
CUST_09506,41.0,Kolkata,1.1,12,7932.6,661.05,10.91,31,0.932,1,3,49.0,13,17.0,13,8,19,3
CUST_09507,33.0,Bengaluru,1.1,24,67248.83,2802.03,21.82,18,0.214,1,4,55.0,19,11.0,10,4,8,3
CUST_09508,35.0,Other,6.4,14,11178.77,798.48,2.19,30,0.822,1,4,41.0,21,20.0,13,11,21,2
CUST_09509,18.0,Kolkata,1.1,18,36912.47,,16.36,17,0.105,0,4,55.0,38,10.0,20,5,8,4
CUST_09510,34.0,Bengaluru,2.6,24,81099.12,3379.13,9.23,9,0.101,1,4,47.0,19,22.0,12,5,7,2
CUST_09511,18.0,Ahmedabad,3.2,11,11231.13,1021.01,3.44,17,0.825,6,4,41.0,16,17.0,14,9,11,2
CUST_09512,22.0,Chennai,6.2,7,1750.0,250.0,1.13,6,0.822,2,4,45.0,15,26.0,7,11,12,3
CUST_09513,21.0,Pune,3.0,21,66008.75,3143.27,7.0,4,0.103,1,8,68.0,19,10.0,11,5,12,3
CUST_09514,24.0,Hyderabad,0.9,4,5160.79,1290.2,4.44,66,0.204,1,5,15.0,7,7.0,5,6,2,3
CUST_09515,29.0,Hyderabad,4.4,2,3069.58,1534.79,0.45,55,0.69,4,4,15.0,7,7.0,3,6,6,6
CUST_09516,29.0,Bengaluru,4.6,16,51824.84,3239.05,3.48,16,0.178,2,4,55.0,25,11.0,7,2,5,1
CUST_09517,41.0,Mumbai,3.0,6,7267.28,1211.21,2.0,12,0.752,3,4,44.0,11,24.0,19,16,12,3
CUST_09518,36.0,Pune,2.3,6,4636.5,772.75,2.61,53,0.37,0,3,14.0,6,6.0,5,7,2,4
CUST_09519,18.0,Delhi,5.6,8,16174.15,2021.77,1.43,13,0.956,4,7,43.0,21,21.0,7,11,9,2
CUST_09520,35.0,Mumbai,3.8,21,32749.93,1559.52,5.53,30,0.432,1,2,59.0,41,11.0,12,8,11,1
CUST_09521,37.0,Other,2.7,23,45244.56,1967.15,8.52,17,0.31,0,1,63.0,28,5.0,19,3,12,5
CUST_09522,31.0,Chennai,6.2,16,8236.93,514.81,2.58,6,0.974,0,5,48.0,24,22.0,7,15,8,0
CUST_09523,33.0,Chennai,2.7,9,22600.93,2511.21,3.33,32,0.592,4,5,11.0,4,1.0,1,1,2,1
CUST_09524,36.0,Hyderabad,,5,8894.19,1778.84,1.72,175,0.442,1,5,19.0,4,6.0,4,6,3,2
CUST_09525,42.0,Chennai,1.6,17,28528.0,1678.12,10.62,2,0.464,1,4,69.0,27,15.0,7,3,5,2
CUST_09526,18.0,Other,5.9,10,6708.38,670.84,1.69,15,0.921,1,2,41.0,17,20.0,9,13,14,5
CUST_09527,32.0,Delhi,2.7,14,40878.39,2919.88,5.19,365,0.72,0,5,10.0,2,3.0,2,1,2,2
CUST_09528,49.0,Kolkata,2.0,27,43667.5,1617.31,13.5,21,0.479,0,2,50.0,21,7.0,12,4,6,2
CUST_09529,48.0,Delhi,4.9,9,11431.82,1270.2,1.84,143,0.46,5,2,12.0,3,4.0,3,3,1,1
CUST_09530,43.0,Jaipur,1.5,4,5623.35,1405.84,2.67,144,0.217,0,5,7.0,4,2.0,2,4,1,1
CUST_09531,39.0,Jaipur,3.2,14,33007.38,2357.67,4.38,29,0.089,1,3,53.0,23,13.0,9,2,7,1
CUST_09532,51.0,Other,3.0,4,5313.08,1328.27,1.33,226,0.636,1,5,9.0,3,1.0,1,1,4,5
CUST_09533,53.0,Mumbai,,26,57747.85,2221.07,4.41,6,0.243,3,4,64.0,28,12.0,17,2,7,6
CUST_09534,33.0,Delhi,2.8,5,7538.25,1507.65,1.79,42,0.297,1,3,21.0,9,4.0,6,8,3,1
CUST_09535,24.0,Mumbai,5.5,21,38477.3,1832.25,3.82,3,0.302,1,4,65.0,41,15.0,11,4,7,3
CUST_09536,31.0,Bengaluru,3.7,14,14376.51,1026.89,3.78,18,0.642,1,4,37.0,27,23.0,12,10,9,6
CUST_09537,65.0,Bengaluru,2.4,3,4350.27,1450.09,1.25,44,0.325,1,3,18.0,12,5.0,5,5,5,1
CUST_09538,18.0,Pune,10.0,3,6552.07,2184.02,0.3,25,0.436,1,6,8.0,5,6.0,5,5,4,2
CUST_09539,29.0,Kolkata,3.1,21,59583.03,2837.29,6.77,9,0.167,0,2,47.0,31,13.0,15,2,10,1
CUST_09540,20.0,Pune,5.7,10,14035.05,1403.5,1.75,65,0.947,3,6,50.0,12,13.0,12,6,9,3
CUST_09541,35.0,Jaipur,2.5,17,41015.68,2412.69,6.8,18,0.443,0,2,44.0,23,11.0,8,7,9,1
CUST_09542,22.0,Mumbai,0.2,21,37752.64,1797.74,105.0,12,0.318,2,4,77.0,27,12.0,8,2,13,3
CUST_09543,33.0,Delhi,4.0,20,35866.4,1793.32,5.0,11,0.258,2,7,66.0,32,14.0,9,5,7,2
CUST_09544,18.0,Hyderabad,0.7,7,6501.23,928.75,10.0,45,0.826,1,5,38.0,19,20.0,9,18,15,3
CUST_09545,40.0,Hyderabad,2.6,28,54671.63,1952.56,10.77,7,0.404,1,5,70.0,36,9.0,16,10,12,3
CUST_09546,46.0,Mumbai,2.7,20,50002.43,2500.12,7.41,12,0.084,0,4,60.0,21,4.0,17,2,6,2
CUST_09547,30.0,Ahmedabad,0.6,17,31622.04,1860.12,28.33,5,0.176,3,5,54.0,23,16.0,17,4,7,2
CUST_09548,33.0,Hyderabad,3.0,17,39038.87,2296.4,5.67,27,0.219,2,4,69.0,22,20.0,13,4,9,4
CUST_09549,32.0,Jaipur,2.6,14,14779.85,1055.7,5.38,19,0.831,1,3,51.0,19,20.0,9,7,13,4
CUST_09550,36.0,Jaipur,2.3,8,18382.96,2297.87,3.48,165,0.648,3,4,9.0,2,2.0,1,2,2,1
CUST_09551,34.0,Hyderabad,2.0,13,28023.9,2155.68,6.5,3,0.272,0,5,51.0,26,13.0,17,4,4,4
CUST_09552,42.0,Other,2.5,8,12663.33,1582.92,3.2,176,0.743,2,1,12.0,7,2.0,0,4,1,1
CUST_09553,46.0,Ahmedabad,4.1,2,2489.94,1244.97,0.49,25,0.361,0,4,23.0,8,8.0,5,6,4,2
CUST_09554,26.0,Other,7.4,1,920.28,920.28,0.14,111,0.446,0,5,13.0,7,4.0,2,5,3,3
CUST_09555,31.0,Jaipur,3.7,7,7682.38,1097.48,1.89,61,0.306,1,2,8.0,10,5.0,2,7,2,5
CUST_09556,43.0,Ahmedabad,4.6,1,2309.78,2309.78,0.22,30,0.322,0,3,23.0,7,5.0,3,9,1,3
CUST_09557,20.0,Bengaluru,1.4,18,39089.87,2171.66,12.86,13,0.043,1,6,60.0,16,13.0,14,0,8,1
CUST_09558,18.0,Pune,8.2,7,7011.61,,0.85,23,0.717,4,5,29.0,15,24.0,13,9,11,1
CUST_09559,36.0,Other,0.9,2,2262.29,1131.14,2.22,25,0.148,1,3,,2,7.0,3,9,6,4
CUST_09560,39.0,Kolkata,5.3,7,6715.99,959.43,1.32,8,0.771,1,2,35.0,13,21.0,14,6,12,2
CUST_09561,27.0,Delhi,1.0,5,4892.44,978.49,5.0,110,0.433,0,1,17.0,7,2.0,5,6,2,4
CUST_09562,28.0,Delhi,,16,35713.04,2232.06,53.33,23,0.152,0,5,53.0,32,13.0,8,2,13,2
CUST_09563,26.0,Chennai,0.7,2,3350.59,1675.29,2.86,180,0.345,0,3,24.0,9,9.0,3,6,4,1
CUST_09564,25.0,Bengaluru,9.9,11,13536.93,1230.63,1.11,17,0.776,3,1,38.0,21,29.0,10,10,12,3
CUST_09565,41.0,Mumbai,2.2,41,61471.12,1499.3,18.64,7,0.289,0,4,59.0,32,8.0,23,5,8,4
CUST_09566,22.0,Mumbai,3.8,28,63660.78,2273.6,7.37,23,0.224,3,2,67.0,28,7.0,13,6,10,3
CUST_09567,31.0,Kolkata,2.4,4,6791.39,1697.85,1.67,52,0.343,1,2,24.0,6,11.0,4,7,3,2
CUST_09568,25.0,Delhi,1.2,9,14676.27,1630.7,7.5,91,0.573,2,3,11.0,2,1.0,1,0,5,4
CUST_09569,19.0,Bengaluru,4.6,11,12790.6,1162.78,2.39,16,0.941,1,1,51.0,14,17.0,13,11,17,3
CUST_09570,43.0,Kolkata,3.4,2,5085.19,2542.59,0.59,42,0.173,0,6,22.0,11,7.0,3,14,2,4
CUST_09571,29.0,Kolkata,2.2,23,45883.78,1994.95,10.45,1,0.495,3,2,86.0,26,13.0,8,3,12,3
CUST_09572,36.0,Mumbai,2.5,22,45140.29,2051.83,8.8,27,0.206,0,3,58.0,36,12.0,14,6,12,0
CUST_09573,19.0,Mumbai,1.3,14,19624.78,1401.77,10.77,26,0.193,3,4,45.0,28,15.0,18,5,2,1
CUST_09574,27.0,Hyderabad,5.2,15,49586.8,3305.79,2.88,5,0.102,0,4,59.0,14,12.0,14,4,12,2
CUST_09575,42.0,Kolkata,2.2,23,48316.42,2100.71,10.45,7,0.458,2,3,68.0,30,10.0,15,4,4,3
CUST_09576,60.0,Mumbai,3.5,26,43151.85,1659.69,7.43,33,0.317,1,3,62.0,22,7.0,19,5,12,3
CUST_09577,18.0,Delhi,1.5,2,3374.18,1687.09,1.33,92,0.508,0,2,,11,5.0,5,2,2,2
CUST_09578,32.0,Jaipur,0.7,6,3810.65,635.11,8.57,165,0.335,0,3,13.0,8,5.0,9,1,3,4
CUST_09579,38.0,Other,3.4,27,68624.35,2541.64,7.94,13,0.275,0,5,63.0,36,17.0,14,3,8,6
CUST_09580,28.0,Bengaluru,3.3,29,59103.56,2038.05,8.79,6,0.102,1,4,70.0,34,17.0,18,3,8,3
CUST_09581,42.0,Mumbai,3.0,25,51969.76,2078.79,8.33,4,0.29,2,4,56.0,35,16.0,15,6,11,3
CUST_09582,25.0,Pune,4.1,8,13350.77,1668.85,1.95,75,0.825,3,5,48.0,21,23.0,13,12,8,3
CUST_09583,36.0,Pune,2.1,11,24820.17,2256.38,5.24,15,0.14,2,3,55.0,28,16.0,16,5,7,5
CUST_09584,29.0,Pune,2.1,16,40452.46,2528.28,7.62,7,0.07,1,3,47.0,33,14.0,14,3,4,3
CUST_09585,46.0,Bengaluru,8.0,11,14808.89,1346.26,1.38,157,0.712,5,1,,6,1.0,0,2,0,0
CUST_09586,27.0,Hyderabad,1.7,1,1073.52,1073.52,0.59,23,0.628,2,3,,5,4.0,2,3,3,3
CUST_09587,30.0,Mumbai,2.3,21,58096.56,2766.5,9.13,42,0.307,0,4,52.0,34,9.0,8,5,10,3
CUST_09588,43.0,Jaipur,5.2,19,41260.41,2171.6,3.65,5,0.211,3,6,43.0,32,,22,7,9,4
CUST_09589,24.0,Hyderabad,4.4,31,52367.35,1689.27,7.05,8,0.636,2,3,66.0,39,9.0,10,2,10,5
CUST_09590,35.0,Hyderabad,2.7,5,4239.57,847.91,1.85,101,0.555,0,6,19.0,4,5.0,3,4,2,4
CUST_09591,18.0,Other,2.4,11,16791.47,1526.5,4.58,22,0.773,2,1,49.0,17,,10,12,8,4
CUST_09592,23.0,Hyderabad,1.9,28,74387.29,2656.69,14.74,16,0.198,1,7,51.0,28,15.0,12,2,4,0
CUST_09593,38.0,Other,4.2,5,7120.79,1424.16,1.19,29,0.335,0,5,21.0,4,6.0,5,3,4,3
CUST_09594,24.0,Delhi,3.6,30,46142.94,1538.1,8.33,14,0.176,2,6,69.0,47,13.0,19,4,6,4
CUST_09595,29.0,Pune,1.3,25,38334.13,1533.37,19.23,9,0.125,2,2,65.0,36,14.0,17,2,15,5
CUST_09596,39.0,Bengaluru,4.1,25,43168.64,1726.75,6.1,4,0.362,1,6,60.0,39,12.0,17,3,9,5
CUST_09597,28.0,Bengaluru,4.2,9,6616.21,735.13,2.14,20,0.921,1,2,44.0,20,22.0,19,7,12,5
CUST_09598,42.0,Pune,3.0,42,84551.38,2013.1280952380953,7.0,29,0.24,3,4,57.0,22,14.0,14,3,7,0
CUST_09599,36.0,Chennai,2.7,20,37152.5,1857.62,7.41,19,0.277,1,4,45.0,35,10.0,10,5,5,2
CUST_09600,38.0,Mumbai,9.1,17,35816.83,2106.87,1.87,13,0.123,2,7,79.0,41,9.0,18,3,12,2
CUST_09601,46.0,Chennai,2.7,23,51347.37,2232.49,8.52,8,0.231,0,4,66.0,26,12.0,11,6,9,2
CUST_09602,37.0,Bengaluru,2.3,7,12506.57,1786.65,3.04,71,0.38,1,1,19.0,8,8.0,6,2,4,4
CUST_09603,49.0,Chennai,3.8,16,49546.92,3096.68,4.21,2,0.425,3,5,60.0,33,16.0,9,5,10,2
CUST_09604,43.0,Bengaluru,,17,39146.25,2302.72,8.95,2,0.218,0,3,69.0,19,19.0,5,2,17,2
CUST_09605,29.0,Other,3.1,4,8306.44,2076.61,1.29,58,0.261,1,6,17.0,6,4.0,5,4,7,6
CUST_09606,47.0,Delhi,3.9,3,5268.18,1756.06,0.77,57,0.748,1,3,16.0,7,7.0,4,5,1,5
CUST_09607,37.0,Other,8.1,5,10649.49,2129.9,0.62,79,0.365,1,4,17.0,6,7.0,2,4,2,2
CUST_09608,30.0,Mumbai,3.1,13,13962.12,1074.01,4.19,20,0.731,5,3,51.0,14,21.0,11,10,9,1
CUST_09609,37.0,Chennai,4.1,32,63148.53,1973.39,7.8,3,0.22,0,3,72.0,29,18.0,12,4,13,2
CUST_09610,45.0,Bengaluru,2.1,3,5219.46,1739.82,1.43,155,0.289,0,6,18.0,8,7.0,4,5,2,2
CUST_09611,39.0,Ahmedabad,4.6,3,2392.47,797.49,0.65,92,0.383,1,5,22.0,6,4.0,8,4,3,0
CUST_09612,52.0,Ahmedabad,4.9,18,32918.16,1828.79,3.67,14,0.027,0,2,73.0,30,11.0,15,4,13,2
CUST_09613,45.0,Ahmedabad,4.8,11,28464.95,2587.72,2.29,85,0.474,4,3,11.0,4,3.0,2,1,3,5
CUST_09614,39.0,Mumbai,2.9,19,47189.67,2483.67,6.55,39,0.076,1,5,59.0,26,10.0,9,3,11,3
CUST_09615,24.0,Ahmedabad,3.1,7,10531.28,,2.26,74,0.284,1,5,13.0,3,4.0,5,3,0,2
CUST_09616,32.0,Pune,3.0,8,8948.04,1118.5,2.67,113,0.435,0,4,10.0,5,4.0,2,6,2,4
CUST_09617,35.0,Mumbai,1.3,3,3069.14,1023.05,2.31,94,0.262,0,5,13.0,6,3.0,6,4,6,1
CUST_09618,41.0,Pune,3.9,5,6883.67,1376.73,1.28,56,0.589,3,5,8.0,4,1.0,0,5,1,4
CUST_09619,40.0,Bengaluru,1.2,4,5154.68,1288.67,3.33,34,0.262,0,3,21.0,6,8.0,5,3,2,5
CUST_09620,36.0,Kolkata,3.2,16,55388.03,3461.75,5.0,12,0.23,2,3,49.0,32,16.0,8,3,8,2
CUST_09621,35.0,Pune,2.8,5,6388.85,1277.77,1.79,48,0.97,2,5,31.0,16,21.0,17,10,10,3
CUST_09622,41.0,Mumbai,5.6,11,39929.89,3629.99,1.96,1,0.083,0,6,68.0,15,15.0,8,2,6,1
CUST_09623,25.0,Chennai,2.7,27,63426.1,2349.11,10.0,11,0.09,1,5,49.0,36,11.0,14,5,6,2
CUST_09624,51.0,Other,7.0,4,5502.37,1375.59,0.57,22,0.283,2,2,13.0,10,9.0,4,6,1,2
CUST_09625,18.0,Hyderabad,2.5,22,32712.3,1486.92,8.8,11,0.536,1,3,66.0,35,12.0,13,1,11,4
CUST_09626,49.0,Chennai,1.2,32,68273.51,2133.55,26.67,10,0.398,3,4,61.0,35,11.0,10,3,13,6
CUST_09627,34.0,Hyderabad,0.5,14,14487.4,,28.0,58,0.827,4,6,48.0,19,14.0,22,13,13,2
CUST_09628,44.0,Ahmedabad,7.3,9,15993.33,1777.04,1.23,58,0.401,0,5,13.0,5,2.0,1,2,2,2
CUST_09629,38.0,Other,1.1,18,57129.57,3173.87,16.36,5,0.322,0,1,57.0,34,14.0,7,1,10,0
CUST_09630,37.0,Hyderabad,2.9,19,44002.33,2315.91,6.55,24,0.117,0,3,70.0,18,9.0,22,5,7,4
CUST_09631,40.0,Bengaluru,1.4,13,29453.08,2265.62,9.29,28,0.303,1,4,48.0,20,10.0,12,3,10,1
CUST_09632,42.0,Jaipur,4.8,6,9481.12,,1.25,44,0.414,0,5,22.0,6,7.0,4,6,2,4
CUST_09633,31.0,Other,2.6,15,35810.88,2387.39,5.77,19,0.083,0,4,62.0,32,18.0,9,4,16,3
CUST_09634,44.0,Mumbai,0.2,5,9205.83,1841.17,25.0,51,0.413,2,3,14.0,7,6.0,5,5,4,5
CUST_09635,23.0,Hyderabad,7.2,24,39430.69,1642.95,3.33,25,0.469,1,5,70.0,30,10.0,18,3,11,1
CUST_09636,34.0,Ahmedabad,1.7,13,28734.18,2210.32,7.65,3,0.425,1,3,56.0,28,10.0,16,4,8,3
CUST_09637,42.0,Hyderabad,3.0,8,8890.28,1111.28,2.67,30,0.517,1,4,10.0,3,4.0,2,4,1,3
CUST_09638,44.0,Delhi,2.8,8,19849.86,2481.23,2.86,10,0.323,1,4,45.0,23,16.0,14,6,8,2
CUST_09639,39.0,Chennai,1.1,26,59700.88,2296.19,23.64,30,0.342,0,4,71.0,26,10.0,18,1,7,3
CUST_09640,30.0,Pune,5.1,24,68809.1,2867.05,4.71,4,0.396,2,4,65.0,27,6.0,19,3,9,3
CUST_09641,,Delhi,1.1,8,5142.69,642.84,7.27,13,0.964,1,3,47.0,24,17.0,12,14,13,4
CUST_09642,27.0,Other,7.3,8,7167.25,895.91,1.1,13,0.9,5,3,37.0,27,21.0,14,7,9,3
CUST_09643,52.0,Chennai,3.1,32,63779.11,1993.1,10.32,32,0.596,2,2,56.0,31,9.0,20,9,5,2
CUST_09644,33.0,Jaipur,2.4,17,28221.96,1660.12,7.08,10,0.427,0,5,65.0,29,18.0,19,4,10,3
CUST_09645,19.0,Ahmedabad,2.8,26,32180.46,1237.71,9.29,5,0.149,0,6,74.0,38,10.0,20,5,9,3
CUST_09646,22.0,Chennai,2.3,5,6237.29,1247.46,2.17,47,0.458,0,3,23.0,8,10.0,1,6,4,4
CUST_09647,34.0,Ahmedabad,3.6,5,8045.65,1609.13,1.39,112,0.436,0,3,17.0,4,8.0,6,1,5,2
CUST_09648,35.0,Delhi,1.2,9,9692.17,1076.91,7.5,44,0.755,0,1,44.0,27,21.0,18,9,9,4
CUST_09649,54.0,Chennai,7.6,12,8912.59,742.72,1.58,17,0.598,0,5,46.0,22,,4,9,10,2
CUST_09650,24.0,Hyderabad,2.8,27,51254.7,1898.32,9.64,10,0.315,1,3,79.0,28,9.0,14,4,12,2
CUST_09651,34.0,Hyderabad,3.0,25,52076.75,2083.07,8.33,11,0.256,2,2,63.0,32,14.0,16,5,12,5
CUST_09652,23.0,Mumbai,2.2,15,31241.89,2082.79,6.82,21,0.344,1,5,46.0,24,14.0,18,1,6,1
CUST_09653,29.0,Pune,3.8,30,65665.15,2188.84,7.89,11,0.285,0,2,62.0,34,10.0,15,3,13,2
CUST_09654,51.0,Delhi,3.9,26,77306.06,2973.31,6.67,7,0.157,2,3,67.0,28,13.0,10,3,11,2
CUST_09655,,Hyderabad,4.1,4,4921.29,1230.32,0.98,59,0.954,1,5,51.0,20,21.0,11,13,21,4
CUST_09656,40.0,Other,1.2,9,5098.21,566.47,7.5,30,0.852,4,4,45.0,19,16.0,12,12,8,4
CUST_09657,38.0,Other,0.9,8,7322.16,915.27,8.89,288,0.274,4,5,9.0,5,2.0,4,1,2,2
CUST_09658,34.0,Pune,5.5,19,50439.0,2654.68,3.45,3,0.52,1,2,61.0,30,17.0,10,4,4,5
CUST_09659,39.0,Delhi,6.5,2,3013.85,1506.93,0.31,44,0.286,1,2,10.0,10,8.0,6,4,4,6
CUST_09660,22.0,Mumbai,1.3,2,3743.35,1871.68,1.54,180,0.339,1,3,19.0,4,8.0,8,2,3,1
CUST_09661,51.0,Delhi,1.7,8,5642.35,705.29,4.71,21,0.498,2,2,41.0,19,16.0,15,6,8,4
CUST_09662,53.0,Ahmedabad,0.8,15,28663.45,1910.9,18.75,8,0.326,3,3,68.0,32,11.0,6,3,11,3
CUST_09663,34.0,Other,3.5,19,35061.52,1845.34,5.43,9,0.217,4,2,57.0,30,12.0,16,1,12,1
CUST_09664,58.0,Pune,2.1,27,68901.58,2551.91,12.86,7,0.356,0,4,56.0,32,12.0,10,3,9,5
CUST_09665,30.0,Pune,1.1,25,42609.52,1704.38,22.73,8,0.158,1,2,72.0,45,7.0,16,5,3,1
CUST_09666,38.0,Pune,0.6,2,2954.05,1477.02,3.33,7,0.209,0,2,12.0,8,9.0,4,4,3,2
CUST_09667,48.0,Delhi,1.7,12,28510.63,2375.89,7.06,5,0.281,0,5,53.0,27,10.0,8,2,9,0
CUST_09668,29.0,Ahmedabad,2.4,23,48825.91,2122.87,9.58,9,0.428,2,6,65.0,26,9.0,15,2,9,2
CUST_09669,20.0,Chennai,0.8,4,3632.96,908.24,5.0,60,0.317,0,3,15.0,5,6.0,8,5,4,2
CUST_09670,18.0,Ahmedabad,1.3,2,3384.93,1692.46,1.54,52,0.366,2,4,19.0,9,11.0,6,6,4,4
CUST_09671,,Hyderabad,7.0,13,13028.47,1002.19,1.86,6,0.832,1,1,45.0,10,21.0,17,10,16,6
CUST_09672,29.0,Pune,0.9,8,15254.92,1906.87,8.89,55,0.261,3,4,16.0,15,4.0,3,6,0,3
CUST_09673,32.0,Pune,1.8,26,59222.33,2277.78,14.44,5,0.194,1,3,69.0,28,9.0,18,5,8,3
CUST_09674,23.0,Mumbai,1.8,16,30425.97,1901.62,8.89,2,0.067,1,4,67.0,29,22.0,5,1,5,4
CUST_09675,43.0,Ahmedabad,4.7,22,35889.78,1631.35,4.68,9,0.253,3,3,64.0,29,10.0,18,5,13,1
CUST_09676,26.0,Ahmedabad,0.3,7,7880.08,,23.33,18,0.885,1,3,34.0,15,15.0,14,15,4,2
CUST_09677,29.0,Kolkata,4.5,7,12805.93,1829.42,1.56,204,0.628,3,3,10.0,4,4.0,1,1,1,5
CUST_09678,37.0,Mumbai,9.9,20,46040.21,2302.01,2.02,40,0.161,2,3,35.0,30,11.0,14,2,9,4
CUST_09679,23.0,Kolkata,2.9,9,11552.79,1283.64,3.1,24,0.915,1,3,35.0,23,16.0,14,4,13,2
CUST_09680,32.0,Mumbai,4.7,16,28497.34,1781.08,3.4,2,0.263,2,2,72.0,28,8.0,13,2,7,3
CUST_09681,48.0,Mumbai,5.6,14,10789.97,770.71,2.5,37,0.932,2,5,46.0,19,24.0,12,14,14,2
CUST_09682,38.0,Bengaluru,2.7,16,37724.48,2357.78,5.93,6,0.039,1,2,52.0,21,9.0,10,2,6,0
CUST_09683,35.0,Bengaluru,1.6,29,66723.55,2300.81,18.12,9,0.301,1,4,61.0,36,15.0,16,5,10,4
CUST_09684,36.0,Ahmedabad,2.5,5,9641.04,1928.21,2.0,43,0.46,1,6,18.0,9,7.0,7,3,3,3
CUST_09685,30.0,Chennai,4.0,9,8929.21,992.13,2.25,27,0.939,4,4,56.0,15,14.0,16,11,16,1
CUST_09686,54.0,Mumbai,1.8,11,9685.77,880.52,6.11,17,0.844,1,2,48.0,16,17.0,16,10,9,2
CUST_09687,26.0,Pune,0.2,33,68928.71,2088.75,165.0,26,0.48,2,1,64.0,36,6.0,12,4,13,3
CUST_09688,36.0,Delhi,1.3,27,34982.67,1295.65,20.77,16,0.249,2,5,52.0,37,4.0,19,3,7,1
CUST_09689,35.0,Mumbai,3.2,22,24135.27,1097.06,6.88,8,0.467,1,4,62.0,37,16.0,9,3,5,2
CUST_09690,44.0,Delhi,3.1,4,9250.42,2312.6,1.29,180,0.256,1,4,16.0,12,5.0,3,3,6,3
CUST_09691,45.0,Kolkata,1.2,4,8177.02,2044.25,3.33,108,0.279,1,4,8.0,1,4.0,0,6,4,3
CUST_09692,34.0,Pune,1.8,20,39685.53,1984.28,11.11,13,0.185,1,4,59.0,39,7.0,17,2,10,3
CUST_09693,37.0,Ahmedabad,0.6,26,35874.2,1379.78,43.33,35,0.245,2,5,61.0,28,13.0,11,6,8,0
CUST_09694,37.0,Bengaluru,2.3,4,3954.54,988.64,1.74,180,0.349,0,4,14.0,11,9.0,5,7,4,0
CUST_09695,18.0,Delhi,1.9,21,41949.06,1997.57,11.05,5,0.308,0,3,70.0,27,9.0,11,2,7,3
CUST_09696,18.0,Bengaluru,2.1,11,9761.0,887.36,5.24,39,0.792,2,2,46.0,24,20.0,17,12,18,3
CUST_09697,28.0,Chennai,9.6,26,61085.71,2349.45,2.71,29,0.287,3,1,58.0,38,11.0,16,5,8,3
CUST_09698,28.0,Bengaluru,2.9,1,1506.79,1506.79,0.34,28,0.481,2,5,11.0,5,9.0,4,4,1,2
CUST_09699,22.0,Mumbai,0.9,15,18424.57,1228.3,16.67,36,0.814,2,3,39.0,23,19.0,12,8,11,4
CUST_09700,41.0,Other,3.4,1,1186.89,1186.89,0.29,131,0.407,2,1,14.0,8,3.0,2,8,5,5
CUST_09701,34.0,Mumbai,2.1,4,3148.43,787.11,1.9,13,0.136,0,3,11.0,10,4.0,4,4,1,3
CUST_09702,32.0,Other,1.5,28,60327.71,2154.56,18.67,20,0.384,1,4,64.0,33,8.0,17,3,7,4
CUST_09703,21.0,Mumbai,2.5,4,2475.99,619.0,1.6,43,0.6,0,4,14.0,11,2.0,9,5,1,4
CUST_09704,34.0,Kolkata,6.3,4,7215.36,1803.84,0.63,99,0.335,2,5,16.0,6,10.0,2,5,5,2
CUST_09705,18.0,Hyderabad,0.6,23,44546.64,1936.81,38.33,10,0.245,3,6,71.0,38,9.0,8,5,5,3
CUST_09706,32.0,Bengaluru,0.3,22,42560.58,1934.57,73.33,2,0.084,1,6,64.0,33,10.0,10,0,7,3
CUST_09707,35.0,Mumbai,1.5,15,32734.59,2182.31,10.0,13,0.569,2,4,49.0,25,15.0,9,3,10,0
CUST_09708,36.0,Pune,2.3,11,14061.7,1278.34,4.78,64,0.697,3,6,45.0,18,18.0,11,20,6,3
CUST_09709,18.0,Kolkata,2.0,18,34153.66,1897.43,9.0,21,0.4,0,1,58.0,42,12.0,11,4,13,4
CUST_09710,36.0,Jaipur,2.0,11,15867.11,1442.46,5.5,45,0.775,1,6,50.0,20,17.0,18,10,7,0
CUST_09711,24.0,Bengaluru,1.6,18,45049.98,2502.78,11.25,11,0.309,0,3,67.0,22,14.0,8,7,9,4
CUST_09712,26.0,Delhi,5.0,6,7913.43,1318.91,1.2,58,0.553,0,3,7.0,5,1.0,1,0,0,3
CUST_09713,41.0,Mumbai,3.1,29,58833.02,2028.72,9.35,5,0.298,4,2,63.0,39,14.0,13,4,9,2
CUST_09714,54.0,Chennai,5.6,22,43573.93,1980.63,3.93,5,0.217,4,3,63.0,24,16.0,15,4,11,2
CUST_09715,35.0,Pune,0.4,14,15501.62,1107.26,35.0,18,0.859,5,6,52.0,24,21.0,17,12,17,3
CUST_09716,26.0,Mumbai,1.9,12,7702.96,641.91,6.32,9,0.697,2,3,37.0,22,26.0,15,12,10,3
CUST_09717,36.0,Chennai,2.9,29,63870.91,2202.45,10.0,30,0.425,2,3,70.0,34,16.0,17,4,7,0
CUST_09718,43.0,Bengaluru,0.9,23,35330.6,1536.11,25.56,4,0.126,2,3,70.0,38,10.0,13,6,7,4
CUST_09719,40.0,Mumbai,2.1,22,62397.38,2836.24,10.48,25,0.213,1,4,51.0,27,15.0,16,0,10,2
CUST_09720,61.0,Mumbai,3.6,5,8372.53,1674.51,1.39,123,0.236,0,4,15.0,8,5.0,8,3,2,0
CUST_09721,27.0,Chennai,6.7,3,3412.96,1137.65,0.45,20,0.587,1,5,12.0,9,5.0,3,4,2,1
CUST_09722,37.0,Mumbai,6.6,7,9585.35,1369.34,1.06,37,0.729,2,2,60.0,14,15.0,11,13,15,2
CUST_09723,49.0,Jaipur,6.0,6,7299.86,1216.64,1.0,24,0.637,1,3,14.0,2,10.0,8,6,1,4
CUST_09724,49.0,Delhi,7.2,7,9365.37,1337.91,0.97,97,0.383,0,2,17.0,6,8.0,1,10,5,1
CUST_09725,18.0,Mumbai,0.2,17,51976.24,3057.43,85.0,11,0.343,0,2,49.0,19,16.0,9,0,9,1
CUST_09726,34.0,Kolkata,0.5,7,6592.46,941.78,14.0,71,0.456,3,5,9.0,6,2.0,1,2,0,1
CUST_09727,49.0,Bengaluru,1.9,4,7440.9,1860.22,2.11,54,0.49,0,2,27.0,5,5.0,4,4,2,7
CUST_09728,63.0,Delhi,1.0,18,27789.45,1543.86,18.0,35,0.321,2,4,75.0,33,12.0,10,7,10,2
CUST_09729,41.0,Delhi,3.2,24,49832.88,2076.37,7.5,6,0.055,1,3,49.0,28,8.0,12,7,6,2
CUST_09730,30.0,Mumbai,9.0,16,38798.99,2424.94,1.78,16,0.106,1,4,54.0,31,12.0,13,4,11,1
CUST_09731,24.0,Chennai,0.4,15,37156.06,2477.07,37.5,17,0.348,0,4,52.0,27,13.0,12,1,7,4
CUST_09732,56.0,Delhi,1.6,4,4838.25,1209.56,2.5,46,0.508,1,5,20.0,9,13.0,8,4,2,2
CUST_09733,41.0,Kolkata,2.3,13,3250.0,250.0,5.65,55,0.613,1,6,34.0,15,19.0,20,13,12,1
CUST_09734,26.0,Hyderabad,0.6,2,2158.03,1079.02,3.33,115,0.222,0,4,21.0,6,4.0,5,2,4,2
CUST_09735,32.0,Chennai,4.3,7,11522.54,1646.08,1.63,125,0.186,3,3,22.0,7,8.0,5,3,5,1
CUST_09736,37.0,Ahmedabad,2.6,7,7127.32,1018.19,2.69,3,0.924,1,5,52.0,21,21.0,12,9,9,5
CUST_09737,39.0,Chennai,1.8,3,5188.34,1729.45,1.67,81,0.441,0,3,23.0,10,4.0,5,5,3,2
CUST_09738,25.0,Bengaluru,3.5,12,30012.56,2501.05,3.43,9,0.504,0,6,77.0,26,14.0,12,6,9,2
CUST_09739,28.0,Delhi,4.7,20,36072.62,1803.63,4.26,18,0.3,1,4,68.0,36,14.0,14,7,14,3
CUST_09740,18.0,Mumbai,3.0,2,859.52,429.76,0.67,84,0.261,3,4,19.0,6,7.0,9,2,3,3
CUST_09741,44.0,Kolkata,3.1,18,44397.72,2466.54,5.81,33,0.099,0,6,50.0,24,9.0,15,3,5,0
CUST_09742,31.0,Kolkata,2.6,13,26188.97,2014.54,5.0,6,0.128,2,3,54.0,26,13.0,10,2,7,3
CUST_09743,39.0,Pune,3.2,7,10017.35,1431.05,2.19,119,0.389,3,3,13.0,5,4.0,1,1,1,5
CUST_09744,48.0,Jaipur,5.4,3,4217.05,1405.68,0.56,49,0.151,0,4,17.0,8,6.0,5,9,2,1
CUST_09745,36.0,Hyderabad,9.3,38,58170.44,1530.8,4.09,2,0.27,1,4,57.0,29,14.0,14,4,10,2
CUST_09746,33.0,Bengaluru,10.0,4,6189.21,1547.3,0.4,111,0.652,1,1,20.0,8,4.0,5,6,5,3
CUST_09747,36.0,Mumbai,3.1,2,2953.16,1476.58,0.65,179,0.146,2,2,18.0,5,9.0,5,4,4,2
CUST_09748,35.0,Delhi,3.1,24,40538.77,1689.12,7.74,22,0.288,2,4,57.0,36,12.0,16,8,12,2
CUST_09749,46.0,Chennai,5.7,13,36887.09,2837.47,2.28,15,0.174,2,3,56.0,29,16.0,15,1,7,5
CUST_09750,37.0,Mumbai,1.2,5,9047.0,1809.4,4.17,89,0.57,1,4,11.0,5,4.0,1,2,3,1
CUST_09751,29.0,Bengaluru,7.8,28,40122.43,1432.94,3.59,13,0.27,0,1,59.0,36,11.0,14,2,12,3
CUST_09752,44.0,Other,2.9,17,41530.22,2442.95,5.86,1,0.148,1,6,42.0,28,13.0,9,5,10,3
CUST_09753,46.0,Kolkata,0.8,10,14300.83,1430.08,12.5,8,0.751,3,5,50.0,24,24.0,13,12,11,1
CUST_09754,21.0,Hyderabad,0.5,3,6166.9,2055.63,6.0,45,0.331,0,8,16.0,6,3.0,7,6,2,3
CUST_09755,49.0,Hyderabad,1.6,21,43206.92,2057.47,13.12,33,0.188,2,2,70.0,31,12.0,16,4,5,1
CUST_09756,38.0,Mumbai,1.9,26,38026.48,1462.56,13.68,8,0.141,1,5,68.0,36,11.0,13,6,7,3
CUST_09757,37.0,Other,3.1,25,42296.21,1691.85,8.06,9,0.21,0,4,69.0,29,,16,1,10,7
CUST_09758,44.0,Other,6.0,7,11859.98,1694.28,1.17,178,0.657,2,6,10.0,2,5.0,4,1,5,4
CUST_09759,28.0,Chennai,3.6,21,54946.5,2616.5,5.83,25,0.483,0,3,45.0,21,15.0,15,3,12,3
CUST_09760,44.0,Mumbai,4.8,9,7974.87,886.1,1.88,29,0.96,1,5,48.0,25,23.0,11,11,17,0
CUST_09761,30.0,Pune,4.1,4,8814.86,2203.72,0.98,270,0.321,1,4,13.0,5,2.0,1,2,2,2
CUST_09762,19.0,Pune,0.8,17,44875.62,2639.74,21.25,3,0.176,1,3,63.0,29,11.0,11,3,14,3
CUST_09763,24.0,Bengaluru,2.4,13,25352.42,1950.19,5.42,76,0.548,3,3,13.0,5,3.0,3,1,1,5
CUST_09764,40.0,Pune,1.0,8,12122.24,1515.28,8.0,205,0.459,2,3,13.0,3,3.0,2,1,1,2
CUST_09765,25.0,Chennai,2.6,16,26477.14,1654.82,6.15,70,0.198,2,4,13.0,1,1.0,1,0,2,1
CUST_09766,50.0,Hyderabad,2.3,29,46575.46,1606.05,12.61,13,0.537,2,3,64.0,33,9.0,16,6,11,4
CUST_09767,46.0,Mumbai,2.1,4,3784.11,946.03,1.9,26,0.682,1,3,20.0,11,2.0,7,3,6,1
CUST_09768,47.0,Kolkata,5.8,6,7352.53,1225.42,1.03,46,0.646,1,2,20.0,9,10.0,3,2,2,1
CUST_09769,35.0,Pune,3.4,6,7250.8,1208.47,1.76,278,0.154,2,4,4.0,2,4.0,0,5,4,6
CUST_09770,37.0,Ahmedabad,7.2,24,55123.62,2296.82,3.33,13,0.359,0,3,54.0,17,11.0,12,2,9,2
CUST_09771,22.0,Delhi,2.0,9,13568.11,1507.57,4.5,127,0.625,0,2,19.0,8,12.0,4,5,4,2
CUST_09772,44.0,Delhi,1.4,26,49241.45,1893.9,18.57,15,0.245,0,1,69.0,36,8.0,14,4,14,2
CUST_09773,38.0,Mumbai,1.0,26,77539.07,2982.27,26.0,10,0.14,1,2,56.0,20,12.0,11,2,13,1
CUST_09774,40.0,Other,5.0,27,64503.52,2389.02,5.4,5,0.452,2,2,61.0,21,13.0,13,2,10,2
CUST_09775,51.0,Hyderabad,1.8,3,5229.51,1743.17,1.67,30,0.628,0,5,20.0,8,5.0,6,4,0,2
CUST_09776,28.0,Bengaluru,2.6,11,4904.7,445.88,4.23,28,0.947,4,3,45.0,11,18.0,4,9,9,1
CUST_09777,33.0,Mumbai,0.4,14,18157.47,1296.96,35.0,13,0.762,0,3,46.0,21,14.0,14,7,10,3
CUST_09778,37.0,Chennai,6.7,9,15812.89,1756.99,1.34,53,0.72,4,3,12.0,6,4.0,1,2,0,3
CUST_09779,25.0,Delhi,4.9,25,41904.39,1676.18,5.1,15,0.321,0,1,69.0,24,12.0,22,7,12,3
CUST_09780,32.0,Other,0.8,8,9199.48,1149.94,10.0,39,0.966,4,3,42.0,24,19.0,8,4,15,1
CUST_09781,39.0,Other,4.0,19,26462.39,1392.76,4.75,2,0.49,0,3,64.0,27,15.0,17,2,6,0
CUST_09782,31.0,Kolkata,3.1,32,55579.1,1736.85,10.32,8,0.282,1,3,66.0,24,15.0,16,4,9,2
CUST_09783,47.0,Other,6.9,6,4761.6,793.6,0.87,61,0.318,1,4,21.0,5,10.0,0,5,5,1
CUST_09784,19.0,Mumbai,2.0,10,21889.75,2188.97,5.0,228,0.581,1,3,16.0,2,2.0,5,3,4,3
CUST_09785,45.0,Pune,2.9,14,20455.38,1461.1,4.83,65,0.87,0,4,48.0,13,13.0,12,10,12,2
CUST_09786,41.0,Pune,6.5,3,6317.24,2105.75,0.46,78,0.371,0,1,11.0,6,2.0,8,9,2,1
CUST_09787,28.0,Mumbai,2.6,23,54608.67,2374.29,8.85,13,0.097,1,3,48.0,20,22.0,5,3,10,4
CUST_09788,25.0,Other,3.0,25,53225.01,2129.0,8.33,20,0.182,1,3,60.0,42,9.0,12,2,16,0
CUST_09789,18.0,Mumbai,3.1,10,11927.05,1192.7,3.23,28,0.919,4,4,46.0,18,26.0,13,7,10,3
CUST_09790,26.0,Jaipur,6.2,26,69791.03,2684.27,4.19,11,0.071,0,5,51.0,35,17.0,15,3,13,2
CUST_09791,44.0,Kolkata,1.4,32,78834.48,2463.58,22.86,6,0.173,1,6,70.0,33,8.0,17,3,8,4
CUST_09792,33.0,Delhi,7.0,10,9836.8,983.68,1.43,36,0.929,3,4,47.0,16,20.0,14,8,10,4
CUST_09793,46.0,Mumbai,3.1,14,37066.06,2647.58,4.52,13,0.42,2,4,48.0,22,17.0,15,5,8,2
CUST_09794,28.0,Mumbai,10.0,23,30832.99,1340.56,2.3,41,0.578,5,4,55.0,32,12.0,16,4,8,4
CUST_09795,41.0,Pune,8.0,7,7996.15,1142.31,0.88,25,0.914,0,5,48.0,17,26.0,25,7,13,4
CUST_09796,27.0,Bengaluru,3.2,7,11553.48,1650.5,2.19,12,0.654,1,6,45.0,17,21.0,15,3,13,2
CUST_09797,24.0,Bengaluru,2.6,10,8099.44,809.94,3.85,223,0.528,2,3,13.0,3,1.0,2,1,1,8
CUST_09798,33.0,Hyderabad,1.7,3,4138.3,1379.43,1.76,16,0.414,1,2,13.0,3,3.0,9,7,5,2
CUST_09799,27.0,Kolkata,2.3,22,34526.97,1569.41,9.57,24,0.44,2,3,65.0,32,10.0,18,2,3,4
CUST_09800,19.0,Delhi,0.9,10,21575.24,2157.52,11.11,65,0.537,4,4,10.0,2,3.0,3,1,3,6
CUST_09801,32.0,Mumbai,0.3,4,5648.01,1412.0,13.33,99,0.57,1,4,16.0,6,,3,4,4,2
CUST_09802,35.0,Ahmedabad,7.3,19,38141.02,2007.42,2.6,12,0.127,0,3,76.0,34,16.0,14,4,10,2
CUST_09803,47.0,Delhi,3.6,17,46386.83,2728.64,4.72,13,0.572,1,4,61.0,27,19.0,11,3,6,1
CUST_09804,43.0,Delhi,4.2,6,8679.14,1446.52,1.43,27,0.366,0,4,23.0,7,12.0,7,3,0,6
CUST_09805,46.0,Kolkata,2.6,13,13171.04,1013.16,5.0,8,0.727,1,2,41.0,10,10.0,9,4,7,1
CUST_09806,41.0,Other,1.9,6,8618.18,1436.36,3.16,83,0.46,3,5,17.0,7,5.0,4,2,2,2
CUST_09807,37.0,Other,3.9,4,7989.44,1997.36,1.03,36,0.333,1,5,18.0,3,4.0,1,6,4,5
CUST_09808,22.0,Mumbai,1.1,6,10516.04,1752.67,5.45,79,0.47,0,3,16.0,6,7.0,2,9,5,4
CUST_09809,35.0,Bengaluru,8.5,10,15675.18,1567.52,1.18,139,0.542,1,2,9.0,4,1.0,3,4,3,1
CUST_09810,40.0,Mumbai,3.4,9,11870.29,1318.92,2.65,6,0.965,3,5,31.0,21,19.0,13,8,13,2
CUST_09811,49.0,Other,3.3,20,62754.22,3137.71,6.06,8,0.026,0,5,46.0,23,12.0,13,7,5,3
CUST_09812,41.0,Pune,4.8,4,3346.54,836.64,0.83,77,0.423,2,3,21.0,4,7.0,3,2,4,1
CUST_09813,46.0,Pune,5.7,21,29798.89,1418.99,3.68,37,0.143,0,2,83.0,35,16.0,7,6,9,3
CUST_09814,24.0,Jaipur,2.1,8,15491.46,1936.43,3.81,90,0.466,0,5,16.0,6,5.0,5,8,3,2
CUST_09815,31.0,Other,0.9,10,18693.37,1869.34,11.11,71,0.32,1,4,9.0,4,4.0,3,3,1,2
CUST_09816,38.0,Chennai,2.0,5,8665.91,1733.18,2.5,180,0.673,0,3,16.0,7,3.0,3,4,0,5
CUST_09817,46.0,Mumbai,1.0,17,20075.04,1180.88,17.0,24,0.826,4,4,41.0,14,21.0,13,7,10,4
CUST_09818,33.0,Bengaluru,2.6,15,10985.9,732.39,5.77,18,0.84,4,4,43.0,16,19.0,7,11,15,1
CUST_09819,33.0,Ahmedabad,1.5,22,40238.94,1829.04,14.67,6,0.334,3,2,75.0,27,5.0,20,4,13,2
CUST_09820,41.0,Hyderabad,3.9,28,38202.57,1364.38,7.18,9,0.254,3,6,60.0,32,12.0,15,2,14,5
CUST_09821,23.0,Mumbai,0.9,4,6664.81,1666.2,4.44,40,0.373,2,1,21.0,9,7.0,3,7,3,2
CUST_09822,50.0,Mumbai,7.8,3,5779.31,1926.44,0.38,20,0.284,1,3,18.0,7,5.0,7,3,3,4
CUST_09823,25.0,Jaipur,3.5,4,4367.66,1091.92,1.14,68,0.3,1,3,15.0,6,5.0,5,6,4,6
CUST_09824,18.0,Bengaluru,3.7,16,35829.09,2239.32,4.32,7,0.079,3,3,54.0,15,10.0,15,10,15,2
CUST_09825,34.0,Chennai,3.0,11,11723.43,1065.77,3.67,28,0.562,5,1,48.0,27,18.0,12,7,14,2
CUST_09826,51.0,Delhi,5.5,1,2074.26,2074.26,0.18,31,0.468,1,4,19.0,6,7.0,3,7,2,2
CUST_09827,40.0,Hyderabad,2.8,12,20761.12,1730.09,4.29,31,0.811,1,2,31.0,14,14.0,10,8,15,1
CUST_09828,42.0,Other,2.4,17,24981.6,1469.51,7.08,88,0.84,3,4,33.0,13,30.0,14,11,10,3
CUST_09829,34.0,Delhi,3.0,12,20937.71,1744.81,4.0,162,0.603,1,5,14.0,7,7.0,7,3,3,2
CUST_09830,32.0,Chennai,2.7,1,1535.35,1535.35,0.37,41,0.496,1,3,16.0,7,8.0,6,7,1,3
CUST_09831,19.0,Mumbai,1.7,30,54116.69,1803.89,17.65,10,0.106,0,5,60.0,36,15.0,21,5,2,0
CUST_09832,18.0,Mumbai,6.9,7,11070.6,1581.51,1.01,82,0.387,1,2,9.0,1,1.0,4,2,1,2
CUST_09833,36.0,Ahmedabad,3.3,19,49298.55,2594.66,5.76,26,0.086,1,3,48.0,11,13.0,13,4,15,2
CUST_09834,47.0,Ahmedabad,2.5,8,15386.36,1923.29,3.2,147,0.733,3,2,10.0,4,5.0,1,2,3,1
CUST_09835,37.0,Chennai,1.2,10,25791.09,2579.11,8.33,11,0.084,2,5,55.0,32,11.0,12,3,15,8
CUST_09836,40.0,Mumbai,0.3,23,56438.81,2453.86,76.67,25,0.248,0,3,56.0,25,12.0,12,5,5,1
CUST_09837,50.0,Pune,4.6,7,7999.19,1142.74,1.52,88,0.355,1,5,13.0,1,2.0,1,0,3,2
CUST_09838,37.0,Other,2.1,24,48563.04,2023.46,11.43,3,0.25,3,6,72.0,33,15.0,21,3,15,4
CUST_09839,33.0,Delhi,1.8,12,12734.29,1061.19,6.67,134,0.438,0,1,21.0,9,0.0,3,5,3,3
CUST_09840,26.0,Ahmedabad,5.0,2,3635.76,1817.88,0.4,89,0.731,1,2,18.0,7,7.0,1,6,0,0
CUST_09841,54.0,Delhi,0.2,10,14761.48,1476.15,50.0,58,0.787,2,5,9.0,4,5.0,1,1,4,4
CUST_09842,39.0,Other,0.4,5,9177.48,1835.5,12.5,119,0.397,2,5,11.0,1,2.0,3,3,1,3
CUST_09843,25.0,Other,1.9,22,51261.71,2330.08,11.58,22,0.337,1,3,67.0,29,10.0,19,3,7,1
CUST_09844,22.0,Mumbai,2.9,3,3518.48,1172.83,1.03,99,0.576,1,5,24.0,10,13.0,2,4,1,0
CUST_09845,47.0,Kolkata,1.6,15,42662.64,2844.18,9.38,15,0.066,2,3,50.0,26,23.0,11,5,9,1
CUST_09846,24.0,Mumbai,2.6,24,31093.55,1295.56,9.23,4,0.365,1,5,59.0,29,14.0,9,5,6,4
CUST_09847,53.0,Pune,1.9,3,4276.7,1425.57,1.58,87,0.261,1,3,18.0,6,3.0,3,11,1,5
CUST_09848,18.0,Bengaluru,3.3,24,50220.06,2092.5,7.27,15,0.239,0,1,55.0,33,14.0,14,4,10,1
CUST_09849,48.0,Hyderabad,1.4,11,14128.6,1284.42,7.86,7,0.798,4,2,35.0,17,21.0,12,12,12,4
CUST_09850,39.0,Delhi,3.7,10,11075.46,1107.55,2.7,48,0.727,3,3,41.0,19,15.0,15,8,10,0
CUST_09851,35.0,Hyderabad,0.7,3,2923.91,974.64,4.29,13,0.403,0,2,11.0,5,8.0,6,10,0,2
CUST_09852,32.0,Mumbai,1.8,3,3907.24,1302.41,1.67,101,0.687,1,4,13.0,4,2.0,1,2,1,0
CUST_09853,53.0,Mumbai,4.4,19,38336.25,2017.7,4.32,3,0.093,0,4,52.0,22,13.0,18,1,8,1
CUST_09854,41.0,Hyderabad,7.8,16,10557.66,659.85,2.05,61,0.77,3,5,35.0,18,11.0,13,5,15,3
CUST_09855,25.0,Bengaluru,6.2,9,7069.12,785.46,1.45,49,0.466,1,4,8.0,6,0.0,5,3,2,5
CUST_09856,18.0,Chennai,1.1,12,17912.01,1492.67,10.91,9,0.776,3,3,58.0,21,21.0,16,9,11,4
CUST_09857,36.0,Chennai,2.8,16,52782.79,3298.92,5.71,5,0.176,0,3,56.0,26,17.0,12,1,6,1
CUST_09858,34.0,Jaipur,4.4,13,23367.25,1797.48,2.95,23,0.937,0,5,48.0,18,26.0,15,4,15,0
CUST_09859,19.0,Bengaluru,3.0,27,64065.17,2372.78,9.0,6,0.612,2,1,69.0,40,9.0,19,2,13,1
CUST_09860,33.0,Mumbai,1.2,15,49836.77,3322.45,12.5,13,0.29,1,4,54.0,25,15.0,12,2,7,4
CUST_09861,28.0,Chennai,1.0,4,2971.29,742.82,4.0,75,0.24,2,4,12.0,5,8.0,4,6,1,8
CUST_09862,34.0,Chennai,1.1,12,18589.34,1549.11,10.91,10,0.852,4,4,48.0,18,21.0,7,7,10,1
CUST_09863,41.0,Bengaluru,7.2,8,14678.7,1834.84,1.11,41,0.296,2,3,11.0,5,2.0,1,3,2,3
CUST_09864,49.0,Chennai,,5,9115.33,1823.07,1.35,68,0.555,0,4,15.0,4,4.0,4,4,3,2
CUST_09865,43.0,Delhi,2.8,2,3716.62,1858.31,0.71,36,0.402,0,3,19.0,8,4.0,2,5,1,0
CUST_09866,27.0,Mumbai,5.2,16,36541.05,2283.82,3.08,23,0.16,2,4,65.0,25,16.0,11,2,7,2
CUST_09867,38.0,Chennai,3.0,22,45098.68,2049.94,7.33,6,0.294,4,4,64.0,33,9.0,18,3,16,3
CUST_09868,35.0,Pune,3.2,20,51018.76,2550.94,6.25,21,0.215,1,3,51.0,21,18.0,11,7,7,0
CUST_09869,21.0,Bengaluru,2.5,4,7576.14,1894.04,1.6,30,0.587,1,3,11.0,4,1.0,0,3,1,0
CUST_09870,38.0,Bengaluru,0.5,20,34077.4,1703.87,40.0,13,0.372,1,3,50.0,23,14.0,16,3,9,2
CUST_09871,53.0,Bengaluru,1.3,24,46231.42,1926.31,18.46,15,0.199,4,3,62.0,31,7.0,15,6,11,2
CUST_09872,34.0,Hyderabad,1.9,8,10848.24,1356.03,4.21,25,0.692,4,2,59.0,11,21.0,10,8,17,2
CUST_09873,18.0,Mumbai,4.5,32,55886.09,1746.44,7.11,11,0.07,2,1,64.0,33,14.0,20,3,11,4
CUST_09874,34.0,Other,5.0,28,33718.87,1204.25,5.6,14,0.302,2,4,55.0,23,11.0,11,4,8,1
CUST_09875,22.0,Kolkata,0.6,7,6606.93,943.85,11.67,14,0.898,3,4,36.0,20,19.0,10,4,15,0
CUST_09876,43.0,Bengaluru,1.6,24,54552.86,2273.04,15.0,8,0.416,0,3,66.0,21,18.0,13,1,6,2
CUST_09877,39.0,Pune,2.5,18,67594.41,3755.24,7.2,10,0.033,2,2,64.0,27,18.0,12,5,7,1
CUST_09878,32.0,Mumbai,0.9,26,33227.62,1277.99,28.89,20,0.197,4,6,63.0,29,17.0,12,4,14,0
CUST_09879,31.0,Chennai,4.3,2,4013.55,2006.77,0.47,100,0.806,0,3,13.0,10,2.0,3,5,5,0
CUST_09880,32.0,Delhi,5.5,12,10390.68,865.89,2.18,11,0.868,2,5,42.0,19,26.0,18,10,15,4
CUST_09881,34.0,Pune,10.0,22,46711.29,2123.24,2.2,12,0.382,1,3,74.0,31,15.0,12,3,8,4
CUST_09882,26.0,Delhi,2.4,13,11564.24,889.56,5.42,7,0.834,6,5,49.0,15,20.0,10,12,13,0
CUST_09883,20.0,Hyderabad,2.5,30,51237.13,1707.9,12.0,32,0.334,4,6,72.0,24,12.0,10,8,9,2
CUST_09884,45.0,Chennai,6.3,8,12687.9,,1.27,225,0.444,1,5,12.0,3,2.0,3,2,3,2
CUST_09885,30.0,Chennai,5.8,16,46402.27,2900.14,2.76,5,0.211,1,5,46.0,16,,11,4,4,2
CUST_09886,36.0,Jaipur,4.1,3,5879.95,1959.98,0.73,55,0.385,1,5,20.0,10,2.0,1,6,1,0
CUST_09887,37.0,Pune,1.8,11,10420.76,947.34,6.11,297,0.36,2,3,9.0,2,6.0,1,2,2,3
CUST_09888,37.0,Chennai,1.7,1,1016.73,1016.73,0.59,121,0.295,1,4,24.0,10,5.0,10,10,5,2
CUST_09889,22.0,Mumbai,2.3,10,29420.5,2942.05,4.35,11,0.087,1,3,38.0,25,12.0,8,5,3,0
CUST_09890,18.0,Hyderabad,2.9,19,41115.99,2164.0,6.55,6,0.254,1,1,56.0,31,9.0,17,2,13,2
CUST_09891,28.0,Hyderabad,3.6,5,9574.33,1914.87,1.39,18,0.649,0,4,21.0,8,5.0,2,3,2,3
CUST_09892,38.0,Pune,3.9,18,42344.41,2352.47,4.62,2,0.015,0,3,55.0,29,12.0,11,6,5,2
CUST_09893,27.0,Delhi,3.1,4,8688.52,2172.13,1.29,150,0.255,0,4,22.0,8,3.0,5,2,3,6
CUST_09894,30.0,Ahmedabad,2.0,6,4507.11,751.18,3.0,116,0.598,0,2,21.0,5,5.0,4,6,3,2
CUST_09895,55.0,Mumbai,0.5,1,752.53,752.53,2.0,85,0.372,2,5,19.0,7,8.0,3,8,3,4
CUST_09896,18.0,Bengaluru,4.3,24,61174.6,2548.94,5.58,9,0.043,2,1,53.0,25,12.0,20,3,13,5
CUST_09897,26.0,Other,2.9,3,2270.42,756.81,1.03,9,0.437,0,3,20.0,3,8.0,7,4,2,3
CUST_09898,53.0,Bengaluru,2.7,3,2967.38,989.13,1.11,90,0.389,0,6,19.0,9,2.0,5,4,3,4
CUST_09899,34.0,Kolkata,2.3,1,767.0,767.0,0.43,27,0.398,2,3,16.0,2,6.0,3,4,2,2
CUST_09900,27.0,Ahmedabad,10.0,19,48831.5,2570.08,1.9,49,0.042,0,1,48.0,29,17.0,10,4,5,2
CUST_09901,46.0,Pune,6.6,20,37988.0,1899.4,3.03,6,0.341,0,7,44.0,31,19.0,20,2,7,1
CUST_09902,35.0,Pune,4.5,27,31917.65,1182.14,6.0,18,0.284,1,1,62.0,38,9.0,22,1,12,1
CUST_09903,31.0,Kolkata,3.8,13,34570.9,2659.3,3.42,4,0.249,2,4,57.0,31,17.0,17,6,6,1
CUST_09904,36.0,Kolkata,3.1,16,12862.03,803.88,5.16,26,0.863,3,4,50.0,22,17.0,15,6,14,2
CUST_09905,27.0,Mumbai,1.3,5,12127.31,2425.46,3.85,150,0.222,1,5,11.0,1,0.0,0,1,3,2
CUST_09906,24.0,Delhi,2.1,24,51451.86,2143.83,11.43,14,0.21,0,3,62.0,43,14.0,22,7,11,2
CUST_09907,33.0,Delhi,6.1,3,3860.44,1286.81,0.49,80,0.496,0,5,15.0,9,10.0,6,5,1,2
CUST_09908,24.0,Ahmedabad,2.9,15,44627.87,2975.19,5.17,3,0.108,1,5,62.0,27,13.0,9,3,8,3
CUST_09909,34.0,Bengaluru,6.7,19,66176.18,3482.96,2.84,7,0.276,0,2,60.0,25,15.0,7,2,12,4
CUST_09910,38.0,Other,3.1,16,43517.21,2719.83,5.16,5,0.453,0,4,43.0,36,17.0,7,1,11,6
CUST_09911,43.0,Other,0.4,26,39148.63,1505.72,65.0,15,0.375,1,3,78.0,34,17.0,7,3,10,2
CUST_09912,45.0,Ahmedabad,4.4,7,16688.44,2384.06,1.59,61,0.414,2,7,11.0,2,2.0,1,1,2,2
CUST_09913,30.0,Chennai,3.0,15,37988.96,2532.6,5.0,10,0.169,0,4,60.0,17,14.0,8,2,8,2
CUST_09914,39.0,Delhi,10.0,13,17091.86,1314.76,1.3,36,0.759,1,4,58.0,16,26.0,12,9,13,1
CUST_09915,39.0,Mumbai,2.4,17,24302.8,1429.58,7.08,51,0.816,4,8,54.0,12,21.0,11,11,13,3
CUST_09916,37.0,Hyderabad,2.2,8,8547.64,1068.45,3.64,47,0.294,1,2,10.0,2,,2,0,2,2
CUST_09917,29.0,Delhi,2.2,16,40537.98,2533.62,7.27,36,0.323,2,3,63.0,18,12.0,6,3,12,3
CUST_09918,24.0,Delhi,1.8,21,39115.46,1862.64,11.67,11,0.574,3,3,71.0,32,17.0,11,6,8,5
CUST_09919,39.0,Chennai,6.0,18,50116.58,2784.25,3.0,34,0.237,4,4,47.0,29,12.0,12,3,10,2
CUST_09920,18.0,Bengaluru,10.0,23,39634.39,1723.23,2.3,8,0.285,2,5,65.0,23,13.0,19,1,10,3
CUST_09921,31.0,Kolkata,3.3,25,57557.17,2302.29,7.58,5,0.124,1,5,61.0,29,18.0,8,2,12,4
CUST_09922,18.0,Delhi,4.5,5,7642.64,1528.53,1.11,188,0.803,2,2,11.0,2,6.0,2,1,1,5
CUST_09923,21.0,Mumbai,2.3,11,9887.64,898.88,4.78,11,0.796,7,3,46.0,16,22.0,10,16,12,1
CUST_09924,25.0,Bengaluru,8.8,8,7615.29,951.91,0.91,53,0.822,3,5,35.0,27,24.0,12,5,19,2
CUST_09925,45.0,Other,4.0,9,10113.38,1123.71,2.25,6,0.65,2,4,34.0,21,14.0,17,12,13,1
CUST_09926,41.0,Ahmedabad,2.3,20,59691.68,2984.58,8.7,7,0.325,2,4,60.0,19,14.0,12,4,14,1
CUST_09927,28.0,Pune,5.8,9,5743.9,638.21,1.55,28,0.829,0,1,34.0,22,22.0,13,8,19,5
CUST_09928,41.0,Delhi,3.0,10,24936.41,2493.64,3.33,125,0.23,2,5,8.0,6,5.0,1,2,2,1
CUST_09929,43.0,Other,0.5,5,10736.83,2147.37,10.0,78,0.263,2,4,23.0,9,6.0,4,5,3,1
CUST_09930,32.0,Mumbai,1.2,12,22893.5,1907.79,10.0,48,0.535,0,5,12.0,3,1.0,0,2,5,2
CUST_09931,20.0,Pune,0.9,2,3502.04,1751.02,2.22,24,0.138,1,3,23.0,5,3.0,5,5,1,1
CUST_09932,32.0,Pune,6.4,15,47001.14,3133.41,2.34,16,0.026,2,4,47.0,27,14.0,7,1,4,1
CUST_09933,33.0,Hyderabad,1.7,23,48047.57,2089.02,13.53,3,0.35,1,4,67.0,26,11.0,16,4,9,3
CUST_09934,22.0,Bengaluru,1.0,11,16918.95,1538.09,11.0,11,0.267,1,5,,24,12.0,16,1,13,3
CUST_09935,38.0,Mumbai,3.9,24,28393.59,1183.07,6.15,3,0.289,1,7,57.0,36,6.0,18,4,9,2
CUST_09936,37.0,Hyderabad,3.6,20,62651.24,3132.56,5.56,2,0.033,0,5,55.0,17,10.0,17,0,6,3
CUST_09937,38.0,Mumbai,5.9,9,9966.57,1107.4,1.53,18,0.45,6,4,34.0,17,25.0,9,9,11,1
CUST_09938,37.0,Hyderabad,7.0,7,12022.48,1717.5,1.0,32,0.232,0,7,20.0,4,12.0,7,3,2,5
CUST_09939,41.0,Bengaluru,2.5,6,7528.25,1254.71,2.4,91,0.766,2,2,4.0,3,3.0,2,7,1,6
CUST_09940,32.0,Bengaluru,8.0,3,5842.19,1947.4,0.38,84,0.347,2,2,17.0,7,5.0,4,5,4,2
CUST_09941,36.0,Mumbai,6.2,6,11345.34,1890.89,0.97,277,0.368,3,2,11.0,4,3.0,3,1,0,1
CUST_09942,30.0,Chennai,0.5,12,23997.56,1999.8,24.0,28,0.055,1,2,60.0,25,7.0,13,1,16,2
CUST_09943,28.0,Bengaluru,4.3,20,42168.49,2108.42,4.65,2,0.218,0,2,50.0,23,17.0,7,1,11,0
CUST_09944,47.0,Bengaluru,1.5,3,2131.46,710.49,2.0,35,0.242,1,4,16.0,4,8.0,10,7,5,4
CUST_09945,18.0,Hyderabad,1.4,21,27748.64,1321.36,15.0,5,0.184,1,3,53.0,20,12.0,16,4,7,1
CUST_09946,43.0,Hyderabad,7.8,24,62927.6,2621.98,3.08,6,0.58,2,2,75.0,21,9.0,13,3,10,2
CUST_09947,28.0,Mumbai,6.0,22,43939.62,1997.26,3.67,21,0.157,0,6,59.0,35,11.0,15,2,10,3
CUST_09948,26.0,Mumbai,,19,36221.0,1906.37,2.97,7,0.352,0,4,55.0,38,16.0,21,4,5,3
CUST_09949,37.0,Pune,2.9,15,18747.26,1249.82,5.17,56,0.741,3,2,55.0,26,19.0,14,9,8,1
CUST_09950,19.0,Chennai,0.7,15,19506.33,1300.42,21.43,54,0.806,6,4,44.0,20,,17,10,14,3
CUST_09951,26.0,Hyderabad,0.8,10,12453.68,1245.37,12.5,38,0.98,1,3,43.0,21,10.0,17,8,14,1
CUST_09952,26.0,Kolkata,1.4,4,3490.72,872.68,2.86,18,0.761,0,2,22.0,8,1.0,6,5,3,0
CUST_09953,32.0,Kolkata,6.3,25,39071.67,1562.87,3.97,7,0.342,1,3,73.0,35,12.0,11,5,9,4
CUST_09954,26.0,Jaipur,2.2,32,53920.1,1685.0,14.55,16,0.22,1,1,65.0,46,9.0,14,6,9,3
CUST_09955,50.0,Delhi,7.7,22,54889.06,2494.96,2.86,18,0.165,0,2,74.0,26,13.0,11,4,11,6
CUST_09956,52.0,Delhi,1.8,34,73897.92,2173.47,18.89,12,0.138,1,5,57.0,16,12.0,18,6,13,1
CUST_09957,18.0,Ahmedabad,8.9,4,8082.83,2020.71,0.45,67,0.616,1,5,19.0,8,13.0,3,7,5,2
CUST_09958,39.0,Pune,5.6,5,5918.29,1183.66,0.89,85,0.164,1,3,18.0,3,6.0,8,7,1,1
CUST_09959,43.0,Bengaluru,1.5,8,13718.91,1714.86,5.33,88,0.563,1,3,25.0,5,5.0,8,4,1,3
CUST_09960,39.0,Pune,3.1,18,34513.18,1917.4,5.81,3,0.311,3,5,67.0,38,12.0,17,3,8,3
CUST_09961,27.0,Other,5.9,16,13299.22,831.2,2.71,5,0.78,6,1,,19,19.0,5,8,6,3
CUST_09962,32.0,Delhi,3.3,18,15984.42,888.02,5.45,12,0.93,7,5,59.0,30,19.0,10,10,10,3
CUST_09963,27.0,Pune,2.2,12,4122.16,343.51,5.45,37,0.903,3,2,41.0,13,24.0,13,9,9,1
CUST_09964,30.0,Chennai,2.1,9,8895.29,988.37,4.29,31,0.675,3,1,43.0,20,19.0,17,7,19,2
CUST_09965,22.0,Pune,1.8,6,6029.74,1004.96,3.33,36,0.916,5,3,41.0,19,25.0,11,9,8,4
CUST_09966,33.0,Other,1.7,8,7643.96,955.5,4.71,31,0.711,2,3,44.0,17,24.0,18,14,12,1
CUST_09967,19.0,Delhi,2.6,4,5071.32,1267.83,1.54,108,0.111,2,6,24.0,6,5.0,4,1,1,4
CUST_09968,32.0,Chennai,1.3,13,37058.42,2850.65,10.0,18,0.076,2,3,56.0,28,12.0,9,2,7,2
CUST_09969,22.0,Delhi,2.1,1,881.41,881.41,0.48,107,0.258,0,4,20.0,9,3.0,4,2,5,2
CUST_09970,36.0,Ahmedabad,4.6,12,23315.85,1942.99,2.61,5,0.17,1,2,59.0,27,10.0,3,2,3,2
CUST_09971,27.0,Jaipur,1.4,14,32236.76,2302.63,10.0,10,0.158,0,1,45.0,27,14.0,12,4,4,0
CUST_09972,37.0,Ahmedabad,1.1,13,11534.98,887.31,11.82,55,0.228,3,2,9.0,3,7.0,4,0,4,4
CUST_09973,45.0,Ahmedabad,1.1,10,10370.04,1037.0,9.09,102,0.746,3,4,11.0,4,10.0,0,2,3,2
CUST_09974,50.0,Mumbai,2.2,16,43891.55,2743.22,7.27,13,0.309,1,2,59.0,30,9.0,13,2,7,6
CUST_09975,18.0,Other,1.2,7,10820.77,1545.82,5.83,25,0.71,1,1,45.0,16,17.0,7,7,13,3
CUST_09976,26.0,Hyderabad,2.6,17,48302.79,2841.34,6.54,20,0.123,3,4,52.0,27,16.0,14,2,11,4
CUST_09977,31.0,Jaipur,3.8,15,19594.39,1306.29,3.95,30,0.97,3,2,51.0,25,19.0,13,13,9,5
CUST_09978,39.0,Chennai,1.7,5,7988.02,1597.6,2.94,116,0.448,1,4,22.0,4,4.0,11,3,0,3
CUST_09979,18.0,Pune,0.8,10,17513.25,1751.32,12.5,206,0.537,1,5,7.0,8,2.0,2,2,2,4
CUST_09980,24.0,Hyderabad,7.5,2,4395.61,,0.27,180,0.421,2,1,22.0,11,7.0,6,5,3,4
CUST_09981,35.0,Mumbai,2.5,28,48670.99,1738.25,11.2,38,0.244,1,4,64.0,49,11.0,15,5,8,4
CUST_09982,35.0,Chennai,2.8,11,10787.62,980.69,3.93,30,0.668,1,1,50.0,19,22.0,15,8,13,2
CUST_09983,38.0,Delhi,4.8,31,32270.73,1040.99,6.46,11,0.188,1,1,66.0,35,18.0,23,4,7,1
CUST_09984,38.0,Mumbai,1.1,6,6981.9,1163.65,5.45,119,0.537,1,2,10.0,6,5.0,0,0,3,1
CUST_09985,37.0,Other,1.8,12,17631.77,1469.31,6.67,83,0.484,3,3,10.0,4,1.0,2,2,2,4
CUST_09986,36.0,Other,2.9,19,21270.41,1119.5,6.55,39,0.929,4,4,43.0,16,30.0,12,10,9,2
CUST_09987,35.0,Jaipur,3.8,23,44148.23,1919.49,6.05,4,0.064,2,3,57.0,29,19.0,12,3,9,2
CUST_09988,41.0,Ahmedabad,2.7,28,46306.81,1653.81,10.37,10,0.162,1,2,58.0,30,14.0,17,6,13,1
CUST_09989,18.0,Chennai,3.1,25,70735.77,2829.43,8.06,16,0.369,3,2,54.0,30,20.0,18,8,11,1
CUST_09990,49.0,Chennai,2.7,3,6452.49,2150.83,1.11,100,0.395,0,4,10.0,9,11.0,9,6,1,3
CUST_09991,18.0,Mumbai,2.5,12,16479.29,1373.27,4.8,34,0.842,1,1,57.0,18,28.0,8,12,10,4
CUST_09992,23.0,Other,0.3,24,31169.06,1298.71,80.0,21,0.184,1,5,69.0,28,13.0,15,3,11,0
CUST_09993,32.0,Jaipur,4.1,8,11872.94,1484.12,1.95,10,0.695,3,4,42.0,16,14.0,17,13,11,2
CUST_09994,41.0,Kolkata,0.8,1,1835.19,1835.19,1.25,59,0.335,2,4,13.0,6,2.0,6,6,2,4
CUST_09995,18.0,Other,8.6,28,85977.11,3070.61,3.26,27,0.107,0,4,65.0,23,18.0,13,3,5,0
CUST_09996,34.0,Hyderabad,2.0,12,13125.64,1093.8,6.0,190,0.668,0,2,10.0,2,1.0,0,3,0,3
CUST_09997,42.0,Bengaluru,2.3,8,12788.82,1598.6,3.48,132,0.227,4,2,6.0,8,4.0,0,1,2,8
CUST_09998,44.0,Other,3.2,10,16249.24,1624.92,3.12,347,0.439,0,2,10.0,5,4.0,0,2,4,2
CUST_09999,27.0,Bengaluru,6.5,25,37413.53,1496.54,3.85,11,0.411,2,4,62.0,35,8.0,16,3,7,2
CUST_10000,31.0,Chennai,3.0,14,26430.47,1887.89,4.67,11,0.68,0,4,57.0,33,11.0,13,1,9,2
