customer_id,PC1,PC2,cluster
CUST_00001,0.8850221081822292,0.5076797757187789,0
CUST_00002,-2.4285918671528606,-1.17824791346378,2
CUST_00003,-1.3383307430447788,-0.36286115903379323,2
CUST_00004,-1.0798536014684998,2.0691094291892624,1
CUST_00005,2.7179425862722475,-1.37038697360807,0
CUST_00006,2.6076807747768758,-1.4768652148894936,0
CUST_00007,1.6403909798212097,-1.5015404089576456,0
CUST_00008,-1.7947021869640505,-1.5494322599688624,2
CUST_00009,-0.5238738099186336,2.6260182959372944,1
CUST_00010,-1.6302796550668075,-0.7771461175357998,2
CUST_00011,1.53967282585411,-1.525610727521818,0
CUST_00012,-2.222258043128635,-1.1053252254623598,2
CUST_00013,-2.5333815785601157,-0.28280766256383677,2
CUST_00014,1.4601241398698421,0.5715459197037901,0
CUST_00015,2.386846334352912,-1.3142205914750036,0
CUST_00016,2.82153837245601,-2.2034311558585937,0
CUST_00017,1.2343441327218978,-0.3215913310854889,0
CUST_00018,-0.5079783662708617,2.919573021778186,1
CUST_00019,2.9469538047488713,0.5943504421372185,0
CUST_00020,1.1192542072232023,0.28202786919792106,0
CUST_00021,-0.93387113370441,2.4557085375038286,1
CUST_00022,1.154373826498527,-1.5068193165987351,0
CUST_00023,2.022563851173625,0.45873301921018256,0
CUST_00024,1.3574205107264645,-0.5486292146248669,0
CUST_00025,-0.9916566038966945,2.6242749312826557,1
CUST_00026,-1.3800531105194485,-0.2233305239441724,2
CUST_00027,2.296528301073295,-1.8163337285170922,0
CUST_00028,-1.0683760360026155,2.682094238151625,1
CUST_00029,-1.0408006246161072,2.1265184833549453,1
CUST_00030,1.7452410874446267,-1.7753022833438676,0
CUST_00031,-0.31651547277769226,0.633509527211945,1
CUST_00032,2.6703503218774616,-1.7636906759166058,0
CUST_00033,2.5956801622327106,-1.2427693881032051,0
CUST_00034,-1.7161372558382797,-1.0970146998915935,2
CUST_00035,-2.5448511521134147,0.3544676741103451,2
CUST_00036,-1.5800576540973317,0.7337506185598563,2
CUST_00037,1.2947778053434544,0.09600689324451575,0
CUST_00038,2.3264825043111617,-1.622940881648403,0
CUST_00039,-1.33950149335157,-0.6795067648186127,2
CUST_00040,-0.8743744611503975,2.149560876042277,1
CUST_00041,0.7474546415698827,0.49656167607719365,0
CUST_00042,-0.6658912739834011,2.828226953006244,1
CUST_00043,2.6273105169919355,-1.1339982002219824,0
CUST_00044,-1.9307264023774808,-1.3706439077966943,2
CUST_00045,3.1881603158377483,0.3606570665013117,0
CUST_00046,-0.6389835250446319,-1.8994309824297346,2
CUST_00047,2.7605109097094815,1.0224253144060904,0
CUST_00048,-0.42342084755963577,2.4008248249147206,1
CUST_00049,-0.06712945891264281,1.5521329568648612,1
CUST_00050,2.005924227962158,-0.45431157016299734,0
CUST_00051,-1.2007369076317838,-2.107669596070865,2
CUST_00052,-1.634324379898768,-0.08831487822530851,2
CUST_00053,-2.5188314921158765,-2.624720039703244,2
CUST_00054,-2.685185637911639,-0.8717453305636563,2
CUST_00055,-1.2277781446302594,2.855331704922419,1
CUST_00056,-1.7422767012178868,-2.2305928606171728,2
CUST_00057,2.2924517244511913,-0.629781786932139,0
CUST_00058,1.293588676383646,-0.6267841025222954,0
CUST_00059,0.9633047959882818,-1.9495003883224393,0
CUST_00060,2.2127915575079986,0.05138487815171341,0
CUST_00061,1.2785633920958341,-0.5051740694977844,0
CUST_00062,0.9698813710434064,1.0548048971427921,0
CUST_00063,-1.6425626492222463,-1.4552067823224517,2
CUST_00064,1.697970943734498,-0.6994232328617366,0
CUST_00065,1.1758158840751258,-0.5214613378215505,0
CUST_00066,-0.912651379272949,2.4635139823351793,1
CUST_00067,1.814745941007623,-1.2466465195423793,0
CUST_00068,-1.0418178130801559,-0.27851106356276134,2
CUST_00069,0.943238278706371,-0.9608310596138968,0
CUST_00070,-1.7259651838912353,-1.1971911901308796,2
CUST_00071,-2.65279987544872,0.35483396359235797,2
CUST_00072,1.4749700602694369,-0.7959961094803477,0
CUST_00073,1.8520887291999863,-1.0779634495667536,0
CUST_00074,-1.096556511324567,-2.0404320331821175,2
CUST_00075,-1.1676288325344726,-0.8948065813568403,2
CUST_00076,-1.7183799550295398,-0.9474486761114105,2
CUST_00077,-1.8583124655649799,-1.211313431287826,2
CUST_00078,1.0533401119141506,-0.35626226724225046,0
CUST_00079,1.377625091863285,0.7116772234086144,0
CUST_00080,1.643876977176917,-1.4166791485669168,0
CUST_00081,-2.2965714691135655,-0.7548685631584926,2
CUST_00082,-1.8844862354762137,-1.2760967997494523,2
CUST_00083,1.7115214520166633,-0.037934601875014025,0
CUST_00084,1.337709541620211,-0.4395442091963038,0
CUST_00085,1.397644008335836,-0.17732795547277552,0
CUST_00086,1.8128760798557224,-0.11459866455976031,0
CUST_00087,-1.5028741411091797,-0.3939097800646535,2
CUST_00088,-1.7845498201145629,0.005830931722046363,2
CUST_00089,-1.7078408243925078,-1.1694561516284834,2
CUST_00090,-1.1705876012606566,4.483237920274883,1
CUST_00091,3.1099601912499804,-1.0332602303221823,0
CUST_00092,-1.6811274930681108,-0.8107426126848278,2
CUST_00093,-1.8529505357546905,0.17352475223080854,2
CUST_00094,-0.325058158157173,2.0124256840610233,1
CUST_00095,-1.4675983122490632,-1.136053659356088,2
CUST_00096,-0.7521674818859642,2.3925988332460597,1
CUST_00097,-0.48165167852009494,3.238925659822524,1
CUST_00098,1.4604802896180118,-0.36072087707748773,0
CUST_00099,2.0456851226789428,-0.6735894238243403,0
CUST_00100,3.498810823889211,-1.3755696679347165,0
CUST_00101,0.929005002030892,0.611886790705196,0
CUST_00102,-1.8386290558061675,-0.8868036349218307,2
CUST_00103,0.15880989791617828,0.8284694966557232,0
CUST_00104,-1.0504031014159005,2.113892409054892,1
CUST_00105,-1.3200715990805956,-0.8698521310604949,2
CUST_00106,0.7742820181933217,0.581574965630536,0
CUST_00107,0.6721934058802161,0.45617156210745763,0
CUST_00108,-2.78170700124346,-1.0789367553763314,2
CUST_00109,1.3115838865339162,0.051800466403726375,0
CUST_00110,2.105143513772331,-0.42793330723375766,0
CUST_00111,2.516524481481816,0.7595133979005788,0
CUST_00112,1.9337511756877364,-1.0202442668067762,0
CUST_00113,-2.9255472174057857,-1.4021331506998138,2
CUST_00114,-1.626799383436987,-0.5531137875168093,2
CUST_00115,-1.9034562791191665,-1.6426947947884272,2
CUST_00116,-1.8653486662071403,-0.2974687687856848,2
CUST_00117,-2.1544694913555382,-0.45415900083335453,2
CUST_00118,0.7500208871197007,-0.49705616935761265,0
CUST_00119,-1.6314291441467321,-0.947248460480715,2
CUST_00120,-0.6194766375140071,2.8282979584660213,1
CUST_00121,-1.3373156838980615,-0.8819870204270189,2
CUST_00122,-1.432696636592318,-1.8866217558763139,2
CUST_00123,1.473800706049649,0.48563551874674055,0
CUST_00124,1.5070122718827894,-1.610825098974973,0
CUST_00125,4.648559222160177,0.5267620825847232,0
CUST_00126,1.7023680425155538,0.5295180120681084,0
CUST_00127,-1.7068049828081098,-0.3004349020882728,2
CUST_00128,-1.923428187155422,-1.5615032356680782,2
CUST_00129,1.8505063658558214,-0.08477916947879252,0
CUST_00130,-0.9537153639075585,2.7333162544833804,1
CUST_00131,1.1227670232374778,0.19745798460434266,0
CUST_00132,2.687198267880571,-1.0839068162148624,0
CUST_00133,2.7221217550269596,-1.2684796719663585,0
CUST_00134,2.7856253768351205,0.7692873608361717,0
CUST_00135,-1.9732806213628629,-1.4335920168485121,2
CUST_00136,2.10188363514029,1.7982153033969996,0
CUST_00137,-0.3424465918105084,2.119705671221162,1
CUST_00138,-1.686120020387082,-2.087560948063508,2
CUST_00139,1.8702980993229719,0.23196796782475876,0
CUST_00140,-1.1026021034534705,-1.5204924122802124,2
CUST_00141,-2.956194234819413,-1.7906896158904038,2
CUST_00142,2.4610773668317374,0.18986995870575452,0
CUST_00143,-0.6852286349788819,3.513639514604479,1
CUST_00144,2.140858537443853,-0.271622722975343,0
CUST_00145,2.0749189046015424,0.09545063671280704,0
CUST_00146,1.6028522816366717,-1.4019085349823481,0
CUST_00147,-0.05375417036103517,1.1199433478759313,1
CUST_00148,-1.186339051115597,2.4177554631125666,1
CUST_00149,2.1361530284249786,-1.377684701717825,0
CUST_00150,2.3283837806780325,-0.11435014663283924,0
CUST_00151,-2.3847434994007934,-1.217349585150805,2
CUST_00152,1.866383938356387,0.15386762786398583,0
CUST_00153,2.256593783021669,-1.8198886558427503,0
CUST_00154,-0.6562575080938171,2.1279719487937205,1
CUST_00155,-1.8146533334369725,-1.8696910658273698,2
CUST_00156,1.0175140293929212,-0.25398566484272145,0
CUST_00157,-1.528505106122858,-1.0766657590614066,2
CUST_00158,-1.9281490278276656,-1.2532175406069792,2
CUST_00159,2.3095965113620798,1.4454959542652246,0
CUST_00160,-2.1755976475693686,-0.8585061048019921,2
CUST_00161,1.8366284156880897,-0.10162806061015622,0
CUST_00162,-1.6488458795449168,-1.6716137788299774,2
CUST_00163,-2.446849871227647,-0.8465983565694625,2
CUST_00164,-1.0616309207839472,2.2802967179398803,1
CUST_00165,2.570608617525854,-0.7790993451851886,0
CUST_00166,-1.8798862979048274,-0.074846554178081,2
CUST_00167,1.4056236166292995,0.21204037490930067,0
CUST_00168,2.541800475406835,-1.320353958480637,0
CUST_00169,1.9010560925358304,-0.29920135799762854,0
CUST_00170,-1.1002301394193659,2.172126649200059,1
CUST_00171,-2.055429133448303,-0.2290341066942961,2
CUST_00172,2.2729499793697276,-1.1763076763791471,0
CUST_00173,0.1946638195950782,1.763859646913616,1
CUST_00174,1.0960670693169705,-0.3368508856339825,0
CUST_00175,-1.0698424707194363,-1.5067720137549612,2
CUST_00176,1.3433780101664896,-0.957245843427985,0
CUST_00177,-1.2805805096821834,-0.3645885071491019,2
CUST_00178,1.0665993316399445,0.7325016979683125,0
CUST_00179,-2.1776897848446457,-1.6332791079658742,2
CUST_00180,1.586826593295584,-1.923621103387932,0
CUST_00181,1.161572166404599,0.8524238340836657,0
CUST_00182,1.79559534786531,-0.8471131690716424,0
CUST_00183,-1.6075094772794323,-2.209145403368354,2
CUST_00184,-3.2639832762964684,-1.4782514285378978,2
CUST_00185,1.7482351451615996,0.0080759116432758,0
CUST_00186,-1.7425962446732697,-0.5224707283010995,2
CUST_00187,-2.1965503918013707,-0.6034176865063369,2
CUST_00188,-0.7307773729656196,3.2879241726293253,1
CUST_00189,-1.6594991754384545,1.6874532647697402,1
CUST_00190,0.41715788298881346,0.9480831692057827,0
CUST_00191,0.9222243487919248,-1.567053158315194,0
CUST_00192,-1.4842100229357942,-1.561121582711882,2
CUST_00193,-3.1208020324184536,-1.9600087337433203,2
CUST_00194,-2.227220158342438,-0.8848155217028697,2
CUST_00195,0.5363989118647984,0.7051258008004327,0
CUST_00196,1.1578924644216206,0.6464932434662752,0
CUST_00197,-1.126378847763734,0.4780256542845423,2
CUST_00198,-2.4699915991486354,-1.8951431853369594,2
CUST_00199,-2.67441997922076,-2.1481360230097897,2
CUST_00200,-1.3445066015997187,-0.8841043737366931,2
CUST_00201,-1.4157531596413169,-1.0813055195763592,2
CUST_00202,2.3184779651076353,-0.8460981897949151,0
CUST_00203,1.7530461755133695,-0.7408706083084815,0
CUST_00204,-2.786698332499961,-2.660143724804558,2
CUST_00205,-0.6271203443792882,3.1130547071762966,1
CUST_00206,2.002644846807143,-1.9634235475061226,0
CUST_00207,2.895229041629128,-1.6559528549350362,0
CUST_00208,-1.1141417202043256,-0.8937539577879678,2
CUST_00209,0.7893967482616113,-0.6100298249051115,0
CUST_00210,2.5662592426153314,-0.39414508723933156,0
CUST_00211,-0.9334379308002347,2.3289925275298207,1
CUST_00212,-2.823615637849273,1.0783963312826568,2
CUST_00213,-1.8894429205001217,-1.3314337997265677,2
CUST_00214,2.3057945609343746,-0.07993118035345609,0
CUST_00215,-2.276223634303621,-1.8730119791608089,2
CUST_00216,1.5955678654814711,-0.5717525443174712,0
CUST_00217,1.6945927916548669,0.9886819993223709,0
CUST_00218,-1.2321988097060257,-1.0270133296372002,2
CUST_00219,-1.9436357406422469,0.19396859548905632,2
CUST_00220,-1.7754693133567179,-0.0627028009550764,2
CUST_00221,-1.4594285106321294,0.2631824919688541,2
CUST_00222,-0.4971437253889553,1.1921815371994489,1
CUST_00223,3.0646229046551143,-1.146448628698917,0
CUST_00224,1.5983643944954364,0.31453852436863133,0
CUST_00225,1.3959039479439608,0.736312219413548,0
CUST_00226,1.3750545569798096,1.293343741437911,0
CUST_00227,-2.1802686067193147,-0.7190522562400321,2
CUST_00228,1.278668260064997,0.6740513518114908,0
CUST_00229,-1.1783279494745031,-1.6774022885083346,2
CUST_00230,-1.054001365245316,-1.7830319759715507,2
CUST_00231,-1.6406289230997912,-0.02511499191428465,2
CUST_00232,-1.6561802933955554,2.166881797707882,1
CUST_00233,-1.3674707479403767,4.388446498861262,1
CUST_00234,-0.8702183416463152,2.952949041047021,1
CUST_00235,1.9997423396351899,-1.4305786846841468,0
CUST_00236,-2.348159686351375,-0.17583653456515028,2
CUST_00237,0.39654953988541053,0.6435308256940524,0
CUST_00238,2.3693485692981318,-1.1572082629244915,0
CUST_00239,-2.072216493833164,-0.4779849266774952,2
CUST_00240,2.5070335210365395,-0.6421537147910428,0
CUST_00241,-1.9197111963299185,-1.1277025408063823,2
CUST_00242,-2.8661025048798807,-1.5845559637537954,2
CUST_00243,-2.1841816815220865,-1.0171018776406464,2
CUST_00244,1.38626578457713,0.8240276061834492,0
CUST_00245,1.0822817660079704,-0.32162138915629396,0
CUST_00246,-2.6811352958841814,-1.8707253202402587,2
CUST_00247,1.890271631211808,-0.39744089284774037,0
CUST_00248,-1.1388546766546768,-2.4160443899213946,2
CUST_00249,-1.887844600178308,-0.42174448907100653,2
CUST_00250,-2.192678406618899,-1.327227181591042,2
CUST_00251,1.2624504998205026,-0.21856724069622616,0
CUST_00252,2.3763127865633544,0.17854467523852963,0
CUST_00253,-3.541200146743252,-1.1989603079498452,2
CUST_00254,2.1923426334782206,0.17989720404597812,0
CUST_00255,2.8305707197495225,-1.2124679391090194,0
CUST_00256,-0.5467475637114025,3.933033297454361,1
CUST_00257,-2.5975984891365673,-1.3310107366258763,2
CUST_00258,-1.8075924329680124,-1.1038745699804748,2
CUST_00259,-0.2135971321749937,2.7838124072207227,1
CUST_00260,0.9493268724904371,-0.007923826314588043,0
CUST_00261,-1.0472209173125622,2.955122664191253,1
CUST_00262,-1.6122350020294496,-1.5599449886360657,2
CUST_00263,2.011448580681494,-0.43511716068307027,0
CUST_00264,-0.44935943880049906,0.8777821240327782,1
CUST_00265,-2.1386591215184714,-1.7115306831427834,2
CUST_00266,-2.03638748348991,-1.0856279026314444,2
CUST_00267,-1.7523073825172943,-1.2548282303510478,2
CUST_00268,-2.8540091695931253,-0.9791657018058736,2
CUST_00269,2.91984648933873,0.35917015458155344,0
CUST_00270,2.3730039022306753,0.06486545069754433,0
CUST_00271,-1.2398779879062087,-1.4222935653576079,2
CUST_00272,-1.1967351539918265,-0.9021134386150449,2
CUST_00273,-2.442928625438765,-1.3737162407367889,2
CUST_00274,-1.9545253876133586,-0.2617308723180355,2
CUST_00275,-0.6950396805235557,3.3855998546304256,1
CUST_00276,-1.3082903529270082,1.8000282375861059,1
CUST_00277,-1.2907923738611615,-0.2483122831512339,2
CUST_00278,-2.213965899127147,-0.11561521280563572,2
CUST_00279,-1.4417002504929006,-0.018366062308727886,2
CUST_00280,-2.313726170214099,-0.10497790883233041,2
CUST_00281,-1.884608099148956,-0.8564594399170584,2
CUST_00282,1.3692139018532403,-0.0033719917820619317,0
CUST_00283,1.714650111700479,0.21372296829306733,0
CUST_00284,1.8229657975549272,-0.8961300495785033,0
CUST_00285,-1.4241409506808662,3.2382628069763606,1
CUST_00286,2.9578649093038747,-1.8797033587352736,0
CUST_00287,-1.3483514833801915,3.1613571025403413,1
CUST_00288,-0.2746893522109132,2.439362394295095,1
CUST_00289,1.635422425925161,0.2597112714259791,0
CUST_00290,-0.8892891185817322,3.1620852487683533,1
CUST_00291,1.9622413098327185,-1.7896930359363397,0
CUST_00292,2.1679469284874298,-1.3398320453748636,0
CUST_00293,-2.070200547480955,0.01748766538846761,2
CUST_00294,2.891974050241939,0.47104427743066896,0
CUST_00295,2.2440658449498065,-0.5891728987578957,0
CUST_00296,-1.3674540595441818,2.8999926804527165,1
CUST_00297,-2.298316146321303,-0.2926344801749561,2
CUST_00298,3.5612590501321764,0.3685691678107763,0
CUST_00299,-1.7801483147816664,-0.28088766139147153,2
CUST_00300,2.1280694101989805,-0.8451715184180647,0
CUST_00301,1.9179276982945865,-0.838557357567206,0
CUST_00302,-0.706451634937885,3.057678985042022,1
CUST_00303,-0.19118767533672043,2.3064295783266457,1
CUST_00304,-1.029414699323037,-0.7722062872157917,2
CUST_00305,-2.8043651044796305,-0.4917772637744868,2
CUST_00306,-1.6278170905512404,-1.2065816936491607,2
CUST_00307,-0.3155038682605068,3.1845629935991413,1
CUST_00308,2.2329707080508294,0.2468607804695911,0
CUST_00309,-1.8649435709334248,-0.5392320079498611,2
CUST_00310,1.565034887500482,-0.6003384183120001,0
CUST_00311,1.3448714310059584,1.115965981911553,0
CUST_00312,1.8472467167976403,-0.3906684677065835,0
CUST_00313,1.282311032181575,-0.1068010866025572,0
CUST_00314,-2.0432739911447215,-1.9946629407894343,2
CUST_00315,-0.9850038498597766,-1.4274573655076481,2
CUST_00316,-1.536014855788659,-1.136448634845694,2
CUST_00317,1.6828680716420614,0.4256261505171204,0
CUST_00318,1.954801531508246,-1.3163113125916046,0
CUST_00319,1.444191834237719,-0.9976403609103792,0
CUST_00320,2.559819992347392,-0.13798574878239894,0
CUST_00321,-0.8243332552289365,1.8473762203895032,1
CUST_00322,-1.4165841911538481,-1.0313749385178885,2
CUST_00323,-2.106367096602877,0.4545408567694659,2
CUST_00324,1.7879239477980093,1.433533313937816,0
CUST_00325,-2.025848232850762,-2.1159227939257716,2
CUST_00326,-1.4275276787317723,0.049096286148716285,2
CUST_00327,0.6935052388397196,2.5303480688235025,1
CUST_00328,-0.9540099220918631,1.173609452631387,1
CUST_00329,1.598526073622471,-0.015213572577017614,0
CUST_00330,2.365978344950292,0.01706141233583115,0
CUST_00331,1.1368251483658347,1.1207921131951362,0
CUST_00332,-2.5952451326781008,-0.31928829318644075,2
CUST_00333,2.0053328740317,-0.2282411226584661,0
CUST_00334,1.2982589557451736,-0.5664236803190127,0
CUST_00335,2.449586452622157,-0.48949732475677715,0
CUST_00336,0.9972109779255424,-0.5292648185804101,0
CUST_00337,-2.7076096072241485,-1.7644063558666043,2
CUST_00338,-1.4445173323239713,-0.652005513396051,2
CUST_00339,-0.6049288601775595,1.8071945592591843,1
CUST_00340,1.3894327420457164,-0.38393935081322883,0
CUST_00341,-1.5228914211868425,2.5379106264825206,1
CUST_00342,-0.8384429614552452,3.724516236779897,1
CUST_00343,1.801360581128472,-1.219033018960697,0
CUST_00344,1.9863710760683426,2.719615141742845,1
CUST_00345,1.2019988905210797,0.3223061666218424,0
CUST_00346,-0.5984297168734591,2.0398080018959437,1
CUST_00347,-2.0452263820705348,0.49993591842148805,2
CUST_00348,0.378427686601302,-0.15854321728397827,0
CUST_00349,1.5632992667046348,1.3409814551194086,0
CUST_00350,-1.189195722215734,-0.6223523236833784,2
CUST_00351,-0.10750148755426536,1.9034491731602015,1
CUST_00352,-1.618839490643671,-1.177198238081993,2
CUST_00353,-1.5568712067529369,-0.7244966582942803,2
CUST_00354,1.425379349816526,-0.6353493638365887,0
CUST_00355,2.620274327424264,-1.023613931013528,0
CUST_00356,-1.2205843673018744,0.2582026310396938,2
CUST_00357,1.0236486537192506,-1.1485364042842692,0
CUST_00358,-1.042768340329066,2.2875968436780934,1
CUST_00359,-2.125815736342229,-1.2520316366343718,2
CUST_00360,-0.5658880818537614,2.5136592991774083,1
CUST_00361,1.2243996659739087,0.47639964895445264,0
CUST_00362,-1.1580976564485843,-0.3670315138923915,2
CUST_00363,-0.48420788322855873,1.3994332800452045,1
CUST_00364,-0.5588466369670988,3.0763648702957407,1
CUST_00365,-2.725579160359438,-1.229229156345298,2
CUST_00366,1.3183807387772868,0.5543319426235942,0
CUST_00367,-2.586356464067277,-1.3333230965940064,2
CUST_00368,-2.485500138071434,0.2402633547591731,2
CUST_00369,2.681976606106882,-1.9547539148275863,0
CUST_00370,1.2480838950655015,-0.12524640292484931,0
CUST_00371,1.1351322050315102,-1.2232933597858449,0
CUST_00372,1.3704609898122573,-0.7717743164176091,0
CUST_00373,2.0663853846244686,-2.046214930988647,0
CUST_00374,-0.7894814795983268,-0.8736290583544863,2
CUST_00375,0.9743056095094342,-0.49628715805959417,0
CUST_00376,1.8259225116994255,0.36142948490469473,0
CUST_00377,-1.1040460284705689,-1.1677524289543006,2
CUST_00378,3.568744515435443,-0.783168197308885,0
CUST_00379,-1.97501896374428,0.6769799624560691,2
CUST_00380,1.3153547284753901,0.519227019305131,0
CUST_00381,1.7324333184748162,-1.0303188074105234,0
CUST_00382,-1.6488165183761978,-0.4002409636556973,2
CUST_00383,-1.9704655720156705,-0.41532132643722336,2
CUST_00384,-0.9136788358209875,-1.4782628301124257,2
CUST_00385,-1.8078817392419202,-0.6001122713415216,2
CUST_00386,-1.3594336838945902,-0.630489968843272,2
CUST_00387,0.9465070961329664,0.45878924654689857,0
CUST_00388,1.5265522499443966,-0.4087215084467391,0
CUST_00389,-1.2342137094307777,0.12730445039251775,2
CUST_00390,-1.6746481908670412,-0.45043626578942797,2
CUST_00391,-2.3247432340576415,-1.2660087472866697,2
CUST_00392,2.4332187088548283,-0.47214493454543977,0
CUST_00393,1.8356479411689364,-0.11906479470084078,0
CUST_00394,-1.2664890106086846,-0.8458768225091065,2
CUST_00395,1.343464808580264,1.011744690625465,0
CUST_00396,-2.1541116451883475,-2.665590619844204,2
CUST_00397,-1.9181632264310307,-0.6248776436235949,2
CUST_00398,0.9772874384346174,0.6598310879596662,0
CUST_00399,-1.9656202267215221,0.37152105895478493,2
CUST_00400,-1.6832785579633822,0.6508921029069702,2
CUST_00401,0.5939064444093946,-0.09904631312691489,0
CUST_00402,-2.1110018443102114,-1.7675660550045238,2
CUST_00403,-1.3651794744256966,3.253248018747895,1
CUST_00404,-1.2909414969496937,-1.3053685971719393,2
CUST_00405,1.6375614872345625,0.5292925464917926,0
CUST_00406,-3.76638093618925,-3.05678969943795,2
CUST_00407,2.573629246868998,-0.15536159572237826,0
CUST_00408,2.594834614734488,-1.6938945625809547,0
CUST_00409,-2.267590846329853,-0.5416910037726805,2
CUST_00410,2.4015395715318726,-1.060685102347689,0
CUST_00411,1.2721583018637452,0.3600309089342041,0
CUST_00412,-1.7141155291373618,-2.0860583971230655,2
CUST_00413,-1.5231958505384997,-1.243150397818282,2
CUST_00414,-1.6190865823669063,3.153540546868826,1
CUST_00415,-1.2954215466242665,0.18367156787462843,2
CUST_00416,-0.2863543221223916,2.0169039104872186,1
CUST_00417,2.9064677637652787,-0.6754135743474942,0
CUST_00418,1.6944312104070638,0.29346421887265484,0
CUST_00419,-2.7034818719183558,-1.2275515522878193,2
CUST_00420,-1.8535016364204433,-1.0211427235439328,2
CUST_00421,-1.4879430423605937,-0.4609504192846705,2
CUST_00422,-1.446662140989924,-1.4030989355115495,2
CUST_00423,0.792925863083547,0.048087768947271126,0
CUST_00424,-0.7222592965466081,1.4493407020710853,1
CUST_00425,2.4549665296562906,-0.817230967507105,0
CUST_00426,-1.2661995802835981,2.3485013973705238,1
CUST_00427,-0.8071972224633742,4.237006755730402,1
CUST_00428,-2.4307335376284573,-1.3567378663142808,2
CUST_00429,1.5479982679430708,0.5053604078136016,0
CUST_00430,0.9978904891724912,-0.08123598990087443,0
CUST_00431,1.2534496937873254,-1.5205574693706663,0
CUST_00432,-0.9424599420068686,-0.9338605270359156,2
CUST_00433,-0.6704330436151581,2.0035271738819644,1
CUST_00434,1.6038101200605608,-0.8293002462861813,0
CUST_00435,2.6930010054576985,-2.1706916495988424,0
CUST_00436,-1.5324183340378275,-0.8596551321335963,2
CUST_00437,5.757825229805667,-1.6070497606857117,0
CUST_00438,-2.1267314513621227,-0.7643508372992126,2
CUST_00439,-1.264958622457769,-1.0604706762653433,2
CUST_00440,2.12646874288346,-1.667574829545317,0
CUST_00441,1.2780688927910109,-0.17512685392128532,0
CUST_00442,-1.2754612478376082,-2.125267760978825,2
CUST_00443,1.4311660678838987,0.9323259557698694,0
CUST_00444,0.8069547366383797,-0.64706505273634,0
CUST_00445,-1.7249648986188908,-0.0810071313149204,2
CUST_00446,-2.1630506062467347,-1.316697472956654,2
CUST_00447,-1.4085407750748926,-1.0467560951326,2
CUST_00448,-1.2431299693198572,-1.5167218799315734,2
CUST_00449,1.5327914525197788,0.37692639169120334,0
CUST_00450,3.5831974267185442,-2.549063368746251,0
CUST_00451,-1.5894463022873333,-0.592991537666307,2
CUST_00452,-0.8797954234229053,3.534923817917364,1
CUST_00453,1.7459979200337132,-0.4743592970403704,0
CUST_00454,-3.143561313743279,-1.5526308533369566,2
CUST_00455,1.782005587595103,0.25189940146211404,0
CUST_00456,-1.05739658113048,3.5613926574505212,1
CUST_00457,2.376772204843107,-1.1188139995540163,0
CUST_00458,-0.8848083792136857,1.6743638641478829,1
CUST_00459,2.195766557037207,-1.0484148685583903,0
CUST_00460,1.969630136665728,-1.1953095636032252,0
CUST_00461,1.7251540971067403,-1.4868053979511848,0
CUST_00462,-1.403532314592877,-1.890874661346145,2
CUST_00463,-2.4246140729858427,-1.784909457232477,2
CUST_00464,-0.578114737254863,2.6899974108081333,1
CUST_00465,-2.328518538718709,-2.2517526579259104,2
CUST_00466,1.9210025597283942,0.9060152414771814,0
CUST_00467,1.9077293288494603,1.2569570601021907,0
CUST_00468,-2.0414605697531276,-0.7418136722864056,2
CUST_00469,1.2877477999017986,-0.24106115785776341,0
CUST_00470,-1.0580551313298066,-1.0607809082997004,2
CUST_00471,2.861019351418187,-1.933849634192881,0
CUST_00472,-1.3029083715955603,-1.1068338838397846,2
CUST_00473,2.788582465407306,-1.220376704231481,0
CUST_00474,-3.3170608381512996,-2.2794584410405756,2
CUST_00475,-0.36054462561978395,3.07547969624574,1
CUST_00476,-1.3453737608574323,-1.1194759409630042,2
CUST_00477,1.7329864370744892,-1.0366941402588539,0
CUST_00478,-1.2852932209877936,2.928435199407888,1
CUST_00479,-2.460624679813855,-0.8433906011127538,2
CUST_00480,-1.067787435936682,1.6862694851380433,1
CUST_00481,-1.3897770967540015,-0.5005870968242733,2
CUST_00482,-1.7459463329411786,-0.9888970617763514,2
CUST_00483,-0.5332565663494376,3.293639639778786,1
CUST_00484,-1.765058095700686,0.4842412727399472,2
CUST_00485,-0.7616543830100522,2.65616027184608,1
CUST_00486,-1.8607906494930706,-1.000781322143927,2
CUST_00487,1.9801404584076918,-0.6377576681097727,0
CUST_00488,0.23727245834539906,3.089339330429887,1
CUST_00489,-2.3189088593977063,-0.7993024761625623,2
CUST_00490,-2.6972124303941034,-1.1109882645256974,2
CUST_00491,-0.7806200679074052,4.061655203068529,1
CUST_00492,-1.7395111151738953,-0.5130071313963691,2
CUST_00493,2.2732838058365346,0.48298708650371425,0
CUST_00494,3.402438827264423,-1.3390355648678125,0
CUST_00495,-1.0235082392140837,2.3970064784743075,1
CUST_00496,1.569991226067939,0.006532536662434484,0
CUST_00497,-1.342976106394038,2.693886338446671,1
CUST_00498,1.9854363967698392,-0.8633832414511563,0
CUST_00499,-2.149900710348282,-0.5518170048192474,2
CUST_00500,-1.6507332242935273,-0.6651209847692792,2
CUST_00501,-1.4445721658622501,-0.5281291861058527,2
CUST_00502,-0.6298475291712422,2.0379070335387857,1
CUST_00503,2.7165718197198814,0.22363361816290517,0
CUST_00504,-0.44395919170340475,-0.7212222230397888,2
CUST_00505,-0.8483000245808465,-0.6651688486873147,2
CUST_00506,1.9705803259516061,-0.5279547352255632,0
CUST_00507,-3.4136108653182693,-1.0157887759879225,2
CUST_00508,-0.9118816083392467,-1.5380190722996285,2
CUST_00509,-1.7933513019990233,-0.7314347052078826,2
CUST_00510,-0.24977167199472627,-1.3425927239276507,2
CUST_00511,-0.3839437393874995,3.2526123307005657,1
CUST_00512,1.6452452980811836,-0.8091233306189356,0
CUST_00513,-1.8644711020942994,-2.33355652490391,2
CUST_00514,-2.887341642411949,-1.2243824309329432,2
CUST_00515,1.0847173348858077,-0.6466680865838803,0
CUST_00516,3.3855917434068363,-0.7043730694149307,0
CUST_00517,1.547274798843636,0.30043585064490574,0
CUST_00518,-1.8488829778647338,-0.5668301598638873,2
CUST_00519,-1.3519597571916113,-1.2289499799061427,2
CUST_00520,1.601567040931691,0.17118698224288356,0
CUST_00521,-0.6218261124356933,0.6815337865761377,1
CUST_00522,2.100085358444316,0.5509048063161474,0
CUST_00523,-1.9718124965013535,-0.9364557517395096,2
CUST_00524,-2.003343543311757,-0.04583598967244608,2
CUST_00525,-1.177072871276618,-1.2151597981168698,2
CUST_00526,-0.19875258998878403,3.013760683672442,1
CUST_00527,2.1723658209597123,0.11526096793140056,0
CUST_00528,1.5124362675788272,-0.4005137985602618,0
CUST_00529,2.1839152012555196,-1.0308579131246025,0
CUST_00530,-2.110920765387895,-1.3511662954560606,2
CUST_00531,-1.7677202623602968,0.6885602846393065,2
CUST_00532,-2.720208026628742,-1.6978171065011172,2
CUST_00533,-2.4570465780957513,-1.1964234567415584,2
CUST_00534,-0.657649299645011,3.545014890769321,1
CUST_00535,-1.7910208762345117,-1.0114190777071634,2
CUST_00536,-3.421471096052348,-0.8315615342350084,2
CUST_00537,-1.1174007572790348,-1.6238684061505253,2
CUST_00538,0.7894205141853963,1.2332004413781597,0
CUST_00539,0.31939386486619986,1.2634594233894663,1
CUST_00540,1.7372235568859005,0.055015667849939026,0
CUST_00541,-1.5469859720369594,-1.5592462009862136,2
CUST_00542,-0.7653734406036911,1.780925370662193,1
CUST_00543,2.50729907527305,-0.6572501494820839,0
CUST_00544,-1.9596934737155638,-0.5385779198311649,2
CUST_00545,-0.9253047562313013,3.2856840820416,1
CUST_00546,2.5184724181040625,-0.5069119476687524,0
CUST_00547,1.3642955691978162,-0.7512772156548808,0
CUST_00548,-1.857008426867788,-0.7763458038942993,2
CUST_00549,-0.7978498041241027,3.0921749180635296,1
CUST_00550,-1.530548194921443,-0.37132206144483415,2
CUST_00551,-0.0022690572850294836,2.639627824272441,1
CUST_00552,-2.1719165603282895,-1.6261374652865728,2
CUST_00553,-1.199634306710343,3.514615264600487,1
CUST_00554,-0.6782250558643609,3.138237986413818,1
CUST_00555,-2.4026818270037706,-1.7663008090446295,2
CUST_00556,2.842105356917907,0.25481225774363425,0
CUST_00557,2.058156848896682,-0.8497630450415158,0
CUST_00558,1.9920674801233016,-1.0990366578194553,0
CUST_00559,-2.1705027733947744,-0.985446931513912,2
CUST_00560,-2.0503713315255045,0.42086479702383645,2
CUST_00561,-1.8427302926478717,-0.3564982206445954,2
CUST_00562,1.424413755529707,0.6815552076370177,0
CUST_00563,2.1196702838190395,-0.8278574600616441,0
CUST_00564,3.1703977875700233,-0.82666720746217,0
CUST_00565,1.7797122580300766,0.935674890903173,0
CUST_00566,-0.23810434473105185,0.8186615451294263,1
CUST_00567,1.1601941305542411,0.21980387514975785,0
CUST_00568,1.5470808066922654,0.8312372794630346,0
CUST_00569,-1.4878477758107758,-1.581253551162407,2
CUST_00570,2.0727495579522706,0.30384844386912313,0
CUST_00571,-1.123477391385252,2.6435246292583616,1
CUST_00572,-1.903421756064193,0.12096161364764277,2
CUST_00573,1.3784791016855367,0.015996479183783382,0
CUST_00574,-1.5993308370342787,-0.45254826910146245,2
CUST_00575,-1.594607544682184,-0.9144585453003606,2
CUST_00576,-2.2352702942972775,-0.7922406147409152,2
CUST_00577,1.9491484031706139,-1.1800708416918884,0
CUST_00578,-3.5929097299676167,-2.138439825197027,2
CUST_00579,-0.5081374276702346,2.6886394696487836,1
CUST_00580,1.9778959677606116,0.5640847387106057,0
CUST_00581,-0.20005337301631207,1.5658758024624302,1
CUST_00582,-2.4473634307180614,-1.1355241674788763,2
CUST_00583,-0.9872775792366704,3.011307800221684,1
CUST_00584,1.6464421696169782,0.18004513703011638,0
CUST_00585,-1.8658011658969398,0.20069960377346524,2
CUST_00586,2.9225161308176144,0.5155719114467426,0
CUST_00587,1.1680225451804627,-0.7382653792929368,0
CUST_00588,3.4878030055497957,-1.2170887230899872,0
CUST_00589,1.2108042548150209,-0.5835471259692201,0
CUST_00590,2.44496206085537,-0.7835668990003559,0
CUST_00591,2.0249975462923877,-1.4726469419152455,0
CUST_00592,-1.7494493925075845,-0.7331996755655085,2
CUST_00593,1.7907648182863283,-1.308469631729888,0
CUST_00594,1.2889241414993409,0.11870747342515292,0
CUST_00595,-1.457845298087981,-1.9464440622103767,2
CUST_00596,-0.1897026479967692,1.6258724174586627,1
CUST_00597,-2.244454653755423,-0.3097623030080663,2
CUST_00598,1.2828431689693487,-1.0640114869557837,0
CUST_00599,0.66974724613069,-1.130805966190033,0
CUST_00600,0.9134179714703816,-0.8393617954996772,0
CUST_00601,1.7819495016108373,-0.13120643870198762,0
CUST_00602,2.2223320525486554,0.49633546644509563,0
CUST_00603,2.229266250345465,-1.522762415483753,0
CUST_00604,1.5202684221147929,-1.815468567796991,0
CUST_00605,1.6921358989785937,-0.8031285702861637,0
CUST_00606,-0.8535533204406555,1.906367324934637,1
CUST_00607,0.8119974894886626,0.6311738795054794,0
CUST_00608,2.5068308005588644,-0.13033540570477012,0
CUST_00609,-1.3250960016708975,2.711349035776387,1
CUST_00610,-0.9808136334597055,-1.5675295682463064,2
CUST_00611,1.9014462734385595,-0.3323009918231383,0
CUST_00612,-2.211533207724285,-1.040139904402149,2
CUST_00613,-1.390318417548027,0.08600480106128791,2
CUST_00614,1.3450670139819811,-1.3789633928413636,0
CUST_00615,-3.135137055682135,-2.208567253222107,2
CUST_00616,-1.4256642969624556,-1.1769631778336163,2
CUST_00617,1.1027663251594635,-0.9856749742081391,0
CUST_00618,1.8615365912115949,0.34893031277917813,0
CUST_00619,-1.658631598578715,-1.088750810331387,2
CUST_00620,-1.4978480092730235,-1.8409120207139833,2
CUST_00621,1.5568590448473412,-0.2699016023506186,0
CUST_00622,0.8759328228418052,0.844660743076166,0
CUST_00623,1.558543401791935,0.9295297202419429,0
CUST_00624,-1.2118526695908773,3.1217798071004346,1
CUST_00625,-0.19127070326607154,2.202850669511062,1
CUST_00626,1.7222361628823986,0.4410129237695335,0
CUST_00627,-1.0521237691146368,2.2379167083730014,1
CUST_00628,-2.109787174145008,-0.6981534732902389,2
CUST_00629,1.5870952821953719,-1.409984134357846,0
CUST_00630,0.5951977749230917,1.0355180446992485,0
CUST_00631,-1.855012243271056,-0.5877565555645046,2
CUST_00632,-2.7654201317960845,-2.6977884182757106,2
CUST_00633,0.028311580576739246,2.791356476611797,1
CUST_00634,0.4633305909026952,2.9266125822293483,1
CUST_00635,2.185503264786333,-1.5594114162715438,0
CUST_00636,0.7675580208715621,1.5875079255124296,1
CUST_00637,-0.25304755384641664,2.865217249162492,1
CUST_00638,1.8588018367687644,0.6715869610140868,0
CUST_00639,2.4757005564026904,-0.8319178517263159,0
CUST_00640,1.6256254572602766,0.6595069999622781,0
CUST_00641,1.820869007567989,-1.1188653280564385,0
CUST_00642,2.3970901879728097,0.49193931066768026,0
CUST_00643,2.408398412151139,-0.3639994405500887,0
CUST_00644,1.7988127718999554,-1.0474051406060103,0
CUST_00645,1.6729191264224295,-0.004170235823602001,0
CUST_00646,-2.435560688747686,-1.2307437686034965,2
CUST_00647,-0.7368063265276523,2.11305854291728,1
CUST_00648,-2.124994564983662,0.6097888925843691,2
CUST_00649,-1.5381145312519102,-0.5877583800425706,2
CUST_00650,-0.7386100682951932,2.1821855949239266,1
CUST_00651,1.8624922726657738,-0.9360643828886379,0
CUST_00652,0.049461000859072485,1.391321689203195,1
CUST_00653,-0.5671331183001618,2.48895257413016,1
CUST_00654,-2.733736505075473,-0.38910729267851496,2
CUST_00655,2.273961468600516,-0.1111845943045714,0
CUST_00656,3.3217247701976857,-2.381910203014625,0
CUST_00657,0.8011463441092359,1.1203230747372002,0
CUST_00658,1.392853219805968,-0.5255657653944334,0
CUST_00659,-0.786496741098071,-0.8349385559550724,2
CUST_00660,-1.0800412364689052,3.1273415417598986,1
CUST_00661,1.2244156852119066,-0.29190169979268,0
CUST_00662,-1.6372431453109166,-1.7765954952421545,2
CUST_00663,-0.809899901312432,3.19039095551984,1
CUST_00664,2.0305974972648153,0.5376796404386164,0
CUST_00665,3.304580126343872,-1.356420372590917,0
CUST_00666,1.2565471459866129,-0.0984053473544116,0
CUST_00667,1.0608352726969186,1.0745230032293271,0
CUST_00668,1.5993866665210175,-0.6694143258024202,0
CUST_00669,0.9866697027354571,-1.0814170401250611,0
CUST_00670,2.191289063769753,0.11479024201558372,0
CUST_00671,1.4588175982067735,-1.5090493499949473,0
CUST_00672,-3.106025627439029,-1.844972877874136,2
CUST_00673,2.665678339530932,-0.6294594911869793,0
CUST_00674,-1.6157337457989127,1.7401530055691667,1
CUST_00675,2.2374244284850024,0.17436534435071063,0
CUST_00676,-2.8386666023417613,-1.6515698811596031,2
CUST_00677,2.450520616055266,-0.5320400356977869,0
CUST_00678,2.5283473791345825,0.7783981791117266,0
CUST_00679,-1.536082928743853,-0.3099697420238335,2
CUST_00680,-2.652411075379266,-0.2482578787011934,2
CUST_00681,-1.129198644729337,-0.4246598374989849,2
CUST_00682,2.4685323899389235,-0.03693062955196057,0
CUST_00683,3.6909842109285473,-1.023706524117428,0
CUST_00684,-1.4903105641010534,-0.39916116485126363,2
CUST_00685,-1.649359459001616,-1.8513450869918935,2
CUST_00686,-1.2202882225113167,2.2247843488779786,1
CUST_00687,-0.8143180332780469,2.7827157337390958,1
CUST_00688,0.12251465904883115,0.34387779769885773,0
CUST_00689,-1.1634468830189264,-0.6514666289975006,2
CUST_00690,2.4695371534747625,-1.2475925116722235,0
CUST_00691,1.9039921138421265,-0.7577510708152388,0
CUST_00692,1.5243063992837662,0.9820068862418574,0
CUST_00693,-1.9746061159109447,2.8983978369891727,1
CUST_00694,2.092932845942173,-0.3179178215799799,0
CUST_00695,1.3634062976858148,0.367285845912402,0
CUST_00696,-0.9224094008591971,2.6857307728872084,1
CUST_00697,0.9067601613604995,1.3010120560899907,0
CUST_00698,-0.9020386688738105,2.0863088940984102,1
CUST_00699,2.833196926989897,-0.6443876484690221,0
CUST_00700,-0.8399439789893051,2.835720828028163,1
CUST_00701,-0.7114881044073468,1.7383264480123632,1
CUST_00702,2.974909583510685,-1.479425982377336,0
CUST_00703,1.6538748653339463,-0.24565163174840118,0
CUST_00704,1.1398024278214833,-1.1458177849994708,0
CUST_00705,2.2110588041216985,-1.6948283546559422,0
CUST_00706,-2.731619521878086,-1.1500349127686784,2
CUST_00707,1.2247365115256954,1.402168419602299,0
CUST_00708,-1.5003552681362418,-0.09626496150888089,2
CUST_00709,1.936646191393035,0.08502657014446195,0
CUST_00710,-0.8756781555622984,-2.036358515213212,2
CUST_00711,-2.7002376021877468,-0.27090106258219265,2
CUST_00712,-0.0960815520662679,3.127450380511978,1
CUST_00713,-1.2372343007975621,2.986559899243722,1
CUST_00714,2.960426839252924,-0.44930284514719515,0
CUST_00715,2.218843122934167,0.5108982659701781,0
CUST_00716,-1.239208355923016,-1.7669066580336101,2
CUST_00717,-1.7257792483090009,-0.5185794885540524,2
CUST_00718,-1.920159055957423,-0.7490937136646113,2
CUST_00719,1.4436929457861123,-1.9161703179398788,0
CUST_00720,-1.118359535384319,-0.4525689540625609,2
CUST_00721,-2.657431932989671,-1.136302788644135,2
CUST_00722,2.6478719150812453,-0.7713248527860721,0
CUST_00723,1.6310192247655093,-0.7151752964232722,0
CUST_00724,-2.2551751675538507,-0.7666278572893538,2
CUST_00725,-0.355785708824437,3.8366332318778102,1
CUST_00726,-1.1231610988762122,-1.533396633473421,2
CUST_00727,1.6591462615899812,-0.6948710039062596,0
CUST_00728,-1.9799502955978006,-0.9491373861642811,2
CUST_00729,1.696475746652544,0.2819805958557929,0
CUST_00730,1.0195825063111104,-1.0934393394993567,0
CUST_00731,0.9398435778760614,-0.2954629146738151,0
CUST_00732,-2.8074265600284782,-1.2215222279373508,2
CUST_00733,-1.5849801653383577,-1.3764420568685807,2
CUST_00734,-0.7573274851878009,2.02093764949506,1
CUST_00735,1.6772268273842728,0.7316878714815059,0
CUST_00736,-1.1882595171360069,-2.4439898775808135,2
CUST_00737,1.5776121592495023,1.500342888461669,0
CUST_00738,-1.2306464133796056,-0.19178266337887817,2
CUST_00739,1.0708520007724687,-0.1273368252412748,0
CUST_00740,1.2488580675430658,0.9712042172930426,0
CUST_00741,-1.1375246224744546,2.7475421520027083,1
CUST_00742,2.3668148757224383,-0.005472995612666742,0
CUST_00743,-1.6558621344003444,-0.339130712514255,2
CUST_00744,-0.90507397663287,3.377643795899711,1
CUST_00745,1.2141727904466273,0.39630864346203926,0
CUST_00746,-2.450186398285856,-0.470123584909202,2
CUST_00747,1.4849385925932839,0.8304579690992535,0
CUST_00748,-0.45729803413713604,2.4247377059862014,1
CUST_00749,-2.699121303182184,-1.9096689909257483,2
CUST_00750,-1.5437406537150482,-0.5309361090442658,2
CUST_00751,1.2622612009478977,-0.5997026893181275,0
CUST_00752,-0.05428793132550564,-1.0533918160291487,2
CUST_00753,-0.8540108085256192,-1.842051943058198,2
CUST_00754,1.4331640583582064,0.34480715292114184,0
CUST_00755,3.4373082176047394,0.4096682985013438,0
CUST_00756,-1.8713468555991035,-0.5963679921584735,2
CUST_00757,-1.6432653237576085,0.10717510332490857,2
CUST_00758,-0.9679071034848895,3.303171043241406,1
CUST_00759,-1.4114738084365805,-1.138016769866312,2
CUST_00760,-1.9551274094441888,-0.6665623957150962,2
CUST_00761,0.8408441499808341,-1.165438341334623,0
CUST_00762,1.7330808131728117,-1.0791173977821162,0
CUST_00763,0.9442068967930324,1.5800623547397257,1
CUST_00764,-1.539785466454185,-0.7747816027881566,2
CUST_00765,1.5421480205842744,-1.4845947975284473,0
CUST_00766,-1.4831367047244062,4.626701629560213,1
CUST_00767,-2.1202534014546495,-0.7499896460401184,2
CUST_00768,-1.8513364115206081,-1.2122868239150275,2
CUST_00769,1.7216934515584874,0.6048725684203341,0
CUST_00770,-1.622540617347427,-1.215432412715519,2
CUST_00771,1.0118132735849894,0.40774011365402485,0
CUST_00772,-2.6307494642425553,-0.5298584012823597,2
CUST_00773,1.495955629271466,-0.9243450413110902,0
CUST_00774,1.4165380821323534,0.47630695999001926,0
CUST_00775,-0.929600655714011,-0.9714237172646994,2
CUST_00776,2.407097398648717,-0.7368284050817425,0
CUST_00777,1.7735911743268018,0.6854971283167849,0
CUST_00778,-1.4321582978159606,-1.9891848281410136,2
CUST_00779,-1.7776297699634633,-0.13652990407986446,2
CUST_00780,-2.08700623330559,-0.9550778664356587,2
CUST_00781,-1.5967940438951647,-0.07830565733807003,2
CUST_00782,-1.1447018467053298,3.194184074856943,1
CUST_00783,2.3233602014882098,0.2577876322963403,0
CUST_00784,1.7206390911061475,0.6716242210796396,0
CUST_00785,1.657851528029902,-0.9660878814503995,0
CUST_00786,-2.5346641792309987,-0.8030636757848608,2
CUST_00787,-1.3075699417094677,2.233389379787819,1
CUST_00788,2.5884326060250333,-0.16068985930026325,0
CUST_00789,-0.3258484688263698,3.0678314963397972,1
CUST_00790,-1.7925900638095094,-1.4059484885872067,2
CUST_00791,2.296580952867762,-1.0247165957569535,0
CUST_00792,-0.6674939624484948,2.758696128059256,1
CUST_00793,-0.4340991932266107,2.744629556164763,1
CUST_00794,-0.5969888291875209,2.248193738324514,1
CUST_00795,1.770697228787412,-0.6931041804875183,0
CUST_00796,-2.548772362402971,-0.8336974882410242,2
CUST_00797,-2.2717327245797203,-1.5424903845081153,2
CUST_00798,-1.4212220176187491,2.705714660719753,1
CUST_00799,-2.2743873029607506,-0.7895845737791756,2
CUST_00800,-2.1229216567978693,-0.3605129125064146,2
CUST_00801,-2.1532849938213854,-0.41816685980409635,2
CUST_00802,1.16103600459765,0.039273568959097706,0
CUST_00803,-0.3054947958277534,1.8543418077693512,1
CUST_00804,-0.48295716493255675,3.148384362746596,1
CUST_00805,2.2344764868520612,-0.21719100939662572,0
CUST_00806,-1.070429326468692,-0.9382506701136116,2
CUST_00807,-3.014841270228587,-3.090339283134867,2
CUST_00808,-2.6888956161564725,-0.9172816608053076,2
CUST_00809,-0.6415843670881375,2.111605076735783,1
CUST_00810,1.4090237052264938,-0.8935705782955662,0
CUST_00811,-1.451165420482296,-1.6166574717615998,2
CUST_00812,-2.0394651486727478,-1.9081001305141632,2
CUST_00813,0.9381086844440357,0.3731161636033645,0
CUST_00814,-1.6337514930248445,-1.8707940015215683,2
CUST_00815,-1.410632405662347,-2.6731426412007426,2
CUST_00816,-0.9784474038860645,3.7870802217753585,1
CUST_00817,-0.050906580306665644,1.628339666981339,1
CUST_00818,0.8738335412209487,0.08109356136204524,0
CUST_00819,1.2605976132171557,-0.22890721199923197,0
CUST_00820,0.86313138189407,0.19812300718221348,0
CUST_00821,-2.8144424058462407,-1.1819446224164327,2
CUST_00822,1.7792777957962327,0.19803343900340625,0
CUST_00823,3.2551203352381393,-0.9425662242786905,0
CUST_00824,1.6415691794278526,0.27106147464517916,0
CUST_00825,-1.307453865361646,3.172786188789226,1
CUST_00826,-3.1479479503857504,-2.4576550699925614,2
CUST_00827,1.2278466123639102,0.6172032276782787,0
CUST_00828,1.5191306244126728,-0.5913612609146607,0
CUST_00829,-1.7258485080265513,0.11721915302693811,2
CUST_00830,-0.2028352810635226,1.4908145025360802,1
CUST_00831,1.730916239272819,0.366431095191952,0
CUST_00832,-0.9278594081839626,2.7289153017241423,1
CUST_00833,1.6791838170870272,-1.319459639497378,0
CUST_00834,2.5162434442154744,-1.0349134465442915,0
CUST_00835,-0.7330547189997932,2.5424345033654627,1
CUST_00836,2.4037238027927863,0.5965950615349198,0
CUST_00837,-3.8747600728371054,-2.6543779448043803,2
CUST_00838,1.2058396741756754,0.7459013818001048,0
CUST_00839,-1.0257916110923784,3.624223761220823,1
CUST_00840,-2.4799643875584096,-0.27469256302944856,2
CUST_00841,1.2691520496803699,-0.8361811441939762,0
CUST_00842,-2.0213161122146226,-0.9619277954377368,2
CUST_00843,1.2965733020956316,-0.7741896571928556,0
CUST_00844,-3.1427490648719387,-1.0233806793382723,2
CUST_00845,1.797165258392467,-0.5649661262166383,0
CUST_00846,1.5417654938761935,0.8620322108681436,0
CUST_00847,2.1819573375843073,-1.7302447204208786,0
CUST_00848,-2.1157655888206244,-0.7998665816636672,2
CUST_00849,-0.37105044929607345,2.5135483969320145,1
CUST_00850,-0.7419250578172081,3.2953745937971073,1
CUST_00851,2.3136218926934786,-0.452157660511975,0
CUST_00852,-1.819731912789906,-0.937798436398094,2
CUST_00853,2.5876865022361253,-0.20927575768251153,0
CUST_00854,-2.227601919864983,-1.397597198285784,2
CUST_00855,1.253563016880514,0.19314876138138737,0
CUST_00856,1.6550966719635203,0.458683789957624,0
CUST_00857,1.7988750491208376,-1.1902261516844228,0
CUST_00858,-0.8599752735767353,2.0752670888070703,1
CUST_00859,-1.8984402132311475,2.301416388493036,1
CUST_00860,2.2543629219028447,-0.13246251015665716,0
CUST_00861,-1.5019143411909124,-0.337850116135336,2
CUST_00862,-0.20409248920973524,2.3354958939832744,1
CUST_00863,-1.1400616913296264,3.2874611431227194,1
CUST_00864,-0.5119190121082596,2.9489159057453875,1
CUST_00865,1.7780636867290163,0.266366229276966,0
CUST_00866,-0.3712254032829273,1.914864099381141,1
CUST_00867,1.1257379514172279,-1.1266742435217592,0
CUST_00868,2.6129094240927584,-1.3706997531691107,0
CUST_00869,-1.5324948091841049,-1.621045142910514,2
CUST_00870,-2.2540384133079376,-1.1638880525220627,2
CUST_00871,2.9246508381568725,0.5174597019991217,0
CUST_00872,1.8200426152734526,0.4918648148712321,0
CUST_00873,-2.400360743526192,-0.12737164696478098,2
CUST_00874,1.7193905076630867,1.0008496938121358,0
CUST_00875,0.378172981815434,0.20102750927338975,0
CUST_00876,0.7836802934310854,-1.2043896063991606,0
CUST_00877,-1.8917740685404054,-0.534023412936636,2
CUST_00878,-0.8096869891292681,-0.8009387735572141,2
CUST_00879,2.658854000826693,-0.4292053895305072,0
CUST_00880,2.0516901396917744,0.26714941868712355,0
CUST_00881,0.887309088285865,0.4918695389661085,0
CUST_00882,-2.1947603279352035,-0.5873481873860985,2
CUST_00883,3.082035011425653,-1.1490109547833256,0
CUST_00884,3.5436162923219388,-0.6950556557973903,0
CUST_00885,-1.60755766561431,-0.08005723758506601,2
CUST_00886,1.7177840388808199,-2.040511725677612,0
CUST_00887,-1.9118662825888544,0.4428892761752957,2
CUST_00888,1.6715071053787747,0.017897886912888607,0
CUST_00889,2.136191401143805,-1.536097676454828,0
CUST_00890,3.4417434421912656,0.15518762855176021,0
CUST_00891,-2.116661235901835,-0.19084700544519384,2
CUST_00892,-1.9081614163550975,-0.7357918575495609,2
CUST_00893,-2.844797159616878,-0.09868673619635163,2
CUST_00894,1.1145698936618618,0.7180188080396123,0
CUST_00895,-2.2644733641549344,-0.7911720034983561,2
CUST_00896,1.353577483060457,0.32112177073615994,0
CUST_00897,2.437315546330561,0.5280607886933824,0
CUST_00898,-2.5477869746280724,-1.3192085192137282,2
CUST_00899,2.6442159079200724,-2.0758460538773678,0
CUST_00900,2.053374816224277,0.053061200922534524,0
CUST_00901,2.275305324298192,0.20551413511131084,0
CUST_00902,1.8724075053977038,-0.9972382171157889,0
CUST_00903,1.2831392038834921,-0.5615725629114214,0
CUST_00904,-0.2283345140287137,2.598340774956956,1
CUST_00905,2.1691559098677318,0.3137657939786702,0
CUST_00906,-2.6475593652530387,-2.5857175853539274,2
CUST_00907,-1.8293042624655413,-1.6939151420164948,2
CUST_00908,1.2586119222618894,0.6991584109507729,0
CUST_00909,3.9736639277606414,-0.2260710147812681,0
CUST_00910,1.9634986271493804,0.25529412489925885,0
CUST_00911,-0.8622650234160432,3.2248411667903354,1
CUST_00912,1.1239067726175334,-0.018311148481759715,0
CUST_00913,-1.5954617619180338,-0.6082362478908613,2
CUST_00914,1.7559176789076627,1.1599805985261868,0
CUST_00915,-0.8144805957291225,1.9988007398125167,1
CUST_00916,0.96823624549181,0.1928795385504578,0
CUST_00917,1.574425425728045,0.5166281393057578,0
CUST_00918,-1.635650303033653,-1.3197471450876124,2
CUST_00919,-1.7613149857050052,-0.6009025971861928,2
CUST_00920,1.970507160225342,-0.7068975477638958,0
CUST_00921,-3.8453845149835533,-2.159323426748421,2
CUST_00922,-1.2992559048031582,4.255125125736139,1
CUST_00923,-1.4421842220531569,-1.970158893245902,2
CUST_00924,-1.5070875442094702,-0.03921350099513224,2
CUST_00925,2.528689392128133,0.9370427455955757,0
CUST_00926,2.2174158877610286,-1.4786593506329468,0
CUST_00927,1.0109994184377462,0.023182491426466313,0
CUST_00928,-0.8707041167450383,3.493601969633325,1
CUST_00929,-1.6834371159374157,-0.4434422355317365,2
CUST_00930,2.8077937725450184,-0.11048550368747852,0
CUST_00931,1.7936111163533115,-1.9604843855577097,0
CUST_00932,-2.0046890124279177,-0.446077504376321,2
CUST_00933,-2.904310286309703,-1.437164771531213,2
CUST_00934,-0.35529130334895986,2.330686775388271,1
CUST_00935,1.1161563322808767,-0.9048611159875074,0
CUST_00936,0.7016031648716994,0.703073565277033,0
CUST_00937,2.0688089831295766,-0.40494118094648623,0
CUST_00938,-2.1788585016707116,-0.30562363286319566,2
CUST_00939,2.713309384964194,0.3612378095315359,0
CUST_00940,-0.31474043267180046,2.0062182812596023,1
CUST_00941,2.577371883326629,-0.010623507003844878,0
CUST_00942,-0.15481289980127622,3.0952851896654225,1
CUST_00943,-1.4101689537844702,-1.2296911943508426,2
CUST_00944,-1.7559339871119861,-0.8369338937289105,2
CUST_00945,2.020352554679015,0.05223075771403107,0
CUST_00946,1.324250306284885,-0.8843712743998104,0
CUST_00947,1.76299220668734,-0.7709641347792355,0
CUST_00948,-1.9318702280437579,-2.0077161255724234,2
CUST_00949,-1.5681462547181724,-1.4861650795634695,2
CUST_00950,-0.6045044578689567,3.424424628249998,1
CUST_00951,-0.7207836217507241,1.7482047973995143,1
CUST_00952,-2.2950716283991417,-0.7180226546908769,2
CUST_00953,2.3558878224849344,-1.461769921206683,0
CUST_00954,-2.5016650886176603,-1.5167969540451312,2
CUST_00955,2.2931252592431703,0.742264010541201,0
CUST_00956,1.6886782252823058,0.24759241524234568,0
CUST_00957,-0.9293257323578962,1.4077116034704258,1
CUST_00958,2.7312360824248145,-2.3513266363378587,0
CUST_00959,1.5193773129483759,-2.052453105455279,0
CUST_00960,-2.2173828502090847,0.11426567563503795,2
CUST_00961,1.2111862558384492,-0.20176091782813219,0
CUST_00962,-0.25644360532175026,3.5300610048161447,1
CUST_00963,0.6187070626349511,0.9338883163157915,0
CUST_00964,1.6639355252108585,0.5187002572741708,0
CUST_00965,2.5978365441222686,-0.35233007488063406,0
CUST_00966,2.0446623767043883,0.35692193037494924,0
CUST_00967,-0.7928084748859626,-1.1085718046835222,2
CUST_00968,0.3525560613893013,1.1272484692338105,1
CUST_00969,0.070288491017526,3.2438619530263897,1
CUST_00970,-0.2366493304940106,1.9439063330497197,1
CUST_00971,-0.9443323624967379,-0.7721866275224717,2
CUST_00972,-2.6940630995063675,-0.8513944909160539,2
CUST_00973,-1.8679996870137339,-0.9664690794881158,2
CUST_00974,1.0018452348381965,0.5417790634909275,0
CUST_00975,2.1636437480836412,-1.358844064090113,0
CUST_00976,1.8713139532310445,-0.36353094616353654,0
CUST_00977,-0.06327046078458583,3.3001720019990337,1
CUST_00978,0.8397742187118523,0.22886459593909558,0
CUST_00979,-0.3206828475518414,2.8495957464835286,1
CUST_00980,-0.6486121481161297,1.5324117645461848,1
CUST_00981,1.8945139713585715,-0.6638007766769645,0
CUST_00982,-1.4140768332537597,0.10407621856567417,2
CUST_00983,2.976798987428734,-1.0540323517673658,0
CUST_00984,1.5310304723271395,-0.7987518932237289,0
CUST_00985,-1.9775065422101508,0.023440601492457365,2
CUST_00986,0.4396776018636509,2.9078055759413806,1
CUST_00987,-2.309430459982343,-1.4800388602682693,2
CUST_00988,1.1767374236249133,1.6879171370862327,1
CUST_00989,2.015186451806209,0.20379023280111533,0
CUST_00990,-1.1363773533689885,-0.6568647085283082,2
CUST_00991,-1.2859769639229806,-0.04368649709090853,2
CUST_00992,-1.279500712756262,-0.7226714282826507,2
CUST_00993,2.0249431443114423,0.360050264728918,0
CUST_00994,-0.6757989215794737,2.5288462214860123,1
CUST_00995,1.7203055321770153,0.31723823429923703,0
CUST_00996,1.31241181677621,-0.30859931617252717,0
CUST_00997,-2.635174662848815,-1.0416200588687574,2
CUST_00998,1.5904842590335926,-0.5099524791976809,0
CUST_00999,-2.5687119534764618,-2.005425586679132,2
CUST_01000,-0.1304993983877497,0.5575142261086715,0
CUST_01001,1.1836322038362415,-0.11749382340390538,0
CUST_01002,-0.1527325312230285,2.1207905148797885,1
CUST_01003,-1.851822355367202,-0.1759704256612706,2
CUST_01004,-1.9948731397660182,-0.8381384045679298,2
CUST_01005,-2.498468205298731,-0.522481416004321,2
CUST_01006,-1.2508170458723975,-0.7445230498357922,2
CUST_01007,-1.1636939889713611,-0.7356064374900539,2
CUST_01008,-1.8337961587516998,0.3086304985956152,2
CUST_01009,2.6789062723547135,0.0879484035509792,0
CUST_01010,-0.5692142818111938,1.3447495067341197,1
CUST_01011,1.354014798647617,0.2412930626126383,0
CUST_01012,-2.8922164334089517,-1.2340661388556604,2
CUST_01013,-1.8958962531924397,-1.382551951884472,2
CUST_01014,1.0277436509621354,-0.8315563384734055,0
CUST_01015,-1.573143205331273,-0.23501634706968502,2
CUST_01016,-0.42400279508362493,-1.952967254244303,2
CUST_01017,1.8822834475850505,-0.9762007758460383,0
CUST_01018,-0.6641442326580306,2.1452879628931876,1
CUST_01019,-1.842051295621981,-1.4705544093832303,2
CUST_01020,2.6768969615201876,-0.9545797629377141,0
CUST_01021,-2.2474356013837973,-0.1808804248511391,2
CUST_01022,2.775060535019192,0.3787119061694093,0
CUST_01023,-2.4883107532732045,-1.7549328512534135,2
CUST_01024,-2.90959627360553,-1.6361666859785995,2
CUST_01025,-1.8456522292793445,-2.175849374006498,2
CUST_01026,-0.6705429237970071,2.656737888925393,1
CUST_01027,-1.4916910512767387,-1.5824532914597629,2
CUST_01028,-1.703160751808661,0.07983298386223489,2
CUST_01029,1.348558888906382,0.10649298753505608,0
CUST_01030,-1.690585600543964,-0.613855017170112,2
CUST_01031,2.31146825157518,-0.9665511583287824,0
CUST_01032,-0.5084597494629561,1.4386871068898324,1
CUST_01033,1.8192100765866819,0.32642659148448483,0
CUST_01034,0.8723088251901514,-0.11435380124150482,0
CUST_01035,2.2038167291079245,-1.7148417370384637,0
CUST_01036,-1.4549944395922922,-1.6466559053601078,2
CUST_01037,0.6409634962917642,0.6381225306373826,0
CUST_01038,-0.6539709615682427,-1.4288243653296342,2
CUST_01039,1.103865663012333,-0.9157620806491757,0
CUST_01040,1.6778903773185532,0.672665496145608,0
CUST_01041,-1.1972546985811714,2.519338856265434,1
CUST_01042,-1.8571023183580873,-0.7164837486254768,2
CUST_01043,0.7275764731164658,0.9688585659052125,0
CUST_01044,-2.3517194093671665,-0.3698712549719615,2
CUST_01045,-3.9037580942304575,-1.9034520151816674,2
CUST_01046,-0.5544308241814568,2.8559935648626467,1
CUST_01047,1.6025178315275297,0.8018940266123906,0
CUST_01048,2.78827393356773,-0.7567890025023201,0
CUST_01049,-3.256569637601865,-0.2704779848041314,2
CUST_01050,2.0239221820740942,-1.28038716722594,0
CUST_01051,-0.4785021175320384,-1.9931036848229946,2
CUST_01052,-0.5947766422730661,3.4998584941788544,1
CUST_01053,-1.2842234919701967,-2.12228642425265,2
CUST_01054,-1.3311282048127058,-0.11227225715986056,2
CUST_01055,-2.5264732839021415,-1.6737077269379963,2
CUST_01056,2.5347003417447995,-0.8709666535932697,0
CUST_01057,-2.0312890001092176,-0.6808233967870887,2
CUST_01058,1.5556526128097272,-0.13079417727164494,0
CUST_01059,-1.6624546587582714,3.6246264582457126,1
CUST_01060,-2.1939386853385368,-0.15225957916529478,2
CUST_01061,-3.382807885772028,-1.5230579147532972,2
CUST_01062,-1.4374126071738753,-1.5968444135702353,2
CUST_01063,-1.841130836644766,-1.014029690589114,2
CUST_01064,2.5064943903146997,-0.7482989737129205,0
CUST_01065,0.7585571994647569,0.7304339439877451,0
CUST_01066,-1.8859941934127487,-0.7534349058632328,2
CUST_01067,1.523785380087751,-0.34887408818225296,0
CUST_01068,1.7219410840521734,-1.1448119124788796,0
CUST_01069,1.659641195520644,1.1099109798017721,0
CUST_01070,0.6157489911952461,1.086725899896104,0
CUST_01071,0.6593210455790636,0.39490722696301367,0
CUST_01072,2.0170803443152066,0.34919635888225536,0
CUST_01073,2.2938302054427924,-0.9992026747263619,0
CUST_01074,1.4764301549087353,-0.21951098802086744,0
CUST_01075,-1.6640297324948363,-0.8152482186774757,2
CUST_01076,2.2271235314282958,0.6531258185468972,0
CUST_01077,0.6967554419542197,-0.12060379498491347,0
CUST_01078,-1.958817575026761,0.10967292057658964,2
CUST_01079,2.3036412882710873,0.5202111459812379,0
CUST_01080,-1.1792471276647474,-1.3348160879431556,2
CUST_01081,-1.563879128814412,0.3489441096246677,2
CUST_01082,2.3300823299691396,-1.0642890789933521,0
CUST_01083,1.732457539619737,0.5393085121765115,0
CUST_01084,-2.6103353349140668,-0.8483226310908307,2
CUST_01085,-0.919457197310603,-1.198084278242066,2
CUST_01086,-0.6470330007791658,3.539142609440704,1
CUST_01087,-1.0019337439555647,3.7322199909878466,1
CUST_01088,1.6260418133601344,-1.1597827879800693,0
CUST_01089,-1.3056647221010047,-1.399891700631175,2
CUST_01090,2.327659621570355,1.3080945981703966,0
CUST_01091,-1.230843623795576,-1.1479170539334551,2
CUST_01092,-1.3520481099956705,0.3326278902815604,2
CUST_01093,-0.3716601013276528,2.042102503637001,1
CUST_01094,-0.9558791462861378,2.0102136449294394,1
CUST_01095,0.5505035818696016,1.6865158790347146,1
CUST_01096,2.17840661018642,-0.7657166009127964,0
CUST_01097,2.153280924578756,2.0372344954484722,0
CUST_01098,2.6447384288368165,-0.5926817633729672,0
CUST_01099,-1.9685718353002093,0.08827401224400247,2
CUST_01100,1.9320102214971175,-0.41223519239134976,0
CUST_01101,1.3396856192235245,-0.24273398669394256,0
CUST_01102,-3.3315321219877814,-2.743412579703805,2
CUST_01103,-3.8597975941187235,-2.7606114853758554,2
CUST_01104,-1.1428217622188075,-2.422739109440028,2
CUST_01105,-2.4798833276512737,-1.7073894382446717,2
CUST_01106,2.9458641053146755,-0.776638712028781,0
CUST_01107,1.6850940529405771,0.6411498179821081,0
CUST_01108,-1.571761434999496,-0.23469283335612354,2
CUST_01109,-2.1811138662952767,-0.02793497025103491,2
CUST_01110,1.4371636317103977,-0.4180006351802109,0
CUST_01111,-0.7183171299925832,-1.1565091221939277,2
CUST_01112,1.4929185980740793,-0.027182839818364744,0
CUST_01113,2.289577441819616,0.31946658411385065,0
CUST_01114,-0.9127091180099175,2.8174712160003446,1
CUST_01115,-0.10655869984707424,1.6691223772237902,1
CUST_01116,-0.9869271758793198,2.2659069704846013,1
CUST_01117,0.820714327046795,-1.4196855988339263,0
CUST_01118,-2.0023031457685727,-2.0214742839304964,2
CUST_01119,3.419047081759187,-0.37911738543357293,0
CUST_01120,1.6890824262904196,-1.1346522805459482,0
CUST_01121,-3.494160222304112,-2.4301474965262955,2
CUST_01122,-2.030580875351832,-0.2430807027218271,2
CUST_01123,-2.1798632679480408,-0.6493443033344861,2
CUST_01124,-2.1241760754697814,-0.23215178111726553,2
CUST_01125,-1.3658496409756877,-0.4408939966277867,2
CUST_01126,-0.3972833893198957,2.8828374889675112,1
CUST_01127,1.2076698962246166,-0.6500256693915896,0
CUST_01128,1.6130274633323212,0.8578769344124675,0
CUST_01129,2.572222768439946,-0.27511528301439525,0
CUST_01130,1.2114583351761106,0.7887423330677246,0
CUST_01131,-1.3873240536439708,-0.2854264185262421,2
CUST_01132,-0.7625173939068239,1.543768048199032,1
CUST_01133,1.6501548998865239,0.3028577981847355,0
CUST_01134,1.8405846623935451,-0.033765903588942096,0
CUST_01135,-1.5212670736863294,-0.44303252094162976,2
CUST_01136,1.8550521533633602,-0.7848008786796621,0
CUST_01137,-3.689629057118139,-1.8463936025851826,2
CUST_01138,-0.6744313646924447,4.248607816035689,1
CUST_01139,-0.2773963603339059,1.9834999335746322,1
CUST_01140,-0.4231617544462732,2.859735862176381,1
CUST_01141,-1.9536797803856372,0.09362815729110376,2
CUST_01142,0.8479479047113556,0.06269517036235567,0
CUST_01143,-1.1708501666645337,-0.5044069607373867,2
CUST_01144,-0.7529456146273971,2.0802464987402733,1
CUST_01145,2.3063451861137194,-0.004568626379724551,0
CUST_01146,-3.6949930801822477,-2.824588421561944,2
CUST_01147,-1.1474285837946203,0.3770551965283358,2
CUST_01148,-0.47629287574070894,-0.03805924629342897,2
CUST_01149,-2.8055373881496912,-0.6148539196621181,2
CUST_01150,-2.7157349473614345,-0.38429958297772326,2
CUST_01151,-2.397030496194912,-0.13947779077637787,2
CUST_01152,-0.9390998172159365,-1.2690319477863836,2
CUST_01153,-1.6658057835713576,-1.0363983824481164,2
CUST_01154,-1.6716418877525903,-0.23826255587316722,2
CUST_01155,-0.8296026594468294,1.356620240918994,1
CUST_01156,-1.9160141991899924,-0.1328796952518346,2
CUST_01157,1.8498963586034984,-0.8313357646708348,0
CUST_01158,-2.581825518441127,-1.8862133025592696,2
CUST_01159,-1.406495150942027,-0.49030747048967827,2
CUST_01160,1.2182287235016376,-1.0746537764137052,0
CUST_01161,-1.2322380608431358,-0.3084102294513403,2
CUST_01162,1.5994123521229615,-0.9734481216703589,0
CUST_01163,2.3628959565416117,0.2926832472972147,0
CUST_01164,-0.8704922030933541,-0.07322854311207168,2
CUST_01165,2.501107717649681,-0.29355897733797437,0
CUST_01166,-1.797163457764833,-0.8024564082453409,2
CUST_01167,-2.0138170811880536,-1.2700339448486646,2
CUST_01168,-0.5493512285221044,2.507155178096822,1
CUST_01169,0.10835737716094819,-0.6453102980924248,0
CUST_01170,1.1719309803376339,1.324356575431339,0
CUST_01171,-0.49242992016709464,3.022478642865246,1
CUST_01172,-2.3996534737246384,-0.6189946842804267,2
CUST_01173,-1.078084240480226,-0.2099738167229963,2
CUST_01174,1.4652296606344346,1.1832439267936743,0
CUST_01175,-1.2027875584750256,-0.27653895442175525,2
CUST_01176,-0.5376850036618112,2.887643039748024,1
CUST_01177,-0.7591043665735725,-1.6210661907546862,2
CUST_01178,2.0622456628795214,-1.6598864207178985,0
CUST_01179,-1.5251445850414798,-0.7731931533769095,2
CUST_01180,-1.2871851976007143,2.264182175747049,1
CUST_01181,-1.714513993579113,-2.0923736480693167,2
CUST_01182,1.5441537536518706,-0.04972132666349394,0
CUST_01183,-2.513889607585097,0.24404663046026404,2
CUST_01184,-2.24443861024571,-1.4456066475351494,2
CUST_01185,1.2350594551445,-0.4508546862688382,0
CUST_01186,-1.965594941718927,-1.7765636918676952,2
CUST_01187,-1.8111073828127493,0.09236042745041381,2
CUST_01188,1.1904900855460376,-0.7461811558032738,0
CUST_01189,1.9147903753862243,0.7270873123561595,0
CUST_01190,-1.1130329823576368,-1.947937872359928,2
CUST_01191,2.27621031073561,-0.7478123090727402,0
CUST_01192,-1.4990534604466232,2.879238194556416,1
CUST_01193,1.4144238193078997,1.0003574464535268,0
CUST_01194,-1.0384975934451617,-0.8672901754594833,2
CUST_01195,2.2826704855959385,-0.2603483328366664,0
CUST_01196,-2.2470680814388087,-2.2704159286833887,2
CUST_01197,-1.8766351967800607,-1.2127192252315373,2
CUST_01198,-1.833240947740983,-0.6582870604642204,2
CUST_01199,-1.0405144523241596,-0.5202173393231199,2
CUST_01200,3.2873091201633238,-1.5430041373694057,0
CUST_01201,-1.6485124062827188,-1.285167229814967,2
CUST_01202,1.1755868411782382,-0.38541087570321503,0
CUST_01203,1.3323505738077075,-0.4882781718163244,0
CUST_01204,2.5477035794853715,-0.42678957801399753,0
CUST_01205,-0.8557043095460414,2.0512801231386426,1
CUST_01206,-2.4122899622477334,-1.2696189451067266,2
CUST_01207,-1.6524738731919368,-0.22133141645919682,2
CUST_01208,0.10597197318524923,2.484156451099117,1
CUST_01209,1.1632364891566493,-0.24245858797696632,0
CUST_01210,-1.288296037829283,-1.1344654145044974,2
CUST_01211,1.8694329829571605,1.545718043369831,0
CUST_01212,-1.1711846495640776,2.475514116956512,1
CUST_01213,2.668942446392769,-1.3158251897086737,0
CUST_01214,-1.3740232916487227,-0.29734537792485344,2
CUST_01215,-1.2086246106412362,-0.8883332708606602,2
CUST_01216,0.6381412408529543,0.9900022993645148,0
CUST_01217,0.6340029630260011,-0.5213943088522378,0
CUST_01218,-2.551819783417318,0.025310667246773524,2
CUST_01219,-1.044704373049952,-2.08226234752816,2
CUST_01220,2.0736667308880237,-0.300429106955164,0
CUST_01221,-1.8229027728157998,-2.131509561056953,2
CUST_01222,0.7037250208586373,-0.13756107835334985,0
CUST_01223,3.1950240298813917,-0.42381045859194466,0
CUST_01224,-1.8880489268585197,-0.9079830120511032,2
CUST_01225,1.3485521358516317,0.11856895166431586,0
CUST_01226,-1.3705126747644862,-1.950034363644649,2
CUST_01227,1.7979502591610468,1.0403446622545822,0
CUST_01228,1.7984826988654488,1.278790846680825,0
CUST_01229,-1.446597459337326,-1.5915467948445574,2
CUST_01230,1.2331377570366122,-0.08433415108521888,0
CUST_01231,-1.9639370965235974,-1.48046829272351,2
CUST_01232,0.6747129984019966,0.91848756399358,0
CUST_01233,1.6037452177668536,0.053382955290809,0
CUST_01234,2.6249736600103577,-1.7543083112710551,0
CUST_01235,-1.8077750019618612,-0.8565971919364246,2
CUST_01236,1.0675966198445246,1.9301535342543024,1
CUST_01237,-2.833978810536886,-1.1678436399459278,2
CUST_01238,-0.22921366156317657,2.425885160093547,1
CUST_01239,-1.704825598903895,-2.075212384250643,2
CUST_01240,1.5330474335382323,-1.299376354308623,0
CUST_01241,-1.9357765629217767,-2.190622296070696,2
CUST_01242,-2.248560243485142,-0.4871859348186348,2
CUST_01243,-1.912373716792288,0.43513117869666956,2
CUST_01244,-1.5517191091611835,-0.15384756671099836,2
CUST_01245,-0.7040482579563455,-1.4580402735154685,2
CUST_01246,-1.4220407811312419,-0.8025057818765094,2
CUST_01247,1.0862754970486528,-0.5349458807584384,0
CUST_01248,3.9456276551834937,-0.6817948768369332,0
CUST_01249,-2.0714838593523126,-1.7009255335182696,2
CUST_01250,-1.0425710395308267,2.4045535705549925,1
CUST_01251,-1.7453785326247742,-0.4894768575714732,2
CUST_01252,-0.7865954355876874,3.1350539676682274,1
CUST_01253,1.812997686917422,-0.5016471179771094,0
CUST_01254,1.4098373523266226,-0.2586158473206145,0
CUST_01255,-1.6526345400191467,-0.12007171056815533,2
CUST_01256,1.8435958073567908,0.6913559091721599,0
CUST_01257,2.2299341986440395,-0.19538680673547695,0
CUST_01258,0.15075372912158766,1.5262922597303528,1
CUST_01259,3.185935742246762,-1.627121195264987,0
CUST_01260,-0.7160879015319163,2.8167258064189444,1
CUST_01261,2.0685716434642396,-0.43962422505293397,0
CUST_01262,-0.47274335173670434,-0.8923038667718803,2
CUST_01263,0.9783838545867432,0.4038089854638326,0
CUST_01264,-0.4890216751648247,3.166002631857363,1
CUST_01265,1.9763965574509363,-1.0273639842842082,0
CUST_01266,1.9712791970820447,-1.5927127838622857,0
CUST_01267,1.213131466511569,-0.22751550311077848,0
CUST_01268,0.135768084029108,2.7156710956843573,1
CUST_01269,-0.5812203083666632,1.5900060697338738,1
CUST_01270,2.736931082769755,0.29773882188222645,0
CUST_01271,-2.197492191743148,-0.6998565796201911,2
CUST_01272,-3.019235642868033,-2.345603725139139,2
CUST_01273,-0.848609599200882,-1.0069453797484254,2
CUST_01274,2.7927395792847425,-1.6441411193095676,0
CUST_01275,-0.6648893861283617,3.794617571622362,1
CUST_01276,0.8298697755097325,-0.4491022099239358,0
CUST_01277,1.2950041817993432,1.3251544995192757,0
CUST_01278,-2.615768539492973,-1.0238345271014984,2
CUST_01279,2.862088607167182,-1.252492572920175,0
CUST_01280,-0.6782154135931976,2.315073731398542,1
CUST_01281,-0.48103148726237827,3.1332376692533384,1
CUST_01282,-1.0858196497994401,-0.40038617231354445,2
CUST_01283,-0.5772244176324838,1.8037204193359433,1
CUST_01284,2.312055442326736,-1.2043518996774392,0
CUST_01285,0.9208860105273798,-0.2661682092121101,0
CUST_01286,-1.37987573256317,2.670566739411046,1
CUST_01287,1.7893928115376416,-0.11152904836768984,0
CUST_01288,1.66215152865865,0.4541917775793411,0
CUST_01289,3.1401810600446156,-1.0672737282051856,0
CUST_01290,1.6206444068946049,-1.646229690863486,0
CUST_01291,1.3256224430290324,-1.22683517949664,0
CUST_01292,1.511645672690552,-0.7703537815039244,0
CUST_01293,0.2850510626276459,2.437695997098937,1
CUST_01294,-1.8825825723866856,-0.40658830359728637,2
CUST_01295,-1.3402394108587845,-1.188620185755674,2
CUST_01296,1.7991797330769153,0.16274282633482062,0
CUST_01297,3.7515770226719827,-1.9512595619455102,0
CUST_01298,1.8940760362763598,-0.9375625224457153,0
CUST_01299,-1.4756652572412243,-0.5175925900535401,2
CUST_01300,-2.34322889067116,-1.4654793011343938,2
CUST_01301,1.7330285280580893,-1.0599091931982532,0
CUST_01302,-2.590164351330242,-0.6175664368589793,2
CUST_01303,1.5643235666448174,0.27631351579093055,0
CUST_01304,-1.4874011672398326,3.943328624503838,1
CUST_01305,-1.592403308473145,-0.7208463884583941,2
CUST_01306,-1.123868917505149,-2.563665395325436,2
CUST_01307,-1.584358780693079,-1.3649484991030274,2
CUST_01308,-1.3973075813815692,-0.5975258542931705,2
CUST_01309,1.7730433463780522,2.0461682700228407,0
CUST_01310,-1.5306633691184581,0.18137992470603786,2
CUST_01311,2.302324257613336,-0.663904706587677,0
CUST_01312,-3.0763703259113724,-1.251848926101798,2
CUST_01313,-0.5933759137559227,2.6581433180717298,1
CUST_01314,-1.6631365818868689,-0.2955262801532755,2
CUST_01315,-0.14398824010562533,2.1852113692701236,1
CUST_01316,-1.422831884011645,-1.4272658189393004,2
CUST_01317,-0.9952291057975303,2.2960271961488443,1
CUST_01318,-1.5213520740948425,-0.12642896213595523,2
CUST_01319,1.1812293512251824,-1.3694535739995044,0
CUST_01320,1.679076079814058,-1.4681008348728197,0
CUST_01321,1.8873931316886874,-0.34708008948643904,0
CUST_01322,1.986996192821057,-1.058626035713388,0
CUST_01323,-1.6676920018751389,-1.0372773829300206,2
CUST_01324,1.0998563823239722,0.9519799766772652,0
CUST_01325,-1.686691673741502,-1.5828847478306818,2
CUST_01326,2.0078067385457534,0.1797737918777687,0
CUST_01327,1.739911288163136,-0.23615041226079328,0
CUST_01328,-1.283700690534331,0.13051279898624282,2
CUST_01329,-2.007688860234676,-1.6656978524083073,2
CUST_01330,-0.29565217696268736,2.6206944932363103,1
CUST_01331,-0.6134666988621723,2.589589858379068,1
CUST_01332,-1.3728485158421249,-0.44789745606119846,2
CUST_01333,0.9052792881631492,0.1682457182305576,0
CUST_01334,-2.1622120336975024,-2.2298471005977376,2
CUST_01335,-2.6201792252357277,-0.06661074221382993,2
CUST_01336,-2.3906952976095313,-0.04150487254641423,2
CUST_01337,1.8855698880789775,-0.19908015215239755,0
CUST_01338,-0.8270340325732469,-1.9058988456580694,2
CUST_01339,1.0190971945160396,-0.08034724418108366,0
CUST_01340,1.2980329274758629,-0.999375517784012,0
CUST_01341,1.1863682713764294,0.28895552077588477,0
CUST_01342,-0.599565423140488,2.158466450500485,1
CUST_01343,-2.8314994265101086,0.3335488323599787,2
CUST_01344,-1.292444337337586,-0.6625082037611826,2
CUST_01345,-1.386004573580457,-1.0580735447547838,2
CUST_01346,2.126221820827221,0.2415921359596442,0
CUST_01347,1.541642233816618,1.4370229298919737,0
CUST_01348,1.1856431213813283,1.0732135716290265,0
CUST_01349,-2.770865304583164,-1.3053132256242221,2
CUST_01350,1.5517239153303513,-0.6792086653970298,0
CUST_01351,-2.674194884406759,-2.7579287455324484,2
CUST_01352,-0.7946233304243746,2.2739874119265333,1
CUST_01353,3.213016291064251,-0.7559281549407538,0
CUST_01354,-2.0165715433473674,-0.6174138176661248,2
CUST_01355,-0.027881482859706375,2.9199389307582573,1
CUST_01356,-2.475457579995735,-0.18056156929137493,2
CUST_01357,-1.279113266858102,-1.2819735850126743,2
CUST_01358,0.9186869474616788,0.04225448850162104,0
CUST_01359,2.133703811300149,1.7717732475828387,0
CUST_01360,-0.6102340109895195,3.664110663975332,1
CUST_01361,-2.769537032812127,-1.1533307225771918,2
CUST_01362,2.4284345115791317,0.7991162989325957,0
CUST_01363,-0.8171223866484636,-0.6598367163580832,2
CUST_01364,-1.9109246218619649,-1.6687194670214318,2
CUST_01365,-1.3800911801715758,-1.2130825134890508,2
CUST_01366,2.0434492542628,-1.6781428179594946,0
CUST_01367,-1.0035092792904936,-0.867505734824122,2
CUST_01368,-3.5033754966773345,-2.1636382331165422,2
CUST_01369,0.6908513340929574,-0.5270532201654234,0
CUST_01370,2.2706479358640936,0.6513364009284414,0
CUST_01371,-2.292886824003407,-2.816586124689361,2
CUST_01372,1.5124378776765914,-1.3222210325490997,0
CUST_01373,-2.6551065245615337,-0.04889145224516405,2
CUST_01374,-0.7127471338342013,2.308368167220642,1
CUST_01375,1.1083044587187874,0.39942744778373457,0
CUST_01376,-2.746875977862726,-1.22522793396076,2
CUST_01377,-0.5921545077002657,1.7881579733362318,1
CUST_01378,-0.5064559306322436,2.8274752759061528,1
CUST_01379,2.4361528606329323,0.4644285530016766,0
CUST_01380,-0.5649666428639728,2.5179853672155876,1
CUST_01381,0.9064396638782646,-1.1259929869874845,0
CUST_01382,1.2547359401819043,-0.4447280574289679,0
CUST_01383,-1.950283032193793,-1.486159378355036,2
CUST_01384,1.8380830487276523,-0.4873405905265189,0
CUST_01385,-1.812264348025617,-0.5575378936521774,2
CUST_01386,1.4204580177400232,-0.28702303818271907,0
CUST_01387,-1.5531596839984372,0.01914879629708851,2
CUST_01388,1.7554656440363448,-1.4947649285216034,0
CUST_01389,-1.2973645318507134,-1.8940324904556982,2
CUST_01390,-0.46548503105698075,2.0740006810254865,1
CUST_01391,1.2191344210443322,1.3637067608755344,0
CUST_01392,1.4171853662190477,-0.5193744535453199,0
CUST_01393,2.558477255992162,-1.691067206343648,0
CUST_01394,0.054789011764971765,1.9247550245801224,1
CUST_01395,1.8583116195926204,-0.7359093501210494,0
CUST_01396,-1.4239367993108334,-2.112464341634508,2
CUST_01397,0.9558165047559986,0.29925387608871085,0
CUST_01398,1.238919177371629,0.08913711302343429,0
CUST_01399,-0.6908653035923683,2.6453423089324217,1
CUST_01400,-2.7044802049060115,-1.4317464852470325,2
CUST_01401,2.4819441830434554,-1.3806745859356397,0
CUST_01402,1.842333506729825,-0.15929097669913303,0
CUST_01403,0.9734440845988886,-0.5054382256730049,0
CUST_01404,-2.055739607087663,-1.1288778267734532,2
CUST_01405,-1.9432899837540063,-0.415046547834335,2
CUST_01406,-1.1169263430966958,2.043988235712176,1
CUST_01407,-2.270525496371952,-1.6566183252311324,2
CUST_01408,-1.8954212838421065,-0.5628806565431719,2
CUST_01409,-0.7257761468074756,2.683099804969467,1
CUST_01410,-2.3264604073619077,-2.2584873198562794,2
CUST_01411,1.7502614700783667,-0.3619368490785105,0
CUST_01412,2.470050521659524,-0.44776558958246154,0
CUST_01413,0.8170150402494212,0.7646554634583058,0
CUST_01414,2.181890780912701,0.5145004144899237,0
CUST_01415,-0.9279228017303159,4.108488895563089,1
CUST_01416,-2.75796906839846,-1.8630730972898688,2
CUST_01417,1.1348807737504267,-0.7931772425635787,0
CUST_01418,3.282036652823684,-1.0514367776365905,0
CUST_01419,-0.6890135612281885,2.811077908663073,1
CUST_01420,-2.305234374011881,-1.2211188670010316,2
CUST_01421,1.7272472677419817,0.7210189034814818,0
CUST_01422,-0.8919184848237312,2.6496536811269937,1
CUST_01423,2.3253654071171863,-1.2477491022211766,0
CUST_01424,1.0556517685320277,-0.361474348026788,0
CUST_01425,-2.6669134454210224,-1.3279479074076554,2
CUST_01426,-1.7978917040828837,-1.5463939504935007,2
CUST_01427,1.5768744378853727,-0.29500045514918916,0
CUST_01428,-1.8726486478377926,-1.2619191122251552,2
CUST_01429,-1.1609701225042783,-0.8291369958545747,2
CUST_01430,-2.2818819148546803,-0.17300362557775537,2
CUST_01431,-0.6330331370108004,2.583023230108726,1
CUST_01432,-0.7073217848316418,2.8549234758823774,1
CUST_01433,-0.7636923830371707,2.615741756176192,1
CUST_01434,-1.9594443894061901,-0.9871445266930869,2
CUST_01435,2.2191613020869343,-0.8442922964784086,0
CUST_01436,3.496514234302171,-1.4586084286483718,0
CUST_01437,1.7390052414211554,-0.14165687790188014,0
CUST_01438,-1.7479259232096922,-0.5684358196528595,2
CUST_01439,1.2422457310588566,0.38481397188111566,0
CUST_01440,-2.1023694279847507,-0.9065424784991741,2
CUST_01441,-2.21237963614416,-0.3398359744504224,2
CUST_01442,1.4191164620043712,-1.0969526547998014,0
CUST_01443,-2.2224682244804264,0.5141184030477851,2
CUST_01444,-0.7177121196140552,2.640814068733615,1
CUST_01445,-2.485196802475469,-2.033318383704245,2
CUST_01446,2.510841097703098,-0.7732780163217762,0
CUST_01447,-2.5619692744119265,-1.168944013677964,2
CUST_01448,-0.6705470845559015,-0.23582619738674684,2
CUST_01449,-1.0392834117112517,-1.1628616526368774,2
CUST_01450,-1.310444899221613,-1.1933733731041183,2
CUST_01451,0.04846067557298693,2.6350483553172435,1
CUST_01452,0.003960231652731867,2.4146027892004875,1
CUST_01453,-1.680276329566891,-1.415380777257845,2
CUST_01454,0.45259034466719433,1.9430309579644207,1
CUST_01455,2.267313009073941,-1.2882645446642809,0
CUST_01456,-2.6881001862460314,-1.2221625981368005,2
CUST_01457,-1.8598760721947567,-0.6521472487720167,2
CUST_01458,-0.9623643346033093,-0.9616085266904609,2
CUST_01459,2.3632373175247747,0.399366236402017,0
CUST_01460,-1.6772392514275047,0.5109560527679848,2
CUST_01461,2.184134962534007,-0.28834440005676404,0
CUST_01462,-1.4701627579694563,-0.4747601531495144,2
CUST_01463,2.3190827253126063,-0.8990706203651337,0
CUST_01464,-0.739740885317295,-0.6802066899231838,2
CUST_01465,-2.306407796614223,-1.4921912347452964,2
CUST_01466,4.4501665643543165,-1.1381921164652378,0
CUST_01467,-2.6874263604645128,-0.8666067186606513,2
CUST_01468,0.23380314592936366,0.9856043831129156,0
CUST_01469,-3.553836964700863,-2.4034639729718235,2
CUST_01470,-1.6186367198255494,-1.2478018612678425,2
CUST_01471,-0.8435120202486509,3.4352173516082196,1
CUST_01472,-1.2442227567239297,-0.19965519137365922,2
CUST_01473,-1.9039255717826977,-0.1063205562019724,2
CUST_01474,1.6603323180512053,0.14694983836807923,0
CUST_01475,2.388710934402928,-0.13725818070566834,0
CUST_01476,-0.7753725980655728,-1.2092389360000277,2
CUST_01477,-2.0256630936714366,-0.7575911016912411,2
CUST_01478,-2.009285834625138,-1.1705612634397364,2
CUST_01479,-1.5144671294743202,-0.980037158193232,2
CUST_01480,0.8306296632375514,0.8753576303231472,0
CUST_01481,-1.384278368311533,0.19454956080826172,2
CUST_01482,2.856863961375217,-1.8567019545709635,0
CUST_01483,-0.18945321198954948,2.3539665338825624,1
CUST_01484,2.395675476821676,-0.7733972923744494,0
CUST_01485,2.765566340357771,-0.7254337367194976,0
CUST_01486,2.677815553985842,0.23753343230979335,0
CUST_01487,0.92058712753001,1.1055386875402975,0
CUST_01488,-1.0137989573448927,-1.5720516361540593,2
CUST_01489,1.0700014237253783,0.19212961393919636,0
CUST_01490,-0.7609240535116232,1.742350026568764,1
CUST_01491,1.7278995826031753,1.5829379790768034,0
CUST_01492,1.858985686868839,1.3568578543871592,0
CUST_01493,1.664551291087497,-0.5404793180054546,0
CUST_01494,0.8796994528292251,-0.46905692810592425,0
CUST_01495,-0.2528467807423709,1.2964861128242096,1
CUST_01496,-1.1073942586140872,-1.106475239079966,2
CUST_01497,-0.9340209520442347,2.9252822853787923,1
CUST_01498,-0.8170042291774818,1.9569515488537539,1
CUST_01499,2.199749896585317,-0.272424678977169,0
CUST_01500,-1.1352058972517265,-1.2284159500717655,2
CUST_01501,-0.8834977923395126,2.808423436947389,1
CUST_01502,-0.3924824520607264,2.2133630713410404,1
CUST_01503,1.412625034982803,-1.1017548450810253,0
CUST_01504,1.2040430311308572,0.011720784637135937,0
CUST_01505,2.5338296144882237,-0.09234944135161563,0
CUST_01506,1.2934503512688087,-0.7832853131622104,0
CUST_01507,-0.953636596930859,2.62469452471402,1
CUST_01508,-0.9743593765315341,2.5161841449593063,1
CUST_01509,-0.7717496238589305,3.544366647808969,1
CUST_01510,-1.4907220210654364,-1.1381825037302158,2
CUST_01511,-1.5745102552219266,-0.4158143791695903,2
CUST_01512,-1.8021780284887186,-0.3314863628024821,2
CUST_01513,-1.8209743284458866,-1.1360092809688815,2
CUST_01514,2.2332192632978085,-0.7172534652331884,0
CUST_01515,2.206944423348255,-1.3155207562393467,0
CUST_01516,3.741468940989441,-0.8406449070949118,0
CUST_01517,-0.8365314083208053,-1.2808023211467212,2
CUST_01518,-2.435543484437042,0.5484709193232986,2
CUST_01519,1.6244549812635782,0.10269002635768279,0
CUST_01520,-2.246164399908646,-2.3438645125910504,2
CUST_01521,2.4815504308198744,-1.668331815514081,0
CUST_01522,-2.5745379145435945,-0.8973748577868278,2
CUST_01523,2.015602823332136,0.19955210262372144,0
CUST_01524,1.1407476989661203,-0.04396691200641856,0
CUST_01525,-0.425017132987795,3.4109786385982366,1
CUST_01526,1.7176984189963376,0.09235437295623826,0
CUST_01527,2.203070856088764,1.148346362531055,0
CUST_01528,1.5239645907572132,-0.12899940362509155,0
CUST_01529,-2.2313454317459227,-0.7063778183989923,2
CUST_01530,-0.7023167560768373,2.7886297316135895,1
CUST_01531,1.6535788094566295,1.396887040714124,0
CUST_01532,0.008156093098996118,2.4615662882980014,1
CUST_01533,-1.0838475712046443,-1.7358978382296602,2
CUST_01534,2.0499052130971482,-0.7733948369620486,0
CUST_01535,1.14984094119637,-0.042061269968833886,0
CUST_01536,1.5920190058073413,-1.1176095352392232,0
CUST_01537,1.2193171166808152,-0.28265286278862184,0
CUST_01538,-1.6040786357576393,-0.5718132315493061,2
CUST_01539,1.184955538133011,-0.9134789361884373,0
CUST_01540,-0.09433972946031235,2.3232168990985214,1
CUST_01541,-1.6024599159446697,-0.43626258054129063,2
CUST_01542,1.8544298904707224,-0.34170972158044627,0
CUST_01543,-0.6959188362442139,1.9499298273616086,1
CUST_01544,1.2537764484495781,0.5811680801617781,0
CUST_01545,-3.6455167720254935,-2.8047691733948263,2
CUST_01546,-1.2618137431985486,1.426841207240853,1
CUST_01547,-1.893171451185333,-1.350994851583101,2
CUST_01548,-0.8234747876975962,3.272070589297098,1
CUST_01549,1.6695858578554716,-0.8503120711296628,0
CUST_01550,-1.1574148420446095,-1.5947385652015982,2
CUST_01551,-1.8210111995540412,-1.1977315491239773,2
CUST_01552,-0.864399680170521,1.0332127418959045,1
CUST_01553,-2.082614481453694,-1.0856351783986338,2
CUST_01554,-1.8196314713075676,-1.7003962453921673,2
CUST_01555,1.759347943496783,1.3752552637270377,0
CUST_01556,0.4862792250948849,2.349711689601532,1
CUST_01557,-0.40532137068880786,2.0473368233612623,1
CUST_01558,1.6042410895444816,-0.21799751593744454,0
CUST_01559,-1.7101980450370757,-0.043483086748268486,2
CUST_01560,-1.8026080218932725,-1.934993743226205,2
CUST_01561,2.3636894565675313,-0.4076572863117919,0
CUST_01562,2.1274488496259796,-0.3610562872041212,0
CUST_01563,-2.7168027592307973,-0.25474554239763797,2
CUST_01564,2.230328877525868,0.817938511665689,0
CUST_01565,-1.1599587172354375,-1.4522436315142186,2
CUST_01566,2.5121462620311745,-1.2149894143431013,0
CUST_01567,-1.3965211629539176,-1.1631690232426577,2
CUST_01568,1.7410058217557123,-1.366776221141797,0
CUST_01569,-1.481454240380299,-0.9063830104067352,2
CUST_01570,-0.2525221764901036,2.011320596000808,1
CUST_01571,-1.5357136213892848,2.4198054709100374,1
CUST_01572,1.1938268359839532,0.2438377642061273,0
CUST_01573,-1.5926573886351019,-1.4020245167501133,2
CUST_01574,-1.8679573840762211,-0.3704436095137966,2
CUST_01575,0.9535845809602702,1.702308336077683,1
CUST_01576,2.0940318321794695,-0.9449705379189874,0
CUST_01577,2.6058378485972624,-1.3275190598412736,0
CUST_01578,-1.6701143335242117,1.0079467235974215,1
CUST_01579,-1.1934105414422762,3.6097427650528418,1
CUST_01580,-1.101197377805098,1.6308767804100688,1
CUST_01581,1.0532719745617911,1.2680849772190892,0
CUST_01582,2.115967257508013,0.04537689868403881,0
CUST_01583,-0.717290739370877,2.999728720505999,1
CUST_01584,-0.5797116464632389,2.452045639762065,1
CUST_01585,-1.4117414471230423,-1.3223454183518912,2
CUST_01586,1.9379731021352815,0.10952045292636255,0
CUST_01587,-1.5316965461730028,-1.0401981410437262,2
CUST_01588,2.8961170143594726,-0.2198190236144452,0
CUST_01589,1.4786357312057805,0.16178435566733154,0
CUST_01590,-1.3247837077687383,-1.0740553568763256,2
CUST_01591,-1.0715326849939835,-1.3708863839518717,2
CUST_01592,-2.4411791822495887,-1.7647598198450645,2
CUST_01593,1.6962308105585504,-0.8774983021979904,0
CUST_01594,1.8085023482150868,-0.784462729249122,0
CUST_01595,-1.9512113900394883,0.35099236307479487,2
CUST_01596,-0.44468783805764106,2.856170193083861,1
CUST_01597,0.6941206548114598,1.9656098154895065,1
CUST_01598,0.9654591232322655,-0.014092123549791282,0
CUST_01599,1.234581510755387,-0.06713054798184571,0
CUST_01600,-2.9231859104099622,-1.1538924522613851,2
CUST_01601,2.4186912185593408,-1.4344260239996613,0
CUST_01602,2.031280843883387,-0.05398933864870971,0
CUST_01603,2.232013112785626,-0.4632663313680391,0
CUST_01604,1.1948929259681642,-0.5855695366399869,0
CUST_01605,2.44693555092119,-1.2440270741692163,0
CUST_01606,-0.4753340895298268,1.7110592428890734,1
CUST_01607,1.7455445356759511,-1.0121300039910213,0
CUST_01608,-1.9025546796296233,-0.04678622249082341,2
CUST_01609,1.1364191623561486,-0.473522138841288,0
CUST_01610,-0.4449683106574996,3.119051266307054,1
CUST_01611,-2.3128489142369277,-1.4279407469959053,2
CUST_01612,-1.9658641810656627,-0.9180953016476691,2
CUST_01613,-1.3103251015599011,3.0135355273467934,1
CUST_01614,2.062297316086986,1.4223515789461134,0
CUST_01615,1.6427620980456388,0.27784022629600463,0
CUST_01616,-2.1763500740780333,0.19096391964735898,2
CUST_01617,-2.531610195263813,-0.7484958620243765,2
CUST_01618,-1.4409623809083025,-1.212436335621792,2
CUST_01619,-0.3997184108385142,3.557347808929624,1
CUST_01620,-0.9827179315885878,-0.4096047415880066,2
CUST_01621,-0.8170828711580773,2.6071499480646367,1
CUST_01622,2.075446885941299,-0.944362786274149,0
CUST_01623,-0.4454343771399579,2.7362162068090856,1
CUST_01624,-2.444427991427813,-0.8294733246503281,2
CUST_01625,1.5204564433014622,-1.012159526320875,0
CUST_01626,-1.9808884899499695,-1.0975419929170152,2
CUST_01627,1.640591878545648,0.2079903444253733,0
CUST_01628,-0.34799301609518324,2.7303051111558667,1
CUST_01629,2.3755834942414826,-0.8264921814408446,0
CUST_01630,-0.9167974068953421,2.7306496611047484,1
CUST_01631,-1.2231083564174436,-0.6674120219062254,2
CUST_01632,1.9077440799711034,-0.8211920687772044,0
CUST_01633,-0.33553941588120423,-1.982699150820401,2
CUST_01634,-2.6572785838484303,-1.2089570633735902,2
CUST_01635,-3.7031637199056644,-1.2386604268219499,2
CUST_01636,1.5185781290347538,0.3181490377234121,0
CUST_01637,1.8357968362571866,0.46441342780835493,0
CUST_01638,1.8957021757240722,-0.9120970728295018,0
CUST_01639,-1.5059640378324113,-1.7481985122196564,2
CUST_01640,-1.5539885895209242,-1.21586835208758,2
CUST_01641,-1.260063124455226,1.0385086942014286,1
CUST_01642,-1.2781487162230496,-0.6579176248236714,2
CUST_01643,-1.648781720558753,4.978678448275356,1
CUST_01644,-1.4244691951870667,-1.5026262834823965,2
CUST_01645,1.5833083124660698,-0.8136501581202027,0
CUST_01646,-1.0582268259051648,-0.8748128168965322,2
CUST_01647,2.466193703366951,-0.7395634779388924,0
CUST_01648,-1.7076110570232121,-0.9734905697149571,2
CUST_01649,-1.3856786466278619,-0.8001365063087013,2
CUST_01650,-2.1799323707337073,-0.08679772933468254,2
CUST_01651,1.3403441053094354,-1.4001547183954235,0
CUST_01652,2.2212240761642414,-0.2641878845472879,0
CUST_01653,1.4718755169931637,0.6702634606102591,0
CUST_01654,1.4388713252828698,1.0206834185104554,0
CUST_01655,1.011421147869374,-0.398029511723282,0
CUST_01656,-2.8122064149343875,-1.2896272931583304,2
CUST_01657,-1.0935047406070695,3.096559664396261,1
CUST_01658,1.0097517352492196,-0.3560884810178534,0
CUST_01659,1.8079600675716498,0.37149736326781474,0
CUST_01660,-1.0571632616935782,3.0890659582198796,1
CUST_01661,-0.9851803535941634,2.0703235286951305,1
CUST_01662,-0.6963248656853366,2.343826996238611,1
CUST_01663,-2.9505987801429376,-1.4646470931911613,2
CUST_01664,-1.100186755764435,2.921792225564306,1
CUST_01665,-1.7681548710913473,-2.4909755871572536,2
CUST_01666,-1.3148381798797315,-1.7640026001545068,2
CUST_01667,1.1661231014322502,-0.19055281628114298,0
CUST_01668,-1.5275184555630263,-1.4786739760836436,2
CUST_01669,2.065269622748675,-0.6814401279936771,0
CUST_01670,-2.0252340968631803,-0.951007673506647,2
CUST_01671,1.6927608617524839,-0.3477784866140895,0
CUST_01672,-2.6530941512556683,-0.8995672064289324,2
CUST_01673,-2.318083471929834,-1.223717853256736,2
CUST_01674,-1.7661059173486602,-1.3678463378900445,2
CUST_01675,-0.6998741007847289,-0.36999518004592474,2
CUST_01676,1.4471794920585863,0.01894068020810562,0
CUST_01677,2.1445678944612463,-1.983035944042178,0
CUST_01678,2.3889209488041625,-1.163624528890245,0
CUST_01679,0.09509391973843172,-0.6784723261476944,0
CUST_01680,-1.7387406450150409,-1.2073499885296053,2
CUST_01681,2.3201223238874955,-0.562374355557729,0
CUST_01682,-2.601399865927377,-1.804892357312769,2
CUST_01683,-1.9962678409088086,-0.9071201162277871,2
CUST_01684,-2.2088970215813193,0.06879930834817453,2
CUST_01685,2.742174257072354,-0.9447418903858066,0
CUST_01686,-3.155150102156072,-1.238577397107706,2
CUST_01687,-2.5829943876270485,-0.9333947184241467,2
CUST_01688,-0.6005599355184071,3.8420629199128893,1
CUST_01689,-1.31399557187127,2.7403129976742653,1
CUST_01690,-0.7479615334239451,-0.5553231412337944,2
CUST_01691,2.3422207966908895,-1.3741359127491848,0
CUST_01692,-0.21601217887249446,2.2604926944074113,1
CUST_01693,3.9259283055671013,-0.029625133315845452,0
CUST_01694,1.736702262825201,-0.9936864117819025,0
CUST_01695,2.019519247578453,-0.43092683828448775,0
CUST_01696,1.4184833320111878,-0.9880509950609896,0
CUST_01697,2.213711424217567,-0.8618204721886288,0
CUST_01698,2.0107088081077094,-1.3494687463508739,0
CUST_01699,-3.0618640410883784,-0.9909195431658484,2
CUST_01700,-0.9943352555567556,1.7677374974139992,1
CUST_01701,-2.153727423919959,-1.467624580982798,2
CUST_01702,2.087126658798357,0.275118977021353,0
CUST_01703,2.1658931030255424,-1.162176661949684,0
CUST_01704,-0.486982286077884,2.410295654773764,1
CUST_01705,1.4723085935128182,0.47823761292816214,0
CUST_01706,2.295515949147045,-1.6459183882380473,0
CUST_01707,-1.562853326584395,-0.18418723012408805,2
CUST_01708,1.3067431426705434,1.428523083438834,0
CUST_01709,-0.36294916915684367,3.7726264134463126,1
CUST_01710,-2.3066575002628147,-0.3459104345119226,2
CUST_01711,2.245675324733533,-1.3131913241617679,0
CUST_01712,3.376372960846624,-2.242420548398936,0
CUST_01713,-1.8149764341231194,-1.171290158662138,2
CUST_01714,-1.3672702583090206,3.115293513787356,1
CUST_01715,1.808243813234487,-1.1496695111758246,0
CUST_01716,-2.6772042636313054,-0.9698950520851279,2
CUST_01717,3.094109989899552,-0.33128826334758127,0
CUST_01718,-2.4548113414651365,-1.3512068912275246,2
CUST_01719,-2.085711252099504,-1.0992026267192854,2
CUST_01720,1.645481219969431,-0.4781189316864515,0
CUST_01721,0.48927847280570114,-0.2701209684507714,0
CUST_01722,2.0479855267845606,-1.7245726106006851,0
CUST_01723,3.6497392476081743,-0.97676227516946,0
CUST_01724,3.607664706984385,-1.3290251590991051,0
CUST_01725,-1.7445190049986063,-1.2718917626450303,2
CUST_01726,2.040953678526125,-0.7358580442874183,0
CUST_01727,-1.3017458602233294,3.4376814991491957,1
CUST_01728,-1.9841123643858618,-0.833364033383072,2
CUST_01729,-1.7166835747160587,-0.5953989475256348,2
CUST_01730,0.1564829382306053,3.0663871281970487,1
CUST_01731,1.420286368159588,0.9000606313378514,0
CUST_01732,-2.619000028476685,0.4108833525611087,2
CUST_01733,-0.6767061208198865,2.489850736643134,1
CUST_01734,4.87645462798849,0.10088495456381016,0
CUST_01735,2.828174620060737,-1.1583399452694552,0
CUST_01736,-3.1862853045416237,-2.3259022068353845,2
CUST_01737,-1.5663644983929126,2.1301447294805804,1
CUST_01738,2.044844002921685,-1.1461793723388594,0
CUST_01739,2.135571626344772,0.1957009607043408,0
CUST_01740,0.8699491631636923,0.9906489710583042,0
CUST_01741,-0.6425413428553991,-1.34200447978333,2
CUST_01742,-1.326528362536125,-0.05733009211930054,2
CUST_01743,-2.35602177977766,0.7542228410186074,2
CUST_01744,1.8008586940828908,-1.043489171221593,0
CUST_01745,1.3324710204979906,0.3090232892906381,0
CUST_01746,0.05684000007639551,0.9710783242696667,1
CUST_01747,1.7969512227855395,-0.31968210266753305,0
CUST_01748,3.2458040185129557,-0.2915267617864531,0
CUST_01749,-1.0050845334555027,-0.8116154876557016,2
CUST_01750,2.143115356187446,-0.22379823133988155,0
CUST_01751,-0.47049930091959985,2.6443621118022755,1
CUST_01752,1.4778911833136235,0.283398282415444,0
CUST_01753,1.4251665467150803,-1.4605698691737983,0
CUST_01754,2.548449328300259,-0.5415642218814368,0
CUST_01755,-2.386420028070222,-1.0864549764892517,2
CUST_01756,-1.281145802271838,-0.9308457702960153,2
CUST_01757,-1.6378027323862772,-1.229134783909249,2
CUST_01758,-0.7472581611986139,2.783581220619611,1
CUST_01759,2.8905846303094145,-0.8441472142835328,0
CUST_01760,-0.5891790826432585,3.190659290656309,1
CUST_01761,-0.9171225032165574,3.323062356595106,1
CUST_01762,-1.6115941319927738,-0.5428034220807166,2
CUST_01763,2.7640651697750873,-1.3605071422832493,0
CUST_01764,-0.7203604679542579,2.4925403220526827,1
CUST_01765,1.4175603963123224,-0.9262775854312939,0
CUST_01766,1.0147401778079996,1.0099520242658493,0
CUST_01767,-2.933272076130018,-0.5370380217855607,2
CUST_01768,-1.2664103579762187,1.728312560073434,1
CUST_01769,3.851891772802067,-1.043923008184766,0
CUST_01770,1.0989283908491756,0.4124723746174699,0
CUST_01771,-1.7977934916161555,2.507309254754132,1
CUST_01772,-1.7589751882071236,-0.607482251960663,2
CUST_01773,-2.565019265907389,-2.1858902593454057,2
CUST_01774,-1.7641606915893555,-0.6771988361023424,2
CUST_01775,-1.841893999090998,0.19738732393573655,2
CUST_01776,1.7703329514083603,0.7937427656940251,0
CUST_01777,-1.25049782465014,-0.5061985226313723,2
CUST_01778,1.6304413143483847,0.4755895317916838,0
CUST_01779,2.329625777708654,-0.6769806855143399,0
CUST_01780,-2.0152549829290938,-0.24104187255286616,2
CUST_01781,1.3029683833393257,-0.8189816247482848,0
CUST_01782,-2.662580554586575,-1.957638498603697,2
CUST_01783,-1.3554015035747369,2.4672891900607206,1
CUST_01784,-1.0163779977191099,-1.2302201565196371,2
CUST_01785,-1.6570566133635092,-1.0416714950602202,2
CUST_01786,-2.2533275995027413,-0.8096410066774716,2
CUST_01787,-1.468858612307941,-0.9180789181702198,2
CUST_01788,-1.1191277014668308,3.723686164008506,1
CUST_01789,1.999366329306069,-0.6463600126281331,0
CUST_01790,0.17343314433907817,2.363382763830334,1
CUST_01791,3.0400610186004453,-1.6407723766738733,0
CUST_01792,-2.02679220255464,-0.39876035176439517,2
CUST_01793,-0.5681421356820482,1.7132318449003092,1
CUST_01794,-1.7998003287449256,-1.5873915922616189,2
CUST_01795,2.2510044146599286,-1.3799818383536047,0
CUST_01796,1.1625968865333394,-0.8627346501122011,0
CUST_01797,-1.434488044324365,0.05357498142451256,2
CUST_01798,1.0092930119364456,0.07719627924449292,0
CUST_01799,1.2469009720535031,-0.9127860346819611,0
CUST_01800,0.6964106953106676,-0.8796342040957096,0
CUST_01801,-2.095802887057082,-0.7374943212700531,2
CUST_01802,-2.0766556410084873,0.4379625424820632,2
CUST_01803,1.4893005238833894,0.7461451677888984,0
CUST_01804,1.503266689079592,0.7328046655466818,0
CUST_01805,1.1130590182151605,1.5053319271478303,0
CUST_01806,-1.6994188833571784,-1.1589628041623024,2
CUST_01807,-0.9351981703916085,-1.7412307977571506,2
CUST_01808,2.342549079291411,-1.4642543636177072,0
CUST_01809,2.2935886964136434,-1.2270319347102416,0
CUST_01810,0.9451829756465115,-0.47299988915599583,0
CUST_01811,-1.8846204280576602,-0.4533918798753931,2
CUST_01812,-1.387097150664061,-1.0895072083651025,2
CUST_01813,2.0778550809259992,-0.28407355127462264,0
CUST_01814,1.5221589748668776,-1.5798306851692951,0
CUST_01815,1.328710717143622,-0.19945096851202462,0
CUST_01816,-1.8656984891490058,-1.0557836900446753,2
CUST_01817,1.0654171964579289,0.42067550385002556,0
CUST_01818,-1.3369347803933485,0.2890012844735535,2
CUST_01819,-2.338902480300797,-0.3415378470039373,2
CUST_01820,1.7997259234971907,0.4902620685007996,0
CUST_01821,1.8954094403259525,0.7185290915610582,0
CUST_01822,2.5378977691285467,-0.8631757472481536,0
CUST_01823,-1.1471678259267188,2.057217270128742,1
CUST_01824,-1.782962984351425,-0.5613874321507392,2
CUST_01825,-1.9200080124466115,-0.020426382700210598,2
CUST_01826,-0.8403009573563957,3.0227694508311815,1
CUST_01827,1.7662382492865716,-0.462702791616616,0
CUST_01828,-1.4850492246986737,-1.401444273183491,2
CUST_01829,-1.7220390054336814,-1.1465276593735356,2
CUST_01830,1.1431853842909352,1.314887691167895,0
CUST_01831,-2.2234442772688134,-1.5423033008843305,2
CUST_01832,-1.197152007118594,2.3824461606465586,1
CUST_01833,-0.4463768700376904,1.9052369185098736,1
CUST_01834,-1.8255002713997721,-0.6163427747695476,2
CUST_01835,-0.9578149534158351,-0.09758782393228208,2
CUST_01836,-2.3406167743759534,-0.8263331579260386,2
CUST_01837,2.9989710870175266,-1.3658545032619973,0
CUST_01838,1.7788211235004932,0.1526984389025359,0
CUST_01839,-2.9133385567000434,-2.601736277983365,2
CUST_01840,0.8511834874923369,-0.41888640141256295,0
CUST_01841,1.7705670995270342,-0.36704330335508173,0
CUST_01842,1.4422510257051064,0.0028030255850188053,0
CUST_01843,2.195737285587304,-0.8278164392262073,0
CUST_01844,-0.4942424571516428,3.049733275367422,1
CUST_01845,-2.0057574966584446,-1.6730892963206603,2
CUST_01846,1.7648253185430491,0.48242863538621067,0
CUST_01847,2.8641229138711064,-1.3895518669176532,0
CUST_01848,2.191304138600797,-0.19903377750785728,0
CUST_01849,-2.675623268562447,-1.9219754844111778,2
CUST_01850,-2.0756720319522954,-1.2690025442172044,2
CUST_01851,0.13478936139758907,0.4614288822447641,0
CUST_01852,-1.9883136720605619,0.765021508895804,2
CUST_01853,-3.046252128452967,-1.5853731278897258,2
CUST_01854,-1.8087942537498143,-1.5384144734371148,2
CUST_01855,-2.6914469088630035,-1.6130546423606382,2
CUST_01856,2.2210755852658957,0.3733249903762351,0
CUST_01857,-2.3520032425551336,-0.12656462226203047,2
CUST_01858,-0.8598834378971223,1.8623104598361588,1
CUST_01859,-1.8551128508776948,0.3696934790514481,2
CUST_01860,-1.6947818499477607,-1.6627885916310614,2
CUST_01861,-1.4810180180763528,-1.478900787370143,2
CUST_01862,-2.2855370848627348,-0.763664272991009,2
CUST_01863,2.3381250079600404,-0.8987790333248034,0
CUST_01864,-0.3397042388049731,4.275399587324093,1
CUST_01865,-1.313860204815566,-1.222106948958752,2
CUST_01866,-2.857386822304988,-1.1502712665009047,2
CUST_01867,1.5958319526976084,-1.445432177955273,0
CUST_01868,2.424849437245705,-0.9819364580026405,0
CUST_01869,2.780048513646742,-1.2758597110885865,0
CUST_01870,-1.8447409713222809,-0.4039841989226382,2
CUST_01871,-1.1615754435638823,-0.09919537498648773,2
CUST_01872,1.6913870466095808,0.20465047458482596,0
CUST_01873,-0.7584374481329371,3.610233611797272,1
CUST_01874,-2.0768346781011298,-0.805894974418913,2
CUST_01875,-1.1639336063572123,-2.305011569178979,2
CUST_01876,-1.1995489163461712,3.3565018884191007,1
CUST_01877,-0.5937242114920103,1.6825317933061357,1
CUST_01878,-0.8563033301832457,2.838658785612698,1
CUST_01879,1.5261747289383971,1.3540164324549064,0
CUST_01880,-1.2629433454883299,3.1321422431778583,1
CUST_01881,-1.728178480032313,-0.5829026680213648,2
CUST_01882,-2.845274448100128,-1.7606133910051998,2
CUST_01883,-1.7758512461799556,0.8678505984801145,2
CUST_01884,-0.940628369426513,-1.7088683604765655,2
CUST_01885,1.5242157898373871,-0.1872350070156237,0
CUST_01886,-0.44931821563899893,2.069325088322177,1
CUST_01887,2.4207393226258884,-1.3188012648891108,0
CUST_01888,2.537632290808002,-0.506363560213154,0
CUST_01889,-1.5915443884890044,0.3662142808656038,2
CUST_01890,-2.276653575563745,-1.9231736690589611,2
CUST_01891,2.392461814630035,-0.7001484751012743,0
CUST_01892,1.3631688476048136,-0.1348189368402878,0
CUST_01893,-2.350571895574947,-0.5926554980601012,2
CUST_01894,2.658860236449719,-0.6771895061340282,0
CUST_01895,-0.30668526728295475,3.0345603664076757,1
CUST_01896,-1.429040666370442,-0.776435235326879,2
CUST_01897,-0.5122843389391509,2.2058551826172557,1
CUST_01898,1.761148353150815,-1.2237827974725939,0
CUST_01899,2.600232697840045,-0.5861558161744629,0
CUST_01900,-1.7488305246669644,-0.6531089104184282,2
CUST_01901,-0.7440679237516635,2.2773906542296825,1
CUST_01902,1.3248961692017098,0.09658728702587895,0
CUST_01903,-2.043580367486534,-0.45980802872738286,2
CUST_01904,1.4345112348213054,-2.036770497749036,0
CUST_01905,-0.46760767262954867,-1.3158122413636935,2
CUST_01906,1.533300479861416,-0.17325027784162192,0
CUST_01907,-2.4510308965127265,-2.0541789931811962,2
CUST_01908,1.0268630007091233,0.13689323063622405,0
CUST_01909,2.2326286124896804,0.11995713972085464,0
CUST_01910,3.2450334134447694,-2.0197205536987006,0
CUST_01911,2.645816284762407,-0.3972016077465266,0
CUST_01912,-1.6951694074506725,-0.9907487717973353,2
CUST_01913,-2.616505985128441,-1.964008188559004,2
CUST_01914,1.786224077621566,0.21993939853794864,0
CUST_01915,-0.7633031181230929,3.049762609530192,1
CUST_01916,-1.3506688154617283,-1.2991535170661355,2
CUST_01917,-2.77292690152167,-1.6944363251679067,2
CUST_01918,-0.8251846088070727,1.8310913906708182,1
CUST_01919,2.3675855051863164,-0.2296860719829936,0
CUST_01920,3.0358958178814324,-0.15975247822133515,0
CUST_01921,-2.200039481392113,-0.35016783237228494,2
CUST_01922,0.8491500532500875,-0.01333919200483815,0
CUST_01923,-0.712207918205224,3.8170341763866062,1
CUST_01924,1.4462802668337673,0.6770215738611877,0
CUST_01925,-2.0475576909041964,0.036666688425501935,2
CUST_01926,2.305515014761381,-1.6136852600341762,0
CUST_01927,-0.2626633344085163,2.592101380576855,1
CUST_01928,-0.901175932244511,1.8371059887600685,1
CUST_01929,-0.5037689385850044,-1.0160389592978036,2
CUST_01930,2.2672792855947175,-1.0206552211090292,0
CUST_01931,-0.9994181566247498,3.6037632821920647,1
CUST_01932,0.17921449284894575,2.3210652856369753,1
CUST_01933,-0.9161210619204152,3.1896560599046726,1
CUST_01934,-0.7524843084906412,2.0257829154367197,1
CUST_01935,-2.123335833818579,-0.18612984960433912,2
CUST_01936,-1.5378458682222955,-0.07279348205823497,2
CUST_01937,1.4645721235465088,0.44865494309097265,0
CUST_01938,-1.2540686215830161,-1.343259683831882,2
CUST_01939,-0.6692993133417146,4.1645596456870555,1
CUST_01940,1.4699190071257642,-1.5099312847492274,0
CUST_01941,1.1153736699027472,-0.44285326303231365,0
CUST_01942,1.9397990697900838,0.9503704688980374,0
CUST_01943,-1.8065434885164617,0.6705983942043231,2
CUST_01944,-1.2359185371047505,-0.5348227343660318,2
CUST_01945,-1.5868469596563723,-1.5763583326904764,2
CUST_01946,-1.3482501691965605,1.9970623788977115,1
CUST_01947,-0.889488506456969,1.1878424382958617,1
CUST_01948,0.7414604815833765,-0.0758384570822659,0
CUST_01949,0.9526050110600254,0.4759042223594711,0
CUST_01950,1.706171988855463,0.6018173801192086,0
CUST_01951,1.6077691320196261,-1.08972812107299,0
CUST_01952,2.3302340532079544,-0.04155163612166238,0
CUST_01953,-0.5774079845691756,2.0589532678591707,1
CUST_01954,-2.405340600279155,0.28501018156623525,2
CUST_01955,-1.4759677776072218,-2.24583610420772,2
CUST_01956,-2.249068706608403,-0.7940818892882274,2
CUST_01957,-1.2874278866757838,-0.8545213296018348,2
CUST_01958,2.8655651736681866,0.24332234777056125,0
CUST_01959,-0.9508833195125915,-0.6755790804612212,2
CUST_01960,-2.6128193466942977,0.18705850850784,2
CUST_01961,1.1697647102023987,-0.6116722804779278,0
CUST_01962,1.7707289016092063,0.5528791214895383,0
CUST_01963,-2.1766713333707424,-1.0194068775908132,2
CUST_01964,1.099573608727538,0.19049862439806317,0
CUST_01965,-0.4665871237662577,2.307399829865195,1
CUST_01966,-0.2781221336373938,2.751786560434283,1
CUST_01967,2.580592516639902,-2.631282775955059,0
CUST_01968,0.771669491918898,1.2018752008544065,0
CUST_01969,1.5962594660277951,-0.5526463225880608,0
CUST_01970,3.362500256703177,-1.6736296264988704,0
CUST_01971,1.4409015903835085,-1.0063515136486345,0
CUST_01972,-1.9723938007425352,0.0371307627509286,2
CUST_01973,2.1665078120428474,0.38583168974985477,0
CUST_01974,-1.974833033486793,2.117129898484755,1
CUST_01975,2.51504208399901,-0.6068580197309643,0
CUST_01976,-1.8837968084365948,-0.3850254261269168,2
CUST_01977,2.1627974942399177,-0.013883881430611615,0
CUST_01978,1.976309010261912,0.009402033208874835,0
CUST_01979,-2.1257121835678325,-0.8926953514220737,2
CUST_01980,-1.695038079395879,-0.8320196956039536,2
CUST_01981,2.491738615395056,-0.622422292073196,0
CUST_01982,-1.7123970365664782,-0.22346575393350476,2
CUST_01983,0.042881395249236294,2.4932556179618897,1
CUST_01984,0.37833861398310853,2.6419157391241237,1
CUST_01985,2.2192517814269657,-1.2625960436349866,0
CUST_01986,1.7695326281424302,-0.16778036765672183,0
CUST_01987,-1.624358778318962,-1.832544883423215,2
CUST_01988,-0.6680320712066858,1.513950930694198,1
CUST_01989,1.0560427808373087,0.07603520725866907,0
CUST_01990,-1.5891958677038551,0.11953603839347025,2
CUST_01991,-0.7969003279451412,-0.7583210798310187,2
CUST_01992,1.6186326188502675,-2.369457135767297,0
CUST_01993,-1.3905873455103008,2.2673755829544664,1
CUST_01994,1.0018307926496999,0.929829628891101,0
CUST_01995,-1.5313604848455071,-1.1969540447200377,2
CUST_01996,-0.7694435925776666,-1.0605196235031864,2
CUST_01997,-2.1127786754963807,-1.2197980652193448,2
CUST_01998,3.3588333341547876,-0.7020931703290009,0
CUST_01999,1.6094683180525533,-0.8865749902016572,0
CUST_02000,2.343371940579095,0.11403776026087831,0
CUST_02001,2.5531782757970776,-0.32169853932920134,0
CUST_02002,1.972177035960932,1.167806122880136,0
CUST_02003,-1.9540209735221348,-1.2984438969088448,2
CUST_02004,1.9228687411048893,-0.6333897437928634,0
CUST_02005,2.4811895790221783,0.6930743414843458,0
CUST_02006,-2.3816041540733024,0.5893905166421964,2
CUST_02007,-0.6572974426821988,1.6918714210441381,1
CUST_02008,-1.4764123486298633,-0.9513877102119286,2
CUST_02009,2.497018500994645,-1.4316802569627398,0
CUST_02010,-0.2700082633687847,2.5059931319817017,1
CUST_02011,1.4013985792441832,-0.4482031389999867,0
CUST_02012,2.974371438349472,-1.5003945439897084,0
CUST_02013,-2.2731084998568853,-1.5465691963927903,2
CUST_02014,1.0364025282655025,-0.8221352397658321,0
CUST_02015,-0.02249157882274295,2.39344202672446,1
CUST_02016,2.7169487752935435,0.7890914314078216,0
CUST_02017,1.0716191769304635,0.8010677041952095,0
CUST_02018,-1.768310334686412,-1.27620084735673,2
CUST_02019,2.3276270919879756,-1.8635825964331663,0
CUST_02020,-1.1037035868442682,-0.40913548233521857,2
CUST_02021,-1.1925564045032537,-1.733111557033118,2
CUST_02022,-0.831320364173955,2.129180858267334,1
CUST_02023,-2.0770724239632266,-2.1023853650714535,2
CUST_02024,2.1894062654182815,-1.1714992834612397,0
CUST_02025,1.051318308299343,-0.8093336214313415,0
CUST_02026,1.4942963431275098,1.0390415375952433,0
CUST_02027,-1.6019436712355042,-0.41238660488836254,2
CUST_02028,-0.27900102770897595,-2.095656629613486,2
CUST_02029,1.7062941641512268,1.9853938933205397,0
CUST_02030,-2.2373967926309746,0.7557755456175257,2
CUST_02031,1.2316667828535652,-0.644914538599139,0
CUST_02032,0.1029091185580409,2.7155285581189905,1
CUST_02033,-0.7775246324242457,2.879020049974393,1
CUST_02034,-1.8270810098366208,-1.2732332884650235,2
CUST_02035,-1.2830430575068943,3.321897239848309,1
CUST_02036,2.4403762533737847,-0.22744566725692952,0
CUST_02037,2.211841768556794,-0.471394916725129,0
CUST_02038,2.3692492133622065,-0.5531992352776652,0
CUST_02039,2.3920376333237834,-0.35910481642513187,0
CUST_02040,2.1987444014786486,-0.6661693778809894,0
CUST_02041,-1.7858729521753005,-1.5471983857015328,2
CUST_02042,-0.45866734430249506,1.9856893626273855,1
CUST_02043,-0.6957626142097169,2.622501781710666,1
CUST_02044,1.7087183668689971,0.11120527813002566,0
CUST_02045,-2.198331840352147,-1.0164697912574656,2
CUST_02046,-2.6662979468468717,0.20414513645992655,2
CUST_02047,1.0137737505503583,-0.3428954373195972,0
CUST_02048,-1.465400676301201,-1.3359568945826616,2
CUST_02049,-0.6094449729234511,3.8340545238494332,1
CUST_02050,1.1807066125380046,-0.11805251515885352,0
CUST_02051,-1.5275629638720627,2.4634303813140326,1
CUST_02052,-1.1778501905968908,4.327764198310105,1
CUST_02053,1.402025058037457,-0.3705880529588549,0
CUST_02054,-2.717520241385125,-0.47347243337464356,2
CUST_02055,-1.4780675591892227,-0.6533029040948182,2
CUST_02056,-1.5785103514524284,-0.8475898599305012,2
CUST_02057,-0.9557754959858132,2.353006366526264,1
CUST_02058,1.457070392612176,0.42185339980054964,0
CUST_02059,-1.9621022443074394,0.027869370416162317,2
CUST_02060,-0.6007477009295766,2.887487115004415,1
CUST_02061,0.9872829552118859,0.23801837151158337,0
CUST_02062,-0.0691676693647987,2.640986001242684,1
CUST_02063,-1.7343606641695741,0.44259594421912074,2
CUST_02064,-0.6059296207180891,2.369924859874098,1
CUST_02065,0.515045194351909,0.7958244448658564,0
CUST_02066,-0.9232192467079117,-1.3648844954141257,2
CUST_02067,2.017309819199625,0.430861635653994,0
CUST_02068,1.2870689179637866,0.06407604731520641,0
CUST_02069,1.3131701869626276,-0.7518226901030786,0
CUST_02070,1.0676984244775891,0.8735212115214472,0
CUST_02071,-2.623102317424448,-0.8170473022564609,2
CUST_02072,-0.20591877461452912,3.119518008868175,1
CUST_02073,2.8754117871965534,-0.4763784473970225,0
CUST_02074,-2.0258742179920635,-1.406256027025307,2
CUST_02075,-2.2510772026899106,-0.28199828463955307,2
CUST_02076,-2.3893087893599145,-0.915182633628408,2
CUST_02077,0.4951329368825373,0.8104930515708132,0
CUST_02078,-0.02255967107413772,3.735514921050853,1
CUST_02079,-2.3796068602841953,-0.8313955523653124,2
CUST_02080,-2.0039085539408448,-0.29833676496760514,2
CUST_02081,1.2742320220341328,-0.8006753119298715,0
CUST_02082,2.5635172991521347,-1.3344974379522867,0
CUST_02083,-1.2304226965741312,2.4535706316151944,1
CUST_02084,-3.32897817685969,-1.5854822734827352,2
CUST_02085,-0.2883536691687794,2.0975142748690376,1
CUST_02086,-0.6461091741714624,1.1711940956974136,1
CUST_02087,0.932857377235138,-0.25219147861689933,0
CUST_02088,-1.3373591452908409,-1.4865304617174744,2
CUST_02089,-1.1745303494509254,0.004670468713882051,2
CUST_02090,2.1129141664283972,0.49239278002226605,0
CUST_02091,-2.1428568442768916,-0.23325531719153883,2
CUST_02092,-3.410708811776844,-1.388362724501411,2
CUST_02093,1.8015921775241706,-0.6466344134396897,0
CUST_02094,-0.0796997583741205,2.1378121760302657,1
CUST_02095,3.145909233849819,0.5833080407985352,0
CUST_02096,-2.327935280377803,-0.24235679485845488,2
CUST_02097,0.18112659636132242,2.443152543576854,1
CUST_02098,-1.8508511848284908,-0.5599619562028587,2
CUST_02099,-2.767991622512613,-0.793532326039981,2
CUST_02100,2.4322648745673203,-0.6066666243646601,0
CUST_02101,-1.6371961157488628,-1.8268799648861198,2
CUST_02102,-0.29600198508867537,2.9559891082101215,1
CUST_02103,3.22206784423169,-0.6383729654147949,0
CUST_02104,-1.7181014454454275,-0.2125540760963214,2
CUST_02105,-0.9082654851763886,0.09632370266904362,2
CUST_02106,2.1209072828676017,0.5959450289782642,0
CUST_02107,-1.5604205455266706,-1.108328050508341,2
CUST_02108,-2.735932259306062,-0.7232135803648069,2
CUST_02109,2.1758294331242,0.32288955476610104,0
CUST_02110,-1.8977107958140937,-1.0094106476626896,2
CUST_02111,1.6991525792367603,-0.7951044279798886,0
CUST_02112,1.2216579674108625,0.5449011248286926,0
CUST_02113,1.5945417652471077,-0.6535295891122499,0
CUST_02114,-2.077753343099265,-1.8008400845692658,2
CUST_02115,-0.9647349498324237,-1.4122552590224569,2
CUST_02116,1.7451570599815975,-1.0364984300208513,0
CUST_02117,-1.0406479095693415,1.7988365785662044,1
CUST_02118,-1.3696053656614602,2.5932143791483875,1
CUST_02119,1.967397267810085,-1.2920910817559181,0
CUST_02120,-1.56247789687809,-1.1835804681090036,2
CUST_02121,-1.2157644917243258,-0.6653726341507189,2
CUST_02122,0.04481944306121721,1.6792706868985314,1
CUST_02123,-2.368864856945974,-1.6357288000431702,2
CUST_02124,2.534267161293583,0.5482134544684101,0
CUST_02125,-1.725786701950913,-0.7087475476970946,2
CUST_02126,-1.695865968247679,-0.49212303147237113,2
CUST_02127,-1.216865240735943,-0.49410409274939143,2
CUST_02128,2.3095715730246167,-1.3336588076015357,0
CUST_02129,-2.503711087450692,-1.1649030819432487,2
CUST_02130,1.052648326790619,1.2153207886397455,0
CUST_02131,2.5220438187026515,-1.3666707949588,0
CUST_02132,1.536608618854443,-0.41659724498438394,0
CUST_02133,-0.6835547281856886,2.9401878676679316,1
CUST_02134,-1.3107745603914445,2.570683009744933,1
CUST_02135,-1.6362426740079605,-0.47710702441178365,2
CUST_02136,-2.4157471241375243,-1.103019030091787,2
CUST_02137,1.7021966890713847,-0.2884389900582471,0
CUST_02138,-1.2654134106638022,-0.6013082059328393,2
CUST_02139,2.6010511976784683,-0.24080332967105408,0
CUST_02140,-2.336401371374302,-1.9076737314823426,2
CUST_02141,-1.6815347701141894,-0.5001449520275362,2
CUST_02142,-0.8182229169860588,2.2962448412143086,1
CUST_02143,-1.3173791158347916,-0.8289883029378583,2
CUST_02144,2.3781077463493605,0.6308207122547782,0
CUST_02145,-0.805756143920839,3.509534738288963,1
CUST_02146,-1.6581203412633045,-0.8724312867683954,2
CUST_02147,-0.5668137314850292,2.2688955532986883,1
CUST_02148,2.417321057438594,-1.235462412152966,0
CUST_02149,-0.7850696564268302,2.479954126513325,1
CUST_02150,-1.0262216753906177,-0.30973854699101305,2
CUST_02151,1.6048132278945995,-0.6755096111384595,0
CUST_02152,4.082615828937578,-0.7883163874459536,0
CUST_02153,-1.8799731411895115,-1.1233685819296924,2
CUST_02154,-1.602610244710057,-0.8048044877815091,2
CUST_02155,1.0010826314718075,-0.2998097858319541,0
CUST_02156,1.955166548353307,0.30327122999438044,0
CUST_02157,1.7744389377681162,0.07493121553951468,0
CUST_02158,1.4814590884125247,0.8526707227857772,0
CUST_02159,-0.907712356561311,2.3321977327532335,1
CUST_02160,-1.664250072611781,-1.1775249400290642,2
CUST_02161,-1.4103351611862933,0.7834621952695161,2
CUST_02162,-1.596858931079411,-0.5552120603971195,2
CUST_02163,1.4430634873034387,0.11597265422080875,0
CUST_02164,-1.367762338671808,-0.15703339826757862,2
CUST_02165,-0.3346443454835666,2.5907056184290984,1
CUST_02166,-2.825323609590655,-2.0341075242780633,2
CUST_02167,-1.4971402107900038,-0.47746536275241114,2
CUST_02168,1.8157983115487326,1.0194035148569924,0
CUST_02169,-1.9912838361221377,0.7263181632180191,2
CUST_02170,0.4039009110415088,0.48919228610407534,0
CUST_02171,-1.8851937067461124,-0.04562816584813259,2
CUST_02172,1.9499775710074578,-0.873445328402287,0
CUST_02173,1.9721785602731114,-0.777861883727612,0
CUST_02174,-1.145991972895964,-1.8716144791417182,2
CUST_02175,2.1085576186198396,-0.839587879632462,0
CUST_02176,-2.0218830969394994,-1.489585060984011,2
CUST_02177,0.727275411272753,0.5630419364064758,0
CUST_02178,-1.4505159091435484,-0.6985502175524472,2
CUST_02179,-1.5867454050362093,-0.4272435354614626,2
CUST_02180,-0.45312915789252695,2.823372931457671,1
CUST_02181,1.567692601740477,1.6854091343460766,0
CUST_02182,1.9258858408318138,-0.9505291604620058,0
CUST_02183,2.252719793902644,-0.9331324127208664,0
CUST_02184,0.8050404545502915,0.7264420682421476,0
CUST_02185,-1.4865676432465278,0.3182717140315116,2
CUST_02186,-1.2147814949861273,-1.538202166499417,2
CUST_02187,-2.735330251376171,-1.73684315050816,2
CUST_02188,-1.6095104422696485,-1.063572367947552,2
CUST_02189,-2.4725012985465122,-0.6757475110575912,2
CUST_02190,-1.5720565408660279,-0.16059060172216227,2
CUST_02191,2.1177511402078855,-0.07931991993503765,0
CUST_02192,-1.8677759314854343,-1.5948722349760596,2
CUST_02193,-1.5651298645443887,-1.5253772081133932,2
CUST_02194,-1.0928134432568095,2.611769337162927,1
CUST_02195,1.4222087377711023,-0.6772232165777897,0
CUST_02196,-0.7748259811729942,1.9833994393404373,1
CUST_02197,-0.7634232991996833,1.7883811595042887,1
CUST_02198,-2.6539434462385474,-1.9720269025511032,2
CUST_02199,-0.6006716852010119,2.9469395140795256,1
CUST_02200,2.112045897271979,-0.13629225108606463,0
CUST_02201,-2.3956381037570034,-1.0028382747587,2
CUST_02202,1.8405373734069086,-0.8976494810628854,0
CUST_02203,0.403226310800866,1.7589482468523217,1
CUST_02204,1.9622918839720809,-0.4004200419262406,0
CUST_02205,-2.1500757817455396,-0.2686125411662934,2
CUST_02206,-2.4956631297760667,-1.053620368268011,2
CUST_02207,1.0646154215585615,0.7038994821117032,0
CUST_02208,-0.31583354015116566,-1.7619134226480908,2
CUST_02209,2.285340657344265,-0.40607841582292903,0
CUST_02210,-1.7247650822889435,-1.337568969496222,2
CUST_02211,-1.4565589966529948,-0.5750301867625289,2
CUST_02212,-3.034713164796736,0.5698654742932711,2
CUST_02213,2.0601471399702174,-1.4586341310592519,0
CUST_02214,-1.81109439090255,-0.42603499150559376,2
CUST_02215,-2.341377408171493,0.6413872525870334,2
CUST_02216,2.384153808048145,-0.5270636781332525,0
CUST_02217,-2.596544635064908,-1.0105809187252195,2
CUST_02218,1.8453592552961822,-0.8257700815807045,0
CUST_02219,-1.298625590905681,-1.6147501880989652,2
CUST_02220,2.2676558436126273,-1.2300021270681745,0
CUST_02221,-2.394993177789884,-0.7503283066648384,2
CUST_02222,-0.4586560655305493,2.356932336196455,1
CUST_02223,1.0158393544495576,-0.8462454099066475,0
CUST_02224,1.4249878739954471,0.30623360890028356,0
CUST_02225,1.442411677278545,-0.6251703795411686,0
CUST_02226,-0.7574560591310119,3.9280157090306904,1
CUST_02227,1.628664340235036,-0.10233776441932732,0
CUST_02228,-1.3452626420123759,3.1384628727236525,1
CUST_02229,1.6387809966453264,0.07833151969700566,0
CUST_02230,2.4176425404043753,-0.5146135048475703,0
CUST_02231,-2.451994015409473,0.044749773922341675,2
CUST_02232,2.9025564299520417,-1.2445207460959777,0
CUST_02233,-3.0370088077743866,-0.4262748688413985,2
CUST_02234,-1.5288163301453974,-1.020826505462224,2
CUST_02235,-1.760973558008017,-1.033418980372018,2
CUST_02236,-0.7761433138982519,3.8895065048320396,1
CUST_02237,-2.1077220848213463,-0.4081901145772247,2
CUST_02238,1.6040479226059106,-0.9869494140207398,0
CUST_02239,2.769827754961791,-0.7924824637995046,0
CUST_02240,1.796926026077117,-0.6482964371456854,0
CUST_02241,-1.3063105580325325,0.0865838537573365,2
CUST_02242,1.8934076674220837,-0.1148638745292358,0
CUST_02243,-0.95920727613311,2.6337459034274247,1
CUST_02244,-3.069639363246539,-1.452987947480067,2
CUST_02245,-3.2781225276540287,-1.022712449240782,2
CUST_02246,-0.32057395353710977,2.161159055540296,1
CUST_02247,2.1894578940931857,-2.5141069686781092,0
CUST_02248,-1.2225345707275892,-1.1469598569988024,2
CUST_02249,-1.059386351511162,2.6913593345051567,1
CUST_02250,2.5896366979465895,-1.7836631880643374,0
CUST_02251,1.2641417590747137,-0.9809665451327172,0
CUST_02252,-2.5913707657241645,-2.161423579589794,2
CUST_02253,-2.314096595359389,0.7981485080496371,2
CUST_02254,-2.0377759913295606,0.20623659681426285,2
CUST_02255,-1.4340606114480248,-1.1417013142804944,2
CUST_02256,-0.9118431050878071,2.3709238954061513,1
CUST_02257,-1.0740950829963225,2.548036395982035,1
CUST_02258,2.3194055091591816,1.1745671820375307,0
CUST_02259,1.6705268384200405,0.1729023223192448,0
CUST_02260,1.2819085233712428,0.603149099534677,0
CUST_02261,-0.8400008957087792,-1.561501105993064,2
CUST_02262,-0.8697702647162985,2.4709916040467146,1
CUST_02263,-0.8381301346867304,-1.470968710430209,2
CUST_02264,-1.1923219294890652,1.6561836739099896,1
CUST_02265,-0.4791441008136455,1.4711612519059476,1
CUST_02266,-0.7684546386584282,-1.1838687178585217,2
CUST_02267,-0.952722475228692,2.342299046016806,1
CUST_02268,-1.6013122210101571,0.03570672785124798,2
CUST_02269,1.5624053642804363,0.9696852810197174,0
CUST_02270,-0.9113350960629224,2.6969524352759886,1
CUST_02271,1.7333231747686477,-0.5277614046299449,0
CUST_02272,2.2103723222126885,0.12818327600661367,0
CUST_02273,-0.3009264514429262,2.520324881730291,1
CUST_02274,-2.1951692944853147,-0.33248343307044126,2
CUST_02275,-4.742163694351467,-1.9266190481066827,2
CUST_02276,0.075860211980343,2.524566541784897,1
CUST_02277,-1.4116069383980918,-0.5753096786012463,2
CUST_02278,-1.1335056759308066,3.4083234151176827,1
CUST_02279,-0.7541019463968238,-0.790399091271274,2
CUST_02280,1.9276346133616014,-0.22396204821764673,0
CUST_02281,1.3839590785997082,1.284158958235065,0
CUST_02282,0.19692676652386218,0.9031911203046573,1
CUST_02283,-1.4234474296166246,2.3526111758102015,1
CUST_02284,3.4731950641334315,-1.4991834057218572,0
CUST_02285,1.5873364786745046,-0.7185012664284959,0
CUST_02286,0.8455324765865462,0.3019782834718759,0
CUST_02287,-0.6410205708844656,-1.9810413903670263,2
CUST_02288,1.2573858261923432,-0.15680488928760897,0
CUST_02289,-1.135791788684378,2.282228277020567,1
CUST_02290,1.7522267238040783,-0.9676723470625022,0
CUST_02291,-0.7354755080339035,2.3011952632975303,1
CUST_02292,1.317390384865384,0.499678623098174,0
CUST_02293,2.0713876693435496,-0.20839192396869902,0
CUST_02294,-0.09698750857289447,2.849113023853478,1
CUST_02295,2.0890186470024457,-1.5559097036150022,0
CUST_02296,2.016156515139839,-1.805865992657497,0
CUST_02297,1.1786060169717751,-0.2459966831815222,0
CUST_02298,2.025303910465349,-1.510466833876664,0
CUST_02299,1.5866906010273218,-0.9841005748733788,0
CUST_02300,1.5081575497123858,0.692804259996321,0
CUST_02301,-2.510713663231358,1.548167149968238,1
CUST_02302,-0.8669089437174607,2.6974268623401247,1
CUST_02303,-0.5200714436869129,2.7587307570915254,1
CUST_02304,1.6114068163445254,0.8233402608963076,0
CUST_02305,-1.7690376217680523,-0.7924885019382679,2
CUST_02306,2.7579319636163566,0.45393239475592856,0
CUST_02307,3.2944834754284518,-1.2920780652003676,0
CUST_02308,-0.9262988643482404,2.109349015352302,1
CUST_02309,0.9407524073546984,-0.8480570407324491,0
CUST_02310,1.237273590394457,0.5333748193552607,0
CUST_02311,-0.8015105366074706,2.3558443302304015,1
CUST_02312,-2.0100871444721604,-1.925217977847547,2
CUST_02313,-0.9800505332237713,1.0909040679537998,1
CUST_02314,-1.4648661162416645,-0.5150569830475518,2
CUST_02315,-1.7286561624130552,-1.9084465117948266,2
CUST_02316,2.2277450510910413,-1.6288851978076464,0
CUST_02317,1.3882080272824782,0.29306989014832224,0
CUST_02318,0.9896885217391717,0.33054164276046555,0
CUST_02319,2.126890350428318,0.1958926456754671,0
CUST_02320,2.3855921618559086,0.4943177853157489,0
CUST_02321,-2.674303601195465,-0.7066670564978702,2
CUST_02322,-1.9985506958730326,0.07010547710845154,2
CUST_02323,-1.1006336416264226,3.6405868431266266,1
CUST_02324,1.859102470133704,0.6470888631795438,0
CUST_02325,-1.4137670830782814,-1.1899207379118155,2
CUST_02326,-1.4498337272082717,-1.7153878519957309,2
CUST_02327,-1.2115543708840562,-0.31959824103744977,2
CUST_02328,2.411283859983057,-2.4312613568460506,0
CUST_02329,-1.8468897034759597,-0.6157360677977193,2
CUST_02330,2.297869896280652,-1.2096792236298408,0
CUST_02331,1.3529689712127742,0.13159694131110283,0
CUST_02332,1.6280759761129049,-0.4529424123714436,0
CUST_02333,-1.26993628525865,3.3902642852910283,1
CUST_02334,-2.0143106081230364,-1.1687663035028208,2
CUST_02335,1.6293063561109764,-1.285129870760565,0
CUST_02336,0.7480528949151257,-0.513582078913724,0
CUST_02337,-0.29116799247718916,2.288111633105373,1
CUST_02338,1.4307172552032807,0.19460456915727126,0
CUST_02339,1.9699286833331378,-1.7066179170009756,0
CUST_02340,2.75563917926179,-0.26457895356600597,0
CUST_02341,-1.5877571538978066,-0.38546926609603765,2
CUST_02342,1.9726709088661405,-1.3079112513856477,0
CUST_02343,1.2870900183399123,-0.10988283382770068,0
CUST_02344,3.266223091142135,-0.34030920037639406,0
CUST_02345,-1.856527993429617,-2.1687925360755367,2
CUST_02346,-1.9865797950839197,-0.008098782210489498,2
CUST_02347,-1.3370123101238984,-0.2166189562485789,2
CUST_02348,2.4175056092557634,-0.25045253661976574,0
CUST_02349,0.46748749762352615,2.7688362176948034,1
CUST_02350,1.949682144767412,-1.6957839974379183,0
CUST_02351,-2.3966937076986277,-2.0652992995247295,2
CUST_02352,-3.018233748263872,-0.7428996102601502,2
CUST_02353,-1.1775134325068335,3.5284804739147906,1
CUST_02354,-2.7831268691471904,-1.1926629340455164,2
CUST_02355,-1.7715100602750675,-0.47965015555609913,2
CUST_02356,1.4265370166948188,-0.8099750139443019,0
CUST_02357,-2.4545900703217276,-0.9734662131993176,2
CUST_02358,2.426041199959783,-1.5344832162880313,0
CUST_02359,-1.2061736475819147,2.3640219773265794,1
CUST_02360,1.8543803757189243,-0.9337983791740432,0
CUST_02361,1.7927521342104131,-1.357997666079224,0
CUST_02362,1.0212466809106249,0.6392391163168064,0
CUST_02363,1.10705786823925,-0.7785787664409822,0
CUST_02364,-0.5192628776664865,2.877237058841994,1
CUST_02365,-1.0275980805668892,3.324829719701759,1
CUST_02366,1.1843689835273135,-1.7122544096950059,0
CUST_02367,2.296078866920911,-1.159315491496293,0
CUST_02368,-1.0475763406456682,3.3356499675608586,1
CUST_02369,1.6420510331589335,-0.33921476531517325,0
CUST_02370,-0.8229885784763173,-1.1940819896017587,2
CUST_02371,-1.9688245293564721,-0.5673892835679153,2
CUST_02372,-1.3055134860689688,-1.6752235842091243,2
CUST_02373,-1.2120736759394504,0.5075270400523252,2
CUST_02374,1.8404605217137344,0.9151405295775638,0
CUST_02375,-2.1817529646570395,-1.0045279825535538,2
CUST_02376,2.041548583168254,-0.6346283061099837,0
CUST_02377,1.7051456896455761,0.5587229432665819,0
CUST_02378,-1.4245634664125415,-0.982031061418404,2
CUST_02379,-1.1896734958675246,2.422960137475929,1
CUST_02380,-1.7674279680979457,-1.4007092933289378,2
CUST_02381,-1.6392833592470846,-0.7022570827102094,2
CUST_02382,-1.5395045483730245,-1.2016468141159962,2
CUST_02383,-2.201119425178181,-1.4665568028162081,2
CUST_02384,3.115659567702995,1.000147059876914,0
CUST_02385,1.508073378791232,0.027224698491815743,0
CUST_02386,-1.0249453175974355,4.401347239131364,1
CUST_02387,0.8517191514356868,-0.5942214432736702,0
CUST_02388,-0.3476148816317155,2.750234858111191,1
CUST_02389,-1.788460032438351,-0.28724594597630726,2
CUST_02390,-1.3195882856845889,-1.8204138945517392,2
CUST_02391,1.4107524439826318,-0.944361496495778,0
CUST_02392,1.5544912709474912,-1.842908762568729,0
CUST_02393,2.8402302378195055,0.2130406118568984,0
CUST_02394,1.4031221993496306,0.12804018119747018,0
CUST_02395,-2.3552166299002404,-0.44024431260887664,2
CUST_02396,1.4360054586190067,1.3621594420522298,0
CUST_02397,1.7163181930077136,-0.2830220046241259,0
CUST_02398,1.725362056710021,-1.715422748890236,0
CUST_02399,-1.8329963545405374,-0.6544835990257678,2
CUST_02400,-1.4022537160601927,-0.6113416748342971,2
CUST_02401,1.300823597540688,1.0389293282371692,0
CUST_02402,1.8392329453464347,-0.5068822363815799,0
CUST_02403,1.5428405652796882,0.34548575280318194,0
CUST_02404,2.62065862257844,-0.4188996592617718,0
CUST_02405,-0.9125335931510922,-0.7200258954751989,2
CUST_02406,-0.8375303148924046,2.8920794840084656,1
CUST_02407,2.4840168885255496,0.7652869627001505,0
CUST_02408,0.7573725061130163,-0.1317645174528174,0
CUST_02409,-1.6738946965773531,-1.9453767378461853,2
CUST_02410,0.1931307855528651,1.5267531703820463,1
CUST_02411,-1.4757694182101389,-1.3259597653725959,2
CUST_02412,1.7248097951244972,-2.4052708147444952,0
CUST_02413,-0.16348592437769813,3.336386157524791,1
CUST_02414,1.9181677775263226,-1.0155519736830674,0
CUST_02415,-0.5267064021563347,2.1776848627164265,1
CUST_02416,-2.986691784744367,-3.5280432178795835,2
CUST_02417,1.9007564381877722,0.274480508824942,0
CUST_02418,2.9874206139450576,-1.40659772981355,0
CUST_02419,4.991977912308098,-1.522633024057748,0
CUST_02420,0.8661433327956971,1.1115171405803994,0
CUST_02421,2.3465007885777043,-1.6990685113168247,0
CUST_02422,1.1720564710568404,-1.6700632846744548,0
CUST_02423,-2.3826004083722943,-0.2040778023809237,2
CUST_02424,-0.9139306407420403,1.9635097794579028,1
CUST_02425,1.4250857778229944,1.0803588646922915,0
CUST_02426,-2.8503919834717566,-1.5248531159216803,2
CUST_02427,1.1864417509115213,-0.1294277070128196,0
CUST_02428,-2.2720625236271887,-1.1218645574423791,2
CUST_02429,2.0289611713364666,-0.6982790950664028,0
CUST_02430,-2.3078471476521987,-1.4247273564472447,2
CUST_02431,-1.474387251115515,2.4534142122195934,1
CUST_02432,-1.2266749746623515,-0.15045950693687854,2
CUST_02433,-1.7087974163291832,-0.8326632663299017,2
CUST_02434,2.5542018211896447,-0.7762232385504187,0
CUST_02435,-3.4764125776031185,-2.1053681792697474,2
CUST_02436,1.8986383241631746,0.47065533423012895,0
CUST_02437,2.075966660380752,-0.7354280074048001,0
CUST_02438,1.3059355541740703,0.23816956924894225,0
CUST_02439,-0.49073562649459707,2.3078302461893108,1
CUST_02440,1.607486527042621,-0.7298473082651328,0
CUST_02441,-0.07049973155173962,1.55112478812366,1
CUST_02442,-0.36697119180394955,1.268184983594767,1
CUST_02443,-1.6690359562477033,-0.55319323382784,2
CUST_02444,-1.241696867708987,-0.9652432799132599,2
CUST_02445,-0.6120130722540067,2.483862718837365,1
CUST_02446,0.577165292665704,0.4912185042598481,0
CUST_02447,1.4187504941680695,0.5822721696044079,0
CUST_02448,1.8791918503744747,-1.2664446171765427,0
CUST_02449,0.5377059477863904,-0.1385897310056266,0
CUST_02450,1.232433191851079,1.3903402537432006,0
CUST_02451,2.2442374507723155,-0.18038506875048885,0
CUST_02452,-3.2600099956290354,-1.6785838864947369,2
CUST_02453,-0.8336589464324489,2.8850721056123025,1
CUST_02454,0.9175144787806635,1.4639427395672124,1
CUST_02455,-1.140735284080281,1.7352476991152697,1
CUST_02456,2.021464823950033,-1.7005437668460335,0
CUST_02457,-0.14122571522085398,2.675486971030419,1
CUST_02458,-1.5119995693842745,-1.0811614278352653,2
CUST_02459,-1.295892463699772,3.84620825319222,1
CUST_02460,1.7162731960428428,0.2950503077371128,0
CUST_02461,-1.1028595353286563,-1.4733869493246023,2
CUST_02462,-1.3497041382668318,-1.9257916770511132,2
CUST_02463,-0.5765028792497738,-0.9716300572927216,2
CUST_02464,-0.0860742752834883,1.4416036199615438,1
CUST_02465,-1.7772579117142597,-0.20912605167381784,2
CUST_02466,0.31298545892247204,0.9619616254948895,1
CUST_02467,2.5126802547847182,-0.2091706560488493,0
CUST_02468,1.5319357056771383,-0.4718249352083728,0
CUST_02469,-0.5539933119953658,1.9419615747367827,1
CUST_02470,-0.6317470961871903,1.7375365381352204,1
CUST_02471,0.9665586523429385,0.6316457036653049,0
CUST_02472,-2.929821624354364,-0.8361989622211868,2
CUST_02473,-2.188081542990724,-0.4807475371567899,2
CUST_02474,-1.7809033253971123,-0.4895309475703616,2
CUST_02475,-0.6684294765191895,1.5542711840350485,1
CUST_02476,-4.07957213552113,-2.9544119499422297,2
CUST_02477,0.7394228971955937,0.022141027061974114,0
CUST_02478,-1.75435576481729,-0.7507240393515213,2
CUST_02479,1.4796958325414762,-0.6019122180081617,0
CUST_02480,-1.4532328841805688,-0.03899411889345832,2
CUST_02481,1.7483468061739496,-0.37257331563522356,0
CUST_02482,-1.5674173191630454,-1.5137508127613721,2
CUST_02483,-2.5335604083083716,-1.1344590569385036,2
CUST_02484,2.1055656340190168,-0.6770558876117296,0
CUST_02485,-1.334998316290387,2.171742846688742,1
CUST_02486,-3.480024188158485,-2.2148212481630454,2
CUST_02487,-0.9329171651744035,2.745139510618505,1
CUST_02488,-0.7996262308567128,-0.8738225695780072,2
CUST_02489,-0.6121847670358439,2.993499398182565,1
CUST_02490,2.3778484904976067,0.5058957652338032,0
CUST_02491,1.0139002698642698,0.5619271152493723,0
CUST_02492,1.9730409500749995,0.5335536419261827,0
CUST_02493,-1.6114425067256406,-0.28109021691292163,2
CUST_02494,0.9504574516463906,1.0680252832309,0
CUST_02495,-0.6872080617625393,1.243465572623908,1
CUST_02496,-0.09062159679080044,2.169587933228989,1
CUST_02497,-0.6165030950422808,2.1514135576642697,1
CUST_02498,-4.1472174662036485,-2.2049047777242627,2
CUST_02499,-2.3541207778329585,0.061080895461669206,2
CUST_02500,1.4261921464160239,1.0596030139183314,0
CUST_02501,-2.750128730633946,0.0688324827424883,2
CUST_02502,-1.214513751102045,0.04133678858241453,2
CUST_02503,-0.8059355566164188,3.1643973061097186,1
CUST_02504,-2.3880834151003762,-1.3427475832757463,2
CUST_02505,1.6845238087683432,0.0553902591929831,0
CUST_02506,1.8275738228870249,-1.4460977378218136,0
CUST_02507,-3.0901050865559316,-1.491328613661447,2
CUST_02508,0.7010393985065153,-0.13690071539680446,0
CUST_02509,-1.3833483385062595,-0.535171913446046,2
CUST_02510,-2.417443502489728,-0.8648115004277458,2
CUST_02511,0.9412726896934066,-1.0451424399209694,0
CUST_02512,-1.3527506984179924,-1.3054631035793385,2
CUST_02513,-0.6772137545864619,2.006267000417224,1
CUST_02514,-0.8875318458083991,3.2907930149570728,1
CUST_02515,-1.6529558624886405,-1.505538326604445,2
CUST_02516,-1.7555032036763694,-0.2174596077156132,2
CUST_02517,1.748986745846459,-0.981677932829433,0
CUST_02518,-0.4364777933335101,3.589877512126697,1
CUST_02519,-1.9698683912224988,-0.3535400685040664,2
CUST_02520,-1.7840403556890712,0.12398760876296852,2
CUST_02521,-1.6106421048323634,0.47025021759595587,2
CUST_02522,2.0165630562582897,-1.0733670011589704,0
CUST_02523,2.662140107259739,-0.17334861414704517,0
CUST_02524,1.6226371369562542,-0.33861540646399196,0
CUST_02525,-1.3475731994118418,-0.7361367158146246,2
CUST_02526,1.1767492144188008,0.39028087755738033,0
CUST_02527,2.543659183396487,0.9258377343277358,0
CUST_02528,-3.3819903463726257,-1.507687123162079,2
CUST_02529,2.250083942607509,-0.9915615735357685,0
CUST_02530,-1.742500560224291,-2.1995486852859645,2
CUST_02531,-1.9129591268795731,-0.6323869421752084,2
CUST_02532,-1.3008581931400078,-1.0534253712756458,2
CUST_02533,1.9059229949249878,-0.10745925432131936,0
CUST_02534,2.3203906452886316,-0.6958794401361227,0
CUST_02535,-1.7031267369459986,-1.6562193276787363,2
CUST_02536,-1.726624225537899,-0.019240218043089195,2
CUST_02537,-1.8563597449639064,-0.9223053401960866,2
CUST_02538,2.6519856721797357,-1.1690482756469898,0
CUST_02539,-2.1286046449957876,-0.8887376979770326,2
CUST_02540,-1.350041953692979,-0.30388812498056444,2
CUST_02541,-1.1347403946569576,-0.3890398367674009,2
CUST_02542,-1.6854303672664601,-0.35936203032638386,2
CUST_02543,-1.8534208567450046,0.5484698538996478,2
CUST_02544,-0.17700085355291637,2.6376512400716385,1
CUST_02545,2.1263228755895525,-1.3517862821085154,0
CUST_02546,-0.5137135998953111,2.01027096023411,1
CUST_02547,1.3302179962262268,-1.9779722974404053,0
CUST_02548,1.472107288628618,0.6598664470290085,0
CUST_02549,1.2027431990326363,0.5601922838639517,0
CUST_02550,2.4493236119399104,-0.7440994328586219,0
CUST_02551,1.2740544284051403,1.7983780209275406,1
CUST_02552,1.427227526555431,0.3668064421221698,0
CUST_02553,-2.167743367271444,-0.3140463268214352,2
CUST_02554,-3.3154726184157535,-1.862182506041482,2
CUST_02555,1.7427392761701446,-0.9988457192463052,0
CUST_02556,-2.1167677058406507,-0.8659501694790989,2
CUST_02557,-1.3099442052872758,2.915231858169416,1
CUST_02558,2.551288638310861,0.30218977369817124,0
CUST_02559,2.564318831867324,-1.3410474250027433,0
CUST_02560,-0.20842149167098714,2.729826769997161,1
CUST_02561,-2.821725874443405,-0.9132689915745741,2
CUST_02562,-1.313828756198191,-0.9850011404501144,2
CUST_02563,1.127453403246938,-0.9904005865986868,0
CUST_02564,1.754797701062151,-1.523114426392765,0
CUST_02565,2.321828984214408,0.324838870670581,0
CUST_02566,1.2833625244305071,2.014225766916747,1
CUST_02567,2.0115147752597142,1.5760065511988912,0
CUST_02568,0.9878413485996513,-0.5380611201840308,0
CUST_02569,-1.4108269600376007,-0.2516817887516091,2
CUST_02570,-0.8869505445890145,-2.1412416097409035,2
CUST_02571,0.6832432496711386,-0.008495730622172076,0
CUST_02572,-2.0880873649411873,-1.6044199184280536,2
CUST_02573,1.2952624766036869,0.4066465702406186,0
CUST_02574,-0.4075792266565596,2.706729494905391,1
CUST_02575,2.0953831806015644,0.2767188065464629,0
CUST_02576,-1.8089590173173136,0.040770558738493015,2
CUST_02577,-2.67182888715237,-2.0079463516186915,2
CUST_02578,-1.0425591085519936,3.393559459346558,1
CUST_02579,0.7440119581863213,0.7147186239946316,0
CUST_02580,-1.9612641465546239,-0.5164544704245118,2
CUST_02581,1.0899501986043756,-0.567522704219843,0
CUST_02582,-2.7570814495136813,-1.4112716787048285,2
CUST_02583,-0.5958069581980098,3.8157896700997096,1
CUST_02584,-0.4463019023243071,2.4122623938343684,1
CUST_02585,0.19470734821863642,3.1384832700309118,1
CUST_02586,-1.663384063555553,-0.19310021604019534,2
CUST_02587,1.9560486978782958,-1.2321656752825683,0
CUST_02588,-2.424996161294498,-1.5853970704907325,2
CUST_02589,1.5932203015798807,0.43652414944969875,0
CUST_02590,-2.703672773869408,-0.5282676614049745,2
CUST_02591,-2.8484646399381695,0.489767161847626,2
CUST_02592,-1.6408804996704116,-0.003965447864414284,2
CUST_02593,-1.6549639375183363,3.8147780733126178,1
CUST_02594,0.048939811840383284,1.9357839079269903,1
CUST_02595,2.935685786823542,-1.5885866321618833,0
CUST_02596,-1.1548053119448944,-0.8916508439249357,2
CUST_02597,1.0759115276048756,0.44228866217312335,0
CUST_02598,-1.0597965657521131,2.8182219722299444,1
CUST_02599,0.8347097989734673,0.2571925502128824,0
CUST_02600,1.9221861636024478,-0.9510289895318982,0
CUST_02601,-1.888870561003681,-1.1207070714006508,2
CUST_02602,0.9431727326015387,-1.1537242790445648,0
CUST_02603,-1.6421872157124722,-0.11976869564720558,2
CUST_02604,2.085659877829468,0.38340440434809897,0
CUST_02605,2.7650947803277037,-0.7322634257046771,0
CUST_02606,-0.2464614853401864,3.193332043139453,1
CUST_02607,1.1137099825783194,-1.944853910559597,0
CUST_02608,2.05452963242171,0.40020112581665024,0
CUST_02609,-1.7357080281661532,0.08614103852856178,2
CUST_02610,2.5274484985904393,-0.31177737758817237,0
CUST_02611,-2.0227037601889823,-0.8493123129265292,2
CUST_02612,1.560016867913222,-0.45391773578013733,0
CUST_02613,1.6148653386492302,0.17519451529222324,0
CUST_02614,-1.0042810986753874,-1.0468710876551224,2
CUST_02615,2.148346659055904,-0.2479373256832083,0
CUST_02616,3.566932437987662,-2.022230703972763,0
CUST_02617,3.005465452768564,0.2813283950513631,0
CUST_02618,1.7624898227502415,0.9812787045856022,0
CUST_02619,-1.20960817795208,-0.5397577115474528,2
CUST_02620,3.5776863048885135,-0.20237183572678397,0
CUST_02621,-1.6303191807311643,-0.741776755263076,2
CUST_02622,-2.436337045495859,-2.264407762712645,2
CUST_02623,1.4013657365207277,0.03742127910147936,0
CUST_02624,-2.686709917046818,-1.2581741478726298,2
CUST_02625,0.5663338870403107,0.1335836590409963,0
CUST_02626,-1.0052369077384624,-0.9454826627463994,2
CUST_02627,2.447402200740221,-0.20944840267893708,0
CUST_02628,-2.531275428046522,-0.8306880606091073,2
CUST_02629,-0.3371329617668807,3.715346669829274,1
CUST_02630,1.144732487371017,-0.3828825852970675,0
CUST_02631,-1.6826613721866255,-0.8335583815947181,2
CUST_02632,-0.9267962925371386,-1.1342574841171724,2
CUST_02633,1.2387660952315767,-0.57632885731997,0
CUST_02634,3.326280898535681,-1.1583613826438592,0
CUST_02635,-1.2309565277985737,-0.028850226810487017,2
CUST_02636,-2.4837477633533696,-1.0247959072682347,2
CUST_02637,-1.9910081366237058,-2.4014072313814436,2
CUST_02638,-1.6856441394754234,0.04115722891511879,2
CUST_02639,-2.080021692674604,-1.0684559093471422,2
CUST_02640,-1.7437233868212598,0.18175881403378025,2
CUST_02641,1.0600523538680622,-0.2720425531495234,0
CUST_02642,1.0649886137890958,-0.6185228664986905,0
CUST_02643,-1.1286046609683782,-0.6024442153543363,2
CUST_02644,-2.2044465955141397,-0.18525969504287773,2
CUST_02645,2.3956142385022603,-0.8412351580365452,0
CUST_02646,2.3359297422633407,-0.507627554438071,0
CUST_02647,-1.2504627566022517,-1.7229707228766575,2
CUST_02648,-1.1092210466526236,2.718201969902819,1
CUST_02649,2.294063101721452,0.8129181760164089,0
CUST_02650,-0.4345374978653425,3.5524013154630047,1
CUST_02651,2.6242804312810715,-0.345868665150587,0
CUST_02652,2.0066476499937536,-0.21992700994113526,0
CUST_02653,1.4823252811169012,1.3307304152640014,0
CUST_02654,1.4271723572569481,-0.8427349319806364,0
CUST_02655,-1.7917284811178609,-0.38033103617217295,2
CUST_02656,2.3379356737769004,-0.8742322166393636,0
CUST_02657,-1.5069669402762493,-0.8430353640126337,2
CUST_02658,-1.776291687029691,-0.6944082095973855,2
CUST_02659,2.701815503680469,-0.014303530172811073,0
CUST_02660,-1.8300155700894454,-0.5073644786499674,2
CUST_02661,-1.082089729606814,3.8494059233506928,1
CUST_02662,-2.684730450502222,-1.6847041439226909,2
CUST_02663,1.3655501105171384,0.9560959352387665,0
CUST_02664,-1.3100443633180934,0.32666693192664065,2
CUST_02665,-0.7968391496684218,3.008816388794286,1
CUST_02666,1.9692105011107708,0.005643469554218998,0
CUST_02667,2.089288810822359,-1.0741615056392224,0
CUST_02668,-2.2297916328089213,0.022904335499341556,2
CUST_02669,-1.8941932809050883,-1.4378464112884228,2
CUST_02670,2.1224032576655456,1.13775258105305,0
CUST_02671,-1.8124063036587266,-0.1939936399622203,2
CUST_02672,1.8739748050631895,0.8296246149141334,0
CUST_02673,-1.6665254560041816,-0.5153977292738025,2
CUST_02674,1.2680211038250087,-0.43633967375164273,0
CUST_02675,-1.9402097340937878,-1.9217002575413964,2
CUST_02676,0.3419837588648426,-0.0917263072362089,0
CUST_02677,2.2382135177371927,0.011568700494339595,0
CUST_02678,1.84849782903779,-0.4921173393126585,0
CUST_02679,2.3803954052755625,-0.7460008673209387,0
CUST_02680,-0.8131541989500196,2.463939370518451,1
CUST_02681,1.8888091492591872,0.8129580054748976,0
CUST_02682,-1.7733785139597307,-1.2398678976516981,2
CUST_02683,2.2342155504401315,-0.17022952816098327,0
CUST_02684,0.9625573042970642,0.18647470068609234,0
CUST_02685,1.9350379164067735,-0.1368324691632384,0
CUST_02686,3.4055033770248264,-1.8536780077109496,0
CUST_02687,1.6185662406670522,-0.29516213143599646,0
CUST_02688,2.481619240322474,-0.005723970967350102,0
CUST_02689,0.14437337150561622,2.5861528011470583,1
CUST_02690,3.6904502605330216,-0.5320304437664573,0
CUST_02691,-1.0122369232097823,2.7846574538674944,1
CUST_02692,-0.9276409308218826,5.181738378914559,1
CUST_02693,1.9680428659837634,-1.3882833406422825,0
CUST_02694,-0.9419227672379786,2.401522066440354,1
CUST_02695,-2.0503543747357247,-1.3023593386220245,2
CUST_02696,-1.7922494745524213,2.7163624649395683,1
CUST_02697,-1.376918173265217,-1.1708934287957382,2
CUST_02698,2.012363056195653,0.7295984851649276,0
CUST_02699,-1.430418638076928,-0.5180776631867163,2
CUST_02700,-1.4138073613586328,-0.09377469588597742,2
CUST_02701,-1.3375100939525688,3.715271331792501,1
CUST_02702,-1.7119130262532176,-1.6521310323916345,2
CUST_02703,0.7771139840998293,-0.749464658948158,0
CUST_02704,2.6649769226890663,-1.2236211497592195,0
CUST_02705,-1.086171145424463,-0.39414775583999634,2
CUST_02706,-1.3547305155919598,-0.9088211549212959,2
CUST_02707,3.03791985331866,-1.119748342770754,0
CUST_02708,1.829306818793479,1.606895443274225,0
CUST_02709,1.778811972193173,-0.6266610145319736,0
CUST_02710,0.5375832640330314,1.8267602312217435,1
CUST_02711,-1.041491571277389,-1.1525752708044013,2
CUST_02712,-1.6964398330792367,2.2734037453964024,1
CUST_02713,1.6836498945831153,0.7339384852708302,0
CUST_02714,1.710781100806673,-0.19565426422950685,0
CUST_02715,3.0177952373509105,-1.3033280893473023,0
CUST_02716,2.4379900737617057,0.6594774919773337,0
CUST_02717,-1.351484676444538,-0.8687806984382926,2
CUST_02718,-2.0137019469318034,-1.1405940690639627,2
CUST_02719,-0.464220846317054,-0.4664380494887481,2
CUST_02720,1.4532388109067937,-0.7073937634381892,0
CUST_02721,-1.2937854213438351,-2.0317265464721124,2
CUST_02722,-1.3520469897892802,0.18657694658513416,2
CUST_02723,-2.188528093527533,0.26251634549823943,2
CUST_02724,-1.3316560265034376,2.1513337044137457,1
CUST_02725,2.2637295402477564,0.951067545486071,0
CUST_02726,0.920096306489305,-0.09949568844981324,0
CUST_02727,2.837549525701821,-1.8310649552449076,0
CUST_02728,1.288842109593317,0.3885240692380505,0
CUST_02729,1.8042032262951602,0.5220847990821761,0
CUST_02730,-1.1383093575648326,2.4996858430488325,1
CUST_02731,-2.788161837358299,-0.35698972587383626,2
CUST_02732,-0.6444695325758457,2.495433337592659,1
CUST_02733,2.5685795344176885,-0.5679103858188235,0
CUST_02734,-0.6640339654670845,-1.8360049552919386,2
CUST_02735,-3.135648068214043,-1.7350446005781106,2
CUST_02736,-1.7676205856292766,-1.0573832327988775,2
CUST_02737,-2.614138237819874,-1.521548477060075,2
CUST_02738,-0.5055754659764884,2.266113431169512,1
CUST_02739,-3.2287238314801043,-1.677149382302521,2
CUST_02740,3.1988052916904923,-1.3858732402278662,0
CUST_02741,1.715201807062987,0.8271884888783267,0
CUST_02742,1.3937002255839928,-0.36868264021916797,0
CUST_02743,2.1225364958495363,-0.5710238300864617,0
CUST_02744,2.055159888518793,-1.406247854899676,0
CUST_02745,-1.1052459199070253,-0.8653920223949856,2
CUST_02746,-2.2566905114244866,-0.21515388703707258,2
CUST_02747,-0.996892913045527,2.018748412905851,1
CUST_02748,2.340596888261012,-1.288953304484499,0
CUST_02749,-2.0883616152144273,-0.5281110613985577,2
CUST_02750,-1.7836706857433189,0.19383611518213031,2
CUST_02751,2.6354374731046195,-0.5054786204477852,0
CUST_02752,-0.9564027110382464,-0.9426498982818828,2
CUST_02753,1.2496800673299069,0.2872201254351373,0
CUST_02754,1.5090739541809854,-0.3613293442482313,0
CUST_02755,-1.9309011749011433,-1.9834345637427073,2
CUST_02756,0.9588583619030574,0.9394993449555675,0
CUST_02757,-0.8970507812849463,3.428889864417961,1
CUST_02758,-2.2801169614161036,-1.0592429949519255,2
CUST_02759,-1.1669009165134865,-1.4155053212266213,2
CUST_02760,2.5325195323205567,-0.8513704355572126,0
CUST_02761,2.1431857197317785,-0.8348344512680997,0
CUST_02762,0.9979229136198646,-0.803015500824091,0
CUST_02763,-1.6126712638406284,-0.090608435051654,2
CUST_02764,-0.5700485717830147,2.5432352630191852,1
CUST_02765,1.8798358363246834,-0.2593388780257127,0
CUST_02766,-1.935385425674389,-1.4068093387168947,2
CUST_02767,-0.586767508288074,2.5985339395514035,1
CUST_02768,1.6999088745973618,1.4832086889047924,0
CUST_02769,-0.2831391170766274,3.374461794283654,1
CUST_02770,-1.5410765168542524,-0.7050729288332416,2
CUST_02771,2.6052676826442767,-0.5982897082960411,0
CUST_02772,2.4181385307898564,-0.3891149038972188,0
CUST_02773,-2.272033164466054,-0.22785441135998932,2
CUST_02774,-0.103417904448312,2.407637294567135,1
CUST_02775,-1.0834398718796956,2.6994159319753006,1
CUST_02776,2.157559793632664,-0.7361444620645915,0
CUST_02777,2.485408935025391,-1.0047198090778937,0
CUST_02778,1.1332242383654285,-0.6778457559269275,0
CUST_02779,-1.146531545122083,3.5123072739690824,1
CUST_02780,2.5497698237330213,-1.248553557106795,0
CUST_02781,1.9093493184356605,-0.4671027885540685,0
CUST_02782,-1.2334952476780288,-0.5561618057695285,2
CUST_02783,-1.8522851390919,-2.4601040042802182,2
CUST_02784,-2.497074620830578,-0.5587186761079305,2
CUST_02785,-1.8302378347765087,-1.0489019259977628,2
CUST_02786,2.353130056119134,-1.25173565890327,0
CUST_02787,-1.052049317303799,-2.4887213424740313,2
CUST_02788,1.583401495946715,-1.6300674694643111,0
CUST_02789,-1.9691251397143266,-1.8512018945160116,2
CUST_02790,-1.5533803686804148,-0.5232077619980161,2
CUST_02791,-1.922439526300105,-1.0254899094171794,2
CUST_02792,-2.2330608615160292,-0.8495205396957367,2
CUST_02793,-0.13109924175413065,4.0903046468459765,1
CUST_02794,3.342012467903803,-0.0890878682421706,0
CUST_02795,1.1493267701777732,-0.12659494732040674,0
CUST_02796,-0.7200925423394774,1.4644515998360201,1
CUST_02797,1.6078439488626108,-0.3659967772508437,0
CUST_02798,-0.5840380499047261,-1.4698285095367736,2
CUST_02799,-2.48664367364549,-1.427626155720835,2
CUST_02800,2.14507408789186,-0.7143551117121532,0
CUST_02801,-1.4700404301617025,-0.5020971475480835,2
CUST_02802,-1.551725189798329,-1.0502541860424381,2
CUST_02803,-3.556167198777946,-1.186235123133849,2
CUST_02804,-1.2155735938041574,-0.7311485421803068,2
CUST_02805,-1.00587921451345,4.1369147002097755,1
CUST_02806,-1.48618639401139,-0.6815151708502405,2
CUST_02807,-1.1311454654323156,-0.3738731085993779,2
CUST_02808,2.105573485802853,-1.6414903996155785,0
CUST_02809,-0.9402012444301329,1.8144483709553485,1
CUST_02810,-0.4214861141350244,-2.0655733730403973,2
CUST_02811,0.8487376122711714,0.3349823964078096,0
CUST_02812,-1.9945755029431342,0.26764112714670657,2
CUST_02813,-2.374062133898065,-1.3011429702113506,2
CUST_02814,1.5840599015697796,-1.7462729127106722,0
CUST_02815,-1.3502248222200597,2.3844940074524,1
CUST_02816,-0.9519643273832593,-0.9802500687184266,2
CUST_02817,-0.9858356888358192,2.99234257267281,1
CUST_02818,1.752460614033176,0.10293854759107028,0
CUST_02819,1.8686648346515082,-1.3009749494693512,0
CUST_02820,1.745922753294372,0.04575112301045385,0
CUST_02821,-2.096385080072759,-1.329758569813893,2
CUST_02822,2.077064209163442,1.275682747729223,0
CUST_02823,-1.9495589582008261,-1.0902621868282272,2
CUST_02824,3.37160963015964,0.5676180238339988,0
CUST_02825,0.9951809539294628,0.6280422412203387,0
CUST_02826,-1.4986917477015003,-0.5231000441589064,2
CUST_02827,-1.1531849968936914,-0.780204114114838,2
CUST_02828,1.6808756303336556,-0.31472926999576845,0
CUST_02829,1.1782716053523423,-0.5434747838199419,0
CUST_02830,1.7621456134861482,-1.6066000056320866,0
CUST_02831,-1.7414322501920754,2.5551830147910706,1
CUST_02832,-1.7887280987577474,-0.6548711602728494,2
CUST_02833,2.1041166084494902,-1.2654362101601495,0
CUST_02834,1.7401397620368246,1.2392372920838002,0
CUST_02835,1.3652800712768718,0.6785489281973293,0
CUST_02836,-2.030626678145043,-2.674399075571213,2
CUST_02837,-2.5513771944857107,0.02461704809445425,2
CUST_02838,1.990835742378523,-0.28434401846728147,0
CUST_02839,-1.2835862300235774,0.05733916926802238,2
CUST_02840,1.6711350557450775,0.23377404992876794,0
CUST_02841,1.1222207335167556,0.7771334581402423,0
CUST_02842,-1.7090342729272248,-1.1375246814429796,2
CUST_02843,-1.680967397059581,-0.9856957211387423,2
CUST_02844,-1.993361507583957,-1.6419540045217318,2
CUST_02845,-0.5612882341282015,3.160117819781153,1
CUST_02846,1.641495179882169,-0.22580707832825223,0
CUST_02847,-1.495004212537881,-0.81825350941128,2
CUST_02848,2.525091983328308,0.9960708084611016,0
CUST_02849,0.26142398412459217,3.0933592771989216,1
CUST_02850,1.4322653445674847,1.6227855993432019,0
CUST_02851,-1.9658337323185782,-0.3960174248034543,2
CUST_02852,1.8584751966570596,0.18676132653756,0
CUST_02853,0.5560016382702321,-0.6793256739377845,0
CUST_02854,-2.2636260687794003,-1.996681879109261,2
CUST_02855,1.1679897511807995,-0.706308900324759,0
CUST_02856,-0.84529621672316,1.9390610299376698,1
CUST_02857,0.8124960444549171,-0.20856642963898966,0
CUST_02858,2.065451770960491,-1.4364646711581797,0
CUST_02859,2.689475866538156,-0.5709019092757713,0
CUST_02860,2.440459497425389,-1.4108656318192903,0
CUST_02861,-2.163719749676435,-1.7578162618661404,2
CUST_02862,2.3982554899352513,-0.5215270900326313,0
CUST_02863,-1.7322719034216287,-1.7126691292591314,2
CUST_02864,-0.8457213584502526,4.082444632971278,1
CUST_02865,1.6545346983860814,0.009614661631265066,0
CUST_02866,-0.5804596916486944,2.6632837450187745,1
CUST_02867,-0.42229498902407986,2.1151744947736595,1
CUST_02868,-1.2421221581771265,-1.2557865599541247,2
CUST_02869,2.5989520026940904,-0.8583902495590084,0
CUST_02870,2.8573517778840056,-0.9485775864410376,0
CUST_02871,-1.9600101350707686,-1.209518757374063,2
CUST_02872,-1.7926277665054686,-0.9090807564745351,2
CUST_02873,-2.151838129181742,-1.4052174179675203,2
CUST_02874,1.982841203719518,-0.04956272800725471,0
CUST_02875,-1.615562315032837,-1.0038303949999428,2
CUST_02876,-1.1291773644624026,3.485126726226407,1
CUST_02877,-0.9892050766077913,3.036405906545812,1
CUST_02878,0.7292808805137972,0.23661430754708523,0
CUST_02879,-1.4738364548624803,3.4429058962469417,1
CUST_02880,0.8300306632337467,-0.6276328929891347,0
CUST_02881,0.8040006621364143,-0.038203423907649976,0
CUST_02882,-2.273647101633248,-1.2659315699967293,2
CUST_02883,1.8777405957524615,-0.2288611094497053,0
CUST_02884,2.130699928900588,-1.523106443645133,0
CUST_02885,2.537940794938335,-0.9596151998118329,0
CUST_02886,-2.801559393413007,-1.8408597965925997,2
CUST_02887,0.3099107708761397,3.163808113592813,1
CUST_02888,0.9379703677049053,-0.28866229452621134,0
CUST_02889,-1.948839279880069,0.8414799618072238,2
CUST_02890,-1.8500281578662892,-0.5460140216350958,2
CUST_02891,1.2394819652030271,-0.08119369947101432,0
CUST_02892,-2.7221067343136087,-0.8908011075192505,2
CUST_02893,-0.9525287270227212,-1.8463400235303282,2
CUST_02894,-2.709562373731958,-0.7015883021249899,2
CUST_02895,1.3188891596157095,-0.7842705531906312,0
CUST_02896,-1.3782409242778753,-1.057325801483624,2
CUST_02897,-0.4850404039272691,2.3900632124960604,1
CUST_02898,1.0186226853819085,1.2093643790919737,0
CUST_02899,1.0916642705131894,-0.17126802846335729,0
CUST_02900,1.969028924741562,-1.4442956878145454,0
CUST_02901,1.5801838435131434,-0.8177459605727785,0
CUST_02902,-1.5634470157768448,-0.6547199219150037,2
CUST_02903,1.7004542229302329,-1.0960617513146829,0
CUST_02904,1.1235086621086343,-0.1336608988982271,0
CUST_02905,-0.5163184443487727,1.7459663444620384,1
CUST_02906,1.888387413702166,-1.3464495065566662,0
CUST_02907,-2.4549373626379576,-1.2638338859367007,2
CUST_02908,1.958758907333662,0.3051206316318936,0
CUST_02909,1.0027322063224358,1.0942225930292007,0
CUST_02910,2.246284077337215,0.7936794129032878,0
CUST_02911,1.0528886715140706,-0.4284507711207979,0
CUST_02912,1.6755268967500923,-1.1311197698890172,0
CUST_02913,-1.5914332962935742,-0.41232279632381735,2
CUST_02914,-2.419843808559571,-0.9116441427363635,2
CUST_02915,1.620807698601979,0.9012450287039404,0
CUST_02916,-1.7305068773858687,-0.07415767637712649,2
CUST_02917,-0.4866131613956698,-1.8549965568458837,2
CUST_02918,-2.952446969503973,-0.04465626335406417,2
CUST_02919,1.924195947850402,0.2239437584448166,0
CUST_02920,0.9035820018944783,0.6019813869327021,0
CUST_02921,1.7753060378250023,0.04337493185954954,0
CUST_02922,-1.5934953267765695,0.18308098629487868,2
CUST_02923,-1.6795338010110425,-0.27415385019387306,2
CUST_02924,3.116357847123208,-0.8536294574123693,0
CUST_02925,1.5414966258784668,0.23966372727071644,0
CUST_02926,-1.4428253864662,-1.243973265771272,2
CUST_02927,-0.9575124599230788,-0.6314888587303328,2
CUST_02928,-2.9066711502111806,-0.9896363567642056,2
CUST_02929,-2.0028210907341033,0.11905232494111972,2
CUST_02930,1.110560022847269,-0.3407962375355812,0
CUST_02931,0.2505298218760384,1.5566067598711215,1
CUST_02932,-1.8542721827914759,-0.8520868801696083,2
CUST_02933,1.517082217972372,-0.9043197217721083,0
CUST_02934,-1.024392534055517,1.7738581042951602,1
CUST_02935,-1.405842186584111,-0.7090045743159111,2
CUST_02936,3.1599756587592607,-1.6380411156384722,0
CUST_02937,-1.502849466922941,-0.9780608578707981,2
CUST_02938,-1.3426716529838565,2.7226397901655095,1
CUST_02939,-1.3317675706571246,-1.3163934825557,2
CUST_02940,1.7404750799157847,-0.8705099477681884,0
CUST_02941,1.197711742312476,0.8033936967317244,0
CUST_02942,-0.7798024992436348,1.6671190091294648,1
CUST_02943,1.9068055734092868,-0.3008016156494218,0
CUST_02944,-1.4767016230208343,-1.389983964089641,2
CUST_02945,-0.917018584795832,-1.514165202896828,2
CUST_02946,0.36229662899555237,-0.5660938372748718,0
CUST_02947,0.2762183644939393,1.0025171274589597,0
CUST_02948,-0.29703831178852513,1.4763391030061395,1
CUST_02949,2.2432234363325962,-0.11538277181785675,0
CUST_02950,-1.267059097093662,-1.8640320415403073,2
CUST_02951,-1.2058345708983398,-0.4015048658077552,2
CUST_02952,-1.4049711051630724,-0.9979310848072162,2
CUST_02953,-1.6908332928784346,-0.33922069765377233,2
CUST_02954,-0.15104411343657623,1.5516725946947003,1
CUST_02955,-1.9506102624842172,-1.9967261232524405,2
CUST_02956,-1.65558301014051,-1.365376967380515,2
CUST_02957,-1.9121876280069083,-0.8783658906746334,2
CUST_02958,-1.1814991777768802,-1.8104887798193385,2
CUST_02959,1.3323272645165882,-0.09321852287513761,0
CUST_02960,-1.5220182917461071,-1.560309257569601,2
CUST_02961,1.7688350659211856,-0.17467399700774297,0
CUST_02962,2.5987149423088374,0.4278087409823256,0
CUST_02963,0.4532359920689222,0.43934138834149744,0
CUST_02964,-1.454022915545693,-1.5795348817974624,2
CUST_02965,-2.2005284436360912,-1.4985930667259844,2
CUST_02966,-2.0000161872670428,-1.2699147855174213,2
CUST_02967,-1.5895252997024567,-0.8599420715171405,2
CUST_02968,-0.4476839457065335,2.20729513238265,1
CUST_02969,-1.4479294170460808,-0.698963621779314,2
CUST_02970,-0.14866461513870097,2.1319821380912227,1
CUST_02971,0.7013719766771178,0.5441555909553983,0
CUST_02972,1.8727563007733858,-1.0149090920111974,0
CUST_02973,-1.9389479893231822,-0.4869999783331743,2
CUST_02974,-1.2922992822321226,-0.45453267901681493,2
CUST_02975,2.212255066375919,-0.45128149688232194,0
CUST_02976,1.3753150382692623,-0.04655303140492392,0
CUST_02977,-2.006225101742112,-0.8557651313904078,2
CUST_02978,3.390545240267068,-1.4346488005090767,0
CUST_02979,-1.4093771318832855,-0.5755878778487079,2
CUST_02980,-1.5915616841294866,-0.7458135734874983,2
CUST_02981,0.43655542150457255,-0.02018455283949706,0
CUST_02982,3.1180415506944623,0.4701253404284619,0
CUST_02983,-1.828470918496218,-0.9231654248800045,2
CUST_02984,-1.7276819727126191,0.384835392280502,2
CUST_02985,-0.5719745258463267,3.183240436129083,1
CUST_02986,-1.6938541583570272,-1.6878972567270698,2
CUST_02987,1.6722956978470542,-1.9431599321013444,0
CUST_02988,-0.4137995331939254,0.8649047696294513,1
CUST_02989,-1.8129559237285247,-0.5531105131017346,2
CUST_02990,-2.9631910234742493,-0.9938297385460385,2
CUST_02991,2.1145714828173365,-0.7272622777233031,0
CUST_02992,-1.0480170191822258,-0.7224809090872136,2
CUST_02993,-0.5535839631909588,1.6116481258298039,1
CUST_02994,1.391305539312336,0.307074149932719,0
CUST_02995,2.1504000948400503,-0.6868096192141291,0
CUST_02996,-2.5946853989617393,-0.3406908043014017,2
CUST_02997,1.2044408861966902,-0.8127094051609862,0
CUST_02998,1.3602021038034309,0.8696365106383981,0
CUST_02999,1.898973022123809,0.8426080196202514,0
CUST_03000,-1.9050071058736522,-1.4357798100102968,2
CUST_03001,-0.6798449922573129,-0.6550444266816834,2
CUST_03002,-1.8279051044659125,-0.6229190618943653,2
CUST_03003,2.81281726607131,-1.0424446541596133,0
CUST_03004,-2.264786578455577,-0.3761163029653388,2
CUST_03005,-0.9894866453571256,1.9507007026064296,1
CUST_03006,-1.193529355203892,0.18322125606969847,2
CUST_03007,-1.8412976183787504,-1.8944317471948418,2
CUST_03008,1.8022469295353774,0.002997654452123678,0
CUST_03009,-1.8853288604481058,0.6363180136427922,2
CUST_03010,2.745762451047666,-0.5772075387791371,0
CUST_03011,-0.42903673746536314,3.128527930104132,1
CUST_03012,1.2308620591473436,0.43726473111514974,0
CUST_03013,2.6295122703853893,0.44192356099758995,0
CUST_03014,2.1515149527406554,-0.11516053787864211,0
CUST_03015,-1.5634682530197577,-0.2774591019661442,2
CUST_03016,0.45646210638612433,0.7578576966815241,0
CUST_03017,-2.1562185628706145,0.6420298475329298,2
CUST_03018,1.0610581313423761,0.2809810222758311,0
CUST_03019,2.343980312900363,-1.9622217279679317,0
CUST_03020,-1.3993720432874368,-0.895916380038236,2
CUST_03021,1.6009527148446674,0.9437673766115506,0
CUST_03022,0.9615726956359542,1.4604704735791232,0
CUST_03023,-1.9153327971110834,-0.4411501982431532,2
CUST_03024,1.7285127475183917,-0.1678783266151571,0
CUST_03025,2.534128088921827,-1.002603659661139,0
CUST_03026,0.6043198013365813,0.49875350639833005,0
CUST_03027,-2.957774151624695,-1.6118581189580534,2
CUST_03028,-2.5394855090109405,-1.0251969899252054,2
CUST_03029,-1.6712402681624468,-0.9496191945829546,2
CUST_03030,-2.2043435231253996,-1.2154698716125774,2
CUST_03031,2.116254308251159,-0.8059197080945609,0
CUST_03032,2.076769882769388,-0.4345929785949257,0
CUST_03033,-2.8172638253672124,-1.1193641453388048,2
CUST_03034,1.692482574944382,-0.7277184216729784,0
CUST_03035,1.2635099744365463,0.5505490144932387,0
CUST_03036,2.7381506958636423,0.41671961258793977,0
CUST_03037,2.3379935200425535,0.29659398732081765,0
CUST_03038,-0.9991659296327634,-1.852414949182888,2
CUST_03039,1.62618374845475,-1.4517157561160696,0
CUST_03040,-1.0316362624948636,3.725861924419582,1
CUST_03041,2.1290506164123384,-0.7167731002769312,0
CUST_03042,-1.2989237053646532,-1.06987577222219,2
CUST_03043,0.7722857959665197,-0.7017272630342762,0
CUST_03044,1.4812199639900094,0.17488710335301175,0
CUST_03045,-1.2761685054419478,0.08884109826606865,2
CUST_03046,-1.5280159947244565,-0.42047348995971556,2
CUST_03047,1.3982836345707768,0.2465630334107618,0
CUST_03048,2.7500304176808954,-0.2800779858949909,0
CUST_03049,1.8744753639950582,-0.7242298942329636,0
CUST_03050,1.5977010039010675,0.4253529664247813,0
CUST_03051,2.54990610366044,0.6431449016237158,0
CUST_03052,-1.2625190097294328,1.7478789395755303,1
CUST_03053,1.0992926900358284,-0.6305641566722903,0
CUST_03054,0.9054753860308,0.9746115175821959,0
CUST_03055,-1.333840649268814,-0.9495681929979445,2
CUST_03056,-1.4624166562840053,-1.1928114113096073,2
CUST_03057,-0.9333494501234801,2.3874761107617557,1
CUST_03058,1.5590586136053979,-0.9521166996953558,0
CUST_03059,2.2182459574904847,-1.2518988937717404,0
CUST_03060,-3.445641009604348,-0.09901597291579689,2
CUST_03061,2.4986767086641333,0.04693596819605237,0
CUST_03062,1.442539992137091,-1.4773270512441596,0
CUST_03063,-0.6391434618685022,5.056593312231303,1
CUST_03064,-0.7865121189659728,-1.0333239634620879,2
CUST_03065,-1.6274847101107832,-1.5714931833041723,2
CUST_03066,1.2197468674354006,0.32519138221332594,0
CUST_03067,0.756360979886054,-0.9808077993015418,0
CUST_03068,-2.0775992298163466,-1.2366045580045908,2
CUST_03069,2.394530388528585,-0.16386070987204462,0
CUST_03070,-1.4168054502316165,0.01738448056898306,2
CUST_03071,-1.5750338242723645,0.5280704325498801,2
CUST_03072,-1.2949261972737505,2.622295914230826,1
CUST_03073,0.6346403839705096,0.5303549236478942,0
CUST_03074,2.496491554992663,-0.1446511974069936,0
CUST_03075,-0.9363009785698309,2.2386652131616125,1
CUST_03076,-1.8650385059501524,-1.8451498875129861,2
CUST_03077,-1.9710758170365656,-2.133302924835802,2
CUST_03078,2.1083878789868287,-1.9292857561819448,0
CUST_03079,1.9379788263273239,-1.6870451193244536,0
CUST_03080,-1.7581682628048796,-2.199459823313788,2
CUST_03081,-2.1198826530223496,-0.473750843129552,2
CUST_03082,-1.188530528039707,-0.34850516172420415,2
CUST_03083,1.3867571616590635,0.7972579522174985,0
CUST_03084,-0.8068146904809458,2.894993188719364,1
CUST_03085,-0.773681063486454,-0.2913181627893011,2
CUST_03086,-1.8202072044871038,-0.2839133768600677,2
CUST_03087,1.0394215189639016,1.4066062714266898,0
CUST_03088,4.015890329020722,-2.173892928339242,0
CUST_03089,-0.3169695113732426,1.2699807925147455,1
CUST_03090,0.6997052667221146,1.5798654506548313,1
CUST_03091,-1.1048874068602876,1.7822799208740823,1
CUST_03092,-2.481610125371432,-1.2571773513175197,2
CUST_03093,2.4459321831694987,1.1764244789255631,0
CUST_03094,-1.6837682178809779,0.6387076418507592,2
CUST_03095,1.0857763772074371,0.005942393968180176,0
CUST_03096,-1.8781652886666675,-1.5211332476425985,2
CUST_03097,-2.0382624275368544,-1.6222885379763812,2
CUST_03098,2.262392876296805,-0.45823042374832945,0
CUST_03099,1.1382849191343773,-0.3203011321496053,0
CUST_03100,1.2035313503282556,2.172866078802392,1
CUST_03101,3.5555086050944897,-2.2342534395521803,0
CUST_03102,-1.489640894574873,-0.5979330605186157,2
CUST_03103,-4.163710070053924,-1.2781801971872906,2
CUST_03104,2.205299283116305,1.1948284107882297,0
CUST_03105,1.749818312186796,1.4134701199035569,0
CUST_03106,1.7972343169415188,-0.038838346409479474,0
CUST_03107,-2.3627170146583487,-1.5889243093774377,2
CUST_03108,1.9321505909947443,-0.8478719170140034,0
CUST_03109,0.5229679317888782,2.539247715686606,1
CUST_03110,-1.4568668058892507,3.675215525347464,1
CUST_03111,-0.8331601838288069,-1.880641303492974,2
CUST_03112,2.3661356910499265,0.008990536765020303,0
CUST_03113,-0.5872350001285289,-1.0348936436562237,2
CUST_03114,1.1919846947526933,-0.06070859417216575,0
CUST_03115,5.149450245783234,-1.376842405197825,0
CUST_03116,-1.5828820299887643,-1.3934956277866895,2
CUST_03117,-1.7041634045320238,-0.3893151002306152,2
CUST_03118,1.9209299740792027,-0.5409938167736165,0
CUST_03119,2.37857285664994,0.7560250864031552,0
CUST_03120,0.5139776855954054,-0.16752465925535134,0
CUST_03121,1.2521805886951998,0.6942303097810505,0
CUST_03122,2.1111739021363625,0.8647557108847049,0
CUST_03123,1.6862944567585856,-0.9750295785542124,0
CUST_03124,-1.5214961649435692,2.7445550082645283,1
CUST_03125,-0.6836151979068865,-1.0005712472341055,2
CUST_03126,-0.5161852244790553,2.525896958985698,1
CUST_03127,-1.8790346189966196,-0.17807370329613204,2
CUST_03128,1.1046710094402468,-1.037494800154979,0
CUST_03129,-1.8604074055145081,-0.751036858885568,2
CUST_03130,-1.6348004462382137,0.2167526811272878,2
CUST_03131,-1.9903002700327082,-1.2954577709879744,2
CUST_03132,-0.7991648871630989,-0.5647317254375311,2
CUST_03133,-2.068838097077387,-1.6315671558957499,2
CUST_03134,-0.6967880607009315,3.303398897165939,1
CUST_03135,1.7193020414800693,0.4657048264671075,0
CUST_03136,-1.4903448573848062,3.4555454646627095,1
CUST_03137,-2.1885226598007135,0.06355235502850458,2
CUST_03138,-1.283546987617809,-0.9717524392255364,2
CUST_03139,-1.3424132886215587,2.214808745494043,1
CUST_03140,1.1689052660831059,0.6268280299567276,0
CUST_03141,5.521580099978427,0.8798281059388302,0
CUST_03142,-1.877160522857077,-1.5974621047589976,2
CUST_03143,-0.6850042586985721,2.187294236540996,1
CUST_03144,0.05265506826278218,4.066699139767868,1
CUST_03145,1.4734663075326715,1.3711269808365594,0
CUST_03146,0.3019174314585487,1.878487312757956,1
CUST_03147,-1.9098431532691464,0.040689239043548035,2
CUST_03148,-1.81521844978594,-0.38075927832555295,2
CUST_03149,-0.8086558216152013,-0.9583581653930228,2
CUST_03150,-0.8855655371998734,2.4942327481275206,1
CUST_03151,-1.4384667501334023,-0.4415307859754584,2
CUST_03152,0.9459213871374401,-0.08551783439418816,0
CUST_03153,-1.1500976261448426,-0.9443977152560576,2
CUST_03154,1.5454561574235222,0.9956676421748909,0
CUST_03155,-0.5361375847421521,3.41290351387558,1
CUST_03156,-1.3533393229612343,-1.5712119860076084,2
CUST_03157,-2.583347168668906,-0.09078812890243265,2
CUST_03158,2.005532226589619,-1.14620463517346,0
CUST_03159,-1.878553100108226,-1.2080830891993195,2
CUST_03160,0.9417549055552233,0.3277804302951377,0
CUST_03161,-0.021617399535405736,2.879368342830959,1
CUST_03162,1.4860313552297957,-0.20492222773613336,0
CUST_03163,1.5307081930359654,-0.2530240107368568,0
CUST_03164,-0.5963178279483838,3.2371282734538744,1
CUST_03165,1.3629091033370448,-0.42294351643790196,0
CUST_03166,-0.5161134999145527,1.8549146502144156,1
CUST_03167,-2.716309672207386,-1.0272948859733677,2
CUST_03168,1.551360828253893,-1.312343717027587,0
CUST_03169,-1.918554936157141,-1.630110305772302,2
CUST_03170,1.8015458591428075,0.7429393090054942,0
CUST_03171,-1.5193210976821687,-0.4043581316622797,2
CUST_03172,1.5093589947026722,0.6613396165955292,0
CUST_03173,2.8376024926544154,-0.6598923595780337,0
CUST_03174,1.2922805618783246,-0.10050496617317596,0
CUST_03175,1.6465776378064998,-1.2579977167047727,0
CUST_03176,1.955649353861399,-0.24059719049706954,0
CUST_03177,-0.9990927286731418,-0.280621647068962,2
CUST_03178,-2.580329356134161,-1.5468911807305077,2
CUST_03179,-1.8238834902137355,0.24141251013829498,2
CUST_03180,-1.8786421936009545,-0.43049402235461065,2
CUST_03181,1.6835544998089857,-0.5515079612588288,0
CUST_03182,1.2526190443918406,0.1729570897101263,0
CUST_03183,1.3802502250745012,0.534286542589857,0
CUST_03184,1.7474249944391702,-1.2332501635250999,0
CUST_03185,-1.0676803316900136,3.5780894979120004,1
CUST_03186,-0.5379581539881629,1.5976095125184693,1
CUST_03187,1.5176598324256456,-0.9382170082765984,0
CUST_03188,2.173388869850742,-0.7716559934565963,0
CUST_03189,-1.2137269195314662,-0.5986571029726133,2
CUST_03190,-0.8333292383383673,-0.5119742297520933,2
CUST_03191,2.6567881992802342,-0.12880202142666325,0
CUST_03192,-3.7347153217588764,-2.3665076207042643,2
CUST_03193,-2.0948451058477113,-1.6769674905455025,2
CUST_03194,2.122452550644263,0.004326443113969659,0
CUST_03195,2.3743058229269964,-0.6818448398307643,0
CUST_03196,-0.47428934220392,4.4269263828232495,1
CUST_03197,-3.161658974279084,-2.6628875062565416,2
CUST_03198,-2.501449333356729,-1.5143952567495274,2
CUST_03199,2.001479131452075,-1.6745360484398473,0
CUST_03200,1.5308054909269908,-0.1645697196553815,0
CUST_03201,-0.00040600527911209967,1.319061848825907,1
CUST_03202,-1.3727433110981575,2.4212243787858627,1
CUST_03203,2.354764144926083,-1.4113266982211854,0
CUST_03204,-2.9744206844115797,-1.457899018659261,2
CUST_03205,-1.5883962334670916,-1.4813971160610846,2
CUST_03206,-1.1876470866486923,-0.0744685128163847,2
CUST_03207,-1.2426247790920366,-2.0421393061183695,2
CUST_03208,-0.10669472533635727,-1.852871554416485,2
CUST_03209,1.589460100291235,0.458104577229003,0
CUST_03210,-1.942002263257913,2.902542816752571,1
CUST_03211,1.9997645095861725,-0.8961544426458699,0
CUST_03212,-2.2753066682144336,-1.0434764125231166,2
CUST_03213,1.2074991513306748,-0.4057498876731225,0
CUST_03214,-1.9729977364253186,-0.8007314111378351,2
CUST_03215,1.3821059849170334,1.40769475625959,0
CUST_03216,2.2344766986587,-1.3588577356717706,0
CUST_03217,2.3369473701277417,-1.5117365440060824,0
CUST_03218,2.319579629941682,-1.5277741491089605,0
CUST_03219,-1.8555546200748476,-0.5776558806076912,2
CUST_03220,-2.2007324635695125,-0.4482825247512727,2
CUST_03221,-0.6859822592809095,2.089054356490461,1
CUST_03222,2.6374527521581315,-2.2314408822381218,0
CUST_03223,1.3595614886510008,-0.10987473134036535,0
CUST_03224,1.418875591413675,-1.128654147531092,0
CUST_03225,1.2781891924508153,-1.7898193111231884,0
CUST_03226,-1.906840854776038,-1.4463821447130185,2
CUST_03227,1.5851350946827811,0.510218325862775,0
CUST_03228,1.8189011275320526,0.17174277855897935,0
CUST_03229,2.0637248978903058,-0.9971471186319336,0
CUST_03230,2.6339214875490895,0.6492495668782053,0
CUST_03231,-0.04222352201254332,2.6273184469369495,1
CUST_03232,0.06282825113057158,2.7739313449880436,1
CUST_03233,0.5087394802037951,1.0039669815516215,0
CUST_03234,1.4746413440650332,0.31213782035417126,0
CUST_03235,0.9364601821588037,1.4562039912719513,1
CUST_03236,2.385130035771162,-0.39828363382004667,0
CUST_03237,1.7912759633649797,1.5953370276504708,0
CUST_03238,-1.682534331908431,-0.8400937174257459,2
CUST_03239,-0.5853493773057533,2.5842302931169714,1
CUST_03240,-0.1415496048308327,1.9888193526469948,1
CUST_03241,2.446090712053092,0.9224353276876962,0
CUST_03242,3.344799142335222,-0.24616869856432574,0
CUST_03243,-1.4331956759976925,4.239356633944366,1
CUST_03244,-2.8847250708768937,0.18640380805818002,2
CUST_03245,-1.5397240651951987,-0.7305377272335029,2
CUST_03246,1.582108572795087,-1.786036153091608,0
CUST_03247,-0.4928919294059164,2.7141796156714455,1
CUST_03248,2.4228892286730286,-0.7789735869308237,0
CUST_03249,-2.492219705740144,-0.7982830070898415,2
CUST_03250,-0.4315504724800349,-1.7086768558179992,2
CUST_03251,-0.4712543335194522,3.0948528444661143,1
CUST_03252,2.956136707354825,-0.9649951069681169,0
CUST_03253,-0.9206959753719065,2.811145286160109,1
CUST_03254,2.2201732075817078,-0.5471939098027541,0
CUST_03255,2.0251878374180183,1.0356082524804153,0
CUST_03256,2.272646425383533,-1.5608519410174106,0
CUST_03257,-0.9887082435371782,-0.37435679506558883,2
CUST_03258,1.6483018337428024,0.5310087378962368,0
CUST_03259,0.7944392424179791,1.0051818724868546,0
CUST_03260,-2.7551206994143724,-2.1486130960129466,2
CUST_03261,2.400986333226719,0.037807519411900956,0
CUST_03262,-0.9741092179406001,2.3647712831026557,1
CUST_03263,2.658728967570348,-0.3412389312321612,0
CUST_03264,4.258536826275783,-0.3800993519448428,0
CUST_03265,-1.6869730281176483,0.15165049844950867,2
CUST_03266,3.4457153264476554,-1.7526676603775377,0
CUST_03267,0.48172811975035223,2.384306028636167,1
CUST_03268,-0.3301543531920224,1.80502489608705,1
CUST_03269,-1.4008365478602167,-0.29496651732259815,2
CUST_03270,-1.7308925676509688,-0.8916539152255628,2
CUST_03271,2.8663760921766768,-0.48749151253436784,0
CUST_03272,2.067872333347057,-1.323229085918845,0
CUST_03273,-1.5107579781867988,-0.19048208119898896,2
CUST_03274,-0.7360433360010694,3.2071291639543484,1
CUST_03275,-1.2841322940582773,-1.2660297806825855,2
CUST_03276,-1.2738351558812333,-1.5388006951033981,2
CUST_03277,-2.128578970524661,-0.9495751093862017,2
CUST_03278,-0.6350449437406814,1.8682336397458439,1
CUST_03279,1.4792244676612618,1.17952062485313,0
CUST_03280,-1.5003632663984905,-0.13659313590672661,2
CUST_03281,-1.5642741915515992,3.3434031193511924,1
CUST_03282,1.8502061283230855,-0.6535825140935446,0
CUST_03283,-1.6446499325869297,-2.0040370120342414,2
CUST_03284,-2.02708986085217,-1.9036312472746253,2
CUST_03285,-0.016161912539382896,1.6531963990618948,1
CUST_03286,1.0129492613853395,-0.6640145593838698,0
CUST_03287,4.9216024618233725,-1.0488621084351797,0
CUST_03288,-1.6166730479896405,0.6638203680395767,2
CUST_03289,-2.9658551944200418,-1.0511488570427814,2
CUST_03290,2.207863246659232,-0.035396362694553665,0
CUST_03291,1.834686620559443,-1.7244965146601505,0
CUST_03292,-1.7980394623864293,-0.6995182722409842,2
CUST_03293,2.48473276215843,-0.546058161746049,0
CUST_03294,-0.6152469893977087,1.8395225825057344,1
CUST_03295,-1.7135169483435353,-1.5645293038905177,2
CUST_03296,2.708304601881028,-1.0342718105714563,0
CUST_03297,-1.6912517335909731,-0.8354377487273188,2
CUST_03298,2.089154522479296,-1.1809046916904495,0
CUST_03299,1.874427265870901,0.5008448709315965,0
CUST_03300,-2.438629260722911,-0.43769143331576527,2
CUST_03301,1.9366655481466433,0.7621264748796746,0
CUST_03302,-2.451832774653379,-0.6980481939616224,2
CUST_03303,-1.3822452855955736,2.219538826787746,1
CUST_03304,1.4500197164003579,-0.29795560455621034,0
CUST_03305,3.1602899929959625,0.12430925550440006,0
CUST_03306,1.1835246515162594,0.12315772415893685,0
CUST_03307,0.9815946434870039,0.9145136722094416,0
CUST_03308,2.615388550470774,-1.451656197696987,0
CUST_03309,2.571980929266978,0.6882187445847624,0
CUST_03310,-0.09685877480289379,1.4180444249464694,1
CUST_03311,-1.377585152459433,-0.9828916663635086,2
CUST_03312,-1.4977296419290425,-0.2817675398268714,2
CUST_03313,-1.3780604810321875,-0.49628893641682664,2
CUST_03314,1.6042157190288755,-1.4895368753518872,0
CUST_03315,2.181864977033805,-0.9201301046593379,0
CUST_03316,-2.239150260301385,0.5328979971362736,2
CUST_03317,-0.8594677051254314,1.7864467894750147,1
CUST_03318,1.760626976150759,-0.9126024118441907,0
CUST_03319,-1.518147886940731,-0.5405758434873135,2
CUST_03320,-1.3316354201001968,-1.2137884421135519,2
CUST_03321,-0.973240776393666,2.435828329054094,1
CUST_03322,0.5535912672062029,0.0778740341313076,0
CUST_03323,-1.968953545826743,0.0601403279284048,2
CUST_03324,-1.026661227345871,3.800234852565864,1
CUST_03325,-1.2604994438631736,-0.011616079783666279,2
CUST_03326,-2.8510738753616374,0.27349432308818566,2
CUST_03327,-1.9118132037884619,0.29703145440794204,2
CUST_03328,-0.06610408300772025,1.9370901442984145,1
CUST_03329,2.303459066396979,-0.9148566744294674,0
CUST_03330,-1.509671529849348,-0.22441008587341013,2
CUST_03331,-1.1442415665175167,-0.6332855809546467,2
CUST_03332,-2.247908344103302,-1.1964153191310085,2
CUST_03333,1.81683808908322,-0.7063303011781281,0
CUST_03334,2.50162489380334,-1.0998035826567636,0
CUST_03335,-1.8682599385835135,-1.3246546789202964,2
CUST_03336,-2.0521159401017774,-0.7497527984624505,2
CUST_03337,-1.9409246885833522,-1.2950660982116033,2
CUST_03338,-0.6803075773383684,-1.7948673848662926,2
CUST_03339,-0.309559987628772,2.8343213078379734,1
CUST_03340,-2.2145855560357934,-0.19740268743987463,2
CUST_03341,-1.5585518763138038,-2.5762689975043194,2
CUST_03342,-0.5415485943414664,3.5806492329383883,1
CUST_03343,-1.4487536370277632,-0.31808794272189767,2
CUST_03344,2.366406444346539,-0.7460017592001049,0
CUST_03345,-1.1224783579424595,3.2738852625051416,1
CUST_03346,-1.404148880803416,-0.9541654073949385,2
CUST_03347,2.1792324295154084,-0.11365457585620484,0
CUST_03348,1.4889984998579961,-0.39054461899052817,0
CUST_03349,0.13745931935404387,0.6593735276969077,0
CUST_03350,0.9320820055997343,2.0635786419767292,1
CUST_03351,2.6562510479600827,0.5140791797619877,0
CUST_03352,1.304030230940825,0.6988542891502757,0
CUST_03353,-0.9808053170727465,-1.8103053691228788,2
CUST_03354,1.1704144153691416,1.709236839411461,1
CUST_03355,1.8725102385954633,-0.5950080646440851,0
CUST_03356,1.6744995043099906,-1.0064994980104767,0
CUST_03357,-2.1912863641296685,-0.09477751074110026,2
CUST_03358,1.523327318722132,0.40131819640338007,0
CUST_03359,-1.8133519565652558,-0.9818248830524726,2
CUST_03360,-2.2710863654219997,-0.6615763751943073,2
CUST_03361,-1.4655511689957135,-1.3870715880682007,2
CUST_03362,2.6459864996057245,-0.4146726901411456,0
CUST_03363,-2.146354778846824,-0.09893402143554561,2
CUST_03364,1.2138631648779967,0.48874209259828966,0
CUST_03365,-2.9181618761459953,-1.508483362019804,2
CUST_03366,-1.8757557725405036,-1.4096251099371695,2
CUST_03367,1.9529378050062942,-0.4442038814565145,0
CUST_03368,0.955576659057964,0.8325627215280946,0
CUST_03369,1.3847753714380693,-0.4579441120118436,0
CUST_03370,-1.8560232434342556,-0.6449389223936763,2
CUST_03371,3.6518536849895735,-1.0152347716155825,0
CUST_03372,-0.15155861006739707,1.7359602786059911,1
CUST_03373,2.9102438334051715,0.16035549468884266,0
CUST_03374,-0.7383047732909143,-0.9961567301684113,2
CUST_03375,-1.6972316948751662,-1.4781902142623053,2
CUST_03376,-1.5600348372672723,-0.9696728654124696,2
CUST_03377,-0.9047969513126048,-1.0210834736472771,2
CUST_03378,1.6480865222363097,-0.32744455960867264,0
CUST_03379,1.8659286858425599,-0.9917996020842411,0
CUST_03380,-1.2651620981731375,-1.2106782109270662,2
CUST_03381,0.5523679116603639,1.5184419090204244,1
CUST_03382,2.003530410945829,-0.19684855646482258,0
CUST_03383,2.028848851393895,-0.7111982918802752,0
CUST_03384,2.028786917269066,-0.2916246344423196,0
CUST_03385,0.8859811191195772,0.2030955814456105,0
CUST_03386,-1.1690159594622307,-1.7658665951893797,2
CUST_03387,2.548265838113869,-0.3284806852951718,0
CUST_03388,-0.9705012738890162,3.200174861160803,1
CUST_03389,1.97893971791979,-1.3902808560082902,0
CUST_03390,-2.261060920803185,0.5080394205608286,2
CUST_03391,0.7030364213020249,0.48113245086256384,0
CUST_03392,-2.595358725503024,-1.6878794485385964,2
CUST_03393,-0.9058937404044735,-1.636715695784304,2
CUST_03394,1.2174027668286496,0.06072144565391621,0
CUST_03395,-2.718575065042967,-2.2568141440002796,2
CUST_03396,-1.0889878114097162,-1.6404392475399494,2
CUST_03397,-1.3205053890358618,-0.8976904738334425,2
CUST_03398,-1.0684056528983565,0.1642276790956975,2
CUST_03399,1.905316015379729,0.812555295315152,0
CUST_03400,-1.592189404356596,2.5672214082439013,1
CUST_03401,3.093321133975833,-1.4073207143948645,0
CUST_03402,0.6142387581924084,-1.0607885030479784,0
CUST_03403,-2.7436747357175095,-0.2570817608597006,2
CUST_03404,1.4079490427160897,-0.5595493441266961,0
CUST_03405,-1.9793636037298,-1.954104059078681,2
CUST_03406,-1.0356260244378814,-1.024924359282671,2
CUST_03407,-2.348285280887757,-2.0559049288478692,2
CUST_03408,-1.5113525517586066,-1.527758714619469,2
CUST_03409,0.9854003036358374,0.295471182824562,0
CUST_03410,2.3363038123357613,-0.5601614072061759,0
CUST_03411,2.3623948107558297,-0.411065272152398,0
CUST_03412,2.4142586506729597,-1.5425037759726257,0
CUST_03413,1.9679010022222398,-1.2074303564528721,0
CUST_03414,2.163687123547546,-0.025234620426745034,0
CUST_03415,-1.191275729538462,-0.17874641640643504,2
CUST_03416,-0.3461747530614622,1.496384119473671,1
CUST_03417,2.0674223775412295,0.06378987280927212,0
CUST_03418,-2.1047630168138234,-0.23039317422291086,2
CUST_03419,1.6229369913949996,0.3387359062840539,0
CUST_03420,3.4363876171200767,-1.4225513339714662,0
CUST_03421,-1.4783124989632888,-1.8696146774324063,2
CUST_03422,-2.0365329191315458,-0.9869947383122021,2
CUST_03423,-1.3203953792668455,-0.6639681953408485,2
CUST_03424,2.5367274614125246,-0.2637216459964252,0
CUST_03425,-1.442181127789661,-1.101006206313979,2
CUST_03426,-1.2415415106075693,2.7317359863872914,1
CUST_03427,-0.6153010933789307,2.3430282485454397,1
CUST_03428,-1.8172745329685442,1.1459993447105927,1
CUST_03429,-2.4862369546592222,-1.1862883109403586,2
CUST_03430,-0.3907168236141237,3.0769154737321234,1
CUST_03431,-0.5385003306750508,3.7958869099112484,1
CUST_03432,-1.206918899632313,-2.152786148680642,2
CUST_03433,-2.6083889959269326,0.047948712945885916,2
CUST_03434,-0.14416982166074027,2.6855854837346267,1
CUST_03435,-1.572778316216082,-0.6571786292396735,2
CUST_03436,0.8861273569078019,-0.8637371151442506,0
CUST_03437,1.7969639868938996,-0.05562637006878797,0
CUST_03438,-1.5165056823061138,2.5708195486137786,1
CUST_03439,-2.038203807362023,-1.5147910726873237,2
CUST_03440,-1.5673121939306736,-0.8986443702353183,2
CUST_03441,1.9786714654940665,0.8691038275531782,0
CUST_03442,-0.7606057690848705,2.968188429551378,1
CUST_03443,1.6182769853199583,0.09579292692895906,0
CUST_03444,-3.225163463476766,-2.338121006565733,2
CUST_03445,-1.4875386481833577,-0.8682784497553055,2
CUST_03446,-1.9254436268421127,-1.331061754394551,2
CUST_03447,-1.3682023753215333,-0.7849411062912296,2
CUST_03448,-1.9234637920193618,0.037410617786011,2
CUST_03449,-1.0149878763609914,1.5134974416867895,1
CUST_03450,1.4891636566376876,-0.9155004998289645,0
CUST_03451,-0.9863419241246735,2.279476914172398,1
CUST_03452,-2.0542351637904166,-1.2274341228510492,2
CUST_03453,-1.98799823044343,-0.15411279726882768,2
CUST_03454,1.5595527633835315,-0.9226033630488645,0
CUST_03455,-2.025011068814926,-1.623771130796401,2
CUST_03456,2.4046742847382188,-0.5785340433971647,0
CUST_03457,-1.0621480431088617,1.691205467871472,1
CUST_03458,-1.2994954578278737,-1.3248332798874198,2
CUST_03459,-2.242931879438923,-0.548386449002495,2
CUST_03460,-1.9878515309515334,-0.553726242030485,2
CUST_03461,1.794137543681866,0.7848584982113255,0
CUST_03462,1.5356110754821253,0.10226169973639553,0
CUST_03463,-1.316895181538834,-0.8153003922946807,2
CUST_03464,-0.792626455950981,2.9854818064467112,1
CUST_03465,2.5846400744344806,0.49040891433117906,0
CUST_03466,-1.6950511591679378,-0.2357253939229424,2
CUST_03467,-0.5681362825698909,2.572645526343372,1
CUST_03468,-1.7278059124388214,-1.0543938107394246,2
CUST_03469,-1.0621121892337877,0.08317602325064513,2
CUST_03470,0.45512228740615135,-1.0186717263058327,0
CUST_03471,1.4543702815901791,-0.6690999873996768,0
CUST_03472,-1.4752176524851706,-0.39678740470427165,2
CUST_03473,-1.6079314933246118,2.458604011832538,1
CUST_03474,-2.861776840655173,-0.4959043385737534,2
CUST_03475,-2.321019455927787,-0.6597997544549579,2
CUST_03476,-1.8661770529797057,-1.226644781594787,2
CUST_03477,-1.8376264298070426,-1.9636231402703643,2
CUST_03478,-0.76128135795472,2.1724039120421765,1
CUST_03479,0.36881308056780693,2.96559020739643,1
CUST_03480,1.3655190367539143,0.47026281879259146,0
CUST_03481,1.100847624583286,-1.7242828955257283,0
CUST_03482,-0.4375947924825687,0.9255054377334017,1
CUST_03483,1.1870507412002445,0.6951914713400645,0
CUST_03484,-2.299205992781874,-0.2730385012852835,2
CUST_03485,-0.7039048114294991,2.0616447914968576,1
CUST_03486,-0.29173106902765766,2.0172658200591562,1
CUST_03487,1.792134680022467,0.08943561856288565,0
CUST_03488,1.7447310638567854,-0.9299639088139312,0
CUST_03489,2.493517869475418,-0.787366213106928,0
CUST_03490,2.021293507540071,1.0640424883419701,0
CUST_03491,1.005645185254959,-0.030728479137288725,0
CUST_03492,-0.8014218913122219,2.103542610426666,1
CUST_03493,-2.9044340519882663,-2.116124740521859,2
CUST_03494,-1.741460855172714,-1.0006086949279989,2
CUST_03495,-1.7046323788921434,-0.361763941747523,2
CUST_03496,2.2169700900919356,0.04578792045845081,0
CUST_03497,-1.6565701577840275,-0.7039805630858627,2
CUST_03498,-0.07155621287821876,-1.4011972684004321,2
CUST_03499,2.670821517773412,-1.1473712798975413,0
CUST_03500,-1.8264515267595494,0.16132841538122378,2
CUST_03501,1.585410716920336,-0.1424956252737787,0
CUST_03502,-2.177055495768302,0.06472968051285531,2
CUST_03503,-2.343912976899002,-1.3289828536238695,2
CUST_03504,1.3020266703879415,-0.44181139860293744,0
CUST_03505,-1.9298408661747848,-1.0968417560511377,2
CUST_03506,-1.3841742983998677,-0.9604015293989844,2
CUST_03507,-3.4787772739861453,-1.5030769020172285,2
CUST_03508,0.3815516967813373,3.311678569095202,1
CUST_03509,-1.936198867463986,-0.5559046677330604,2
CUST_03510,2.466658358400022,-1.8356624432676492,0
CUST_03511,1.9357136199094367,-0.2849417800927213,0
CUST_03512,2.3118541208370695,-1.6636174813153126,0
CUST_03513,-1.8249199487259549,-2.1366797517346265,2
CUST_03514,-1.255724281518642,-0.859438714657127,2
CUST_03515,-2.34857774250538,-1.1416863240656687,2
CUST_03516,-2.4351032262192738,0.46803011068410194,2
CUST_03517,2.954505561518164,-1.7017029385818832,0
CUST_03518,1.1390825682953325,0.05093027798469158,0
CUST_03519,2.5608172369355815,-0.822594221484601,0
CUST_03520,1.1451792527205773,1.07940501320952,0
CUST_03521,1.484483850243339,0.34826912723296755,0
CUST_03522,-0.24249619440251965,2.052547635810549,1
CUST_03523,1.005049662342614,-0.042278020082675054,0
CUST_03524,0.8806229666976003,-0.6881226431046091,0
CUST_03525,1.2655250373882356,-0.7432784199320058,0
CUST_03526,1.360173225695739,-0.33579217366833014,0
CUST_03527,-1.537025687648353,-1.4247359132889215,2
CUST_03528,-1.3707662942391718,-1.423504262597678,2
CUST_03529,-1.784233863147865,-1.0089664054022864,2
CUST_03530,1.7251817914212724,-0.23575321247239603,0
CUST_03531,3.6837967874977133,0.2794950059074036,0
CUST_03532,-1.6056851001560153,-0.45102681797703353,2
CUST_03533,2.351455853586351,-0.4747704738634197,0
CUST_03534,3.9711072088489083,1.023899361923809,0
CUST_03535,0.7447399200910738,0.46651403934156954,0
CUST_03536,1.375496804170194,-1.2303143016752343,0
CUST_03537,1.9263122384586326,0.6152706692965052,0
CUST_03538,1.6370842426732808,0.5648357239317985,0
CUST_03539,-1.3055167205608904,-1.5813073940952471,2
CUST_03540,2.2447013639249236,0.13083814609782968,0
CUST_03541,1.5657409960033275,0.4454374044352593,0
CUST_03542,-1.9318504233943437,-0.7033983797054854,2
CUST_03543,2.053184440499125,-1.9016372646499318,0
CUST_03544,1.8265457659855626,1.3580252028050375,0
CUST_03545,-2.0017540513432612,-1.8404218315976748,2
CUST_03546,2.0786527286100673,-1.2018778410542317,0
CUST_03547,2.2546027193482483,-1.2805165664804732,0
CUST_03548,-1.5068275910594637,2.7023299674534282,1
CUST_03549,4.067322726510554,0.2599132559553501,0
CUST_03550,-0.731670990466154,1.8347261023430401,1
CUST_03551,-3.032525250349093,0.061443090858561936,2
CUST_03552,1.3003229024687697,-1.2412770185163073,0
CUST_03553,-0.14055205022876652,1.384766343069994,1
CUST_03554,-1.1524764585957563,3.931686115050059,1
CUST_03555,1.1953608734697507,-0.8666453674405243,0
CUST_03556,-2.0681445308846835,0.21062120631830866,2
CUST_03557,1.3331332090770769,0.002998164276343008,0
CUST_03558,-0.6467611434216887,4.23968615091224,1
CUST_03559,2.8935219196018105,-1.3555501289250245,0
CUST_03560,-1.5526203775990315,3.0604816395437253,1
CUST_03561,1.210564826229402,1.3822291181439355,0
CUST_03562,-1.869770036314329,-1.6395830860941123,2
CUST_03563,2.65265555632605,-2.1223198899690896,0
CUST_03564,1.8488828932522041,1.1485038126438996,0
CUST_03565,-0.9516441711941609,1.9889167656174351,1
CUST_03566,-1.783024143856777,-0.9309601930600778,2
CUST_03567,-0.4705808753181425,1.45918204953069,1
CUST_03568,-1.7018088538237734,-0.6097793082770004,2
CUST_03569,-1.743239766556487,-0.41395880613347835,2
CUST_03570,-2.0269054011664265,-0.8629828632038539,2
CUST_03571,1.3463048768860766,0.27516079736131294,0
CUST_03572,0.9462213478967152,3.1425413141163627,1
CUST_03573,-1.0732104514655907,-1.1784507687413963,2
CUST_03574,-1.2724875403764713,-2.1544289902969376,2
CUST_03575,-1.2155146746730636,-2.661352333269466,2
CUST_03576,1.5010832975690933,0.24766548748356698,0
CUST_03577,1.535870553359622,-1.0224589983890213,0
CUST_03578,-0.6921324358436857,2.237180770908223,1
CUST_03579,-1.3790082130220092,-0.8148770776006811,2
CUST_03580,-1.1221236611898227,3.5856185561035554,1
CUST_03581,-0.9829877270673527,2.964612157759613,1
CUST_03582,-2.260626996972941,0.0416163663537498,2
CUST_03583,4.18042386484869,-0.5340280854861863,0
CUST_03584,-2.294137689855807,-1.4908303086115093,2
CUST_03585,2.0115220563311227,-0.6276654803361694,0
CUST_03586,2.542556765608293,-0.07575154058698114,0
CUST_03587,-0.5773589197811849,1.5193410263581593,1
CUST_03588,-1.197421166468575,-0.24509457333191378,2
CUST_03589,1.4985576414803057,0.2655462925596703,0
CUST_03590,1.6222876284198073,-2.086502405701404,0
CUST_03591,-3.3044766628882036,-0.8212347931058404,2
CUST_03592,2.4698542973741957,-1.5680345411445413,0
CUST_03593,-0.6116929819070243,1.7051917962927083,1
CUST_03594,0.23932410596922196,2.686408622441588,1
CUST_03595,-0.4966161212464976,3.502629443987518,1
CUST_03596,-2.2145437589165082,0.4255629330186521,2
CUST_03597,1.358114635671884,1.1828495437276194,0
CUST_03598,-1.209399040937013,1.4214805451779449,1
CUST_03599,1.5119669669820437,0.40977257097085407,0
CUST_03600,-2.2845171096997885,-0.3494199718644175,2
CUST_03601,3.030535044757897,-0.7126007502176465,0
CUST_03602,-0.9464187975096194,2.576677245654731,1
CUST_03603,2.4813119410628266,-1.543242937620718,0
CUST_03604,1.2631040767409827,0.8554535962981887,0
CUST_03605,1.6248944184106064,-0.35284918725563935,0
CUST_03606,1.998260368974549,-0.37402558331058317,0
CUST_03607,-2.1799448705694684,-0.1406610662565386,2
CUST_03608,2.3228388402153657,-0.16489852855697087,0
CUST_03609,-1.607307749376573,-1.597295643984429,2
CUST_03610,-2.0015891496137446,-1.8359560902268286,2
CUST_03611,-1.5527674091565788,1.9883618126475597,1
CUST_03612,2.2662362312172384,-1.0309404519352785,0
CUST_03613,0.3741248443056828,1.5130834851449544,1
CUST_03614,-1.2628107736851213,-0.20053620143636844,2
CUST_03615,2.5171143436178185,0.4541534504420845,0
CUST_03616,2.2082114042337104,-1.4288376294923464,0
CUST_03617,-1.2383586977925336,2.4610004513671755,1
CUST_03618,-2.550965723471864,-0.035047673946683316,2
CUST_03619,-1.3821670605918475,0.35138142129367633,2
CUST_03620,2.900542582904384,-2.0191694994710674,0
CUST_03621,-1.9512496367017877,0.024305725613722774,2
CUST_03622,1.6910926748600534,0.7874394159258498,0
CUST_03623,0.9328118334714652,1.0554792890666296,0
CUST_03624,-2.5063674938609024,-2.4894798203730355,2
CUST_03625,1.887065914821257,0.2286616416528381,0
CUST_03626,0.9434533196983628,0.2745111840390159,0
CUST_03627,1.7896988766419712,-0.8093668027998187,0
CUST_03628,-2.5108645391205635,-1.05832087534994,2
CUST_03629,-1.7503302577193791,-0.3688445931402756,2
CUST_03630,-1.66335921912168,-0.3271309938083243,2
CUST_03631,-0.9428301673945784,-0.9952669564900836,2
CUST_03632,1.424043330826479,-0.15381592921438716,0
CUST_03633,-0.7262573295402998,1.8874382688404752,1
CUST_03634,2.711539818405512,-1.1296080678082403,0
CUST_03635,1.8426819676714106,-0.7050246912183341,0
CUST_03636,-0.7830259068726326,3.298288458016842,1
CUST_03637,-1.9486155257510818,-1.1155118491420468,2
CUST_03638,1.2465346521167446,-2.446808076821807,0
CUST_03639,1.6562111007697298,0.0359272415910536,0
CUST_03640,2.3184147158005826,0.24210760312025686,0
CUST_03641,0.5519144263592515,0.5073075229802952,0
CUST_03642,-2.8396422820939673,-2.407617656593908,2
CUST_03643,-0.8319056432268068,3.4314016903731495,1
CUST_03644,-1.06798479773472,2.4099115549045376,1
CUST_03645,-1.795139436741638,0.0399488504503505,2
CUST_03646,1.8453120247106762,-1.3894518345406466,0
CUST_03647,-0.19982592441008298,2.9525847358505484,1
CUST_03648,1.2354025747092954,0.2529693170450991,0
CUST_03649,0.22837994400922937,1.619604215331292,1
CUST_03650,-1.246140890255634,-2.129228812336402,2
CUST_03651,-1.312028610849971,-0.48629594292168277,2
CUST_03652,1.248751363356748,0.3564913749757257,0
CUST_03653,-2.092117455017814,-1.0784996295590088,2
CUST_03654,2.561363749187367,-0.3948703212591428,0
CUST_03655,1.4288425154012783,-0.48251608316193767,0
CUST_03656,1.9046824169159164,-0.061947453929006156,0
CUST_03657,2.964604122000598,-0.49042634057934803,0
CUST_03658,-1.012995929765474,1.8380669352160157,1
CUST_03659,-0.7543304442088187,2.432687499002506,1
CUST_03660,-1.4937841101898095,-1.5748211659501667,2
CUST_03661,-1.50783533664293,2.681425850475143,1
CUST_03662,-0.6379644087192928,2.908969379834263,1
CUST_03663,1.3026680148987555,-1.2307229090769787,0
CUST_03664,1.544364776553931,-1.7068472148664438,0
CUST_03665,-1.2841878232052435,3.769335690901993,1
CUST_03666,1.6726187566085604,0.9769964040895156,0
CUST_03667,-1.4989962767612366,-0.9675250523927595,2
CUST_03668,1.4916834089165332,-0.16270397971998035,0
CUST_03669,1.8387294176446385,-1.114169124380719,0
CUST_03670,-0.3952769879496,0.8697456026056796,1
CUST_03671,0.9893729845062205,1.1999185776747394,0
CUST_03672,1.5933532879831789,-0.5454883272914762,0
CUST_03673,-1.4480855162613053,-0.5738816517467987,2
CUST_03674,1.508713891387843,-1.7086633004199532,0
CUST_03675,-1.1013028532212348,2.7546517619313438,1
CUST_03676,1.4558243157797366,0.165916445144065,0
CUST_03677,1.7696425186170475,-1.5365419203820778,0
CUST_03678,1.4167997078116574,0.5906365895249954,0
CUST_03679,-1.4961273045392884,-1.3010935987388135,2
CUST_03680,1.4057082878447202,0.017062655629547986,0
CUST_03681,-0.3077377823344591,-1.5335414317578597,2
CUST_03682,2.3601794840750996,-1.3003275691657128,0
CUST_03683,-2.0118580495692666,-0.08855691894044562,2
CUST_03684,2.067430778396319,0.7287546992848145,0
CUST_03685,-2.326250568906075,1.5074941194674225,1
CUST_03686,-0.7009969108198978,2.1368445914591656,1
CUST_03687,-1.615054364429172,-1.7829346861541482,2
CUST_03688,1.2429948908778625,0.4147570836000529,0
CUST_03689,1.937970762596295,-0.9304726104968766,0
CUST_03690,1.506900125856411,-1.0124592221504167,0
CUST_03691,-0.7768229170231737,-0.24753881643795816,2
CUST_03692,-0.4255654899820432,2.7366491439698106,1
CUST_03693,-1.1737841170753123,-1.7109537549291678,2
CUST_03694,2.263767833538729,-0.0921683887292392,0
CUST_03695,1.794138210155187,-0.6231640909679308,0
CUST_03696,3.2315655874949547,-0.8797439512297179,0
CUST_03697,-2.141564008996058,-2.2200387669385635,2
CUST_03698,-1.8884237242277595,-0.5181851344851515,2
CUST_03699,-1.313471122378047,-1.3764910046846346,2
CUST_03700,1.44023782310557,0.12558459042909842,0
CUST_03701,-0.7016765836666502,2.3740024874690793,1
CUST_03702,-1.1743576847881017,-1.1006770300521433,2
CUST_03703,1.1066381349142376,-0.8563108562853515,0
CUST_03704,-2.099529408154119,0.17092831052728252,2
CUST_03705,-1.8286603449221268,-1.4497394375755512,2
CUST_03706,-2.2068942802152427,-1.4644652508984037,2
CUST_03707,-1.1786577731248686,0.04430087423457967,2
CUST_03708,1.772197998506125,0.32421123306638466,0
CUST_03709,2.534031185219712,0.4522811809006697,0
CUST_03710,-2.4473842635423404,-1.599033525466434,2
CUST_03711,1.7254131257704877,-1.2924777912462955,0
CUST_03712,-0.2813207481180836,-1.6624156443042424,2
CUST_03713,-1.7082889425428494,-0.682169027381607,2
CUST_03714,-1.5946518213140093,-1.0771168559258593,2
CUST_03715,-2.290254522622342,-1.849776575479576,2
CUST_03716,1.2113238088011231,0.6564410923985745,0
CUST_03717,1.4244969762785775,0.05345433777198531,0
CUST_03718,2.0183849610806774,-2.174989181960924,0
CUST_03719,-1.1143349835368033,3.5642449902363045,1
CUST_03720,1.8499117088999872,-0.30727332511955846,0
CUST_03721,0.7361366954928279,0.10306344586246309,0
CUST_03722,-2.10382190669793,-0.43496653853671335,2
CUST_03723,-1.217957709169066,-1.5781358414531104,2
CUST_03724,2.107779679995424,-0.9101157404584903,0
CUST_03725,1.668022894893153,1.2649765988273192,0
CUST_03726,-2.2205516203980897,-1.0998373455117407,2
CUST_03727,1.5599096157723749,-0.9825298739639401,0
CUST_03728,2.669654539411758,-0.659378013623076,0
CUST_03729,3.194026613875784,-1.8104292502553727,0
CUST_03730,-0.9239266568464415,1.7741477879964873,1
CUST_03731,1.2104113524208628,-0.4775792753017694,0
CUST_03732,-2.1010724771331666,-0.22174383157928954,2
CUST_03733,-1.1144939277907235,4.4201438907535,1
CUST_03734,-0.9556196352696389,1.4911212258162891,1
CUST_03735,2.887944779433944,-0.8060480260162544,0
CUST_03736,-1.487443816363439,2.800859917040546,1
CUST_03737,-2.0094553892717575,-0.10609311890334565,2
CUST_03738,-1.8576980329775754,-1.2340775273238604,2
CUST_03739,-0.5904827513379348,-0.5679770057413862,2
CUST_03740,-0.03869133796084577,3.925653846026131,1
CUST_03741,-2.4190869380509668,-1.2380707015251506,2
CUST_03742,-1.2530232977060345,-1.2146528247559116,2
CUST_03743,-1.7602718887234818,-1.0535638402840426,2
CUST_03744,0.6138596327746242,-1.0364590100119506,0
CUST_03745,2.095266905064395,-0.4032755773181213,0
CUST_03746,2.4381737729982014,0.07142373585337818,0
CUST_03747,-1.7284413720108298,0.8027020595057394,2
CUST_03748,1.3625566713575932,-0.043053172238853854,0
CUST_03749,2.0282961958981267,-1.0167459423661083,0
CUST_03750,-2.278677718733284,-1.8389095966983697,2
CUST_03751,-1.9882229176638602,-1.9375517613884148,2
CUST_03752,-3.098120184053059,-1.3367706963011907,2
CUST_03753,1.8051661653976037,-0.42033391351943283,0
CUST_03754,-1.570058027299927,-0.10434563158841123,2
CUST_03755,1.9545921017542014,-1.0287376302448759,0
CUST_03756,1.7330960599946998,-1.4515845962718068,0
CUST_03757,2.3464561099644903,-1.5220429637923147,0
CUST_03758,1.9781088616392977,0.8749567278523536,0
CUST_03759,2.212666253708641,0.8894811198325634,0
CUST_03760,-1.2942464289185627,-1.1810393553293421,2
CUST_03761,2.3820611681485775,-0.7847408522568162,0
CUST_03762,-2.134131581995232,-1.1397186072209975,2
CUST_03763,-0.9431242583985274,1.6413691569675544,1
CUST_03764,2.5220944432033034,0.3413408644940092,0
CUST_03765,-0.28519539127678084,1.5210526420812882,1
CUST_03766,1.2577873160030586,-0.018275143666343807,0
CUST_03767,-0.9677319038728213,1.722441888373348,1
CUST_03768,1.890198035338546,0.10517225540464537,0
CUST_03769,1.8230617725082219,0.23659491250152026,0
CUST_03770,2.7191505680034482,-1.6009661218332294,0
CUST_03771,-1.0678542249290117,3.2142731502627706,1
CUST_03772,-2.4408539382530656,-1.7033563735182329,2
CUST_03773,1.4310390674270985,-0.5988366553970965,0
CUST_03774,-2.1647550738064982,-0.45808295153571377,2
CUST_03775,-1.6800187656659815,-1.2739853684042945,2
CUST_03776,-2.9280453811288902,-1.7695644753983757,2
CUST_03777,-0.6607588695951553,-1.083084909464621,2
CUST_03778,-0.9772076325909175,3.3168759484290677,1
CUST_03779,-2.377851853974705,-1.647946537554145,2
CUST_03780,-3.19524924967471,-2.1934159895922662,2
CUST_03781,0.6101313898889695,2.135164531245726,1
CUST_03782,2.1724490888014234,-0.4605704374145194,0
CUST_03783,0.7439413839651766,-1.3518967040812473,0
CUST_03784,-2.8444771216276936,-1.4453321384717046,2
CUST_03785,-1.7703373277285563,0.9556685512189925,1
CUST_03786,2.252487390777221,-1.5002825556554173,0
CUST_03787,-0.3593894987585332,1.1742093634905413,1
CUST_03788,-0.5172912462480871,1.7006894917468278,1
CUST_03789,1.0889333458817028,-1.2280004460190086,0
CUST_03790,-2.015316927503366,-1.5241915004910591,2
CUST_03791,1.7397091729046579,0.7897042125073396,0
CUST_03792,1.863453503087422,-0.9179536085017301,0
CUST_03793,-0.08264310408580615,2.8608296132718944,1
CUST_03794,-1.990947665901854,-0.31608289480864904,2
CUST_03795,1.4055769904909012,-0.13344463064176917,0
CUST_03796,-1.7683180200757536,-1.5823602217195494,2
CUST_03797,-0.5674104551716669,1.961807859163797,1
CUST_03798,2.108451167891954,0.004726180536992898,0
CUST_03799,1.9614253548003193,-1.0058455675147793,0
CUST_03800,-0.8829724605909846,2.1729323586809457,1
CUST_03801,2.46447823525188,0.052806917786617794,0
CUST_03802,-2.398170225559644,-1.8096645186451414,2
CUST_03803,-2.1985565669985423,-0.5731360284079732,2
CUST_03804,-1.8442572547749583,-1.2004864453445327,2
CUST_03805,0.4381264187827738,2.1161315062540442,1
CUST_03806,-1.3541085530136165,-2.462211121295206,2
CUST_03807,2.190389733854094,0.47609113815216747,0
CUST_03808,1.6173212257630307,0.7918566425366599,0
CUST_03809,2.0854547797314633,-1.084582743425703,0
CUST_03810,1.777055875868273,-0.8514156411847366,0
CUST_03811,-1.4988301159975637,0.6067974597438025,2
CUST_03812,-0.12377531574195264,3.2013233468407143,1
CUST_03813,0.8727126192325905,0.29516234644437495,0
CUST_03814,-1.25123274626839,2.5757674668546544,1
CUST_03815,1.914740553505787,0.037185031651802015,0
CUST_03816,-1.1289727005127013,1.7893763110068146,1
CUST_03817,2.3336973460465416,-0.6738914498123011,0
CUST_03818,-2.2217451583764793,0.6257186374843003,2
CUST_03819,-1.3689036699147312,1.4621632686789205,1
CUST_03820,-0.8533677581429046,4.008002927684337,1
CUST_03821,2.32127366376946,0.040828030442654976,0
CUST_03822,0.6808410267479872,0.45721508834363456,0
CUST_03823,-1.955062396164121,-0.6958602680179677,2
CUST_03824,1.9651207886478077,0.4306368306754879,0
CUST_03825,2.699693828479264,-0.22877735558836312,0
CUST_03826,2.0012542305927807,-1.0431802133950987,0
CUST_03827,-0.6273856491064642,2.2626862447742093,1
CUST_03828,-0.616795922281482,3.2422907980725952,1
CUST_03829,-1.460353438525045,-0.6683325382044959,2
CUST_03830,2.9948891554833903,0.017145384268237276,0
CUST_03831,1.3322805583483832,0.9242885777320012,0
CUST_03832,-2.3305624339581215,-1.6068676875925603,2
CUST_03833,-1.3139289147636624,0.032870665074825486,2
CUST_03834,0.9756055445443563,-0.010017652251004537,0
CUST_03835,-0.5201892709216759,1.6787911231223598,1
CUST_03836,1.7262809362800753,0.48758668832668633,0
CUST_03837,-2.3955498415575165,-1.985402602249091,2
CUST_03838,1.1917640390216993,-0.7987208654768249,0
CUST_03839,-1.3137423208081875,-0.4490963301827924,2
CUST_03840,-1.442264105414148,-1.5509613778886289,2
CUST_03841,-0.6562464540705104,3.316684660585382,1
CUST_03842,1.9095703546882665,-1.1174151181397831,0
CUST_03843,0.15550788948331687,1.8514019155206665,1
CUST_03844,2.219849868995073,-0.716569968281035,0
CUST_03845,2.263230180380492,-0.5456927633916421,0
CUST_03846,-1.4832609323435662,-0.7205266218279943,2
CUST_03847,-2.56660798233083,-2.4212812328980196,2
CUST_03848,-0.6686149805371812,1.3465770375042003,1
CUST_03849,-2.1574794037220033,0.39470822854603016,2
CUST_03850,3.016740667304076,-1.7627526570971008,0
CUST_03851,1.1107278845818702,-0.0475218284183786,0
CUST_03852,0.6320561808133305,-1.2926787595380551,0
CUST_03853,-0.770683322373799,2.5936016292226665,1
CUST_03854,-1.6578460817746181,-0.9922546593379936,2
CUST_03855,-2.706010476831578,-0.6479140969470261,2
CUST_03856,2.1247171320677793,-1.704342584946954,0
CUST_03857,2.0356948819892056,-0.20901984080615743,0
CUST_03858,-0.7369207503472888,2.0719368698878395,1
CUST_03859,2.099354521042592,-0.09573128232529063,0
CUST_03860,-1.3360752525936588,-0.16311108759719553,2
CUST_03861,-2.172494835170082,-0.755934739211259,2
CUST_03862,0.047157356709585374,2.3713490604922827,1
CUST_03863,0.9825799317023662,0.60439680562293,0
CUST_03864,0.8412025520989546,0.8055787906069163,0
CUST_03865,2.7280280999206674,-1.831090198457765,0
CUST_03866,1.742707564038106,0.7513836631233051,0
CUST_03867,1.210686252232856,0.48725755523452435,0
CUST_03868,-1.2861088329001247,-1.0986374691036602,2
CUST_03869,-1.7983178704656846,-0.6258888353373231,2
CUST_03870,1.822711892758788,-0.7667564312549617,0
CUST_03871,1.9884781702669283,0.3803772444765272,0
CUST_03872,1.8033695654179387,-0.8528113053696675,0
CUST_03873,2.451961258061652,-2.0497655827733077,0
CUST_03874,-0.9906085846343741,-0.604426502418263,2
CUST_03875,2.4745527089905877,-1.9565701497495647,0
CUST_03876,1.8789892901766567,-0.5402711926189655,0
CUST_03877,1.8824786074683182,-0.8797543690724684,0
CUST_03878,-2.404406236357711,-0.3278682368752246,2
CUST_03879,-1.4180670430000872,3.543164844496798,1
CUST_03880,0.859258884529947,0.7113439009166224,0
CUST_03881,-0.4447668501991156,2.0689564211617673,1
CUST_03882,-2.346193571292211,-0.6070358204167957,2
CUST_03883,-1.7764910249086732,-1.545351996099796,2
CUST_03884,1.4769738738997906,-0.7035744153990156,0
CUST_03885,-1.6377316114099607,-1.2051098859995655,2
CUST_03886,-1.603161842183758,-0.9172415181423172,2
CUST_03887,-2.4617483081905362,-1.9200639082907762,2
CUST_03888,-1.773706419239729,-0.7614504798054889,2
CUST_03889,-1.2211775790331068,-1.260921584605524,2
CUST_03890,1.5984438354529327,-0.29529271908418975,0
CUST_03891,-1.4216653330948108,-0.11198803172693253,2
CUST_03892,-0.1894432022463408,3.1002034047840454,1
CUST_03893,-1.3512060193501247,-0.45323173696190344,2
CUST_03894,1.9787847946759987,0.7180376939761717,0
CUST_03895,-1.894736126850391,-0.311172981904225,2
CUST_03896,-1.2301608082343196,-1.1186770809502933,2
CUST_03897,0.7174053661739268,-0.590445832171317,0
CUST_03898,-1.4054671025389438,-0.3259675308509045,2
CUST_03899,-1.114686042510347,2.681821239724979,1
CUST_03900,-1.9038806434970645,-0.9306859512892929,2
CUST_03901,1.4283180029537663,0.21334736578918378,0
CUST_03902,1.0631706674948034,0.5106323463855564,0
CUST_03903,-3.5554633902260906,-2.3999270212004107,2
CUST_03904,1.1046725251860312,0.16920296100380233,0
CUST_03905,-1.8255724874981945,0.28180619688008274,2
CUST_03906,-1.4591107084728185,2.337327977734292,1
CUST_03907,-1.3734635306892045,4.336912326750632,1
CUST_03908,1.7942773154954337,-1.0048003306403084,0
CUST_03909,0.0998626599832177,2.8494374952485324,1
CUST_03910,2.3719434462309845,0.22119025931760541,0
CUST_03911,1.409159668132573,0.023303288257914667,0
CUST_03912,3.4764822289596706,-0.10500038643551347,0
CUST_03913,3.873226459301674,-0.8888590039788897,0
CUST_03914,-2.6205000905828144,-1.3771247104338278,2
CUST_03915,-1.426744118833941,-0.8531112683833476,2
CUST_03916,0.8079836378285542,0.36833137067631166,0
CUST_03917,-1.2774630823508044,-0.5623694784773051,2
CUST_03918,2.961149324074477,-0.4742731965929908,0
CUST_03919,-2.433249609564594,-1.2722495366257374,2
CUST_03920,-1.6787729055163376,-0.74380036950008,2
CUST_03921,-2.3379763524558146,-1.033830121815861,2
CUST_03922,0.30086735575415763,1.2173127022840422,1
CUST_03923,-1.494954344896147,-0.5247560682941201,2
CUST_03924,2.642448540891509,0.7040007967316945,0
CUST_03925,-1.051315191858043,-1.9365144887411825,2
CUST_03926,1.909809957694431,0.3798443092906861,0
CUST_03927,-0.08348061613970303,3.5477635417057494,1
CUST_03928,-1.927972411417834,0.7458508413424996,2
CUST_03929,-1.3792631937460353,-1.0458358072268983,2
CUST_03930,1.8231642367515972,-0.6120569583638407,0
CUST_03931,-2.8725631357984205,-2.9537485959482823,2
CUST_03932,2.478058567258313,-0.9839238885820972,0
CUST_03933,-1.710423976274281,-0.7187393066959523,2
CUST_03934,1.2822488667088658,1.0253320458586175,0
CUST_03935,1.670171422071229,-0.45517853626889765,0
CUST_03936,-0.5078488659920106,1.6202245848038364,1
CUST_03937,1.8609860324917329,0.6180217451375128,0
CUST_03938,2.57511112637987,-0.8018319025107028,0
CUST_03939,0.6663635475357828,-0.905754662676399,0
CUST_03940,2.013789473746154,1.0398672290253101,0
CUST_03941,-1.4875312920517023,-2.45562635754613,2
CUST_03942,-1.8421912132924836,-0.04758487623167534,2
CUST_03943,1.9982247765398482,-1.5265457876983812,0
CUST_03944,1.6800188170727655,-0.3659359259544464,0
CUST_03945,3.110313167109601,-1.4456227657800507,0
CUST_03946,1.8040794188379452,-0.885084239266009,0
CUST_03947,-2.0294735887655992,0.2715990827499892,2
CUST_03948,-0.7050097989682821,2.3364209772038538,1
CUST_03949,1.8381314526448638,-0.5015605089877068,0
CUST_03950,1.6689961690558581,-0.1923175144646826,0
CUST_03951,1.6580031753582496,0.08467691078985724,0
CUST_03952,-2.233964352723975,-0.1789034869346632,2
CUST_03953,-2.548594662633374,-0.6236796146514212,2
CUST_03954,1.9106870330781156,-0.48801150329304804,0
CUST_03955,0.8213952352195193,-0.07853282509501731,0
CUST_03956,-1.9137944978605443,-1.6081864837527435,2
CUST_03957,-1.6983898774944648,-1.1536959985266082,2
CUST_03958,1.26924928221741,-0.0835143729683802,0
CUST_03959,1.7173514810209105,-0.34718441483425183,0
CUST_03960,0.8069396860742328,-0.6329758286243445,0
CUST_03961,-1.6370660627473903,2.6245540157539504,1
CUST_03962,1.2771840379746,0.16877511078642385,0
CUST_03963,1.4486983778696598,-2.0666643346540976,0
CUST_03964,-0.047784084580262495,2.2568333553789652,1
CUST_03965,1.629436885207764,-0.9304439863526929,0
CUST_03966,-1.5455271185702542,0.40749296515730854,2
CUST_03967,1.8417310651094785,0.3479187507186921,0
CUST_03968,2.7973578459852018,-0.9603896427106078,0
CUST_03969,-1.1615483355252527,2.019318064608392,1
CUST_03970,1.810737287982091,1.961813104023134,0
CUST_03971,-1.9842039128702833,-1.1034280417416196,2
CUST_03972,-0.39427582698043806,1.3337120840265695,1
CUST_03973,2.8670792608993523,0.12130725711346535,0
CUST_03974,-2.070122031957902,0.9149098976996248,2
CUST_03975,1.8746653922273817,0.656712801658833,0
CUST_03976,-1.399116263371825,-1.3383976312867163,2
CUST_03977,0.6181457735716235,0.8516935777437439,0
CUST_03978,-0.6576159425896193,2.404625171677734,1
CUST_03979,1.8577976025306997,-1.2515649321850695,0
CUST_03980,0.9996540015721408,1.1445700112133903,0
CUST_03981,-1.9602182551463416,-1.452547285436537,2
CUST_03982,-1.126642135699247,-1.1735006767096854,2
CUST_03983,3.16681331056167,-0.7238526725222775,0
CUST_03984,1.4270040201283194,0.8286159921596934,0
CUST_03985,-2.67245846191995,-1.0732210444140398,2
CUST_03986,-2.122945596869971,-1.2369857740914338,2
CUST_03987,0.9792773392491424,-0.5051579249070063,0
CUST_03988,-0.703147608135866,2.833921721931197,1
CUST_03989,-0.04012065034410269,1.4425367883410443,1
CUST_03990,-1.2539366232980902,-2.1483889018529485,2
CUST_03991,2.1459495298320266,-1.274217245258275,0
CUST_03992,1.6399016165901172,0.2181364963544936,0
CUST_03993,-1.5769950023016908,-0.7077904119009866,2
CUST_03994,1.7713124038130807,-1.7449025507538454,0
CUST_03995,-1.0571130834977946,2.8591246986523324,1
CUST_03996,-0.5094783309048277,3.053889932597646,1
CUST_03997,1.9074068643103614,-0.34003989737616436,0
CUST_03998,3.2541569045947227,-0.6942304712191352,0
CUST_03999,-0.5884572566761422,2.0717768750372167,1
CUST_04000,1.6214428329330786,0.27591768649407156,0
CUST_04001,-0.2600830379300495,2.500454259151439,1
CUST_04002,-1.8552100217040242,-1.4920395359784495,2
CUST_04003,-1.107543071445044,-0.8995415623227525,2
CUST_04004,2.3614825647623667,-0.5942405263162697,0
CUST_04005,2.4948432239152565,-0.5032762681004025,0
CUST_04006,1.224771382259872,0.8561006518731691,0
CUST_04007,0.7537527013420041,0.15619439073258373,0
CUST_04008,1.9939995032058804,-0.10449452425297984,0
CUST_04009,-2.401298816787827,-0.296255361651902,2
CUST_04010,1.5417603475208195,-1.2772398823963387,0
CUST_04011,2.1058725829791727,-0.8285834222203577,0
CUST_04012,1.8417427437847915,0.7970782892333627,0
CUST_04013,-1.7920098286783122,0.0059245625622918255,2
CUST_04014,2.466587354698968,-1.6114127443662114,0
CUST_04015,-1.907413638081452,-1.36951730428659,2
CUST_04016,2.47398673184399,1.181170442561617,0
CUST_04017,-2.154899323630081,-1.4710601573277289,2
CUST_04018,-2.654486239281783,-0.5400667151684313,2
CUST_04019,1.6962880910326223,-0.5238163763920723,0
CUST_04020,1.9509477512140845,-0.5957638997329946,0
CUST_04021,0.8658130816135302,0.5357174309667129,0
CUST_04022,1.3516070318167868,0.27036868194711305,0
CUST_04023,-1.82483152196796,0.9212048772775058,2
CUST_04024,-1.2430901584837475,-0.844697881801991,2
CUST_04025,-1.2857620491583808,-0.16275630366189311,2
CUST_04026,-0.8925234737888413,-1.3340623187372185,2
CUST_04027,1.9622370631920354,-0.6682726316263015,0
CUST_04028,2.262830696328054,-1.5701893817983172,0
CUST_04029,-0.9228080898192249,-1.6188329915416828,2
CUST_04030,2.2705519771750073,-0.3569868608381224,0
CUST_04031,-1.7661254025643047,-0.34980328360823226,2
CUST_04032,1.8816433575440057,-0.12219277160350706,0
CUST_04033,2.0098366951068924,-0.11734968755916123,0
CUST_04034,-2.789803569118872,-1.053851859818211,2
CUST_04035,2.0811747413285993,-0.5567681506391196,0
CUST_04036,-2.223072347871752,-2.0728153562924447,2
CUST_04037,-3.5024540054912814,-0.4520543829712906,2
CUST_04038,-1.8340275336880398,-0.5673821428016238,2
CUST_04039,-2.298420183675201,-1.0911908593528248,2
CUST_04040,-0.7975627545311286,0.873981633916166,1
CUST_04041,-1.9184140021218477,-1.5191336041050219,2
CUST_04042,2.0841810215489844,0.10851011426234695,0
CUST_04043,-0.6223682640559106,2.02629516267352,1
CUST_04044,-0.8335540177071251,3.290012836285951,1
CUST_04045,1.7673809992262386,-0.11444112025646926,0
CUST_04046,2.514127707351071,0.6964502312754737,0
CUST_04047,2.4848238241753418,-0.11543017593953639,0
CUST_04048,-0.08162303159036964,2.850737353482828,1
CUST_04049,-1.2060468634226726,-1.982260376397843,2
CUST_04050,2.291820918487437,-0.011508793016944937,0
CUST_04051,-1.499428268984627,-1.8305206563842054,2
CUST_04052,-1.7079659499826845,1.0210761516241291,1
CUST_04053,-1.8484925734329083,-0.2829331452203687,2
CUST_04054,-0.8628742283173731,2.660738669557261,1
CUST_04055,-1.2256485727455149,-0.45146864025338745,2
CUST_04056,2.084848616115582,-1.3848450969621053,0
CUST_04057,-1.8233920064970643,1.5564689434860255,1
CUST_04058,1.8300963733914557,0.6376602371564083,0
CUST_04059,-2.549408354480605,-0.9781427076774526,2
CUST_04060,-0.45924989914999076,-2.1911401596689757,2
CUST_04061,1.871582567730889,-0.8966278160261436,0
CUST_04062,1.5676627821220783,-0.1286197863121406,0
CUST_04063,-1.3223850479658452,-1.0823424832410227,2
CUST_04064,1.6951959283139404,-0.48830324643285683,0
CUST_04065,-1.9438052635577394,-1.4279479394685304,2
CUST_04066,2.7809291374950598,-1.0520290116987636,0
CUST_04067,1.9632079723163907,-1.7245088695849653,0
CUST_04068,-3.262272630322515,-1.8108330982110707,2
CUST_04069,-1.905833465220564,-0.23421031027149272,2
CUST_04070,-1.7213653315700106,-0.2277557954401616,2
CUST_04071,2.1425965573847163,0.8288489872824263,0
CUST_04072,-0.8035577703002759,-0.9737796637476608,2
CUST_04073,-1.7084903600285262,2.036589571011763,1
CUST_04074,-1.0618553203847285,2.0143495308466806,1
CUST_04075,-1.4340373507990873,-0.6164200379725517,2
CUST_04076,-0.18501289636150053,4.272606693519504,1
CUST_04077,1.3291559452135533,1.7823720514406687,1
CUST_04078,1.5263740473702128,-0.3455594262461693,0
CUST_04079,-2.0310624110578925,-0.942305918126726,2
CUST_04080,1.288852542428139,0.7118085610655579,0
CUST_04081,-2.093753987747148,-0.02541904596372832,2
CUST_04082,1.7795692704703094,0.49988263492657037,0
CUST_04083,-1.2516034250665784,-1.3804628488697497,2
CUST_04084,-1.1712036666284322,-1.2472551374942686,2
CUST_04085,1.9695711572112182,0.5160976491302586,0
CUST_04086,0.6928495589220849,0.8104269489904545,0
CUST_04087,1.5531318606198201,-0.9544371837723201,0
CUST_04088,-0.3969576830942284,2.860670591520989,1
CUST_04089,-1.3830610404076795,-0.9130543161349338,2
CUST_04090,2.753687764263005,-1.6458664560909815,0
CUST_04091,-2.1689504958745083,-0.9077703644163895,2
CUST_04092,2.00927869894997,-0.27181894102203813,0
CUST_04093,-0.7054465172250621,1.0155357192794132,1
CUST_04094,-3.156583421579407,-1.6276256339254915,2
CUST_04095,1.4735343237510399,0.42546065221634755,0
CUST_04096,-1.0042685147029924,3.6221113904845885,1
CUST_04097,2.300707664822988,-1.1198832119471593,0
CUST_04098,2.0903783012373673,-1.3530656552266629,0
CUST_04099,2.5672791137160456,-0.717870912778858,0
CUST_04100,1.1814591106247891,-0.94437457380014,0
CUST_04101,-1.8451931615303143,-1.1182872750161097,2
CUST_04102,2.5685942359578435,0.7765639229534769,0
CUST_04103,-0.6310435778689595,2.7344184337289614,1
CUST_04104,2.4359349970355635,-1.747281373067658,0
CUST_04105,1.8877869271650383,0.017582002222266392,0
CUST_04106,-1.8476331693654227,0.21788331340133116,2
CUST_04107,-2.387173719308074,-1.281698556885477,2
CUST_04108,1.7200753801885185,-1.2296647408288082,0
CUST_04109,-1.1553995640396735,-1.356486151682109,2
CUST_04110,0.20986183544204304,2.641367322410715,1
CUST_04111,-0.5505208415691843,2.060603200821561,1
CUST_04112,-0.22485374743530281,2.5155599162203157,1
CUST_04113,0.965134941620833,0.24033453118085102,0
CUST_04114,2.3558461291614723,-0.41556083050941384,0
CUST_04115,-1.1506656420739187,1.8629130904097748,1
CUST_04116,1.5794986150517012,0.346653366020885,0
CUST_04117,-1.5120905779808238,-2.07640220198263,2
CUST_04118,2.6285922285319643,0.8390661604406082,0
CUST_04119,1.9072945731681359,-0.937699053451696,0
CUST_04120,-1.9946408242957183,-0.694273686100471,2
CUST_04121,2.861269418886757,0.8009871248262697,0
CUST_04122,-1.1250731269414576,4.186392707993906,1
CUST_04123,-2.0751861806290557,-1.0097221740645748,2
CUST_04124,-2.618032458623659,-2.5647071382065647,2
CUST_04125,-2.519393036521197,-0.8877003021753224,2
CUST_04126,-2.0401534194163813,-0.08194765173017651,2
CUST_04127,-1.9253039908611969,-0.061130327469638826,2
CUST_04128,-2.751699967331395,-1.3643112215440498,2
CUST_04129,1.206292713701557,0.07982428881352185,0
CUST_04130,2.0033241351623325,-0.11069482483373223,0
CUST_04131,0.9434223294759398,0.3063867966411815,0
CUST_04132,0.5322451353783176,0.5817492225203177,0
CUST_04133,-1.0331164363333347,-0.6534118847721264,2
CUST_04134,-1.7168470527936952,-0.5745888290829986,2
CUST_04135,-0.03121544721369384,2.0026602027308997,1
CUST_04136,2.4447037231578115,-1.5656562178978595,0
CUST_04137,-1.6997377037227357,0.10733994912609987,2
CUST_04138,2.4396097025919095,-0.20751649159459098,0
CUST_04139,-1.1365752857354063,-0.07566007871214321,2
CUST_04140,-0.7162211226355163,2.2542678656365442,1
CUST_04141,2.039802690818774,0.2944423264292221,0
CUST_04142,1.1855765814803796,-0.3026440790188075,0
CUST_04143,1.4514773280453173,-0.6651287069060817,0
CUST_04144,-2.129908797681078,0.13457750148269926,2
CUST_04145,-3.1219132504844684,-1.874977450391955,2
CUST_04146,-1.9144681057859112,-0.33953021841057285,2
CUST_04147,1.5274272141615148,-1.5638207561022446,0
CUST_04148,2.3814624841118657,-1.6005461193848782,0
CUST_04149,-1.4825451383513641,-0.6124860823319648,2
CUST_04150,-1.289667469597473,-0.8709875419835202,2
CUST_04151,2.3823414133840912,0.4361191220644237,0
CUST_04152,2.817503776316562,-0.6957071787790946,0
CUST_04153,-1.6502046005635034,0.6078047209947383,2
CUST_04154,1.7336989968312995,-0.729915547980259,0
CUST_04155,1.3981903970933531,-0.38255447400651343,0
CUST_04156,3.276712347709584,-2.161259443968785,0
CUST_04157,-2.124528196673902,2.956416909180938,1
CUST_04158,-2.530447254004273,-0.49687024174099886,2
CUST_04159,-2.6836916745947206,-2.1285232048072573,2
CUST_04160,-1.477258469458047,3.315290116634135,1
CUST_04161,-0.6153998335309995,2.630200647186987,1
CUST_04162,2.918396873681663,-0.13367632869364293,0
CUST_04163,-1.2071367472995822,2.2445041608382983,1
CUST_04164,0.9725098969364739,0.42674498554030654,0
CUST_04165,-0.5273409985488012,2.5731216002657122,1
CUST_04166,2.204958083458802,-0.5567990716842403,0
CUST_04167,2.234339521677792,0.765988929006926,0
CUST_04168,2.035050317711418,-0.37360792603108794,0
CUST_04169,1.502221386942027,0.450061379781167,0
CUST_04170,0.7084941486357548,-0.464659848945937,0
CUST_04171,1.5767628012368893,-0.6313151219530589,0
CUST_04172,-1.8479196721036362,-1.795701519667569,2
CUST_04173,-0.550489907196659,2.8539284932761815,1
CUST_04174,-0.5600231595111068,1.9461403379148967,1
CUST_04175,-3.012944403140365,-1.9402561031050813,2
CUST_04176,-1.7348353529953358,-1.3870972379206075,2
CUST_04177,-1.2495298333584728,2.9526030618159798,1
CUST_04178,-1.388559623309006,-0.7162156920132542,2
CUST_04179,1.238251804643886,1.0517344303195737,0
CUST_04180,2.372663434975504,0.44086262950893945,0
CUST_04181,2.4824077233943043,0.36295785049575646,0
CUST_04182,-2.3431561129043086,-0.29876324542611643,2
CUST_04183,-1.518435136225981,0.40655442766686345,2
CUST_04184,1.7425739399349311,0.0840364816166193,0
CUST_04185,0.5495655796343146,-0.0910950767245034,0
CUST_04186,-1.2710449609417704,-0.9484982188627334,2
CUST_04187,3.582563299544767,-1.727973469070275,0
CUST_04188,-0.5672923867722132,3.1488429262853783,1
CUST_04189,-1.5108028244453073,-0.04376046641875027,2
CUST_04190,-1.1893583818392217,-0.5309314133719432,2
CUST_04191,-1.7391992526296387,-1.1910785130366996,2
CUST_04192,-2.0889708309622455,-1.302428943159291,2
CUST_04193,-0.5833209150547648,1.7810184201402703,1
CUST_04194,-1.3976096305434842,-0.47498776970135786,2
CUST_04195,-0.855283639010148,2.2874110566878847,1
CUST_04196,1.676396389273263,-0.9274684799731822,0
CUST_04197,1.5475738655100608,-0.4001588273464962,0
CUST_04198,1.3681729981447122,0.2209575809291244,0
CUST_04199,-1.007825350896888,2.881539692282083,1
CUST_04200,-1.0102621692727287,3.7916760604859183,1
CUST_04201,-1.6008499203167337,-0.10333090606042797,2
CUST_04202,1.6742975369686959,-0.9171365883159428,0
CUST_04203,2.4086577262346993,-0.8115637715818036,0
CUST_04204,-1.9286928143460145,-1.9345611633290034,2
CUST_04205,1.9079925694990887,-1.047564363923711,0
CUST_04206,-1.8134546272912653,3.158413933719975,1
CUST_04207,-0.7174382172556876,1.7432930991043585,1
CUST_04208,-0.8799629836393951,1.936814729461554,1
CUST_04209,1.0800778100612831,-0.6217256326889815,0
CUST_04210,0.8161656532133151,-1.0274558991637794,0
CUST_04211,2.323118595424095,-0.6895844748554038,0
CUST_04212,-0.3639531233299295,1.5279999589838604,1
CUST_04213,-0.383148809321968,2.2320995067833644,1
CUST_04214,1.989098767945001,0.7081571251071356,0
CUST_04215,-3.004525344118393,-0.5409939849264096,2
CUST_04216,-1.5760170904402357,-0.707668780755289,2
CUST_04217,1.7168478755632408,-0.5875604461212819,0
CUST_04218,-1.0425353045104244,2.983651590471842,1
CUST_04219,-2.304603520223881,1.205914519579565,1
CUST_04220,1.6806021919473306,0.1267010171899542,0
CUST_04221,1.505267374212967,1.4055533318096778,0
CUST_04222,-0.46539852776452545,3.3172261365466507,1
CUST_04223,-2.985840509363336,-1.3781139911097515,2
CUST_04224,-1.9698784901816164,-1.1065902468505289,2
CUST_04225,-0.23449296347219592,1.8566214793193718,1
CUST_04226,-1.4019760559094745,-1.0223842603723838,2
CUST_04227,2.125733667041727,0.29541114538615065,0
CUST_04228,-1.5327056924841151,0.19639268793077524,2
CUST_04229,-0.42267558203218153,3.735525691633779,1
CUST_04230,1.026280037649375,-0.8460663286487417,0
CUST_04231,-1.0274636240465111,-1.5113144147417847,2
CUST_04232,-0.936653632523282,3.258523323513731,1
CUST_04233,1.6528185484280922,-0.3053599558508909,0
CUST_04234,-2.19656799382104,-2.578751721384725,2
CUST_04235,0.6736385834964939,-0.43439723677919406,0
CUST_04236,2.4288487536981562,0.8503511809577371,0
CUST_04237,1.4587408366673011,-0.29602985323477654,0
CUST_04238,-1.1515975964519352,-0.6541945600498472,2
CUST_04239,-1.2153470937821291,-1.9337312093876518,2
CUST_04240,1.5375618027308988,-0.03607099047433161,0
CUST_04241,-1.3645282001490402,-0.15051005043422386,2
CUST_04242,1.6443386096171253,0.16800597051701127,0
CUST_04243,-2.4219787179836336,-0.3006195077448119,2
CUST_04244,1.1772077068675946,2.2515681385800974,1
CUST_04245,2.209941264125808,-0.4922825485644421,0
CUST_04246,-3.1054331719821007,-0.7530124625439151,2
CUST_04247,2.756999874527575,-0.2787021119542716,0
CUST_04248,1.5058839098654933,-0.7764820022919284,0
CUST_04249,-0.904536868177088,2.499130025481714,1
CUST_04250,-1.7168725119389225,-0.5134581281845185,2
CUST_04251,1.5284515435326602,0.14360784608482002,0
CUST_04252,1.3120694316208057,-0.4236952458889098,0
CUST_04253,0.9032455224481937,-0.30432291167912884,0
CUST_04254,-1.2883116764319575,3.4234079039177394,1
CUST_04255,2.5866157924115902,-0.4715788022977026,0
CUST_04256,-1.830285594219197,-0.6206355149775298,2
CUST_04257,-2.1934420965327597,-0.967056554269348,2
CUST_04258,-1.07055442985969,3.5043967470638475,1
CUST_04259,1.1327172424775818,1.4551722765407702,0
CUST_04260,1.4822275884641796,0.5717204519559659,0
CUST_04261,1.6353961605724858,-1.2670044330442856,0
CUST_04262,-1.756840260073141,-1.5726974728484313,2
CUST_04263,1.3602220505636606,0.7410231697324161,0
CUST_04264,1.5018189625652651,-0.6045369164954839,0
CUST_04265,-3.063855948555846,-0.15573603203617098,2
CUST_04266,-0.8256382432815446,3.3420015581126643,1
CUST_04267,-1.5780396440094864,-0.6647872534963967,2
CUST_04268,2.2265183677806952,-0.43117455044756614,0
CUST_04269,-2.33760281105214,0.012966011872758563,2
CUST_04270,-2.310606499458827,-2.317839722992073,2
CUST_04271,-1.5981075090319952,-0.9618336130110794,2
CUST_04272,-2.232552723306139,-1.3386905156634976,2
CUST_04273,2.3874130486637797,-0.21950619427301865,0
CUST_04274,-0.8103632871283498,1.9776778489933495,1
CUST_04275,-1.00323951109952,2.5689914703469277,1
CUST_04276,-0.22334433214760668,1.7644501496291498,1
CUST_04277,2.4460684432194033,-0.6719372373301593,0
CUST_04278,2.3654719318012627,-0.31770038023075997,0
CUST_04279,2.1776642119070746,-0.5144886963217252,0
CUST_04280,0.8390978457901705,1.5119877375361475,1
CUST_04281,2.0825189108204802,-1.4141041618593242,0
CUST_04282,-1.3058213595244834,-0.4567024899082034,2
CUST_04283,1.0377014527317765,-0.21322048619613201,0
CUST_04284,2.8240687611982116,-1.0241080195501127,0
CUST_04285,-0.3426812183264734,3.15424885985753,1
CUST_04286,0.7908985793372143,3.416879047234337,1
CUST_04287,-2.6867427473157464,-1.2912814356100786,2
CUST_04288,-0.20106158272965463,2.1765744313779627,1
CUST_04289,1.7150104460843747,0.17801896321578334,0
CUST_04290,-2.1260025987059112,0.5476482853044323,2
CUST_04291,-0.1439572477623931,2.850032168984543,1
CUST_04292,3.241276443624138,-1.0182321973083102,0
CUST_04293,-0.9422062366300775,2.9777111776918086,1
CUST_04294,-1.6459940488781486,-1.7613390075917184,2
CUST_04295,2.010398847794577,0.2814687652223011,0
CUST_04296,1.6783494417190117,0.6914930638505626,0
CUST_04297,1.6761384210030565,-0.8913501674717201,0
CUST_04298,2.518714854514975,-0.6580675782883371,0
CUST_04299,1.96178867631776,0.09389506839728386,0
CUST_04300,-0.8176592071516883,2.583389797490997,1
CUST_04301,1.964934475310857,-1.6099916687100893,0
CUST_04302,-0.8095390460044234,-1.4865976022691083,2
CUST_04303,-1.5900048261652824,0.38042590450639935,2
CUST_04304,-1.098486702545743,1.8835666814164254,1
CUST_04305,-0.2949202371967558,-1.2926279798109435,2
CUST_04306,1.0224139614686374,-0.15813154817760408,0
CUST_04307,-1.0839995931404238,2.1661989587219375,1
CUST_04308,-2.787944264324303,-0.3042125135154498,2
CUST_04309,-1.6909786306509682,0.17926276337239042,2
CUST_04310,-1.3512917352847371,-0.3683151029302407,2
CUST_04311,0.8046485493250979,1.7946467525448981,1
CUST_04312,-2.4156358705721637,-0.4197005271362351,2
CUST_04313,1.0800351376408173,-1.2268451955127617,0
CUST_04314,-2.699063139592146,-1.7408922061815817,2
CUST_04315,-3.266766320835346,-1.9778351739183122,2
CUST_04316,0.8254993119509632,-1.4103441555602592,0
CUST_04317,-1.730808873454512,-0.481346095528321,2
CUST_04318,1.2099268896980215,-1.5932790563988695,0
CUST_04319,2.452417026717168,0.2818666987186666,0
CUST_04320,-0.5885937311576213,2.4415692118097567,1
CUST_04321,-1.4877399449613995,4.615199788369427,1
CUST_04322,-2.1906047286985824,-1.5858581653144597,2
CUST_04323,-1.7781606709290578,-0.46739570549777015,2
CUST_04324,-0.8283700844902505,2.634632109107528,1
CUST_04325,-1.6351427409146566,-0.2893682568926265,2
CUST_04326,-1.6930815305897304,-1.4488182893406734,2
CUST_04327,0.830209463104175,-0.3691760044618553,0
CUST_04328,-1.6445192141117484,-1.1388595510417618,2
CUST_04329,2.1643265379293593,-0.9216725808801755,0
CUST_04330,-2.3127214915265073,-0.7535857147995806,2
CUST_04331,1.768807828155255,0.05068686013291937,0
CUST_04332,0.6811637528235821,-0.8972349190986845,0
CUST_04333,1.6746873335944308,0.7441606219823812,0
CUST_04334,-1.3034454512044116,-0.5832581216835541,2
CUST_04335,1.6496581750197656,0.03772748032922111,0
CUST_04336,2.3760001430826527,-0.5877454272676664,0
CUST_04337,-0.1814996981819116,2.601377641230393,1
CUST_04338,-1.3727917030339256,-1.4974031663162035,2
CUST_04339,2.7397497192708453,-0.42333246667925856,0
CUST_04340,2.263682184194847,-1.0797320765177394,0
CUST_04341,-1.232159570200636,3.103750086052813,1
CUST_04342,1.947391300262869,-1.4957599566393016,0
CUST_04343,-1.9295541827216012,-0.5110570561410409,2
CUST_04344,-2.4491531975285152,-0.5898468401583942,2
CUST_04345,-0.4670610136196867,2.7090022334951613,1
CUST_04346,2.15845242145446,0.8119624883715105,0
CUST_04347,-0.5641488190092622,-0.9150090659557302,2
CUST_04348,-1.0580338553935904,2.795340268654995,1
CUST_04349,-1.1557760324817483,-0.9873043863068152,2
CUST_04350,-0.9877432898438961,-0.7338355655558707,2
CUST_04351,-2.8262868964781545,-0.12265657401993624,2
CUST_04352,-1.1172434548686923,2.125922302615593,1
CUST_04353,1.9561506155315798,0.7770845611750011,0
CUST_04354,-3.751173824291626,-2.1333902878950597,2
CUST_04355,-1.0055953316235904,2.6527730084414864,1
CUST_04356,-0.9293431034896829,3.8257336389947167,1
CUST_04357,1.7507633311451498,0.27024714997636295,0
CUST_04358,-1.0749883323220015,-0.18608572810256868,2
CUST_04359,-1.1589841043930513,2.493962882326292,1
CUST_04360,2.0258914698164783,-0.2333921282365431,0
CUST_04361,1.737008848335036,-0.07065302722837505,0
CUST_04362,-1.1520506799605144,4.282625990938298,1
CUST_04363,-1.4493023651774175,-1.4338292516394913,2
CUST_04364,-1.2981612689862838,2.7384408736391688,1
CUST_04365,2.4722994555128635,-0.3746837815490973,0
CUST_04366,-1.8265162025666335,-0.17870614720067235,2
CUST_04367,2.032944686956712,-0.6536479067503778,0
CUST_04368,-0.6321173866085547,2.415191616301834,1
CUST_04369,1.8120889071310482,-0.9810755721692085,0
CUST_04370,1.7744014444807277,-1.2333206324238661,0
CUST_04371,0.922675925053394,0.09164109233492983,0
CUST_04372,1.293297590744564,1.6316903130444909,0
CUST_04373,2.8585023088570196,0.16170478078535494,0
CUST_04374,1.0458142337418792,-0.04970675638661397,0
CUST_04375,-0.964981862442938,2.3317181674587415,1
CUST_04376,-1.5806733773676238,3.097942973438788,1
CUST_04377,2.1344000962787617,0.6982694237400451,0
CUST_04378,-2.2189794073123075,-0.6137554905792709,2
CUST_04379,3.3298211622242446,-1.9382903885365361,0
CUST_04380,-0.9421553990353663,2.7759879088512998,1
CUST_04381,0.5108495416404015,-0.0008504612422842633,0
CUST_04382,2.90790507603346,-1.654362861345649,0
CUST_04383,-0.558441802652215,1.615958920581921,1
CUST_04384,-1.1900382674468462,2.1758965412554025,1
CUST_04385,-3.243640967510723,-1.6318720162605784,2
CUST_04386,0.3130344036496322,2.1685923105070515,1
CUST_04387,-1.6261001819000698,-1.3859092639388741,2
CUST_04388,1.6310735269796341,-0.7885747734604719,0
CUST_04389,1.760749824602112,-1.3386747739284348,0
CUST_04390,1.3766234027947593,-0.9477883609386404,0
CUST_04391,1.4226707561035716,-0.7895039348135351,0
CUST_04392,-0.4914916162606627,2.387612090034864,1
CUST_04393,-1.9154853135497696,-0.37813291830322476,2
CUST_04394,1.0964256025807595,-0.9858388930951365,0
CUST_04395,-1.597512449768774,-2.0490284969789943,2
CUST_04396,-1.0994011841194538,-0.6737752919835295,2
CUST_04397,1.8072699316024932,-0.15821270423862405,0
CUST_04398,1.8868163619948803,-1.0755970026054344,0
CUST_04399,2.3863554171115906,-1.7405555073098404,0
CUST_04400,1.3948728538446389,-0.7016520116704962,0
CUST_04401,2.833244418059541,-1.4892193990145168,0
CUST_04402,-0.6724635125109216,3.1192852627856977,1
CUST_04403,1.9280033698531827,0.18501656067700858,0
CUST_04404,0.8334553614270638,0.8350269470381146,0
CUST_04405,-1.8350810799996344,-1.3887849605130163,2
CUST_04406,-2.6308599674506974,-0.7154698610701657,2
CUST_04407,-2.1180314787987746,-0.21167211028996605,2
CUST_04408,1.3463119245312831,-0.0736642509102778,0
CUST_04409,2.099352197385655,-0.15021318695744323,0
CUST_04410,-0.162867765298679,2.6916608118946668,1
CUST_04411,2.2226583998699727,-1.4894367640606638,0
CUST_04412,2.0305616327866787,-0.3659264297217467,0
CUST_04413,-2.1102003967424183,-1.010837004906909,2
CUST_04414,-1.7579321581579561,-0.027294741213587638,2
CUST_04415,1.45720756935811,0.2608305609714602,0
CUST_04416,-0.9749169599753309,1.5473362653974454,1
CUST_04417,2.0703938287845136,0.35318309070895954,0
CUST_04418,2.3834127096936197,-1.0033836613643317,0
CUST_04419,2.225868435966689,-0.8842835936874126,0
CUST_04420,2.2537201806977594,-1.3848129836925462,0
CUST_04421,2.7243529936738295,-1.203995737195064,0
CUST_04422,-1.5816282639835242,-2.2179166456655284,2
CUST_04423,-1.006807004820318,3.2836283797228916,1
CUST_04424,-2.6015420783258443,0.24333342100610988,2
CUST_04425,1.3268393230423154,0.3187579133761791,0
CUST_04426,1.9105466618190206,-0.1461719227605169,0
CUST_04427,1.8710652766833018,0.7976240488806551,0
CUST_04428,2.0953700692498995,-0.7230785173271456,0
CUST_04429,1.7630767435732349,-0.7085805708608737,0
CUST_04430,-1.121026434744034,-1.088114584422495,2
CUST_04431,-1.1624173404825169,-0.8871465886445672,2
CUST_04432,-0.30281403302008564,1.285058007190827,1
CUST_04433,-0.4839014538497423,3.0555319052251564,1
CUST_04434,-1.3552310685218878,-1.2194877419501198,2
CUST_04435,2.336827167133367,-2.0046979594058443,0
CUST_04436,0.18886186471636443,1.3356900268194625,1
CUST_04437,0.62382831438392,0.9963374260179992,0
CUST_04438,-1.3026554811224877,-0.783815868176518,2
CUST_04439,-2.908558008682539,-1.4959907974485394,2
CUST_04440,1.8751815968502914,-0.11735657253327705,0
CUST_04441,-1.7784948926137565,-0.9254408322020028,2
CUST_04442,-1.6899786783887634,0.7205657110642714,2
CUST_04443,1.4521178877896515,0.3186719086510204,0
CUST_04444,1.6707083372332332,-0.23862790107322915,0
CUST_04445,2.5207451297369086,-0.13459965505536217,0
CUST_04446,-2.311684546811813,-0.5553185304731327,2
CUST_04447,2.0931954121166547,-0.7076923750836646,0
CUST_04448,-1.3542096834384207,-0.9766968153037222,2
CUST_04449,1.2289969689256361,0.15533139929432632,0
CUST_04450,-1.6328163476593986,-0.8924912596259408,2
CUST_04451,2.7122350563750492,0.07727936585072284,0
CUST_04452,0.22920068519927317,1.81347516593214,1
CUST_04453,-2.946347949158711,-0.23630605537371568,2
CUST_04454,-1.8033745295305554,-1.837786611305661,2
CUST_04455,-2.1613760733763554,-1.3719411046395718,2
CUST_04456,2.6079387646271397,-1.497184770941397,0
CUST_04457,-2.4018914786600885,-0.2815527057542021,2
CUST_04458,1.791957476359887,-0.48691530590024634,0
CUST_04459,2.01400765456771,0.8707011865809765,0
CUST_04460,-0.683842718372412,2.0864711967114187,1
CUST_04461,2.205055637219753,0.038996190496791816,0
CUST_04462,-1.5115867306038206,2.3517009217014824,1
CUST_04463,-1.847711733376676,-0.9395846040192539,2
CUST_04464,2.3198260639440003,-0.5570912649051052,0
CUST_04465,-1.2911936605689298,-0.6533454050292089,2
CUST_04466,2.5206452354133604,-1.1163570386798471,0
CUST_04467,1.3643157601563696,-1.1427363876008594,0
CUST_04468,2.987572940621953,-1.620875693395851,0
CUST_04469,-2.619501119831285,-1.3544734093470778,2
CUST_04470,-1.9719524515101678,-0.47569648158840294,2
CUST_04471,-0.9248299601038135,-1.7258962504863786,2
CUST_04472,-1.2699890992526817,-1.7697272226653211,2
CUST_04473,1.901446376734657,0.464417374019439,0
CUST_04474,0.3970500833029941,-0.5049645696395544,0
CUST_04475,-1.8557646076758743,-0.44931455892586447,2
CUST_04476,-1.222031635190533,2.0692186363565312,1
CUST_04477,0.8273890900161902,1.4765707535756871,1
CUST_04478,3.2114662806304626,0.09650205040223879,0
CUST_04479,-0.3379398324598523,1.7157256885225873,1
CUST_04480,-0.49832243134662974,2.1624932939393453,1
CUST_04481,2.313965086411349,-1.3938835651017853,0
CUST_04482,-0.7462601425480964,2.3818507343980544,1
CUST_04483,-1.8770356281225191,2.482069354923166,1
CUST_04484,-0.2386679826038613,1.7663668786934634,1
CUST_04485,0.8408632578201917,0.508468779916739,0
CUST_04486,-2.0220094122053998,0.001492781265352752,2
CUST_04487,1.7205571347241475,-0.25280656129149726,0
CUST_04488,0.6009315172654792,-0.8166729563190044,0
CUST_04489,-2.054179113963444,-0.7291181906241468,2
CUST_04490,-0.31006510089132827,2.494423903893537,1
CUST_04491,3.241558438924403,-0.6672853932664883,0
CUST_04492,-2.988422559615014,0.5301107782921642,2
CUST_04493,-0.8337011822114853,2.6082560873415823,1
CUST_04494,-2.3796661190699693,-1.517438833810815,2
CUST_04495,-1.1117287771602717,-0.888909037355285,2
CUST_04496,-0.9851953950972658,2.17611878492775,1
CUST_04497,-1.423657339415857,3.148218848302,1
CUST_04498,2.1014532514712636,-1.3046660084397381,0
CUST_04499,1.6440031605698444,-0.4112477209582649,0
CUST_04500,1.7609428389758321,0.5182756058870974,0
CUST_04501,-0.982252541193651,2.2575830273119086,1
CUST_04502,-0.1931531602592323,2.362925626303934,1
CUST_04503,1.9504302321368125,-0.5498227442650171,0
CUST_04504,1.7011144632617068,0.22161956121149826,0
CUST_04505,-0.5115393129966166,2.540313974053087,1
CUST_04506,2.36167925604908,0.2885288203840341,0
CUST_04507,-1.732470890357147,-0.2967515957969761,2
CUST_04508,1.4628977293325578,-2.0550528188986577,0
CUST_04509,-0.3272349242508698,1.9378752841641875,1
CUST_04510,-2.078569091851352,-0.9099567934558744,2
CUST_04511,1.7695970230283125,-0.9911201068297475,0
CUST_04512,-0.5949247970000593,2.4052036688223994,1
CUST_04513,3.525032425168941,-2.1212628559243623,0
CUST_04514,-2.3946491727570893,-0.14761322858646744,2
CUST_04515,-0.9654574159464624,2.205265930751531,1
CUST_04516,1.70628986500859,0.586398495140898,0
CUST_04517,-0.34932145717678864,2.314266124993074,1
CUST_04518,-2.331429815880422,-1.6530972629304816,2
CUST_04519,2.812502154297034,-0.7214734158190707,0
CUST_04520,1.2171727323162767,0.4931404828660887,0
CUST_04521,-2.288376943271611,0.3030522126048511,2
CUST_04522,-0.6803427621818653,3.041829652130666,1
CUST_04523,-1.2846681325692069,-1.4888960100457356,2
CUST_04524,-1.0571530366605135,2.3712192644413728,1
CUST_04525,-1.4224561071852213,-0.38741441638349816,2
CUST_04526,2.142669073096523,1.3453900872160938,0
CUST_04527,-2.192413860141016,-0.7555844213807568,2
CUST_04528,-1.4868449923356128,-1.7088124495562216,2
CUST_04529,-1.445307683012247,1.542643226587679,1
CUST_04530,1.9078807515604035,-0.23769530960376586,0
CUST_04531,2.344249551119744,0.13095415236070504,0
CUST_04532,0.9505662055721772,-0.5501885041783939,0
CUST_04533,3.186961424469215,-0.3592040784420077,0
CUST_04534,2.0144589235032364,-0.19171858984186674,0
CUST_04535,-1.359680357676574,2.374479677759921,1
CUST_04536,0.7714423819901983,1.124501676645774,0
CUST_04537,1.175502402485169,1.374310083436211,0
CUST_04538,-1.9691119798667516,3.8097494011395083,1
CUST_04539,2.3330172133792115,-1.1762652779348859,0
CUST_04540,2.0238025815059295,0.08700399477622475,0
CUST_04541,1.4358193618418116,-0.9693621841499106,0
CUST_04542,-1.3891403807233789,2.38746948250965,1
CUST_04543,1.5512845803385722,0.1318545937216832,0
CUST_04544,1.2689746303786802,-0.007410583216542495,0
CUST_04545,4.200531142954359,-0.1832191824107014,0
CUST_04546,-1.734708549693338,-1.0139981081040927,2
CUST_04547,1.7231079375007097,-0.9877236889251771,0
CUST_04548,-3.102194451232378,-0.1753725506531515,2
CUST_04549,-0.9777515214168762,-0.6517913166907116,2
CUST_04550,-1.139841002810328,-1.8617963371753605,2
CUST_04551,-1.737162988884724,-0.9504011598471503,2
CUST_04552,2.2855967778637725,-0.6752380908206738,0
CUST_04553,2.737170090898295,-2.170586019391809,0
CUST_04554,-2.263525590170842,-1.4290341523909031,2
CUST_04555,-1.0988138653673498,1.8507799864701733,1
CUST_04556,-0.5185831021882277,3.164937916180906,1
CUST_04557,-0.8832547332017248,-0.07746692116403116,2
CUST_04558,-2.0713331656197345,-0.2678444829331743,2
CUST_04559,-2.18141538533549,-1.4858109433731053,2
CUST_04560,-2.8445208715829873,-1.5425382845322446,2
CUST_04561,-1.8644179599452086,0.05139494634744388,2
CUST_04562,2.0153639982259315,0.06721379343673796,0
CUST_04563,-1.5133351330590379,-0.5678559442477331,2
CUST_04564,1.6997795231530604,-0.7024078568510157,0
CUST_04565,0.2891275253978813,2.2326917172610465,1
CUST_04566,-2.836032185260447,-2.0884791211253395,2
CUST_04567,1.3013597158438561,0.4878385224733015,0
CUST_04568,0.2943435573453809,0.6977181389056035,0
CUST_04569,2.1013484556262094,-0.7198797149988406,0
CUST_04570,-2.141747465962607,-1.7939641158189448,2
CUST_04571,-0.2895988339404776,2.726621196974357,1
CUST_04572,-1.9867208072021225,-0.46158893563157166,2
CUST_04573,1.845714761621983,0.03847879830622053,0
CUST_04574,-1.7672287194851595,-0.22770703983718957,2
CUST_04575,-2.428899856140937,-1.2305185147445017,2
CUST_04576,0.7933393638664377,0.33805238005517785,0
CUST_04577,2.496761257249154,0.18744642508467643,0
CUST_04578,2.132670232190859,0.4442524459488263,0
CUST_04579,-3.640643874923384,-2.3312706171088986,2
CUST_04580,-1.3263188359583253,-0.18853397150943252,2
CUST_04581,-2.885037532193628,-0.5880231529769167,2
CUST_04582,1.5778213327246133,-0.21916505572370412,0
CUST_04583,-1.095355469713579,-0.2239398109189196,2
CUST_04584,-2.122665944483122,-0.5019520746841266,2
CUST_04585,-1.2685487138729163,-0.06427918935696028,2
CUST_04586,-1.2378181721378605,-1.5907336405032833,2
CUST_04587,3.551432468213338,-0.861650459212894,0
CUST_04588,1.548345412084421,-0.13466361343986666,0
CUST_04589,-1.7969548719984116,-0.5138364886062623,2
CUST_04590,-1.579018685794753,-0.6506755643726717,2
CUST_04591,-0.7994079989668309,1.8493832824647043,1
CUST_04592,1.3841664106867952,0.15922322063824884,0
CUST_04593,-1.3296786543821073,2.735476880537328,1
CUST_04594,1.982373379518206,0.2615366034397226,0
CUST_04595,1.9392371707947262,-0.639029205453188,0
CUST_04596,-1.4860270282512744,-0.3683900075118888,2
CUST_04597,-1.4066509237077918,-1.3709223820616478,2
CUST_04598,1.9498827560814445,0.7966482684794298,0
CUST_04599,1.4477054093608863,0.8637931427876543,0
CUST_04600,1.6518218027887686,0.9652478483947383,0
CUST_04601,1.8989974010331163,-0.34078651846276437,0
CUST_04602,-1.8731458391605322,-0.5147293105294606,2
CUST_04603,-1.795968302327685,-1.9883858507450587,2
CUST_04604,0.34716158723366086,1.509106366151742,1
CUST_04605,-1.6106717875686998,0.006901034015046753,2
CUST_04606,-2.422481676704074,0.005089127731714861,2
CUST_04607,-1.3664482912325504,-1.2410520559528475,2
CUST_04608,1.820940167527471,-1.3445075992310185,0
CUST_04609,-2.275908245127017,-1.7411592236498332,2
CUST_04610,1.6285882747958553,-0.13573784681057943,0
CUST_04611,3.573190191165095,0.5391732528940703,0
CUST_04612,2.0477992407952685,-1.0664511815611957,0
CUST_04613,-1.522664491556404,3.2132088066323456,1
CUST_04614,1.4726359369734145,-0.5426037039028762,0
CUST_04615,1.4123810007294695,-0.1899270693865213,0
CUST_04616,2.5028133331928712,-0.6536498647717008,0
CUST_04617,-1.9117353386898943,0.009582962375367238,2
CUST_04618,-2.5597516885236096,-1.9889214604908272,2
CUST_04619,1.371799644607223,1.2604641691696479,0
CUST_04620,-0.6175738625462349,-1.9282785932243158,2
CUST_04621,-2.8837629821382804,-1.8136957527316633,2
CUST_04622,-1.065941546970496,-0.10946311392192565,2
CUST_04623,1.891239733733482,-0.3331405867550136,0
CUST_04624,-1.229237362668601,-0.8781992865321516,2
CUST_04625,-2.41996873983107,-0.31398665388466773,2
CUST_04626,-1.5572783578098515,-0.27087295834346553,2
CUST_04627,1.1650397326138082,0.7477018037467758,0
CUST_04628,-0.665957839053234,1.73934415985271,1
CUST_04629,-1.4376517223866876,-0.8089062364534275,2
CUST_04630,-1.0847227152989565,0.9697712429512804,1
CUST_04631,2.241779671498005,-0.8633214520594019,0
CUST_04632,1.212487388838968,0.5946151285013022,0
CUST_04633,-2.0230263433871185,-0.779378555619669,2
CUST_04634,-1.9316267635004831,-0.9692920762242259,2
CUST_04635,2.5519482476767292,-1.3596812661189395,0
CUST_04636,-2.1290680212730626,-1.5689960856417042,2
CUST_04637,1.8046958376325992,0.20678166125885328,0
CUST_04638,-2.0130270883851953,-1.0810302846423754,2
CUST_04639,-2.238855997242203,-0.43052404199074124,2
CUST_04640,-2.210002066401417,0.5950242373536028,2
CUST_04641,-2.131121785606907,-0.5568777968688426,2
CUST_04642,1.9754637376123487,0.02533352660667193,0
CUST_04643,-1.4973628685379494,-2.143524604565872,2
CUST_04644,1.6469943795571969,-1.685514609826268,0
CUST_04645,-1.6250217095127464,-1.462274523751131,2
CUST_04646,-1.8548125169001202,-0.8537534723354911,2
CUST_04647,-1.8077093305691154,-0.9788360555480558,2
CUST_04648,1.4491666956122211,0.1667081211211582,0
CUST_04649,-1.7272439369998576,-1.7521771915501312,2
CUST_04650,2.620366296682412,-0.578354623292441,0
CUST_04651,0.39441284097669804,0.2714017851171835,0
CUST_04652,-1.7991467119376343,-0.44828569896886994,2
CUST_04653,-0.9749562228301725,3.399948929729417,1
CUST_04654,-2.1832592306993064,-0.6153246942519084,2
CUST_04655,1.0265895146474768,0.6011313471254188,0
CUST_04656,2.1783675531784192,-2.2400131291940975,0
CUST_04657,-1.7183303697998031,-1.2192263548759992,2
CUST_04658,-0.05427812873264745,2.5198521104254454,1
CUST_04659,2.6281482974972823,-1.447825181271983,0
CUST_04660,-1.2119132511865156,-0.717463020838975,2
CUST_04661,-1.5883572543365265,2.715687890867081,1
CUST_04662,-0.355525276120634,2.5660898725881816,1
CUST_04663,-0.10388558991702726,3.36071146086043,1
CUST_04664,-1.6354909908179134,-0.10883269518214815,2
CUST_04665,-1.2943044152293002,-1.3365245398195729,2
CUST_04666,-1.2728904128627823,-0.9571136080367519,2
CUST_04667,2.430766514906334,-0.9899744283250111,0
CUST_04668,-1.4188769414751408,-1.4641449438955778,2
CUST_04669,-1.8773851414577158,0.1443540823512113,2
CUST_04670,-1.6995776907990465,-0.07390067531348296,2
CUST_04671,1.4921098436499827,0.08584931753849458,0
CUST_04672,-2.0211230827690057,-1.447829955039769,2
CUST_04673,-2.0106476833651246,-0.41079360931662,2
CUST_04674,3.3398262151339306,-2.6025681282088735,0
CUST_04675,0.09235346158826468,0.7986634581329832,1
CUST_04676,-1.4891907956690522,-1.4739778451975527,2
CUST_04677,2.636130972231682,-1.3821285019192504,0
CUST_04678,-2.1537351495048513,-1.695849002792445,2
CUST_04679,-2.050809747588385,0.013728044885519241,2
CUST_04680,-1.7495660616488087,0.14345644485415202,2
CUST_04681,0.9877858763304175,1.213671187779048,0
CUST_04682,1.979086532954136,0.5867577246721758,0
CUST_04683,-2.5116275337554943,-1.837067210558749,2
CUST_04684,0.822656418716591,-0.19900137242323934,0
CUST_04685,-1.912527565357998,-0.6688794868852391,2
CUST_04686,2.6364966915705033,-0.8219188658447615,0
CUST_04687,2.467298202278024,-1.5415523299515288,0
CUST_04688,1.074448701714481,0.13112242600443993,0
CUST_04689,-0.1796959142288698,2.2346057941753066,1
CUST_04690,-2.505328924062127,-0.7638749836670419,2
CUST_04691,2.394211263659156,-0.5862240438398592,0
CUST_04692,1.6596581138413973,1.5403695293929947,0
CUST_04693,1.6531831987728232,-0.003471517193700601,0
CUST_04694,-0.1437380428688772,2.684818674743284,1
CUST_04695,-0.4671745381954176,2.82662276930957,1
CUST_04696,-2.4012091065755765,-1.0139419994927437,2
CUST_04697,-0.2679211494893906,2.488580208438654,1
CUST_04698,-0.61881118348468,2.995761686512342,1
CUST_04699,2.486151097936767,-1.2633025633507322,0
CUST_04700,-0.6078670050655396,-1.694537692404551,2
CUST_04701,1.7803053142212557,0.44356250610652875,0
CUST_04702,2.483971695672278,-1.8597586482986357,0
CUST_04703,-1.7084198227637981,0.17264004434595417,2
CUST_04704,-0.8920175094669147,2.603337992401142,1
CUST_04705,1.9011439106958552,0.3372781439808595,0
CUST_04706,1.0161262196354826,0.9245504000065431,0
CUST_04707,-2.298771020222868,-0.5566553138226706,2
CUST_04708,0.2645705608051815,-0.5032172689038834,0
CUST_04709,-1.7169057226164475,-0.4683363374485509,2
CUST_04710,-1.4577485017645384,-0.8244987274936618,2
CUST_04711,2.954677897446129,-0.04453942685123475,0
CUST_04712,0.48322430848497233,1.5022604708043406,1
CUST_04713,3.785969032020533,0.27798571774759545,0
CUST_04714,-1.1982956770782975,-1.4890679299058551,2
CUST_04715,-1.1250045638052932,1.8865823088040643,1
CUST_04716,2.823998820146335,0.5743943595337879,0
CUST_04717,-0.9867519960127435,2.6537516516761035,1
CUST_04718,-2.5987799883140417,-1.4150072811523142,2
CUST_04719,1.6440862156354377,0.22440460747681443,0
CUST_04720,-2.9954434708582225,-1.5017139730398856,2
CUST_04721,1.6274083698124404,-0.18734532280759963,0
CUST_04722,2.729309021301902,-0.8121708697151474,0
CUST_04723,2.629406658467476,0.7771721302063508,0
CUST_04724,2.1822165730121768,-0.0924541827782982,0
CUST_04725,2.0178023640761062,2.354735360859819,1
CUST_04726,0.8991114811203192,0.08702378218011655,0
CUST_04727,-2.762533049525437,-0.38350762052606874,2
CUST_04728,-2.6635950077221455,-1.8974218230154365,2
CUST_04729,-1.3254307976060946,-0.11325017712883395,2
CUST_04730,1.7729532671760706,-0.922904639175555,0
CUST_04731,1.734871544936372,-0.4348820574029961,0
CUST_04732,1.0851732675517443,0.009612571280528866,0
CUST_04733,-1.4750467246434915,-0.8364302745776943,2
CUST_04734,-3.356208337637123,-1.2401238840192323,2
CUST_04735,2.001949711851726,-0.5526805670219032,0
CUST_04736,4.6606063769084844,-1.4950663636150883,0
CUST_04737,0.12806359626989625,2.485059313665008,1
CUST_04738,1.3739692454289099,-0.24071753704498552,0
CUST_04739,1.9384858625974906,1.0666511798220477,0
CUST_04740,-0.9051250960495548,-0.9182934374731396,2
CUST_04741,-2.2303109874690246,-0.6678725394088552,2
CUST_04742,1.4226132803614557,-0.008864270404512509,0
CUST_04743,2.1738809634856784,-1.702351228625931,0
CUST_04744,-1.9011358481053662,-0.08286627223645428,2
CUST_04745,3.229545984976994,0.41109404208591643,0
CUST_04746,2.7221384589665583,-1.6484198894277837,0
CUST_04747,1.2552668502271815,-0.8940674730260545,0
CUST_04748,1.863891591228723,-0.9237532781167038,0
CUST_04749,1.6299609525949985,-0.4837991193554187,0
CUST_04750,-2.3719906985573593,0.7108264553313681,2
CUST_04751,4.85033802229432,0.31287321679017926,0
CUST_04752,-0.36953126561292093,2.2233190430145093,1
CUST_04753,-1.9214299589354584,-0.04354630624325683,2
CUST_04754,-0.05691359574904505,4.079646911247958,1
CUST_04755,-2.8912552013450568,-1.0565187741530262,2
CUST_04756,-1.7673090878374966,-0.7734437556790771,2
CUST_04757,1.7219054604045796,-0.7152079656859655,0
CUST_04758,-1.9283461783542315,-0.5628720501237047,2
CUST_04759,-0.7691910873693174,2.391620421772884,1
CUST_04760,-1.7747624118670142,-1.4301166208130898,2
CUST_04761,-0.18508929708090935,3.203098530313678,1
CUST_04762,-1.8378651147082783,-0.44132397204768264,2
CUST_04763,-2.0894604642151036,-0.12687257413405956,2
CUST_04764,1.1985877317145328,0.6745339002405062,0
CUST_04765,-0.10003076779918244,2.4644492698044282,1
CUST_04766,-2.2726961786746775,-2.7029518392340868,2
CUST_04767,-2.915404086261524,-1.2224485680787598,2
CUST_04768,2.1774444943404188,-0.9633483678144285,0
CUST_04769,-1.1522546260409265,-1.1879169312435274,2
CUST_04770,1.0186893830356263,1.0732546199719284,0
CUST_04771,2.464180962919592,-1.4272632860692969,0
CUST_04772,0.7463820186673356,2.4817735113648705,1
CUST_04773,0.9009097595693245,-0.05600878780639286,0
CUST_04774,-1.642767847622715,-0.02047448632496668,2
CUST_04775,1.1688412503693197,0.30963761420184716,0
CUST_04776,-1.5607547032787519,-0.8136905093661946,2
CUST_04777,1.1828304531920377,-1.0735598666528026,0
CUST_04778,2.533748053976125,-0.17919301067547885,0
CUST_04779,2.166067540675444,-0.5592133346853181,0
CUST_04780,1.7198369635987933,0.9531288959418843,0
CUST_04781,2.3770340947796744,-1.5371714887739367,0
CUST_04782,2.565559002457807,-0.28636903252668894,0
CUST_04783,-0.4480320277726609,1.6409077357143202,1
CUST_04784,1.1655189188255075,0.5578921429751622,0
CUST_04785,1.690671127927006,1.1954507202150697,0
CUST_04786,1.4206367880140238,0.47196929727967946,0
CUST_04787,-1.4620517944852562,-1.452446216273047,2
CUST_04788,-1.9666180669911932,-1.311888104320886,2
CUST_04789,-0.40096505674699146,1.8224572418459315,1
CUST_04790,0.8470683576372718,0.6100461158151418,0
CUST_04791,2.517787738278035,-1.5881154671174702,0
CUST_04792,-1.7983673833127725,-1.9627893721876288,2
CUST_04793,2.372267442696025,-1.5006273822754,0
CUST_04794,1.3751185799205787,0.18689294259521108,0
CUST_04795,2.1913493369528894,0.27034313623072137,0
CUST_04796,1.5356878720968707,1.2380338704166611,0
CUST_04797,1.8510344140736243,-1.6748669657066277,0
CUST_04798,-1.6466822926506406,-1.4966705069174266,2
CUST_04799,1.315750046406433,-0.7895073898286116,0
CUST_04800,-2.1108993619994822,-1.4177177718507823,2
CUST_04801,1.157248174830789,-0.4060807440024711,0
CUST_04802,2.2480918238835104,-0.9045292610987226,0
CUST_04803,-2.3278769651999465,-0.26119316350705885,2
CUST_04804,1.4929112343921105,-0.9708727033787943,0
CUST_04805,-1.7767484942085194,-0.048021734554194256,2
CUST_04806,-1.3449958921582252,1.5744686529687228,1
CUST_04807,1.2350178085337502,-0.9395767294911727,0
CUST_04808,-2.4262266191274207,-1.4109783440853643,2
CUST_04809,1.6596005125608824,0.7591382392874212,0
CUST_04810,-0.7770858354688956,-2.4592791849113076,2
CUST_04811,1.8686215599196971,-1.0043465621346033,0
CUST_04812,-1.5909110712825962,-0.39076733005923664,2
CUST_04813,2.8568900677848204,-1.2153240089260253,0
CUST_04814,-1.790538157420111,3.025500036408243,1
CUST_04815,-1.4041221616657218,-1.1693042518649586,2
CUST_04816,-2.4415374307604485,0.24309548169963185,2
CUST_04817,-1.215149141923252,-1.971606665853263,2
CUST_04818,-1.7426441142231142,-0.21090311799286088,2
CUST_04819,-1.9349061763995543,-2.1071493979501783,2
CUST_04820,1.9384339598035836,-1.2699255520792803,0
CUST_04821,1.7331136350773426,0.02548754787614081,0
CUST_04822,1.7213025718902322,-0.6431454829010225,0
CUST_04823,1.5760291662823755,0.5356969658959836,0
CUST_04824,1.715261899659186,0.04857242771816993,0
CUST_04825,-0.3714228592705451,3.0323483909668822,1
CUST_04826,2.216144027340597,-0.9097560849881778,0
CUST_04827,-1.9911035574908689,-0.35880735781976075,2
CUST_04828,1.981848355216725,-1.0159849923967583,0
CUST_04829,0.6964022966695783,0.7259652893860543,0
CUST_04830,-1.4804895851517008,2.816274071415272,1
CUST_04831,-1.8103438835549444,-1.2428701996814606,2
CUST_04832,-0.9927101954290255,-1.2489313460234766,2
CUST_04833,-1.6274217901422143,-0.7803053788977143,2
CUST_04834,1.3745315505981037,-1.012860563084278,0
CUST_04835,-0.4118209213694523,1.6873891450764102,1
CUST_04836,1.844763925721034,-0.005926900687518081,0
CUST_04837,1.4975187600376099,0.901591376117291,0
CUST_04838,3.5524169789631386,-0.3715218740311461,0
CUST_04839,0.6801641386102346,-0.4973481787280937,0
CUST_04840,0.064473107415213,0.5568926006336515,0
CUST_04841,-3.4209187561602055,-2.112208643902201,2
CUST_04842,-1.1960587166512673,-1.9588064856179581,2
CUST_04843,1.2379576981530933,0.07313392042495391,0
CUST_04844,1.1325733117008936,0.5634087271783257,0
CUST_04845,2.04355598281057,-0.4919234517368122,0
CUST_04846,0.9636811016989884,-0.14735747296680426,0
CUST_04847,-1.511600417432286,-1.884891228892028,2
CUST_04848,1.8629104708342457,-0.4921961457792819,0
CUST_04849,-0.20489358475031616,-1.6358138759326708,2
CUST_04850,1.6456734948744274,-1.6890344302476028,0
CUST_04851,-1.6927712864347517,-1.6851113108270293,2
CUST_04852,1.1750165609503351,0.00677454500141398,0
CUST_04853,-1.7599529591230747,-0.6536963294154715,2
CUST_04854,1.6396193653896955,1.1073519897090636,0
CUST_04855,-1.702575490957776,-0.3190315367026666,2
CUST_04856,3.4793787862559244,-0.9494959935588906,0
CUST_04857,3.1400699611221783,-1.5232736414192065,0
CUST_04858,-1.2753674361693643,-2.2301827001345313,2
CUST_04859,-1.8514827792180755,-0.8349639903271183,2
CUST_04860,-2.768184249257526,-1.2502832027660087,2
CUST_04861,-1.6433285563397306,-0.9366460824098324,2
CUST_04862,-1.379523891064772,-0.21126484902237344,2
CUST_04863,2.118956777093105,-1.3707986242755419,0
CUST_04864,0.6971018871162721,0.5762621264140392,0
CUST_04865,1.4767742786134157,0.27746757560379265,0
CUST_04866,-1.7284234928748148,-0.5612452226443959,2
CUST_04867,1.1840945670054441,0.7423234886458046,0
CUST_04868,1.5980130375076316,-0.5799138328748746,0
CUST_04869,-0.34279566123221433,2.537120280215075,1
CUST_04870,-1.3337615943471852,-0.5810139944223739,2
CUST_04871,2.4337278704267096,-0.5356135515446568,0
CUST_04872,2.899354636791018,-1.0009067577566353,0
CUST_04873,4.126654846751174,-1.9244861613112145,0
CUST_04874,0.40294887635996124,0.4195907687183111,0
CUST_04875,1.2949200447961082,0.5250784097616144,0
CUST_04876,-1.5432224791251214,0.25195606396567183,2
CUST_04877,-0.7932171872749214,2.0220892582085517,1
CUST_04878,-0.7040454323528961,-1.4613980572548804,2
CUST_04879,1.3896116342622338,0.7747832473303881,0
CUST_04880,-1.4034816441681652,-0.8834748268741645,2
CUST_04881,2.536713627973216,-0.883351088602406,0
CUST_04882,-0.6510930158468072,0.8869035954198001,1
CUST_04883,-0.9173181242223905,-0.3018108447634008,2
CUST_04884,1.6424767981504282,-1.1438885277609385,0
CUST_04885,1.7582137707018681,-0.5583634669233511,0
CUST_04886,-2.0499224870328843,-1.3299534365757288,2
CUST_04887,1.8854855978070388,-1.1390343657827706,0
CUST_04888,-2.0344931829519695,-0.7177619136363302,2
CUST_04889,0.921255550074627,-0.21957808104024254,0
CUST_04890,-2.136693660197029,-1.1257421306023636,2
CUST_04891,2.9574486860028966,0.8880113222655631,0
CUST_04892,3.5178482174854127,-1.0692846330993406,0
CUST_04893,-0.8833971405446472,3.020940407156988,1
CUST_04894,4.34658855573136,-0.645147024057227,0
CUST_04895,0.7807699496934067,1.5885786885276445,1
CUST_04896,2.427315484510988,-1.8529094450912273,0
CUST_04897,0.15493170011659113,-0.7521954785000636,0
CUST_04898,1.6940771762624378,0.19420678392677232,0
CUST_04899,0.6297467695343343,-1.0024254546678752,0
CUST_04900,-1.6841553253578094,-1.2286122309133598,2
CUST_04901,1.3801541454527901,-1.4556476242321859,0
CUST_04902,0.38991666848819967,1.8943184424110626,1
CUST_04903,1.271666409164263,0.0009176377361901256,0
CUST_04904,1.9194783625494023,0.02604884086468296,0
CUST_04905,-2.795880958039785,-2.9486430046710246,2
CUST_04906,1.6839043284972648,-0.9589852065858318,0
CUST_04907,-1.9628269480148988,-1.790338060516807,2
CUST_04908,1.3440841328644169,0.21974008801415304,0
CUST_04909,-0.8621144021105355,-1.3498862539423233,2
CUST_04910,-0.36920082646834507,2.663550170515728,1
CUST_04911,-1.7721371568005453,-0.8717407171480283,2
CUST_04912,-0.5902722827208281,3.3303423043623503,1
CUST_04913,-1.0450224126282632,2.5671669593882926,1
CUST_04914,1.774699833509763,-1.5460344000574981,0
CUST_04915,1.5057851320904154,-0.4795950021751612,0
CUST_04916,-3.0159333845208134,-1.595548528865127,2
CUST_04917,2.3520104504189048,0.5238703479044108,0
CUST_04918,2.8245517903279533,0.8380723023714683,0
CUST_04919,-1.210589991498119,-0.7155817690335695,2
CUST_04920,1.0933639914003557,0.40287199237040067,0
CUST_04921,-2.2074095957281017,-2.202098460169006,2
CUST_04922,-1.553780155054188,0.503348256164954,2
CUST_04923,-0.2103374786102838,3.559672125891813,1
CUST_04924,-2.6121245113872122,-0.9917176033068422,2
CUST_04925,1.012601586211923,-0.724757743008933,0
CUST_04926,1.7283881218092632,0.5462481417408123,0
CUST_04927,-0.9003755731912428,3.470880285906903,1
CUST_04928,1.6712632451534102,-0.35435588910867105,0
CUST_04929,-1.6573582391426622,-0.4571808443279358,2
CUST_04930,-1.874644588677096,-2.298841764034133,2
CUST_04931,1.5173261209444466,1.5670904504557661,0
CUST_04932,2.046425286848688,0.32842778931819766,0
CUST_04933,-3.0413520221147325,-1.0773873847431292,2
CUST_04934,-0.8517805451712954,2.9036792953190433,1
CUST_04935,-1.0483581069944623,2.1370755426623673,1
CUST_04936,2.2845321261539984,-1.187385951819095,0
CUST_04937,-3.7844131048728626,-0.9263884883688263,2
CUST_04938,-0.894925751628887,3.0513661849179736,1
CUST_04939,-2.5463688852850814,-1.5283263710776789,2
CUST_04940,-1.7176715807499325,-1.0858301198965166,2
CUST_04941,2.393299187492801,0.29754625181300115,0
CUST_04942,2.054706117788849,1.649594520353145,0
CUST_04943,-1.2935853944433637,-1.0721570052421467,2
CUST_04944,1.7867722514742197,-0.20281219234668843,0
CUST_04945,-1.2478721950005276,-1.1548154098955952,2
CUST_04946,-1.3507356446452956,-2.9897518377568497,2
CUST_04947,-1.4736790078750193,-0.806835289006456,2
CUST_04948,-2.7613851012882638,-0.7244333130482363,2
CUST_04949,-1.5644854889977708,-1.542923395801633,2
CUST_04950,-2.2455409727427456,-0.8668055107494482,2
CUST_04951,2.26826425290162,-0.2900981929560028,0
CUST_04952,2.5069983310656676,-0.27705712454153497,0
CUST_04953,2.932872068937982,0.01811026834328411,0
CUST_04954,-1.4450829090927142,-0.15988432664569416,2
CUST_04955,-0.7616347176066336,2.252591487322073,1
CUST_04956,-2.5085048696650003,-0.7367533579106088,2
CUST_04957,0.9206774424700447,0.052940579839884684,0
CUST_04958,-2.215757880082852,1.6540182107858221,1
CUST_04959,2.1935485874336282,-0.8378563498064363,0
CUST_04960,-2.0237662038859163,-0.42409914708850216,2
CUST_04961,-0.5819052417128561,2.158056959366827,1
CUST_04962,1.9491846151134993,0.22638325477619017,0
CUST_04963,1.9009611708573837,1.1295138553807318,0
CUST_04964,-1.75888260820804,-1.1295488578892818,2
CUST_04965,-0.5562215314774729,2.5604587211478895,1
CUST_04966,0.7811700776468846,0.7056589612641558,0
CUST_04967,-2.5918382920989456,-2.1022142956696763,2
CUST_04968,-1.4069943148180766,-0.5430491626822468,2
CUST_04969,-1.6787239660954756,-1.3980750895738385,2
CUST_04970,0.9738841917811795,0.21900024271969273,0
CUST_04971,-0.11520008969459022,2.5928597861617204,1
CUST_04972,-2.098001658639919,-0.9539421157111245,2
CUST_04973,-0.6661831412407446,2.7715263316158825,1
CUST_04974,-1.7352923860178269,-0.9954031938319904,2
CUST_04975,2.82019849033921,0.9640507561883558,0
CUST_04976,-0.8442285641139156,3.4500659447479896,1
CUST_04977,2.598870848194863,-1.756219979427968,0
CUST_04978,1.2772599159702904,-0.3784225200028183,0
CUST_04979,2.0715474224472565,0.08803379888497445,0
CUST_04980,3.568904862354922,-1.2615272136810596,0
CUST_04981,-1.7016597709782633,-1.4409036286582935,2
CUST_04982,1.3724533508067098,0.04058466862959386,0
CUST_04983,-1.0352508996960292,-1.2162409189099204,2
CUST_04984,-1.7428943514222157,-1.0151673477576555,2
CUST_04985,-1.3798091224793796,3.114308822835959,1
CUST_04986,2.3184809624560376,-1.0355198536439516,0
CUST_04987,-2.0383975425884153,-0.4364921206358535,2
CUST_04988,-1.2047516267011478,2.252175493107191,1
CUST_04989,-1.516970650629251,-0.27033338511554456,2
CUST_04990,-1.5929258875898276,0.2705472639064637,2
CUST_04991,-1.967010096833905,-2.6052177919976875,2
CUST_04992,-1.2395704799992677,2.1406622036600758,1
CUST_04993,1.8966566767170012,0.21968095810029722,0
CUST_04994,-2.1179586415042575,-1.6390674562580412,2
CUST_04995,2.172244497641286,-0.6387616001916671,0
CUST_04996,-1.9488841749058394,-1.3732980980927643,2
CUST_04997,2.556471999736856,-1.5624479945908036,0
CUST_04998,1.783944668343934,0.21083898853740202,0
CUST_04999,-2.994679163461127,-0.5747852273235616,2
CUST_05000,-0.4083924545305255,2.4200210046694086,1
CUST_05001,1.4113766073914507,0.6558512124092918,0
CUST_05002,-1.167033813408649,3.680687414657966,1
CUST_05003,-1.8164007955950887,-1.1466665627197663,2
CUST_05004,1.6735490178351329,0.2692107198311812,0
CUST_05005,-3.3079456975664363,-1.061569917619567,2
CUST_05006,0.5593265102938336,-0.8273553975203406,0
CUST_05007,-2.2848460138980817,0.06751519830469731,2
CUST_05008,-2.3171570428694213,-0.2926304334375156,2
CUST_05009,0.6316776814746887,-0.7456592313503981,0
CUST_05010,1.0114758217602424,0.8353430207041815,0
CUST_05011,2.3927175489043844,-1.575478998668031,0
CUST_05012,-0.9411227148919682,-0.8284204166590674,2
CUST_05013,-0.08924916238925386,2.5576569078878433,1
CUST_05014,-1.5595127819401686,-0.16042243596796188,2
CUST_05015,2.334577567797185,-1.5435158826115525,0
CUST_05016,2.7077384623557936,0.14132384573582432,0
CUST_05017,1.7596800000932296,-0.6788545992842249,0
CUST_05018,3.019654061539792,-0.5941685640723346,0
CUST_05019,-1.0849412880990883,4.199825037763144,1
CUST_05020,-0.7060263477888604,-1.3024112434363162,2
CUST_05021,-2.5826385468608155,-0.8952833797898786,2
CUST_05022,1.831296464892492,-0.5052595415352401,0
CUST_05023,-1.9515188064270077,-1.2354457555353684,2
CUST_05024,-0.9056581171201983,-1.5047600244311328,2
CUST_05025,-1.924887935781938,-1.4614046244276409,2
CUST_05026,-0.778876684648829,2.423491064314313,1
CUST_05027,1.7671257662296835,0.494548502392979,0
CUST_05028,1.7193327019395328,-0.5275838138841482,0
CUST_05029,-0.5763959825324371,-0.8095274893281845,2
CUST_05030,0.7286793950855341,-0.5313429111203247,0
CUST_05031,3.605908076978317,-1.2447379096383608,0
CUST_05032,-0.13498597939694792,3.7267023853518246,1
CUST_05033,-0.06159094969633278,1.844251307917285,1
CUST_05034,-0.7634121721899486,2.3995292860054094,1
CUST_05035,1.5874755975776447,-1.127779321686464,0
CUST_05036,1.4995846242836113,-0.5542561953083627,0
CUST_05037,-0.6453668740373079,2.64824010783911,1
CUST_05038,-2.2594326603010377,-0.7248838266157726,2
CUST_05039,-2.1477444759372943,-1.5702693070532934,2
CUST_05040,-2.051993944649662,-1.3625803843682256,2
CUST_05041,-2.2335142053229986,-0.3246247666239501,2
CUST_05042,-1.0979298323006106,2.72439749576639,1
CUST_05043,2.5787591335437985,-1.06744479519368,0
CUST_05044,-1.2299819151438636,-0.21643675430026854,2
CUST_05045,-1.5356200354025922,-0.4492615849626513,2
CUST_05046,-1.2036270880017943,3.144531013883922,1
CUST_05047,-1.22395228798323,2.6895866063606757,1
CUST_05048,-0.6852219021809355,2.1957668226030393,1
CUST_05049,2.5817053743676404,0.7040546823868078,0
CUST_05050,-0.8958740999086089,3.7036776949436905,1
CUST_05051,2.5735472697346466,-0.07153073811049296,0
CUST_05052,-1.2078656948344133,-0.706770965127539,2
CUST_05053,1.3119412512589907,-0.48412915865277717,0
CUST_05054,1.7685114160148632,-0.7466379724265751,0
CUST_05055,2.2094768379983796,0.3217760505138761,0
CUST_05056,-1.314999737280944,-0.9121980480643963,2
CUST_05057,3.0500318933334594,-0.15709071517476986,0
CUST_05058,0.6229828968483673,0.7081525132173663,0
CUST_05059,-1.1005183514335306,2.4075322872381997,1
CUST_05060,1.3326095305162913,-0.42275832985235756,0
CUST_05061,-2.6479279793041703,-1.952590826398687,2
CUST_05062,-2.0970093703556274,-0.7432153336180647,2
CUST_05063,-1.0098323574802308,4.164475373971661,1
CUST_05064,1.8641549440252456,-0.6026025312862853,0
CUST_05065,-1.547875302094923,-1.1542064908372238,2
CUST_05066,3.7077339598350005,-1.549088873108306,0
CUST_05067,-0.49323193064348125,1.6185283423409333,1
CUST_05068,2.596357751634649,0.3845593308147881,0
CUST_05069,-2.802274665901668,-1.0697288323944034,2
CUST_05070,2.5898568532997257,-0.5863958620530053,0
CUST_05071,-0.8935132591684216,2.4373694723049586,1
CUST_05072,-1.5946500746718633,-0.3546024193744093,2
CUST_05073,0.2979032930833736,3.4033772551364354,1
CUST_05074,1.782471167065505,-1.6132555509368085,0
CUST_05075,-1.6343701058453801,-1.1227249140404574,2
CUST_05076,-0.15448320472299312,1.8529273405297677,1
CUST_05077,-0.10834575121426909,2.2295094862547553,1
CUST_05078,3.9152069612026845,0.35422484406918736,0
CUST_05079,-1.1521884798778133,1.218755885679628,1
CUST_05080,2.295430541371195,-0.06521828671600362,0
CUST_05081,2.772004280038096,-1.4090945517862679,0
CUST_05082,1.6171251615337117,-1.007386567602064,0
CUST_05083,-1.6364198619900512,-0.25763991814051806,2
CUST_05084,3.1524663200615626,-0.2640083228762556,0
CUST_05085,1.5556984471214663,-0.8883055866349976,0
CUST_05086,-1.2447836653095703,2.7615499777530936,1
CUST_05087,-1.3029532020654258,-0.9904416969238996,2
CUST_05088,1.910208498972297,0.1118546985460796,0
CUST_05089,-1.323537147077784,2.4839855706938416,1
CUST_05090,2.978469460713518,-2.030753954733373,0
CUST_05091,2.6795092949226955,-0.5138847929689819,0
CUST_05092,3.8763266984251934,-1.0675088092423213,0
CUST_05093,-1.300174342489436,-0.26654256305598234,2
CUST_05094,1.1693865904188971,-0.6319552355005663,0
CUST_05095,1.9782456349461552,-0.12239599158679575,0
CUST_05096,1.1131428236052665,0.5513610785327306,0
CUST_05097,-1.230073467370428,-1.0338862178162957,2
CUST_05098,1.4320964470566389,-0.5488526804414601,0
CUST_05099,1.8288918526645352,0.7512321574523112,0
CUST_05100,2.631253537483911,-1.5951490336697935,0
CUST_05101,-1.017946198438865,2.30950848331454,1
CUST_05102,0.46912203026196786,2.2151383262670743,1
CUST_05103,-1.492616191095988,4.604005727947743,1
CUST_05104,2.015492418069555,-1.6825468258743213,0
CUST_05105,2.4919780904734448,-0.5202552844109423,0
CUST_05106,1.6595984753061783,-0.4699692711889917,0
CUST_05107,1.8910798824128798,-0.22858047195535405,0
CUST_05108,1.468715628755117,-1.5228269612480558,0
CUST_05109,-1.2445255250528893,0.2175647799615453,2
CUST_05110,-1.514468546676337,-2.2320162335640927,2
CUST_05111,-2.527711250236186,-2.8780226245703746,2
CUST_05112,-2.320986141050195,-1.4304939615179768,2
CUST_05113,0.15375061378309124,3.6533379370793932,1
CUST_05114,-1.341111477458232,-0.977680143539294,2
CUST_05115,0.8374457993697643,0.35378511728577844,0
CUST_05116,-1.4598536855536481,-0.8423946789219883,2
CUST_05117,-0.36360997545718177,3.381437278174191,1
CUST_05118,-0.492910653606098,2.562873814604098,1
CUST_05119,-1.3905084573904487,0.3004978353234486,2
CUST_05120,2.506205480367923,0.49119071766038724,0
CUST_05121,1.5877562665556315,0.630184685822839,0
CUST_05122,-1.3124399871053214,-1.7437903353064352,2
CUST_05123,1.0948505928100616,-1.2271358139307287,0
CUST_05124,-0.5868524467279805,2.3258277603641964,1
CUST_05125,-1.8128719881581667,-1.5947231503824801,2
CUST_05126,-0.9582331220320368,2.52689520361709,1
CUST_05127,-0.9187244138301379,2.9071935066760073,1
CUST_05128,1.7828659719169282,-0.305230212586294,0
CUST_05129,1.610262600799164,0.8150531312078079,0
CUST_05130,-2.117160856348537,-2.0431209603391265,2
CUST_05131,-0.896038816257682,3.120360990224478,1
CUST_05132,-0.752953880575363,3.255777154216295,1
CUST_05133,1.3210296916027253,-1.0564197044131334,0
CUST_05134,0.39049827348820715,-0.487123469972044,0
CUST_05135,-0.6403851772021409,-2.3569812580819676,2
CUST_05136,2.1236583982081787,-0.26032778660237876,0
CUST_05137,-0.8764330649825162,2.3844453556417844,1
CUST_05138,1.672552683182136,-0.7694775929858281,0
CUST_05139,-1.0971261442982552,-0.44921146007459806,2
CUST_05140,-2.101689078549474,-0.7416855976706456,2
CUST_05141,-0.4366807717004676,2.974619931816081,1
CUST_05142,1.0969276241931996,-1.0925925591401675,0
CUST_05143,-0.9941555280351315,3.624292382559035,1
CUST_05144,-2.6184013368638044,0.1938828697012409,2
CUST_05145,1.9847690134505978,-0.4013064672517288,0
CUST_05146,-2.1624201477336347,-0.830853730699164,2
CUST_05147,-1.7157610576754607,-0.8376172663662989,2
CUST_05148,-1.9407508766409645,-1.1602280028520904,2
CUST_05149,-1.5204356627349815,-0.3647137443728573,2
CUST_05150,1.7375108597083802,-1.0536042168673678,0
CUST_05151,3.2234597492924193,0.2157493684236469,0
CUST_05152,1.4019696847030787,0.24384561517150252,0
CUST_05153,-3.0224505874323793,-1.4743002703177428,2
CUST_05154,-1.462630513133092,-0.38081840462449307,2
CUST_05155,-1.482276752578624,-1.4547964960612136,2
CUST_05156,0.8427675281006417,0.31613549297949806,0
CUST_05157,0.8105348326143627,-0.5708129342824713,0
CUST_05158,-1.8056400509610542,0.5008825925027686,2
CUST_05159,-0.9484429034055019,2.5668230488844754,1
CUST_05160,0.6518573692143308,-0.5624650838301585,0
CUST_05161,-1.5145945533950067,1.7062327700319115,1
CUST_05162,1.6158083646788342,0.15091055353741412,0
CUST_05163,0.5728991426058988,0.8701594753387333,0
CUST_05164,-0.45993987698323907,2.399536598208128,1
CUST_05165,2.001315202926338,-0.9527840926152114,0
CUST_05166,-1.8740865559808164,-1.6791424552785028,2
CUST_05167,1.7702303979560836,1.4616034033052423,0
CUST_05168,1.7260378246445836,-0.8393269282836728,0
CUST_05169,2.155069237866713,-0.37012087455364784,0
CUST_05170,-1.6795050273669947,-0.18578573395954145,2
CUST_05171,1.5646456790009295,0.3128491438837053,0
CUST_05172,-1.2871124153162137,2.5124597996371683,1
CUST_05173,2.736024156600597,-1.6780826615030193,0
CUST_05174,1.606089774487353,-0.653868862270165,0
CUST_05175,-0.6072677862986767,1.9045211542497047,1
CUST_05176,-1.6044626658040257,-1.0064913532367843,2
CUST_05177,-1.6145433246609606,-1.8103595790666187,2
CUST_05178,2.2037472819588024,-1.1798336645781153,0
CUST_05179,-0.6497614331241036,2.1718392500524715,1
CUST_05180,-1.9194986875644169,-1.7009417178787267,2
CUST_05181,2.360227817008364,0.7190763248191083,0
CUST_05182,-1.542147945568594,-0.3246469214499632,2
CUST_05183,2.3545335507416283,-1.7873004604010423,0
CUST_05184,-0.9356118204812447,-2.6319279141055616,2
CUST_05185,-1.4925430213677873,-0.8187861448458909,2
CUST_05186,-1.6368496685927003,-2.08691476690528,2
CUST_05187,-1.0780120780775826,-1.0626357406824178,2
CUST_05188,1.2217000946023016,-0.21879468216608827,0
CUST_05189,-1.8134756155654788,-0.4158142527650033,2
CUST_05190,2.1071089567181973,0.15233482140561191,0
CUST_05191,4.264749509575976,-1.1876645423214347,0
CUST_05192,-0.48397652325872165,-1.6853996381354386,2
CUST_05193,-1.4014323836604532,-0.577978633361055,2
CUST_05194,-2.043554904326709,-2.145601954415586,2
CUST_05195,2.4456075353580413,-0.6391922170240537,0
CUST_05196,-1.9127525944987431,-0.07369958828243751,2
CUST_05197,-1.6539635203329128,-1.0948015832601068,2
CUST_05198,4.117672396622358,-1.9274778390758418,0
CUST_05199,1.2348367063960028,0.7303114869262656,0
CUST_05200,2.1734289803712006,-0.4596790801506837,0
CUST_05201,2.0387967687105037,0.715110926468855,0
CUST_05202,-2.0969316725534224,-0.1810464209901682,2
CUST_05203,-0.6271966451599285,-0.9425292142725085,2
CUST_05204,-1.7835444463457804,0.21363029862925692,2
CUST_05205,-2.749268318072745,-1.7790102579558587,2
CUST_05206,0.7810103110316009,0.425391720710652,0
CUST_05207,-1.625476117145244,-0.45492522282522163,2
CUST_05208,1.5422726346733746,0.39254221899442615,0
CUST_05209,-2.455783013636965,-1.3516874788763404,2
CUST_05210,0.8896900458123888,-0.5805292674295973,0
CUST_05211,-3.320479600189326,-2.9334344498299316,2
CUST_05212,1.8765920726881427,-0.2158771021240005,0
CUST_05213,0.430251787900285,-0.19478097446176615,0
CUST_05214,-1.6639947613960524,-0.9759023503467896,2
CUST_05215,0.9322377270436258,1.5881344058398696,1
CUST_05216,-0.6592016874401434,1.4909588064950305,1
CUST_05217,-0.599906432923181,4.038190781282553,1
CUST_05218,-0.7430493058681628,-1.1218582305720408,2
CUST_05219,1.1654494515804232,0.5236975731304347,0
CUST_05220,1.954699249123624,-0.9773855302648736,0
CUST_05221,2.6833701254711086,-1.3429528800784687,0
CUST_05222,-1.2163347665121582,2.5941967898076514,1
CUST_05223,2.0180028647718906,-0.6115239839256312,0
CUST_05224,1.1084909342855476,0.5407025090601167,0
CUST_05225,0.22383176220895284,1.407760359631439,1
CUST_05226,1.433788531134861,-0.09385979927947677,0
CUST_05227,-0.8601773289342015,3.0340516311758954,1
CUST_05228,-2.0247293593472153,-0.4233430045074817,2
CUST_05229,2.9575259505921423,-1.324300531001378,0
CUST_05230,-0.2752986175366547,2.0038826888258336,1
CUST_05231,-1.8655911666547274,-1.3285963633238886,2
CUST_05232,1.4793679568061617,0.06415373103531771,0
CUST_05233,-1.178789374011265,-0.7240940049318693,2
CUST_05234,1.4236745913366355,-0.7791506435576099,0
CUST_05235,-0.5160165826929841,2.8617109695202076,1
CUST_05236,2.4435652677931343,-0.9938434547477358,0
CUST_05237,-1.7688967333848782,-0.38146665321645257,2
CUST_05238,-2.2598887336885336,-0.44759005364267823,2
CUST_05239,2.6808799593984385,-1.361730637061424,0
CUST_05240,1.0012582407039055,0.22204460014475486,0
CUST_05241,-1.507137066513201,-1.9224776569757085,2
CUST_05242,3.115749448982808,0.43753996966033837,0
CUST_05243,-0.7110770151905638,3.250094211614827,1
CUST_05244,-1.4190512612706436,-1.5875765429359578,2
CUST_05245,-1.731870643292744,-0.16719589563720264,2
CUST_05246,-0.4730322517257112,1.754621277536751,1
CUST_05247,-1.6369707367592932,0.43920302516640075,2
CUST_05248,-1.9212276277942806,-1.6354230574729176,2
CUST_05249,-1.0052274027671229,1.7641099435893433,1
CUST_05250,-1.4071249145053992,2.7904890976267813,1
CUST_05251,1.3560459377888319,-0.06774363845576228,0
CUST_05252,-1.6379323982831342,-2.6033547655474862,2
CUST_05253,-1.2955589694847578,0.4671727547216708,2
CUST_05254,2.8531054581465347,-1.4180797900283288,0
CUST_05255,-2.7748302210169387,-2.344959777634674,2
CUST_05256,-0.9163838968672898,2.9647676392269475,1
CUST_05257,0.7780692088125386,-0.541002573614077,0
CUST_05258,-0.47939603588507446,2.1089646522810765,1
CUST_05259,2.4980120150948726,-0.21660793851590596,0
CUST_05260,-2.3669426260627078,-1.3719160462205624,2
CUST_05261,1.3892514799525615,0.6049115761943735,0
CUST_05262,-2.035659081373918,-0.07109184947740434,2
CUST_05263,-0.5276229840297155,3.0990199548595583,1
CUST_05264,3.30762037695339,-1.83726150025704,0
CUST_05265,-2.166862293064138,-1.0327129607819674,2
CUST_05266,-0.251251129779605,1.0931264005270038,1
CUST_05267,2.277135838399993,0.5146302303201271,0
CUST_05268,-0.9873505198600363,3.1943531161064262,1
CUST_05269,-3.0156775842484684,-2.2092595165046625,2
CUST_05270,2.8166836364622396,-0.22796746928086978,0
CUST_05271,1.4921741628397216,-0.39207787393696764,0
CUST_05272,1.59005081400887,-1.8964462309221883,0
CUST_05273,3.231433427332043,0.27251637673709034,0
CUST_05274,-1.8500647305891251,0.30696695130180945,2
CUST_05275,-1.066818919396651,2.166592509992199,1
CUST_05276,2.551299972794981,-0.4432108497116187,0
CUST_05277,2.4091937122079194,-1.895463218132448,0
CUST_05278,1.710449867694629,0.3977363173534786,0
CUST_05279,-2.532188379365977,-0.8616438181502928,2
CUST_05280,0.9927142801291399,0.33204436199883364,0
CUST_05281,-1.2602298832792058,-0.6278689763287871,2
CUST_05282,-0.6867822075575735,1.464740537821066,1
CUST_05283,3.528228376474191,-0.9828731214557843,0
CUST_05284,-2.052598321214596,-1.4364058516492384,2
CUST_05285,-0.14228371305164336,2.3864630157559543,1
CUST_05286,-1.498079781462413,-0.524503050463732,2
CUST_05287,-2.0760110223360426,-0.8297609489872086,2
CUST_05288,2.220792357253218,-1.1298459413070814,0
CUST_05289,0.9442224845152105,-0.6927208694252129,0
CUST_05290,-1.7616161469122749,-0.8767932793687184,2
CUST_05291,0.43545134286953513,0.3284947642575843,0
CUST_05292,2.6856814217028084,-1.1388898929008666,0
CUST_05293,2.5310372874706575,-1.6617101623197197,0
CUST_05294,1.6244858240581397,-1.526069717551624,0
CUST_05295,-2.216653929802062,-0.43912328667783607,2
CUST_05296,2.136352977597986,-0.6888628677510883,0
CUST_05297,-0.4597679131669795,3.60171984801499,1
CUST_05298,-0.43934280489942457,2.361134687615133,1
CUST_05299,0.7847365975222041,0.6883724405618242,0
CUST_05300,2.383019613784794,-1.0543866045683727,0
CUST_05301,-2.3102554875076327,-1.5242672810317115,2
CUST_05302,1.880056240190796,-0.37822502837266175,0
CUST_05303,-1.7768121452241972,-1.0842053007514614,2
CUST_05304,-1.9599081115142687,-0.794056517366824,2
CUST_05305,1.0638839661117268,0.2645862546003112,0
CUST_05306,0.10130717877203137,2.0711396156167265,1
CUST_05307,-0.9534863190032132,3.523303436803399,1
CUST_05308,2.0761482995674174,-0.42676285225540384,0
CUST_05309,-3.2263793247556642,-1.0109093567621998,2
CUST_05310,-1.949882447369023,-1.4530209225914303,2
CUST_05311,1.8735458305360826,0.3428549669803844,0
CUST_05312,-1.073406385042449,1.944581406772972,1
CUST_05313,-1.88433035844119,-2.4757943378081935,2
CUST_05314,-2.282356926360816,-1.8770900335485279,2
CUST_05315,-0.3368599568539675,2.9801324028710674,1
CUST_05316,-1.0899535273091923,2.4634523416725487,1
CUST_05317,2.130904849760482,0.498026751923815,0
CUST_05318,-2.061325741534459,-0.9616071562330208,2
CUST_05319,1.3799382195718537,-1.6262487925580502,0
CUST_05320,-0.07991049152572756,2.3597599901473236,1
CUST_05321,1.6028722520596324,-0.6950011325430616,0
CUST_05322,2.532806495982224,0.05600950220595222,0
CUST_05323,3.0239171655156682,0.6722657482309544,0
CUST_05324,-0.5583455349170346,-1.5033763595632608,2
CUST_05325,2.100890757622288,-1.167230377070404,0
CUST_05326,-1.2548847673861419,2.4592804294273263,1
CUST_05327,2.874353542545514,-1.5932222856656508,0
CUST_05328,2.502869023329123,-1.0861453703976647,0
CUST_05329,0.5447414375132777,0.4532425684279446,0
CUST_05330,-0.6928466575273455,3.0082636649472474,1
CUST_05331,0.925646288496695,0.3285801842727731,0
CUST_05332,1.9557840768683605,0.00031492768002088374,0
CUST_05333,1.8452364827649095,-1.8874254930175256,0
CUST_05334,2.547507269695914,0.23746622154148259,0
CUST_05335,-2.5666168987006834,-1.8357025187598797,2
CUST_05336,-2.535710554942772,-1.7644752415189493,2
CUST_05337,2.5733134800964867,0.33217241081065163,0
CUST_05338,-0.14630222265777712,2.7274527505528616,1
CUST_05339,-1.3853497740150225,-1.3953025098418577,2
CUST_05340,4.620673099464525,-0.27801324095045504,0
CUST_05341,-2.3533229989789546,-0.47189759115475327,2
CUST_05342,-1.6857443406181343,-2.175412724438396,2
CUST_05343,2.2854744402105074,-1.225936480217455,0
CUST_05344,2.05166547070117,-1.7814434849100103,0
CUST_05345,-2.6421364749469443,-0.5380887560240599,2
CUST_05346,-0.6560887120314055,2.4254531460222397,1
CUST_05347,1.7405629487416026,-1.0462029902082863,0
CUST_05348,1.7513257826960842,0.8188263179254153,0
CUST_05349,-0.4112979898836585,1.8399928458848982,1
CUST_05350,-1.7237973497936852,-0.734418767912427,2
CUST_05351,-1.8652878861595894,-0.8795130696169955,2
CUST_05352,-1.0902137704458155,-2.4985697481258007,2
CUST_05353,1.2988206499945827,0.6817957705199708,0
CUST_05354,0.01141589114592579,3.3373223477229113,1
CUST_05355,-0.727475360297517,2.451857202736425,1
CUST_05356,1.5487544783661324,0.035890073576047725,0
CUST_05357,1.5174033775620877,-0.8032294913110537,0
CUST_05358,-2.2782662065652906,-2.1206672673710174,2
CUST_05359,-2.260853097021723,-1.440802908616015,2
CUST_05360,-0.5587776627792576,2.559339347094805,1
CUST_05361,-0.19716889314893904,1.6333614283643183,1
CUST_05362,1.588391757712669,0.20943414990019882,0
CUST_05363,-1.1510947912479093,2.2261715078539988,1
CUST_05364,-1.7051176863024615,-1.2864627478569743,2
CUST_05365,-0.6616903533212566,2.527607867037636,1
CUST_05366,-2.2883810957717157,-1.0616995315981923,2
CUST_05367,-1.0948681441441588,3.5506249774494423,1
CUST_05368,1.3548919183437258,-0.2239489774622217,0
CUST_05369,-1.440432369325257,-0.8060863537229997,2
CUST_05370,1.7659067527770356,-0.7666014705653658,0
CUST_05371,1.2286977538604367,-0.9642770251625598,0
CUST_05372,1.6269857571561013,0.5825054828108914,0
CUST_05373,1.4489695947780483,1.0326345603512646,0
CUST_05374,-1.6074075307749789,-1.3281359876015275,2
CUST_05375,-0.4487791278927883,2.3763960738234657,1
CUST_05376,-2.0209726165089466,-0.14981101179663298,2
CUST_05377,-1.320324185039469,2.951988160131685,1
CUST_05378,1.2022920167488447,0.5903281907965787,0
CUST_05379,-2.2801070298903583,-1.5898850626444592,2
CUST_05380,2.1392021404705384,-0.3730050343092555,0
CUST_05381,2.050758159613197,0.19765977886367886,0
CUST_05382,-1.0173687647036556,2.4939650620084883,1
CUST_05383,2.5683329483465864,-0.2983088041792543,0
CUST_05384,2.105424593399799,-0.8405581407036201,0
CUST_05385,-1.528870202495228,-0.7723158570168078,2
CUST_05386,-0.9860941124898913,2.3519909657788247,1
CUST_05387,-0.27158754607038676,2.0068057328903253,1
CUST_05388,-1.5203665285763561,-2.3882864860205966,2
CUST_05389,-1.4202296131952656,1.9326036187213453,1
CUST_05390,-2.276497553902043,-0.266236583569047,2
CUST_05391,1.8574811304602077,-0.7497980521506175,0
CUST_05392,-0.701367476300622,3.009286913402716,1
CUST_05393,-1.4503598541892828,-1.519679459953188,2
CUST_05394,-0.8454945469029674,2.9771565455976696,1
CUST_05395,-2.007691150273012,-0.03887458832253071,2
CUST_05396,0.6436512113938169,0.5607469504902675,0
CUST_05397,2.4391974695123673,-1.5941018565172698,0
CUST_05398,-0.4274661913294838,2.7302811050063407,1
CUST_05399,1.361010724320321,0.43725468544165946,0
CUST_05400,-1.9883726752846582,-2.529484755223807,2
CUST_05401,1.2979568855241632,0.404372689472513,0
CUST_05402,-1.2713270262379766,-1.4143710569364298,2
CUST_05403,-1.488001358083853,-1.5131244012856748,2
CUST_05404,1.5047321200594905,-0.1808076243257032,0
CUST_05405,1.9388654665119491,-0.056342695959557126,0
CUST_05406,-2.5789823384600394,-0.1605770844343193,2
CUST_05407,-2.9974057037577095,-2.4281318279964266,2
CUST_05408,-1.1541798046224199,3.097003012270603,1
CUST_05409,1.28632937793063,0.5858621339639822,0
CUST_05410,-0.17710395555282835,2.005835311991505,1
CUST_05411,-2.001182462083088,-0.5227801713524077,2
CUST_05412,2.333592481481424,0.5858830859563514,0
CUST_05413,-1.1093841231668324,-0.04075049280003288,2
CUST_05414,2.6098834656057592,-1.0704711651204857,0
CUST_05415,1.8446697933736351,-0.570507863321046,0
CUST_05416,1.8024609326123953,-0.6529727162199829,0
CUST_05417,1.8357469053959588,0.7068979795820849,0
CUST_05418,2.129201200396052,-0.3005880321708855,0
CUST_05419,-0.9429906347349107,3.6139833656477736,1
CUST_05420,2.7702786112377322,-0.9004984127112613,0
CUST_05421,1.8994608309151748,-1.5686112975049358,0
CUST_05422,3.079069280462114,-0.8087899372792039,0
CUST_05423,-0.7946598698213093,-1.8798531746162441,2
CUST_05424,2.6854399221343885,0.8429158017785005,0
CUST_05425,-1.3244829250310182,2.9005207952925076,1
CUST_05426,-0.08581452715192593,1.421834319774644,1
CUST_05427,-2.2777225566218253,-0.878336753120564,2
CUST_05428,2.2589986014591776,0.3382433784699511,0
CUST_05429,-1.8322829841107426,-0.9215721045688829,2
CUST_05430,-1.7435095920816048,-1.7075431755184884,2
CUST_05431,-0.30397856382166444,2.3313934429276766,1
CUST_05432,2.5222354907169313,-1.8103308105052816,0
CUST_05433,-1.6788833510867625,-0.595103060860263,2
CUST_05434,1.2931570752502497,-0.7449429150686918,0
CUST_05435,-1.0399250927792594,1.8055925605276273,1
CUST_05436,-1.1725838926880874,-0.3906112486418926,2
CUST_05437,1.7003022286784173,-0.38313683345479316,0
CUST_05438,-1.4398159851308368,-0.14255316899193993,2
CUST_05439,2.0108169728888816,-0.784929583193387,0
CUST_05440,-1.503525694064007,-0.6631236103065515,2
CUST_05441,-1.0122166536351467,2.901351485364027,1
CUST_05442,1.5166674731650305,0.5687097320202975,0
CUST_05443,1.7101417452077066,-1.1537859580533347,0
CUST_05444,-2.12490400735586,-1.8299669001872878,2
CUST_05445,2.1897504699880685,-1.1045924512018521,0
CUST_05446,2.5112434395438212,-1.301695527340093,0
CUST_05447,3.1880111751649287,0.7965675263218197,0
CUST_05448,-2.1205930801193538,-0.5811272034621583,2
CUST_05449,-0.8926226339678224,2.9096644585726836,1
CUST_05450,2.040942855625664,-1.3864014602729562,0
CUST_05451,1.4448293179477216,-0.5996768932678308,0
CUST_05452,2.3738683508026166,0.36207154508284,0
CUST_05453,1.6673458260081269,-0.8625695579903596,0
CUST_05454,2.5294104908423196,0.4613745083379811,0
CUST_05455,-2.8352119231894988,0.01125343998649624,2
CUST_05456,1.9729057799941028,0.2485924596263438,0
CUST_05457,2.1066193772161323,0.28465929037620025,0
CUST_05458,1.186262208171271,0.8842115052993345,0
CUST_05459,-2.4024935741974716,-1.7610807312318257,2
CUST_05460,-3.286059576888596,-0.8069299915196089,2
CUST_05461,-1.4876953522189444,-0.5860649059395806,2
CUST_05462,0.8988112726673166,0.46179263766169204,0
CUST_05463,2.8649032214011783,-1.4368318153465278,0
CUST_05464,1.8445530709514955,0.7895368051291145,0
CUST_05465,2.025708421110619,0.35071783122144673,0
CUST_05466,-1.4493377237250942,3.3110476881826982,1
CUST_05467,-1.635590723835951,-0.2339451182568992,2
CUST_05468,-3.064008289625607,-1.1190120096959533,2
CUST_05469,-1.6557121814055378,-0.2905533355132072,2
CUST_05470,1.60737166196943,-0.46876892684505683,0
CUST_05471,-2.4116414233701593,-0.7462421310894387,2
CUST_05472,1.6300273851851081,-0.14212821516660482,0
CUST_05473,1.1604896775622024,-0.1796545291721671,0
CUST_05474,-2.386080563584059,-0.9131715738573493,2
CUST_05475,2.092224665761019,-0.8151486602271432,0
CUST_05476,2.150994851742922,-0.612762060935466,0
CUST_05477,2.2029762062546103,-0.3653022516083105,0
CUST_05478,-1.8892351660801667,-0.6722798476756138,2
CUST_05479,-1.9818098783531537,-1.3686108187874082,2
CUST_05480,2.906387477279864,-0.629738548186126,0
CUST_05481,-1.3544100413018607,-0.7308345989894155,2
CUST_05482,1.748724309957093,-0.24104058164361938,0
CUST_05483,-0.46986782167879915,3.668644465069208,1
CUST_05484,-2.2042668357389354,-0.11875103489762309,2
CUST_05485,-1.2294272274403204,-0.10125652114169117,2
CUST_05486,-2.4342570973417916,-1.3722618274918437,2
CUST_05487,2.701224470509416,-0.31309509820117065,0
CUST_05488,-1.1393602132322305,0.17146763524935255,2
CUST_05489,-0.34711176091914775,1.9752973485879677,1
CUST_05490,-3.2027301758269164,-2.279204255911581,2
CUST_05491,2.0322632493023525,-0.7267592599773489,0
CUST_05492,-0.9778027753739086,-0.4992481542980525,2
CUST_05493,-0.18012785872128265,2.6846926228710215,1
CUST_05494,0.5363720651006076,0.5395871683839019,0
CUST_05495,0.3010294407834493,3.1308544323739533,1
CUST_05496,0.5552173862946964,1.6184154168247369,1
CUST_05497,-0.1197453585227636,1.0704148674582346,1
CUST_05498,-1.7138557445244234,-1.4305713412775547,2
CUST_05499,-0.5190054613178233,3.367840393006179,1
CUST_05500,-1.6999164142912793,-0.3420958149727763,2
CUST_05501,-1.504505092750242,3.017501209541638,1
CUST_05502,2.2694845367696734,-0.829180890441625,0
CUST_05503,3.2483243622187605,0.9015539963382737,0
CUST_05504,0.29622379932022,2.603365945761136,1
CUST_05505,1.475104328661765,-0.047913772482238826,0
CUST_05506,3.354912566980156,-2.1764420861061824,0
CUST_05507,-0.5791367410700307,2.4655657554661166,1
CUST_05508,1.6806944771459817,-0.45132382520889686,0
CUST_05509,1.261104755860224,0.2489592319637984,0
CUST_05510,-0.46988443292779836,1.5321785806149613,1
CUST_05511,2.2795328485683948,-0.20261874789002307,0
CUST_05512,-2.4235054421514928,-1.1960687905502876,2
CUST_05513,-1.0485295847770295,-2.1287585882724946,2
CUST_05514,-1.206891491630914,-0.13641962077636102,2
CUST_05515,2.8836928010722365,-1.4821161142129506,0
CUST_05516,-1.5975813667141743,-0.0968845926637526,2
CUST_05517,-1.7478216581505506,-1.4364395928251366,2
CUST_05518,-1.6651664401704505,-0.7210004087210332,2
CUST_05519,1.6030414907965198,-0.537687906006283,0
CUST_05520,-1.995819365060094,-1.1866781583587125,2
CUST_05521,-2.0081751225983027,-1.5514690606760646,2
CUST_05522,-1.2499302193321935,4.0297501088348735,1
CUST_05523,-2.0362409751700565,0.4839352825414877,2
CUST_05524,-0.7355161618822922,2.213075986262064,1
CUST_05525,-1.563895802939512,2.0280662018175435,1
CUST_05526,1.4681009088605075,-0.2253393418233439,0
CUST_05527,-1.6788724769252519,-0.3748335348374033,2
CUST_05528,2.0719963223213074,-0.5735096273727881,0
CUST_05529,1.6628143554936328,0.20024618159570423,0
CUST_05530,0.6275320120384196,-0.21434666524592424,0
CUST_05531,-0.002357930891233548,2.21918877636561,1
CUST_05532,2.723700745608149,-1.055194557837738,0
CUST_05533,-1.0924317657132785,-2.172051193808378,2
CUST_05534,-1.6144102842270647,-1.2542133855434012,2
CUST_05535,1.5184218773596723,-1.1411035543004893,0
CUST_05536,1.0930326456742878,-0.8221223704585007,0
CUST_05537,1.3169088818736399,-1.3915696467257244,0
CUST_05538,-1.7159831720277459,-0.8577266676102657,2
CUST_05539,-0.8746945836291439,3.912405916152319,1
CUST_05540,-0.6033397674249734,2.5788370352715266,1
CUST_05541,1.8482488871161817,-0.8677980567651933,0
CUST_05542,-1.3683818209665624,-0.3016363072935675,2
CUST_05543,-1.4626298377584965,-2.4898932611552973,2
CUST_05544,-2.2008067974453764,-1.3797552478166923,2
CUST_05545,-1.8517010611746052,-1.5460187576217748,2
CUST_05546,2.3839624001727135,-2.2575774478141653,0
CUST_05547,2.3874959468851396,-0.9317873680039948,0
CUST_05548,1.0110264617022968,-0.42703487535076906,0
CUST_05549,2.9388425588850287,-0.35358803806254435,0
CUST_05550,1.561949019214929,-0.8575752941606387,0
CUST_05551,2.207096813266862,0.4818697431562327,0
CUST_05552,1.6100995922273267,-0.5647957735990349,0
CUST_05553,-1.7952372411952922,-0.8554895598843659,2
CUST_05554,-0.7106759266140257,2.33753230865564,1
CUST_05555,-1.4444926609318074,-1.147562950566185,2
CUST_05556,-2.635666438236216,-0.31088434297373163,2
CUST_05557,1.846781565846424,-1.627915557961032,0
CUST_05558,-1.1473717310077218,-1.5935937645817773,2
CUST_05559,2.010440533209802,1.0464125853445418,0
CUST_05560,-1.2729440563184746,-1.5052433404017063,2
CUST_05561,2.343912707962723,0.7453229709894771,0
CUST_05562,-2.6467072133630296,-0.48524514459841817,2
CUST_05563,1.3512373818458143,0.5097167136672277,0
CUST_05564,1.4029715664901679,1.102925442513351,0
CUST_05565,-3.161808198628546,-0.08677947228817122,2
CUST_05566,2.12445588095257,-1.776725785171142,0
CUST_05567,-1.4400380529155488,-1.5764997098983633,2
CUST_05568,-1.176319142003377,-1.3597584647844814,2
CUST_05569,-1.2597200182407908,-0.7306055297688403,2
CUST_05570,-1.6947525265661771,-0.4503794196020669,2
CUST_05571,-2.436159405000383,-1.082919790119249,2
CUST_05572,1.9467967425572517,-0.40725796197558606,0
CUST_05573,-1.6865322557518063,-0.37178920245877806,2
CUST_05574,-0.26152180802983976,-0.5592128155524463,2
CUST_05575,-1.9925517523616705,-0.9573081298510894,2
CUST_05576,1.7813762229487113,-0.7893121803248297,0
CUST_05577,-1.8235370323980002,-1.5852972797455904,2
CUST_05578,-2.0259607613415755,-2.0078635050543006,2
CUST_05579,-2.8481698254822336,-1.5050640117967957,2
CUST_05580,1.837493716797188,0.004376037832048031,0
CUST_05581,1.6885412825351913,-0.6895636913945836,0
CUST_05582,1.3853397846158997,-0.27975064764318763,0
CUST_05583,-1.9001097001258065,-0.6095065386118707,2
CUST_05584,-1.3662553465328626,-0.7089160416165265,2
CUST_05585,-1.158160348496421,2.9519345942107877,1
CUST_05586,2.107645749838096,-1.4685794475913758,0
CUST_05587,1.4664026002191002,0.1003469574579575,0
CUST_05588,0.07323920462676899,3.7869857739304686,1
CUST_05589,-2.1846610631533685,-1.5604176736403852,2
CUST_05590,-1.1489074287171752,0.2349882452050044,2
CUST_05591,1.9602670325126603,0.40236081706628396,0
CUST_05592,-0.3475947772267906,2.863316239591923,1
CUST_05593,2.332341275322115,-1.2487364073048386,0
CUST_05594,-2.5332299622063204,-1.623002544323299,2
CUST_05595,3.153063499512764,-0.03524222811159757,0
CUST_05596,-0.4245653649116605,2.161268656271205,1
CUST_05597,0.5369468670875848,-0.43362980121603234,0
CUST_05598,-2.2219584820667007,0.6983074073099745,2
CUST_05599,-1.5028793665893916,0.027596166514386587,2
CUST_05600,-1.843993293846441,-0.4681141183525176,2
CUST_05601,1.095903983206208,-0.2866113095861465,0
CUST_05602,2.3993930103950616,0.13060525902323625,0
CUST_05603,2.863909464170354,-1.8537988970824928,0
CUST_05604,-1.57731061872743,0.2632748247080931,2
CUST_05605,2.7081855611112706,-1.5241815869727409,0
CUST_05606,-0.8794748456543705,4.206795891327251,1
CUST_05607,-1.3924980777575533,-1.494990724135846,2
CUST_05608,-0.9130228383393568,-1.3144438474794475,2
CUST_05609,-0.9491032223623588,3.7691309933224164,1
CUST_05610,-1.0361609982176359,2.5101427495144537,1
CUST_05611,1.8390947505244337,-0.8825438408457752,0
CUST_05612,-1.9749427580577275,-0.3357484110953882,2
CUST_05613,-2.0077493359439496,-0.7566083850063157,2
CUST_05614,1.6208783260520252,-0.5707705886895714,0
CUST_05615,0.9206826597096588,0.45166838193536535,0
CUST_05616,-1.5617157450557226,0.09433210002677479,2
CUST_05617,-2.0122645645527424,-1.6167290391166143,2
CUST_05618,2.1485719505627925,-1.0689243689710726,0
CUST_05619,-0.8675886726858548,2.5013229505128396,1
CUST_05620,1.7250792294446955,-1.1622952483106885,0
CUST_05621,1.9247964246684508,-1.1381373954122849,0
CUST_05622,-0.30907737519000666,-2.0372984747922946,2
CUST_05623,-1.1868590062954196,-1.0152025201190882,2
CUST_05624,-1.8260312940545216,-1.1344087633231918,2
CUST_05625,2.237338964927165,-0.9753217687962189,0
CUST_05626,-1.8939792366606998,0.008527367833364908,2
CUST_05627,2.5868271667015543,0.09804645775025427,0
CUST_05628,1.110562805666893,-0.2762755021786103,0
CUST_05629,0.07410641952804939,1.5300628917116517,1
CUST_05630,2.371420682957796,-0.5481515896815959,0
CUST_05631,-1.8865026627946273,-0.7005032901865469,2
CUST_05632,-0.9735357282871809,2.2538065268779945,1
CUST_05633,1.8358240989528967,-1.3811133856966387,0
CUST_05634,1.4664923639123528,-1.2472326021608413,0
CUST_05635,1.5591612249713367,-0.6434413977278716,0
CUST_05636,2.708578545483526,-0.21212557758818532,0
CUST_05637,-0.7252535288559,2.56819248754335,1
CUST_05638,-2.337811167354474,-0.8361675722160884,2
CUST_05639,1.3599190799416658,0.13143977501512524,0
CUST_05640,0.49672809708519083,-0.18041358119179743,0
CUST_05641,-0.44449098679421334,1.7174631169786385,1
CUST_05642,-1.8710913113670624,-0.9364132560100916,2
CUST_05643,0.9465452869086189,0.9934411332626213,0
CUST_05644,0.9360607206266202,0.39984686751924314,0
CUST_05645,-0.7302257802128465,2.1509551315757403,1
CUST_05646,1.2789975557587323,-0.26875486102752655,0
CUST_05647,1.5050705658382413,-0.22382146463400573,0
CUST_05648,-2.143099505537146,-0.8891038135685942,2
CUST_05649,-1.441141954883257,-0.8580118620840687,2
CUST_05650,-0.631425348353654,1.736628454788435,1
CUST_05651,-1.351760323442284,-0.9033678651619083,2
CUST_05652,-1.7216366260212432,0.4391478430752252,2
CUST_05653,1.7126368579090883,-0.5132913175890337,0
CUST_05654,1.8937152040510157,0.28116672773716206,0
CUST_05655,4.156823927459329,-0.3546301340501207,0
CUST_05656,1.9201358116876297,-1.2212468840359165,0
CUST_05657,-1.5202077044587101,-0.24885503078805626,2
CUST_05658,-2.3499107723615276,-2.498799972459343,2
CUST_05659,-2.515926075725753,-0.9021938992420058,2
CUST_05660,-1.328035398049772,-1.2798698869031313,2
CUST_05661,1.6441215007969698,-0.7470619208154891,0
CUST_05662,0.689600275116036,-0.054351932252994645,0
CUST_05663,-1.6717493579999494,-1.4065572164704447,2
CUST_05664,-0.7389807352696477,3.177222537779512,1
CUST_05665,-1.1071093171593662,1.4078666361875396,1
CUST_05666,-1.6989940173775713,0.26065248778902433,2
CUST_05667,-1.8073749967876453,0.17323273969170108,2
CUST_05668,-1.7282756987221424,-0.9004674327038259,2
CUST_05669,2.511142647804909,-1.264716010319206,0
CUST_05670,-1.5804504506354167,-1.164003400493305,2
CUST_05671,-3.022486975624126,-2.0598080135958026,2
CUST_05672,2.732379117760099,-0.4687985049728531,0
CUST_05673,-2.161746814633008,0.9999897169395109,2
CUST_05674,2.1170828498505925,-0.20837216009162932,0
CUST_05675,-2.136025515204306,-1.7269453285588612,2
CUST_05676,1.6479289676059223,-0.23536961789001545,0
CUST_05677,-1.1156048354022334,2.85429269488909,1
CUST_05678,2.0601033417414714,-0.8148961710970344,0
CUST_05679,-1.4075724907404614,-1.0339835112509237,2
CUST_05680,1.9904160075236708,-0.7303860794577509,0
CUST_05681,1.480812957510453,0.3408529464059023,0
CUST_05682,-1.1661600063756838,3.1775800659085913,1
CUST_05683,-1.7088822546914302,-1.0621171103866975,2
CUST_05684,0.3558639013546301,0.7134033500345413,0
CUST_05685,2.7174810078348153,-1.9346837542665398,0
CUST_05686,-2.076704551175361,-0.9693902657927553,2
CUST_05687,-1.209299485956516,2.2215647515477763,1
CUST_05688,-1.7561957771872807,-1.806824602198758,2
CUST_05689,2.2863048250971407,-1.1350768041554002,0
CUST_05690,-0.9925108298179154,-0.7070874030727415,2
CUST_05691,3.6955536041552253,-0.6582499856599038,0
CUST_05692,0.913803779446485,-0.3341187059977079,0
CUST_05693,-1.530889988347993,-0.19409880372352678,2
CUST_05694,-0.5017928517730468,1.4388296360868822,1
CUST_05695,-1.6296389704936582,0.3035642419981452,2
CUST_05696,1.8898333709632213,-0.12338686169377264,0
CUST_05697,-0.9345740534342306,3.3833809576022427,1
CUST_05698,2.195726456059305,0.7558313786036653,0
CUST_05699,-1.6264832662121798,-1.3069900836119779,2
CUST_05700,2.107749191612611,0.5349831304619761,0
CUST_05701,1.9454393502427847,0.7039164588723514,0
CUST_05702,1.2343619193969602,0.24215837434121096,0
CUST_05703,-0.0007730190247519828,3.9818772162452336,1
CUST_05704,2.3353429600975404,0.9222163399205396,0
CUST_05705,-2.0785115432545935,-1.4159379556646428,2
CUST_05706,2.1645366223179954,0.35950089263101614,0
CUST_05707,-1.5244511417947264,-1.4484968289015627,2
CUST_05708,2.3389906708464516,-1.4506673426581542,0
CUST_05709,-2.1705283586151785,-1.396408197175287,2
CUST_05710,-2.0553307229777906,-0.8785224055142107,2
CUST_05711,1.121139481979724,-0.6215064557338253,0
CUST_05712,-1.1046937012162983,-1.5958072489965307,2
CUST_05713,-0.39623584645829757,3.0143640958794427,1
CUST_05714,-0.7295849406038961,-1.5376205564112675,2
CUST_05715,-1.0894485524761301,-1.7223136131306365,2
CUST_05716,2.0941805380612277,-0.3043443733174433,0
CUST_05717,2.09054163746053,-2.012309655845516,0
CUST_05718,0.9186314079698932,0.12414786352339119,0
CUST_05719,1.9747628951032228,-1.2854400289801384,0
CUST_05720,1.4748399628862758,-1.3232143590120387,0
CUST_05721,2.8157559729307278,-1.8409540996341607,0
CUST_05722,1.6967632761968847,0.14599730629356994,0
CUST_05723,-1.5602412670259291,-0.869497007534327,2
CUST_05724,1.7596327866050174,-0.8507009573303929,0
CUST_05725,2.3268931490931135,-0.9433157334393476,0
CUST_05726,-1.3968219773431934,-1.4199005357422585,2
CUST_05727,2.0225061806756273,-1.596623106444131,0
CUST_05728,1.978603928880493,-1.4484314852500437,0
CUST_05729,2.1953302086888917,-1.1568668013645507,0
CUST_05730,-2.5496076391611173,-1.185418519297832,2
CUST_05731,-1.4050012250713164,-0.5361979495240085,2
CUST_05732,0.40702044287156514,1.0765259090753154,1
CUST_05733,-1.5839019742731513,0.22420553565149734,2
CUST_05734,-0.7960742858283518,2.628447340917161,1
CUST_05735,-1.7367081868305692,-0.6931251443446313,2
CUST_05736,-1.8903408747433545,-0.4466055280000828,2
CUST_05737,-2.2322923486430915,-1.2116762893220643,2
CUST_05738,2.4391361689322646,0.21867129934217527,0
CUST_05739,1.6781365388652463,-0.5127656146056674,0
CUST_05740,-0.08261700456341989,2.025024450891954,1
CUST_05741,-2.8983451854925946,-1.46894388840478,2
CUST_05742,-0.06329475585658803,2.839155641630321,1
CUST_05743,-1.652238189561402,-0.7492356587341282,2
CUST_05744,-1.0648988538441337,-1.6440773141977891,2
CUST_05745,1.5244819585048104,-0.7878776376066315,0
CUST_05746,-1.3234957484633465,0.25488276420182465,2
CUST_05747,-1.7125060717255742,-1.2413903581635488,2
CUST_05748,-2.4014571835089784,-1.9557819047328409,2
CUST_05749,-1.989521470576121,-1.633558599204462,2
CUST_05750,-1.9013137487073846,-1.5314781191249165,2
CUST_05751,1.2257430151692728,-0.3575000346305825,0
CUST_05752,-1.4045375903531747,-1.2687904608987237,2
CUST_05753,2.103035379855484,-1.186410405004563,0
CUST_05754,-1.8432301851875645,-0.7025050149638521,2
CUST_05755,-2.3942542955822628,-0.3285599112941684,2
CUST_05756,2.478580423830755,-0.3170016327317244,0
CUST_05757,-1.7459762168974708,0.45849707100434045,2
CUST_05758,0.9722346872915206,0.35432447699756964,0
CUST_05759,1.7302441179554158,0.1980722065954445,0
CUST_05760,2.089563493383913,0.45326244093373597,0
CUST_05761,-1.0469817307048634,-1.870176516417701,2
CUST_05762,-2.5640909182500717,-1.9698166290574537,2
CUST_05763,-2.6816378505401177,-0.6819497187100566,2
CUST_05764,1.6246610566703859,-0.4829113710199149,0
CUST_05765,-2.497417638320322,-1.293794527048398,2
CUST_05766,-1.278620231786632,-1.7036727937115725,2
CUST_05767,2.009231614055168,0.4557697808724273,0
CUST_05768,2.2621567510094036,-0.8413117200699103,0
CUST_05769,1.2765429499576662,0.3168567811120631,0
CUST_05770,-3.5864333448892856,-2.0227160572321474,2
CUST_05771,-0.8490480340370147,-1.220828917003375,2
CUST_05772,-1.418937377884572,-0.17139161732208646,2
CUST_05773,1.3496740252358692,0.9722681323007569,0
CUST_05774,-1.534651362491895,-0.5348400682071729,2
CUST_05775,1.9591880903002885,-1.1327737305952539,0
CUST_05776,1.1791000189232936,0.865149840446497,0
CUST_05777,-2.2303394848521587,0.8757238736395546,2
CUST_05778,2.6855344807103054,-1.5205428018351368,0
CUST_05779,-1.1931866820296329,-0.7771357783861763,2
CUST_05780,1.5126678790859625,0.07346687206655068,0
CUST_05781,-1.3575127344658282,1.0300120265943498,1
CUST_05782,1.2862112904326424,-0.18603772468780538,0
CUST_05783,0.04445804649896007,2.610790090358391,1
CUST_05784,1.3032154898153345,-0.8909704182274522,0
CUST_05785,2.119712640300693,-0.2089855551540286,0
CUST_05786,-3.7520151197449754,-2.868341691966443,2
CUST_05787,0.8401286530945643,0.6246237175638316,0
CUST_05788,-1.4666074477156947,-1.1065325787721974,2
CUST_05789,-1.9807968585746019,-1.3988024814112656,2
CUST_05790,1.3525744097511847,0.7201085021275277,0
CUST_05791,2.0718045790309665,-0.5117413762599685,0
CUST_05792,-1.0909430200631447,-0.700678745238033,2
CUST_05793,-2.6372834039824573,-1.087676582542858,2
CUST_05794,-1.9588792421156507,-2.076112693433874,2
CUST_05795,-0.3913834565939785,2.977110186968184,1
CUST_05796,-1.1935157353172892,-0.8313553332320679,2
CUST_05797,1.942031689890481,-1.1393264147514095,0
CUST_05798,-1.4748906033933495,-1.8914140259586854,2
CUST_05799,-2.4969895165171696,-2.1378700335813896,2
CUST_05800,1.5190806456066246,-1.398443578667258,0
CUST_05801,1.3618111907712893,0.7852570481776597,0
CUST_05802,1.8487861826962637,-1.589451550914135,0
CUST_05803,1.9344798553450966,0.49009809651823805,0
CUST_05804,-1.943272652696199,-1.4912679802481161,2
CUST_05805,1.948936695353331,-0.4293474330269482,0
CUST_05806,1.4099425118417566,-1.2945050984228077,0
CUST_05807,2.8951170205621435,-0.5877337189023641,0
CUST_05808,-1.4114103798618314,-0.7596373343077859,2
CUST_05809,-2.215171941564142,-0.38941093455821807,2
CUST_05810,1.2546034285788885,1.325038291574851,0
CUST_05811,1.1058533231707175,-0.4764743938279467,0
CUST_05812,-1.7740293497241806,-1.1461928799044014,2
CUST_05813,-1.4128101395695682,-0.713829899477299,2
CUST_05814,2.0083675412294646,-0.30970372765904475,0
CUST_05815,2.5982006029121387,-2.1473545450365155,0
CUST_05816,3.395498334689875,-0.781508224042172,0
CUST_05817,2.4867588132733176,-1.3719589570136113,0
CUST_05818,-1.050298964847717,2.885506140976867,1
CUST_05819,-1.3520465830642283,-2.2335225149370967,2
CUST_05820,-1.374112944005218,2.1480437239992383,1
CUST_05821,-0.34300980768568295,-1.8471682475379783,2
CUST_05822,-0.3393588927782204,1.760366622163054,1
CUST_05823,-1.953460384316519,-0.5818078004544281,2
CUST_05824,-2.6121432888883636,-0.4602314885643263,2
CUST_05825,1.8891214594218602,-1.0401961187037903,0
CUST_05826,0.8761746435752044,-0.3681557303292252,0
CUST_05827,-1.6948150888693183,-0.5400469521822778,2
CUST_05828,1.7469369538629924,-0.8223807390540541,0
CUST_05829,0.9009369252924776,0.463393122532804,0
CUST_05830,-0.8899401423206054,2.6357747661022657,1
CUST_05831,-1.4907410947810702,-0.5327170796908093,2
CUST_05832,-1.6487423622468003,3.0838000783351536,1
CUST_05833,-1.5170783073120133,-0.9202841370960635,2
CUST_05834,1.8977609197447047,-0.060426840966462315,0
CUST_05835,-1.785409681355484,-0.7604368340185013,2
CUST_05836,-0.46065305575627985,2.144514308414277,1
CUST_05837,-1.8666018959568602,-0.7443163405625707,2
CUST_05838,1.9354955393243942,0.2155530661801573,0
CUST_05839,-0.7520273758009954,0.9594643957855561,1
CUST_05840,-1.0602640421467358,-1.9902706224305928,2
CUST_05841,3.4711613594113007,0.43972804481096117,0
CUST_05842,1.241181991026731,-0.6348334994528461,0
CUST_05843,1.4390319020597333,-0.742290364232905,0
CUST_05844,2.2219850701657675,-0.7202175502729816,0
CUST_05845,-2.791539495717342,-1.7036244251305384,2
CUST_05846,1.577485182676685,-0.687739264881446,0
CUST_05847,1.326577128766577,-0.5187592223709752,0
CUST_05848,-1.4640588733097857,-1.2056913179414532,2
CUST_05849,2.2319322072899563,1.330420580184368,0
CUST_05850,-1.289384667081353,2.655603118319626,1
CUST_05851,2.1090085319520795,-1.54097211777323,0
CUST_05852,-2.2549011096536797,0.07936309867727374,2
CUST_05853,-3.5403791897517807,-2.000182261796857,2
CUST_05854,-2.015191282062649,-1.0904325153076126,2
CUST_05855,1.2822941391169618,0.23891839060022474,0
CUST_05856,-1.2993358715428938,-0.7236306692223722,2
CUST_05857,1.8891648402790095,-0.8677444007208379,0
CUST_05858,2.5053545974842697,-0.9929390005718505,0
CUST_05859,1.1841279061919798,0.00595058145579134,0
CUST_05860,-0.9071683881596575,2.492738315044761,1
CUST_05861,-1.0454144379435042,1.7183973687407834,1
CUST_05862,-1.1349697904729994,1.940762566567323,1
CUST_05863,2.4293286934946448,-0.57829221679648,0
CUST_05864,2.142928344702135,-0.08521363347207887,0
CUST_05865,-1.6354524092124294,-0.17288676606524994,2
CUST_05866,-1.1472913252084462,2.194122477220983,1
CUST_05867,-2.322060613600563,-0.7191227940360442,2
CUST_05868,1.85503877672088,0.965279438273706,0
CUST_05869,-1.9960674120316584,-0.7352155268694124,2
CUST_05870,-0.7689548954392422,2.819352426133055,1
CUST_05871,1.7025521905226015,0.12935089088625445,0
CUST_05872,1.0677020693509178,-0.6821597460005815,0
CUST_05873,-1.889718671807786,-0.5793526667144872,2
CUST_05874,-0.0985304891099505,-1.3722265629572943,2
CUST_05875,1.6297406930980691,-0.9306519538862944,0
CUST_05876,2.089573989348385,0.5166078212119501,0
CUST_05877,-3.2944019182160833,-2.1593162169831226,2
CUST_05878,-0.9399360026569415,-0.6648704746844011,2
CUST_05879,-0.9030341191478264,2.7164573428277903,1
CUST_05880,-0.24114825919168686,2.39491096981092,1
CUST_05881,2.3430465322291707,0.7929267720797532,0
CUST_05882,-1.9223724536969502,-0.13485499593073474,2
CUST_05883,1.9851028693411472,0.8228258622621936,0
CUST_05884,-1.516240107237994,-1.4388973767164954,2
CUST_05885,-1.1035141023890798,2.9705555869586195,1
CUST_05886,-1.308570274854997,4.17871233567729,1
CUST_05887,-0.7551613356332728,2.009412721427818,1
CUST_05888,-1.2902787633101902,-2.0157675823343375,2
CUST_05889,-1.8283303093979912,-0.4065541419470225,2
CUST_05890,-0.43586334127490167,3.3222131414379183,1
CUST_05891,-1.732006943025994,0.6972289045337374,2
CUST_05892,-1.4536839585229444,2.8353673264058643,1
CUST_05893,-0.6675899969693713,3.126356243773853,1
CUST_05894,1.02048226343718,-0.7965933245206462,0
CUST_05895,-0.20358500837347276,2.3511266128355595,1
CUST_05896,2.492793311271642,0.5300434119385989,0
CUST_05897,-3.133779163790722,-1.6790734762532327,2
CUST_05898,1.1326900043180976,-0.1752786354138679,0
CUST_05899,-2.826867248364877,-1.5751162601196405,2
CUST_05900,0.01733274099158852,2.210447220367238,1
CUST_05901,-1.9662461424138236,-0.6182261023015945,2
CUST_05902,-1.0363486069180796,1.8363520676049798,1
CUST_05903,2.1329756868115823,-1.1288781174123665,0
CUST_05904,1.0338424705447071,0.8070712334438668,0
CUST_05905,1.3017074665039106,-0.8587151038769643,0
CUST_05906,-2.2242889270572377,-0.4081679053308405,2
CUST_05907,-1.1117390751869123,3.227344061412401,1
CUST_05908,-1.593869575146308,-1.5578664756419542,2
CUST_05909,1.705786051418275,-0.14320848026240277,0
CUST_05910,2.4884184680028136,0.03391130003598742,0
CUST_05911,1.4574414342172608,0.26694068244356955,0
CUST_05912,-1.9378404712206099,-1.8483789492872154,2
CUST_05913,-2.1828154078360917,0.2187378308317831,2
CUST_05914,0.3477579327505817,1.0526894483446085,0
CUST_05915,-1.5327208673865214,1.9157149635103485,1
CUST_05916,2.1699633172569857,-1.6939590104916082,0
CUST_05917,-2.0364734152305455,-2.035495965750915,2
CUST_05918,-2.103916304415252,-0.9660339068542622,2
CUST_05919,2.303240840419769,-0.13296573104497253,0
CUST_05920,-0.696722463619115,2.9708039219565774,1
CUST_05921,0.8810556552655638,0.0651536092738842,0
CUST_05922,-1.884723578783088,-1.0532049081600021,2
CUST_05923,2.3580465025611836,-1.6195722731223408,0
CUST_05924,-2.610282092877093,0.08338898036395116,2
CUST_05925,0.8199054820160131,0.5388505433698726,0
CUST_05926,-1.6799905569941593,-0.8608542200024596,2
CUST_05927,-1.312247769291188,-0.7896983681273659,2
CUST_05928,-2.585956664160493,1.1294551679087703,2
CUST_05929,-0.9493950590925236,1.6870297078940286,1
CUST_05930,-1.8523588389421946,-1.7259044565295947,2
CUST_05931,2.1522695280051662,-1.6740940110195515,0
CUST_05932,1.4348224273493408,-0.11700658804952867,0
CUST_05933,2.775529560648211,-1.1953671510531918,0
CUST_05934,-1.977961974445528,-1.1540784107186444,2
CUST_05935,1.375178118690007,-1.0611826811544622,0
CUST_05936,-2.032792130362956,-0.7768941309949458,2
CUST_05937,-2.5064245402892458,0.5980794412139113,2
CUST_05938,1.9244157101258592,0.26130781426394484,0
CUST_05939,2.81368349808117,0.19156291744094614,0
CUST_05940,2.6637240549754826,-0.16412805907628827,0
CUST_05941,0.8494672398986124,0.05444647796606209,0
CUST_05942,1.874303174135883,0.6444242516365735,0
CUST_05943,1.9914140807291352,-0.864725841315372,0
CUST_05944,-1.3489530933095115,-1.5969888378230621,2
CUST_05945,-2.469011619073728,-0.34387821856560447,2
CUST_05946,1.732437118780639,-0.4149907559352637,0
CUST_05947,1.6010132129166192,0.22488092398812926,0
CUST_05948,1.1542298772243422,-0.8410947478740222,0
CUST_05949,-2.571861639072118,-0.9958032914355736,2
CUST_05950,-1.7421770204534615,-0.6330334322295302,2
CUST_05951,1.9748329005619574,-1.1392487120117711,0
CUST_05952,1.5099903641332717,-0.6889087246681356,0
CUST_05953,-2.7985531090928957,0.06250748841024506,2
CUST_05954,-0.7128781239933628,2.7164944016613397,1
CUST_05955,0.9074450549570952,-0.9785781384689186,0
CUST_05956,-2.638843302855109,-1.1237093882904667,2
CUST_05957,0.8202429843519512,0.3902238337067552,0
CUST_05958,1.744392482876421,0.9687387693636724,0
CUST_05959,-1.3384182596672585,-1.3400320747416983,2
CUST_05960,-2.5778422432532437,-1.4932503561052526,2
CUST_05961,2.386714928705155,0.3690957957092476,0
CUST_05962,-3.1083087555256865,-1.6574271202597024,2
CUST_05963,1.947870382944804,0.11751000794160889,0
CUST_05964,-2.15196109645988,-0.5533852445466902,2
CUST_05965,-1.3930204190828426,3.554802855696009,1
CUST_05966,-1.981201172201537,-1.1370659926642406,2
CUST_05967,-1.2246918461210712,-2.2087905502647494,2
CUST_05968,1.9736489051248296,-1.4284443502684279,0
CUST_05969,-2.005683222184937,-0.6877821625859962,2
CUST_05970,-1.6372359611704104,-0.5193905020155023,2
CUST_05971,-1.6376857768419146,-1.1994983674088495,2
CUST_05972,1.4701838417575606,-0.0008639726047458876,0
CUST_05973,-2.311062519466587,-1.34943194605908,2
CUST_05974,-2.436983694946253,-0.7666899260513752,2
CUST_05975,1.8283604607699648,-0.5506614892972824,0
CUST_05976,-3.1689477165713904,-1.878632570457644,2
CUST_05977,2.4571255628949045,-0.6192338685170582,0
CUST_05978,1.6816507799190097,-1.2488135590452187,0
CUST_05979,-0.11704122896253401,1.9970417504061255,1
CUST_05980,-0.8689830042449643,2.4510828396856406,1
CUST_05981,-1.603134747805532,-0.6390034967620537,2
CUST_05982,1.3004962107468034,-1.0156776558700633,0
CUST_05983,-2.5252376714390334,-1.1482440886300616,2
CUST_05984,2.210899447411864,-1.6548579070733795,0
CUST_05985,1.9070036036937983,-0.8177275554621926,0
CUST_05986,1.2419813073416306,-0.9860095297128464,0
CUST_05987,-0.8470800498724612,3.782393055557343,1
CUST_05988,-1.8081776617348995,-0.655108028011358,2
CUST_05989,-1.539983474485558,-0.0658088748822516,2
CUST_05990,-1.3654305288232862,0.08068727034817078,2
CUST_05991,1.9729632896931326,-1.560070628853545,0
CUST_05992,0.2903247904908731,2.377696262336119,1
CUST_05993,-1.5523506327502246,2.0938964535957387,1
CUST_05994,-1.3389948193056482,1.9312847001732125,1
CUST_05995,1.5261924360127628,-1.169327338081046,0
CUST_05996,-1.042455690994856,0.31443385199199103,2
CUST_05997,-0.36757266441619174,1.7589564503904598,1
CUST_05998,-2.217245769545169,-1.7834647652374294,2
CUST_05999,-0.6086726277538427,3.338170270328723,1
CUST_06000,2.2100285621680724,-1.8046137778017113,0
CUST_06001,-2.017610803421711,0.202398974748136,2
CUST_06002,1.5352709028036078,-0.4936757035122217,0
CUST_06003,-2.351873477195504,-1.9033102544967322,2
CUST_06004,-0.8576756970447731,2.8241685304833797,1
CUST_06005,2.4834368894854055,-1.7327203514352576,0
CUST_06006,-2.227517647262283,-1.4018629716791087,2
CUST_06007,-0.5955548457366066,2.9651586799820966,1
CUST_06008,1.8569052252860727,-1.3662783267128664,0
CUST_06009,-2.0334699984738234,-1.4246816682941263,2
CUST_06010,2.125969461282672,0.22404361720373797,0
CUST_06011,-2.2151617316469325,-0.4150917031073219,2
CUST_06012,-1.6605540517881374,0.29284894247664167,2
CUST_06013,-2.06749885799406,-1.0492652269476324,2
CUST_06014,0.1861453337234723,1.878019137367901,1
CUST_06015,0.06495589882030134,2.0712325922828128,1
CUST_06016,-1.0149264905708888,0.5703364106011545,2
CUST_06017,1.05448960811236,-0.8951076502684533,0
CUST_06018,-1.0025570076652044,2.962982358785369,1
CUST_06019,-1.0029810881408832,2.337858939158764,1
CUST_06020,1.9849409055235794,-2.0602531180493115,0
CUST_06021,1.765834063222862,-0.32865026617903753,0
CUST_06022,-2.9869068909140566,-2.230442950690871,2
CUST_06023,-1.33356009741673,-2.23698673305984,2
CUST_06024,2.1024845840154227,-1.5046704684801848,0
CUST_06025,3.3774255413500187,-0.9544237808441388,0
CUST_06026,1.3757171370217613,0.20219146629195248,0
CUST_06027,-2.4806256304955343,-0.6032483892760926,2
CUST_06028,1.3803958614556977,-1.9093047330039263,0
CUST_06029,-1.5138021779976998,-1.0542279962701018,2
CUST_06030,2.396736659869874,-0.3286781669739115,0
CUST_06031,-1.9496236798935918,-0.14390452266181158,2
CUST_06032,2.4600772927521617,0.7763649642598717,0
CUST_06033,-1.9327536310813893,0.20920625864285558,2
CUST_06034,0.7425996644725721,1.2771255584316912,0
CUST_06035,-1.8348570622104643,-0.11721360456545252,2
CUST_06036,2.7889850313377833,0.586664659935267,0
CUST_06037,-1.4364108414494368,-0.7125026083596631,2
CUST_06038,-1.2759643202188569,-1.1219464638376104,2
CUST_06039,2.14979525170734,-1.1430392893622388,0
CUST_06040,-1.7518249398645753,-1.4405298250564014,2
CUST_06041,0.31008127868656493,2.1821088750471063,1
CUST_06042,2.330985848241036,-1.4431435763798208,0
CUST_06043,3.368607810027774,0.2646253786418792,0
CUST_06044,1.3584957392340935,-0.8010129607478707,0
CUST_06045,-1.605345559691671,-0.9052782978011576,2
CUST_06046,-1.8315502131374926,-0.9846760024398257,2
CUST_06047,1.7104763478592886,-1.440331969107203,0
CUST_06048,0.11281822862843771,2.902227654768001,1
CUST_06049,-1.3240482836894842,-1.3500449872860356,2
CUST_06050,-1.6972272374708985,-1.1169203669704066,2
CUST_06051,-0.5108396997377573,2.0895548388474428,1
CUST_06052,-3.4828333040700485,-2.1229055830280004,2
CUST_06053,-0.8544495594478263,3.762037036352556,1
CUST_06054,1.6408336957642016,0.3247486286968506,0
CUST_06055,-2.0232424549258656,-1.4878426171462116,2
CUST_06056,-0.5725575021308945,2.505001539775924,1
CUST_06057,-0.8410766921719703,2.232670891785626,1
CUST_06058,-1.076310821244395,1.947674661544646,1
CUST_06059,-1.8616045478240955,-0.7852412636380648,2
CUST_06060,-1.4750997143589932,-0.2859344411194985,2
CUST_06061,2.6592211350762582,-0.42773179151205987,0
CUST_06062,0.8252049242214272,1.7819278148582098,1
CUST_06063,-0.8400651518281128,2.572976117656867,1
CUST_06064,-0.06731799540867056,3.1368948326393578,1
CUST_06065,1.5822942433906997,0.161296995347968,0
CUST_06066,-2.3723912332582855,-0.7256735072673158,2
CUST_06067,-0.12461300308616668,2.4881279419075994,1
CUST_06068,1.5310996195285136,0.0713802277601589,0
CUST_06069,2.0530814786097387,-0.6738661466142402,0
CUST_06070,0.5273404987310543,0.185063813968585,0
CUST_06071,-2.3228530059694092,-2.0197243368169184,2
CUST_06072,-0.007900711981646604,0.7477324521423498,1
CUST_06073,1.8828700865953991,-0.9952428224632118,0
CUST_06074,-2.0998438094203804,3.830735851354667,1
CUST_06075,2.5499578163625176,0.5778091992029929,0
CUST_06076,2.3416363421637927,-1.2823864155482037,0
CUST_06077,2.2141444340013465,0.9069151329062193,0
CUST_06078,-0.3400038316275385,2.7274916423563678,1
CUST_06079,-0.7321628991189546,4.339805986254746,1
CUST_06080,1.6119321578385435,-0.10971466218396597,0
CUST_06081,-0.2558840848823774,1.9009331295588106,1
CUST_06082,-1.565719483655164,-0.2132264844005364,2
CUST_06083,3.4005538064113314,0.36855293495137137,0
CUST_06084,1.3339812793190864,1.2004103052690303,0
CUST_06085,2.4453849578682982,0.5258943245667336,0
CUST_06086,-0.6725948788641164,3.2966670837259637,1
CUST_06087,-1.4240063326019978,-0.3168072050472251,2
CUST_06088,0.9885306522145683,0.4224753031969459,0
CUST_06089,-1.4312784476509068,-0.31077910113530016,2
CUST_06090,1.5106273989014307,-1.1059049057666175,0
CUST_06091,1.8668172844028703,0.5890815270804328,0
CUST_06092,-1.404687268581503,0.6441346057040479,2
CUST_06093,1.2166488299403806,-0.2888063621648728,0
CUST_06094,-0.9758835323495594,3.2329176466573917,1
CUST_06095,1.7549879281456038,0.7572063875900034,0
CUST_06096,-2.436098366754512,-0.3776776855687892,2
CUST_06097,1.7511821247670665,-0.8870454138199672,0
CUST_06098,-1.4908767911098888,-1.5840689192590354,2
CUST_06099,1.0011631197635351,-0.6818068298816331,0
CUST_06100,-1.823845532806776,-1.060686635583654,2
CUST_06101,2.6269450178004936,0.3898709201764521,0
CUST_06102,-2.1170161164132795,-1.1663845374271016,2
CUST_06103,1.3317651007642444,0.5817865300391949,0
CUST_06104,-2.155484756617382,-1.7219305394998845,2
CUST_06105,2.3483332445038636,-1.8737782698071748,0
CUST_06106,1.8069415426327637,-1.6163879624259911,0
CUST_06107,-1.0081884795698153,2.7313635756174137,1
CUST_06108,1.096039824585793,-1.986432304173968,0
CUST_06109,1.3789005121556155,-1.2308102883931795,0
CUST_06110,-3.161045468343022,-1.0306172631847066,2
CUST_06111,-3.7558260354372184,-1.6571134339635663,2
CUST_06112,1.6066326432188454,0.3598222020304232,0
CUST_06113,-2.442546149676736,-1.9843172810689855,2
CUST_06114,-0.7158076345241846,3.8991725529728547,1
CUST_06115,1.4818676804117543,0.4465782172953865,0
CUST_06116,-1.3755398498749785,-1.4680807048345308,2
CUST_06117,-1.210502838769715,-0.2546287461559309,2
CUST_06118,-2.8120263828819385,-0.713899603072441,2
CUST_06119,1.1297972123442603,1.1667840670355332,0
CUST_06120,-1.1990252442414233,-1.1080933744631174,2
CUST_06121,1.1027520813710654,-0.37079584890135625,0
CUST_06122,1.9710702298018083,-0.7884589867765632,0
CUST_06123,1.9846514712252332,-0.6272960306501851,0
CUST_06124,-2.046004537229651,-1.8384737454751414,2
CUST_06125,-1.824708491441491,0.4994821050148476,2
CUST_06126,-1.86174042134444,-1.33616436843091,2
CUST_06127,-0.6933351590345654,2.7534322414312062,1
CUST_06128,1.138642481740622,0.07100732435017995,0
CUST_06129,1.840803951094888,-0.9860646256054205,0
CUST_06130,2.875696706958213,0.17851429603611121,0
CUST_06131,1.9376743119384867,-0.029088084554356478,0
CUST_06132,-1.9006607928570083,-0.6114087273599321,2
CUST_06133,-0.6077674020509896,3.214684405466146,1
CUST_06134,1.4237037103273253,-0.3013760146612544,0
CUST_06135,1.6830198001308845,-0.8186687597014867,0
CUST_06136,2.146399763343777,-2.0811851838387336,0
CUST_06137,0.8228181526238231,0.2215810761137248,0
CUST_06138,-1.5520771846559942,-2.5488057230442336,2
CUST_06139,-1.943494614781228,-0.398669340855938,2
CUST_06140,-1.8466385821801625,-0.27941143483899505,2
CUST_06141,-0.8279216561096279,3.0852651408331657,1
CUST_06142,1.0179900257549135,-0.18890929801035594,0
CUST_06143,3.5257513527070246,-1.2796798439434733,0
CUST_06144,-3.7478412646449577,-2.253393403384787,2
CUST_06145,-1.8870503097242444,-0.056780783286610265,2
CUST_06146,2.3715819171199057,-0.9154279989569903,0
CUST_06147,-0.3076278033314638,1.2331353495924506,1
CUST_06148,-0.9623561656503096,1.7575731633394787,1
CUST_06149,-1.1340665981703384,-1.0584885054542164,2
CUST_06150,-2.121661674864451,-0.6767995918782314,2
CUST_06151,0.16170014182944012,3.322942964780521,1
CUST_06152,-0.8050252831033261,1.9878412066642648,1
CUST_06153,1.6091309987830449,-0.7677679658974028,0
CUST_06154,2.1299951092372496,-1.545042493313289,0
CUST_06155,2.44666409731894,-1.3488946965199575,0
CUST_06156,1.2442489091326143,-0.0604357485861291,0
CUST_06157,-1.4604096229981307,-0.3900486299313585,2
CUST_06158,-1.1704737901927167,0.2602590537903179,2
CUST_06159,2.342236244258078,-1.1747008183788354,0
CUST_06160,-1.5646319853368753,-1.4451084435642239,2
CUST_06161,1.8483030132403184,-0.7607072094324294,0
CUST_06162,0.9235748066136629,0.5623022897016305,0
CUST_06163,0.9152258133896368,0.6044859256545856,0
CUST_06164,0.8718688555890179,0.8520201894379742,0
CUST_06165,1.0678198184118077,0.2389238308105154,0
CUST_06166,-1.2595720638569419,3.2664714860679545,1
CUST_06167,4.087554928811209,0.4196803890392812,0
CUST_06168,-1.755380253015542,-1.991986034116437,2
CUST_06169,2.4173622674639548,-1.6629123814317164,0
CUST_06170,2.5390257555972,-0.9829071438404294,0
CUST_06171,0.6225199307225855,-1.0033089094468588,0
CUST_06172,-1.475548215703853,-1.0320302316818764,2
CUST_06173,1.8192645334575717,-0.02197959188443225,0
CUST_06174,-2.5207443487831442,0.4358454218967737,2
CUST_06175,-0.4333552864365366,1.6920222425602325,1
CUST_06176,-0.9845285926815587,2.932683151731079,1
CUST_06177,-0.7239656720383778,3.1169471751704547,1
CUST_06178,2.5232104543629523,-1.6393295997969508,0
CUST_06179,1.9111980399960926,-0.3013926086805259,0
CUST_06180,1.914046688925715,-0.40913200696681146,0
CUST_06181,-0.413535069628933,2.5344107458665026,1
CUST_06182,1.2734375898836419,-0.16530918206699682,0
CUST_06183,1.8623998956601475,-0.8383400522651043,0
CUST_06184,-2.9119926898173576,-1.7289748440591262,2
CUST_06185,3.009195892516185,-2.1463143194674292,0
CUST_06186,-1.3391894707515397,-0.6954664342114341,2
CUST_06187,-2.595574262330333,-0.5226423603770726,2
CUST_06188,3.030271758978113,-0.7368415704215164,0
CUST_06189,3.890073554456371,-0.3271865341452973,0
CUST_06190,0.5748301884853122,-0.3082459376020101,0
CUST_06191,-2.3244184169741806,-2.038128268774812,2
CUST_06192,-1.3701602140479097,0.2773427223163763,2
CUST_06193,-1.6610139834171953,-0.5878324663186983,2
CUST_06194,-2.2497887792499616,-1.4956462310379937,2
CUST_06195,-1.762592239650529,0.5157167430137932,2
CUST_06196,2.9331165075369063,-1.4310740176585894,0
CUST_06197,0.9185424470565297,0.772918081000515,0
CUST_06198,-0.9371487844842344,-1.4374298760519937,2
CUST_06199,1.4240631204849774,-0.42993905489378714,0
CUST_06200,1.3938765958325907,-1.3309334131890984,0
CUST_06201,-1.8385300558485629,-0.4617372560995422,2
CUST_06202,2.4712815250978992,0.9199473843539396,0
CUST_06203,-1.021613233954039,-2.152031931091407,2
CUST_06204,-2.1359143013301267,-0.4471378132865147,2
CUST_06205,2.903272097846656,-1.7332280713990726,0
CUST_06206,-1.372855322967148,-1.2596152234276443,2
CUST_06207,1.2877710787495211,0.7005940626614422,0
CUST_06208,2.086595263474956,-0.626200946087814,0
CUST_06209,1.26783055287066,1.152522559423289,0
CUST_06210,2.6104479331513106,-2.125450039569698,0
CUST_06211,-0.9089170056247775,2.742644265866015,1
CUST_06212,2.3073899639299014,-1.0695540654061515,0
CUST_06213,2.639339540108558,-1.1782407858655282,0
CUST_06214,-0.1807306019601305,1.7016237404339494,1
CUST_06215,-1.4676044901962064,0.47179094357932344,2
CUST_06216,-1.7622675766332474,-0.7128251321101461,2
CUST_06217,3.2947631363502587,-1.8055502374356067,0
CUST_06218,1.9295948587098517,-0.1284250995621165,0
CUST_06219,2.6656448554533383,-0.7831445577790309,0
CUST_06220,2.245371736049733,-1.9644609046114854,0
CUST_06221,-2.4285725973108727,-0.7948700534767135,2
CUST_06222,-1.5762287467951643,-1.3029016462118712,2
CUST_06223,2.228830409007525,-1.6648587868561928,0
CUST_06224,2.2513784346854537,1.1385886619585648,0
CUST_06225,2.314612989347117,-1.1625387939747829,0
CUST_06226,-1.3194043249284262,-0.8558185639941736,2
CUST_06227,2.277602532045015,-0.6783798457828303,0
CUST_06228,-1.2634854554302994,-0.9727149310156694,2
CUST_06229,-1.7535331213654737,-0.36953759026750915,2
CUST_06230,2.315633259567868,0.32428570552926994,0
CUST_06231,-0.9805764872323565,3.16719839629543,1
CUST_06232,-1.5283145547635677,-0.9443510649305311,2
CUST_06233,-0.2632983489895289,2.7387054930492627,1
CUST_06234,1.1201383140089065,-1.5054367218129134,0
CUST_06235,1.5419652216490491,-0.1494520320804004,0
CUST_06236,-2.9027019605315614,0.9611996333809285,2
CUST_06237,-1.5564227269073,-0.03914553906867895,2
CUST_06238,-2.4110139770133636,-0.4616839510864745,2
CUST_06239,-1.994539453599181,-2.5612772208792784,2
CUST_06240,-2.8709178495941456,-1.3952139271146877,2
CUST_06241,-3.3042262092525827,-3.3193704294194806,2
CUST_06242,1.0355172623176379,0.7389261713288339,0
CUST_06243,-0.5828465778414172,1.883663815332858,1
CUST_06244,-2.1186890673384307,-0.9132254050317106,2
CUST_06245,-1.7901890701929108,-0.8431285310315687,2
CUST_06246,-0.5125807838141833,3.1729741082680922,1
CUST_06247,1.5686169745253056,-0.8806982379771718,0
CUST_06248,-0.9440296189041392,-1.258303746298772,2
CUST_06249,-1.7441784273013299,-2.2507333771114495,2
CUST_06250,2.1700668600455226,-1.1879626425620142,0
CUST_06251,-0.496176912461015,2.3508703522854724,1
CUST_06252,1.8743331835954387,-1.037253331242561,0
CUST_06253,1.5053032086274662,0.470618627312857,0
CUST_06254,1.9877976207630972,-0.3210388302387213,0
CUST_06255,0.9721004035072297,0.8014214505261558,0
CUST_06256,-0.518955330379964,2.7439394987984143,1
CUST_06257,-0.4168618424128279,2.7238319744442387,1
CUST_06258,-1.3379558190578056,-0.6659019426939281,2
CUST_06259,-1.6035722562310206,0.5934822666864848,2
CUST_06260,1.6837547500493781,-0.14711550354116873,0
CUST_06261,1.4839675794075522,-1.547104328530303,0
CUST_06262,-1.9646819558653017,-0.6426120236467403,2
CUST_06263,2.264591273565853,-0.07880968896185428,0
CUST_06264,-3.338286582196091,-2.212970668990837,2
CUST_06265,-1.4003279445958163,-0.21662491538239567,2
CUST_06266,-0.15205504053263025,1.5973419899013577,1
CUST_06267,-2.6029740374272508,-2.121253383916858,2
CUST_06268,2.3236883546115346,-1.74471994461127,0
CUST_06269,2.6821498898530813,-0.27750351039362,0
CUST_06270,-1.3759083737090556,-1.3689586499336401,2
CUST_06271,2.071616762313946,0.7415504089344949,0
CUST_06272,-1.9656692315337136,-1.2143847735184352,2
CUST_06273,1.2554148274852783,-0.4318326107503164,0
CUST_06274,-0.4768528380337649,1.34494897395356,1
CUST_06275,-0.57472171816893,2.8803713063069107,1
CUST_06276,-1.4427942888337264,-1.2183610252620825,2
CUST_06277,2.5254533192712865,-0.19966217493411473,0
CUST_06278,0.9587897119835942,0.6077250231148349,0
CUST_06279,-1.4246960811491167,-0.48157235843678425,2
CUST_06280,1.4432871117097548,-0.5042648626893891,0
CUST_06281,-1.6029062503383935,0.23907279299487294,2
CUST_06282,-0.8611025407986812,1.315087731223774,1
CUST_06283,-2.4658861310841504,-1.3143081838848194,2
CUST_06284,-2.3467578359838415,-0.23836832264663368,2
CUST_06285,0.7701051229978131,0.4460211683657475,0
CUST_06286,-0.7480150786674994,3.7795207850419485,1
CUST_06287,-2.2253227019223925,-1.3239479705108974,2
CUST_06288,2.741856082992917,-0.03896409763167949,0
CUST_06289,-2.1445687508907585,-1.3015349709568929,2
CUST_06290,-0.6937536788573554,1.7975323773938705,1
CUST_06291,1.6070598024717397,-0.7317836028433548,0
CUST_06292,1.2805786174733733,0.4101149141660541,0
CUST_06293,-2.15912171069822,-0.9143124565382882,2
CUST_06294,1.117343491357519,0.39299023881910733,0
CUST_06295,-2.364174489374959,-1.6300870288824716,2
CUST_06296,-3.0259594318458545,-0.17766695558746162,2
CUST_06297,1.9761094812337976,1.1628369127188445,0
CUST_06298,2.933633744525286,-0.9369138949089258,0
CUST_06299,-2.0140276123708256,-0.2659983149868738,2
CUST_06300,2.3662629605829175,0.3177407523806898,0
CUST_06301,-1.676876785433276,-0.42834315734284273,2
CUST_06302,-1.4631480962404864,1.8110473648048828,1
CUST_06303,-0.4213812357769961,2.2362109479072716,1
CUST_06304,-1.2644809202487606,-1.5582683888404167,2
CUST_06305,1.6250810846914137,1.1313412322955472,0
CUST_06306,-0.5867478073282156,3.338819245864015,1
CUST_06307,1.8953122725157403,0.28851269725959333,0
CUST_06308,1.5899255516482886,0.5104345374279888,0
CUST_06309,-0.6747112055428208,2.5322978203692874,1
CUST_06310,-2.648460779642472,-1.3448351532774692,2
CUST_06311,1.2583582347566498,0.7564797602648744,0
CUST_06312,-0.9105808947998221,1.7111936069173344,1
CUST_06313,-1.7601949790512996,-1.120772359787772,2
CUST_06314,0.7776411146355435,0.3668405829465452,0
CUST_06315,1.5185560034676036,0.37823174794256653,0
CUST_06316,-3.3789006233218517,-3.3902763092329424,2
CUST_06317,-1.8388133995786502,-0.6887393835656326,2
CUST_06318,-0.8926970362805527,2.47620439822883,1
CUST_06319,-1.9026000260472509,-0.1630883812146248,2
CUST_06320,1.9602077106873246,-0.14060597804315023,0
CUST_06321,-0.12782795255472448,2.6162247242371848,1
CUST_06322,-0.8757620153852569,2.320951924355735,1
CUST_06323,-0.5222770536280218,3.491026916654336,1
CUST_06324,1.7539502028835772,-0.6037105368840875,0
CUST_06325,0.7564598965119566,-0.17554681793662555,0
CUST_06326,2.5506719376049465,-1.7608463012658784,0
CUST_06327,-2.182618924545026,-1.1448972407897506,2
CUST_06328,2.0150410399989798,0.36899893229807496,0
CUST_06329,0.1715732443931591,2.6370047475478255,1
CUST_06330,3.4138345254501785,-1.022887278418412,0
CUST_06331,2.510533343186529,-1.4853808169046872,0
CUST_06332,-2.6026097754836615,-0.6212098997291458,2
CUST_06333,-0.331482480740586,2.723910754899295,1
CUST_06334,-0.4060518168429091,2.5333094603828554,1
CUST_06335,1.0434690581694144,-0.22906794325648894,0
CUST_06336,-2.2019210851827955,-0.5008749646315848,2
CUST_06337,1.6776928158308364,-0.5772792081489865,0
CUST_06338,1.4644600277569457,-1.3252886694953145,0
CUST_06339,-0.7651439277057268,3.1862781722889038,1
CUST_06340,0.9728991732182927,0.04754490256725408,0
CUST_06341,1.6167282431644736,-0.7277200520180469,0
CUST_06342,-1.8754399495274345,-1.458022061954754,2
CUST_06343,-1.1402771347999703,-0.9049955974351946,2
CUST_06344,-1.386415958019058,0.008850420760253597,2
CUST_06345,1.0648765851341464,-0.04568590406350187,0
CUST_06346,3.6905236570186855,-2.2611083437445214,0
CUST_06347,1.1348545908605512,1.3749405141512971,0
CUST_06348,-1.7826557177498692,-0.8780680395949715,2
CUST_06349,-0.8847335164494022,2.0766628048298865,1
CUST_06350,-2.5189466410710515,-0.10581345084790997,2
CUST_06351,2.763542121999318,-0.5065532863052032,0
CUST_06352,-0.5521580774914631,1.5803449624033408,1
CUST_06353,1.6377543656250704,-0.1921103474589379,0
CUST_06354,-0.026279174391592768,2.144955166008676,1
CUST_06355,-1.8286914016251385,-1.3860598038294876,2
CUST_06356,-2.2590404105097925,-0.7726035890514025,2
CUST_06357,-0.6527349868699174,3.739906013836041,1
CUST_06358,-0.7461238149075498,2.279702801629833,1
CUST_06359,-1.136972040576392,-1.4806959071962744,2
CUST_06360,-1.3670167776938695,-1.1460534438972727,2
CUST_06361,2.0127656927646993,0.3130047123209582,0
CUST_06362,-0.5528926969309417,1.8082569213067246,1
CUST_06363,1.4702235631731666,-0.3975911628300971,0
CUST_06364,-1.3396662004193998,3.1131407562971396,1
CUST_06365,0.032574007193419824,2.161479347468282,1
CUST_06366,-0.6202579685723716,3.4297412799426286,1
CUST_06367,1.4996281055360678,0.6292325732555369,0
CUST_06368,1.8210578804834043,-0.8042316325154982,0
CUST_06369,-0.7312112288587286,2.7810933838244387,1
CUST_06370,-1.8782509604239135,-0.08599510203173218,2
CUST_06371,-2.134108402124499,-1.425120525197004,2
CUST_06372,2.6195935964404296,0.03180483688341598,0
CUST_06373,-2.5185603932113927,-1.5061797221596747,2
CUST_06374,-1.4031139536820758,-2.5212403974477153,2
CUST_06375,1.478626392215491,0.15006837279114307,0
CUST_06376,2.1684927911001575,-1.8733569457047219,0
CUST_06377,-0.8276479207668643,-1.38875455193876,2
CUST_06378,-2.1304732986451227,0.137804099771206,2
CUST_06379,-3.1745239145438364,-1.144780182909048,2
CUST_06380,-1.7535842265959933,-0.6661164442547595,2
CUST_06381,-1.72469416961888,2.9479045966818473,1
CUST_06382,-0.7472801649458624,1.5371598945421918,1
CUST_06383,1.260081704094836,-0.2688285119859773,0
CUST_06384,1.6031115248678651,-0.1884060055430287,0
CUST_06385,-0.9467920233685926,2.7985582747051847,1
CUST_06386,-1.5376651406742474,0.16632348225110122,2
CUST_06387,0.07652463782844342,2.86381834731254,1
CUST_06388,-1.3607550777066701,-0.6336100204969397,2
CUST_06389,0.7724578283185103,-0.38902566736878236,0
CUST_06390,-0.053038777413374046,2.1663196780786587,1
CUST_06391,2.602663706486145,-0.29451724996940415,0
CUST_06392,2.131021702526713,2.166340587662152,0
CUST_06393,-1.0076646312368276,-0.08545195943275716,2
CUST_06394,-2.5250207906191493,-0.34956387397072053,2
CUST_06395,-1.7724466097805598,-0.5563773519491689,2
CUST_06396,0.5365049353342187,0.4189895657759379,0
CUST_06397,-1.122333311583158,2.3376255096597043,1
CUST_06398,0.6888233134795179,-0.4025370811163647,0
CUST_06399,-0.7603726424343668,2.3911712727646974,1
CUST_06400,-3.5793905152455885,-1.6247945795447334,2
CUST_06401,-1.9537613937993532,-0.9361399302767278,2
CUST_06402,-2.152172978414047,-1.4118680560163066,2
CUST_06403,1.9686568526161305,0.25261920199605553,0
CUST_06404,-0.585631193318715,-1.3229503396501512,2
CUST_06405,2.802889330194761,-1.6954110209192392,0
CUST_06406,-1.1929545535069,-0.8936495638337419,2
CUST_06407,1.3696893860715484,0.3687269114190794,0
CUST_06408,1.3751735574915753,0.9851286892973611,0
CUST_06409,-1.3220293306778534,3.6056083132557952,1
CUST_06410,-2.63635083062968,-0.7863165675121352,2
CUST_06411,1.2276463635096064,0.6632114026896333,0
CUST_06412,1.3868908498733719,1.745906312745268,1
CUST_06413,-3.5221783632398145,-2.583895576912114,2
CUST_06414,2.299622042274239,-0.004991133076713837,0
CUST_06415,1.7677078849869174,-0.6709142865791278,0
CUST_06416,3.192913307103924,-1.171980494645098,0
CUST_06417,2.4527860242467754,-0.3138502601399744,0
CUST_06418,-2.4086482984074093,-0.4468182376638591,2
CUST_06419,-1.3195955112621827,-0.8154274459184093,2
CUST_06420,-0.5515206632673468,3.5638874924154287,1
CUST_06421,-0.9286140185483946,-1.5045730879092696,2
CUST_06422,-0.9565913471125896,1.6217235883241659,1
CUST_06423,2.073799017433138,-1.5262799704916108,0
CUST_06424,1.3373112040691972,1.20063387151682,0
CUST_06425,3.068833534186404,0.42648953289506325,0
CUST_06426,2.1672951215984817,-0.7259162454199857,0
CUST_06427,-2.8402733987172017,-2.305256920393002,2
CUST_06428,-1.8250278738792105,-0.7172380370609299,2
CUST_06429,3.2022226605742463,0.6317728215475394,0
CUST_06430,0.42241043806961087,2.937898092282002,1
CUST_06431,-1.8283321143976645,-0.04042639726682209,2
CUST_06432,-3.0399501673428166,-1.3741192481498314,2
CUST_06433,-2.101401027980527,-0.6224800839860098,2
CUST_06434,-0.5580751311632359,3.7162808829152563,1
CUST_06435,-1.1021496159914348,-0.4553454058038971,2
CUST_06436,-0.9725685696341692,2.5058988747838753,1
CUST_06437,-0.917677401967867,1.9829224328790003,1
CUST_06438,1.7955605588721064,-0.9126984543262266,0
CUST_06439,1.7649637539711125,-1.61644981213863,0
CUST_06440,-0.16648632094378427,2.631422136454935,1
CUST_06441,1.4363992257863119,1.2642110337902142,0
CUST_06442,1.1570537130708234,-0.7683119942092325,0
CUST_06443,-1.2208903904572135,-0.624046351110263,2
CUST_06444,1.2323903137382437,0.16697666740799805,0
CUST_06445,-0.6552129811577504,1.5464689608944282,1
CUST_06446,-1.145663330218341,2.464991773313592,1
CUST_06447,-1.0861527079940003,-1.5481381145092414,2
CUST_06448,0.1623745671094714,2.5963833862322305,1
CUST_06449,2.082776619064234,-1.5675360964240577,0
CUST_06450,-1.9467756824207088,2.6400391787257647,1
CUST_06451,-1.1475842194689936,-1.1077157133210256,2
CUST_06452,-4.0731438061877725,-2.4611328247557287,2
CUST_06453,2.95185721108766,-0.4248710043635012,0
CUST_06454,1.5537394205243231,0.3920022880749491,0
CUST_06455,-2.2753096881303785,-1.2313888652286975,2
CUST_06456,1.7285246317990086,-0.19847454861923755,0
CUST_06457,-0.6963323495904429,3.191294720775657,1
CUST_06458,1.9370206678711142,1.7857446861700796,0
CUST_06459,0.8602432612457179,-1.271502247304625,0
CUST_06460,2.3775983879510902,1.207081283466041,0
CUST_06461,0.5660030182327276,0.2558839611749594,0
CUST_06462,-0.4827650349764284,-0.3888868713285491,2
CUST_06463,-1.4215317038998045,-1.9580156809916314,2
CUST_06464,0.9515677258775532,0.25130118639953497,0
CUST_06465,-1.6522143410329964,-0.2682970799943565,2
CUST_06466,0.7717055433083512,-1.2245383613160543,0
CUST_06467,-0.027744044195600146,2.740042323834026,1
CUST_06468,2.3362729892612983,-2.1763041810273744,0
CUST_06469,-1.7789479156675245,-1.8772121672306905,2
CUST_06470,-3.217797811022973,0.21963040929534125,2
CUST_06471,-1.1155335494474952,-1.140818101104337,2
CUST_06472,-2.2960572132863044,-0.611366582881839,2
CUST_06473,-1.5923574302253385,-1.015216689520192,2
CUST_06474,-2.681852181073563,-1.3736113341082938,2
CUST_06475,-1.834227954496155,-0.8026515661234584,2
CUST_06476,-2.6673109265047965,-1.3887511280490048,2
CUST_06477,-0.5080971611279531,2.8254232587191392,1
CUST_06478,2.6453242239364863,-1.507908490888913,0
CUST_06479,-0.6760836413422838,2.736344758003235,1
CUST_06480,2.3913440152100254,-1.299467977181777,0
CUST_06481,0.23842889063365727,2.1135799173055467,1
CUST_06482,-0.7968471450268992,3.3692103840078906,1
CUST_06483,-2.993268079615835,0.18673514882788056,2
CUST_06484,2.064559288409371,-1.5271756867839055,0
CUST_06485,1.9995023620846266,-2.0071792474303205,0
CUST_06486,-0.5629463119063505,2.5567614959815104,1
CUST_06487,-2.9248255868031676,-1.5389407569849811,2
CUST_06488,0.8759567987957716,0.19735434800730522,0
CUST_06489,1.1597579082375158,-0.12165575875914875,0
CUST_06490,-0.8289792456017503,-1.1643542837394083,2
CUST_06491,-0.6450214731121338,2.6674519299876795,1
CUST_06492,2.5238621780725023,1.5024677494265797,0
CUST_06493,1.885910348670678,-0.060342148844314034,0
CUST_06494,1.6981123067889687,1.879983040684479,0
CUST_06495,-0.6037187694137862,-1.5612095855964776,2
CUST_06496,2.185875283522533,-1.0967591363046876,0
CUST_06497,1.478054285090489,0.3293700604533997,0
CUST_06498,2.641274259471244,-1.4852065923945081,0
CUST_06499,0.9169723194007788,0.6342682135128705,0
CUST_06500,-0.7050461639871785,-0.8059527600774236,2
CUST_06501,1.8317767390085389,1.6661025645899759,0
CUST_06502,1.4867025481247922,-1.386800744161451,0
CUST_06503,-0.6097092695583028,3.091165970190612,1
CUST_06504,1.7139979877227611,-0.32978026266767274,0
CUST_06505,1.7042509573085562,-0.022512815831533216,0
CUST_06506,-2.2056466628583573,0.4051383918693965,2
CUST_06507,-1.806203256827624,-0.7519041992598962,2
CUST_06508,-3.3437909874322433,-1.614303587571649,2
CUST_06509,-1.8354598922489767,-1.4514920818728803,2
CUST_06510,-2.0969839756546653,-1.5646059656326876,2
CUST_06511,2.2330569569093983,-1.5118449564867207,0
CUST_06512,-1.8738468416101834,1.1760622791131647,1
CUST_06513,-1.2232014030462601,-1.6719465608710535,2
CUST_06514,-1.1989463053199056,-0.4969718184688713,2
CUST_06515,-1.3123919441258918,4.283948381217917,1
CUST_06516,1.2912687196827324,1.1208531481077082,0
CUST_06517,-2.754375557465406,-0.7480899116222706,2
CUST_06518,-1.9743972338816245,0.30918181417998164,2
CUST_06519,-2.0330651142421643,-1.6735637307046811,2
CUST_06520,1.7677901643395082,-0.8367547322539922,0
CUST_06521,2.0361221358702704,0.08873965802697788,0
CUST_06522,0.7277322771405403,0.8134004221413341,0
CUST_06523,-0.8421906382742137,-1.2394540061595398,2
CUST_06524,2.59052228341711,-0.029514028363404915,0
CUST_06525,1.4496249576624363,-0.11377895324933124,0
CUST_06526,-2.727969740909297,-1.108000938228254,2
CUST_06527,1.8659373270466861,-0.31407494142397896,0
CUST_06528,-1.4103440524308444,-1.6386474369133681,2
CUST_06529,1.8571950926595933,-1.06374503379993,0
CUST_06530,-1.4143641029651641,-1.2979703776004268,2
CUST_06531,-0.7167975984504852,2.6666152745284446,1
CUST_06532,-1.4427099248078363,-1.7583257816837663,2
CUST_06533,-2.348565931219654,-2.5105070336621953,2
CUST_06534,1.2767790919985575,-0.5038016194595006,0
CUST_06535,1.7532388946720108,-0.850433930663697,0
CUST_06536,1.6770415638830916,1.6798176124441146,0
CUST_06537,-1.6486094281097041,-0.5354448194428616,2
CUST_06538,-1.2755397549155991,-1.0520763173191459,2
CUST_06539,-0.70877768192626,3.3904595150071235,1
CUST_06540,-1.1097687401691083,3.085141467881337,1
CUST_06541,2.7310435020799946,-1.4650886379971308,0
CUST_06542,-1.2944829728697422,-0.11897309565522364,2
CUST_06543,-1.5921765882618795,-1.4125815808671534,2
CUST_06544,2.137303259121853,0.758731467237878,0
CUST_06545,0.8838471279040249,1.6708927326682554,1
CUST_06546,3.4967170129180913,-2.668939973687588,0
CUST_06547,-1.334804198196203,3.457776349746102,1
CUST_06548,-0.46427665916018696,2.3166685537966747,1
CUST_06549,1.062619384980138,-0.6503456457728851,0
CUST_06550,-0.6688165821020491,2.9115050519672456,1
CUST_06551,2.12445843303463,0.07318322618881687,0
CUST_06552,-0.9205864538696124,1.8325615215023145,1
CUST_06553,0.06467164617422184,2.634848501866518,1
CUST_06554,2.7036750364321023,-0.8222621690381628,0
CUST_06555,-1.891917518002698,0.18361381752165995,2
CUST_06556,-1.6669340372608854,-0.21877934466092577,2
CUST_06557,1.959290802068804,-0.26028133304009843,0
CUST_06558,1.9134663819856583,-0.5393766987812939,0
CUST_06559,-2.3382945129790174,0.4706029526788718,2
CUST_06560,-1.7077919988123256,-2.5594881929358597,2
CUST_06561,3.1585950763929573,-0.5520163702709819,0
CUST_06562,0.45871721749169964,1.338086469920127,1
CUST_06563,1.6954721585431967,-2.256400596653007,0
CUST_06564,0.22286650094667992,1.8893379938935961,1
CUST_06565,1.5930614770262044,-0.8150290869976085,0
CUST_06566,0.621074492939668,-0.31501093003982816,0
CUST_06567,-2.0920582659517386,-0.9821169823272036,2
CUST_06568,-1.5873183573417358,3.7803118627256542,1
CUST_06569,2.4363395995942465,-0.11462472170476651,0
CUST_06570,1.5285767714798715,0.41374806700891426,0
CUST_06571,-1.362152277383664,3.822757698678969,1
CUST_06572,1.733367169871769,-0.4064762973381027,0
CUST_06573,1.947206113813544,-1.008782956790329,0
CUST_06574,-2.9686362133194613,-1.3523807592356352,2
CUST_06575,1.9386886502539489,-1.304440568733501,0
CUST_06576,-1.0577326114049153,-1.3564093069100134,2
CUST_06577,-2.9465496008252363,-1.6781422133696273,2
CUST_06578,0.9713614460348053,-0.5283113590113386,0
CUST_06579,2.6424271003044324,-0.39788414332890115,0
CUST_06580,-0.6680972672497097,2.886348815620594,1
CUST_06581,-2.0202483430660387,-0.542867730658037,2
CUST_06582,-1.3517909604012692,-1.7662592384277598,2
CUST_06583,-1.5265762017127935,-0.1167931124697105,2
CUST_06584,2.3207003045696717,-1.742490120370442,0
CUST_06585,-1.1750930741992274,-1.5457674124690703,2
CUST_06586,1.4398364138942785,0.2325344730126753,0
CUST_06587,-0.5926498213176585,1.2482830053073124,1
CUST_06588,1.6026619640081594,-0.6593786336346703,0
CUST_06589,2.5211041381595862,-1.138109263411755,0
CUST_06590,-0.9694596827978265,-1.6209770638028618,2
CUST_06591,-0.01379005661682787,1.6381580242765283,1
CUST_06592,1.4983002781372774,0.3263449642383628,0
CUST_06593,4.726067110289266,0.036345303226827864,0
CUST_06594,-2.3693951058133695,-0.8507643819012751,2
CUST_06595,-2.680797100893268,-0.647090670024199,2
CUST_06596,2.1932810687564688,-0.46186200157407725,0
CUST_06597,2.5044426629271532,-1.5079270477428055,0
CUST_06598,0.8761124192574886,0.038756018825677564,0
CUST_06599,-2.5147536298744195,-0.8517387461152073,2
CUST_06600,-1.334212011008987,3.338273682022781,1
CUST_06601,-0.812375522093525,3.4299078932015234,1
CUST_06602,-1.4919895221562356,2.4935558078184985,1
CUST_06603,1.1848624677374107,0.2368140701347381,0
CUST_06604,-1.871327699057337,-1.2379274085833534,2
CUST_06605,-0.3045689596573021,1.7855515113016822,1
CUST_06606,2.393117476942026,-0.8477787178618112,0
CUST_06607,1.0989569524952563,-0.5816582114105657,0
CUST_06608,-1.2799756137426819,2.136351468527274,1
CUST_06609,-2.0836506177985457,-0.6543339727102291,2
CUST_06610,1.5878037998505585,-0.9535941534138632,0
CUST_06611,-2.328974073913527,-1.9515878653016536,2
CUST_06612,-1.5053345741352613,-0.6437994111550551,2
CUST_06613,2.0424796336416056,0.13039941867197685,0
CUST_06614,2.7655231632217436,-1.074472326247997,0
CUST_06615,1.7011988707108396,-1.4587415607410283,0
CUST_06616,-1.5893758928857225,-0.7214795785585999,2
CUST_06617,2.43898983959704,-0.8784249470966286,0
CUST_06618,1.8642732573525589,-0.5333250437317042,0
CUST_06619,-1.3048816541063226,3.057761463914224,1
CUST_06620,-1.3806531157446793,-1.1804448709025201,2
CUST_06621,2.9423711362457774,-1.854780517108687,0
CUST_06622,2.528110962397108,0.24772057696296917,0
CUST_06623,-0.6172301653997312,2.789296374331036,1
CUST_06624,-0.8450117395906478,2.2050717082462428,1
CUST_06625,-2.0056488416820906,-1.2621344545626167,2
CUST_06626,2.80416601710745,-1.2879129964861364,0
CUST_06627,-1.5609353875201573,-1.3906125038346462,2
CUST_06628,-0.7561920025731428,-0.37242059706286884,2
CUST_06629,-0.8489705025224435,3.9346970306578224,1
CUST_06630,-1.0269261810068944,-1.1509913703828443,2
CUST_06631,0.9815907990246512,0.7694685757617886,0
CUST_06632,3.019715218852359,-1.754975019316804,0
CUST_06633,-2.296947716078143,-1.1839986836936491,2
CUST_06634,-0.7741964850927904,1.5928684787675447,1
CUST_06635,-1.9675571758208477,-0.5253892202133977,2
CUST_06636,1.3674438997576517,1.2358674825279197,0
CUST_06637,-2.5343425262671757,-1.6288138016292038,2
CUST_06638,-0.6988115975902517,2.2201227920903617,1
CUST_06639,1.3969030723641167,-1.2795044187565137,0
CUST_06640,-0.6584082338602031,2.0069099456753716,1
CUST_06641,-2.0191045182246903,-0.4340415747338901,2
CUST_06642,-2.194595497219465,-1.0038918159676742,2
CUST_06643,-0.5323802701730311,1.0172378009532979,1
CUST_06644,-1.4137870013181153,-2.1794834439733255,2
CUST_06645,1.3810160339668383,0.20239241205226613,0
CUST_06646,1.0240079622171396,0.31720269890687847,0
CUST_06647,-1.7920834746287442,-2.0530094789516,2
CUST_06648,-1.4150314091764842,-1.744610551761352,2
CUST_06649,-2.052194088226004,0.05476039149261267,2
CUST_06650,-2.9222748420645686,-1.741049728000495,2
CUST_06651,2.1094378581454016,-1.0106451681870947,0
CUST_06652,-1.2937035714268934,-1.4490882441647086,2
CUST_06653,1.7268705145281424,0.13687650923297584,0
CUST_06654,1.3166799831048064,-0.8924135522570878,0
CUST_06655,2.180288189768502,-0.4055844962636139,0
CUST_06656,2.3663528593054695,-0.3033658504622927,0
CUST_06657,2.4084123950115988,-0.21718830708592107,0
CUST_06658,2.7446207615857356,-0.6612617626008958,0
CUST_06659,2.340251245727449,-1.4038268927950848,0
CUST_06660,1.5724542582941479,0.01205045608302705,0
CUST_06661,-0.1584044114420475,2.56103671110617,1
CUST_06662,-0.997986386024215,3.328768601020808,1
CUST_06663,2.599707414056162,-0.24405159297673323,0
CUST_06664,-1.5239174546638619,-0.06839581609320576,2
CUST_06665,-1.6594270299898386,-1.7014251741042081,2
CUST_06666,-2.6794967910683045,-0.8882397453459334,2
CUST_06667,0.7752569702550727,0.48889954250671064,0
CUST_06668,-1.052019272442548,-0.9535052338042901,2
CUST_06669,1.093972769179375,-0.13579843925098034,0
CUST_06670,2.056852167702961,-0.4606257011805457,0
CUST_06671,1.55289425544489,-0.9692081952184015,0
CUST_06672,-0.9028866152866084,-2.0223294463760624,2
CUST_06673,1.702571191389754,1.0663816185147472,0
CUST_06674,1.952675481591839,-1.2088488163073576,0
CUST_06675,2.7013190425332505,-1.2567630035063881,0
CUST_06676,-1.0885099843256438,-2.468563332678813,2
CUST_06677,-1.2951955208226285,-2.1754325543356803,2
CUST_06678,3.066671906446733,-0.6347580618018761,0
CUST_06679,-0.6059451561855899,0.7072291933249962,1
CUST_06680,-0.03711778033875573,2.3100200311402554,1
CUST_06681,-2.493089929301396,-1.1121801308456583,2
CUST_06682,1.1548217278058703,0.7675816520059454,0
CUST_06683,-2.7189528684486364,-1.4996982815136863,2
CUST_06684,1.0585769146608952,1.020974297554048,0
CUST_06685,-1.368987295745332,-1.0217506165516126,2
CUST_06686,3.007092964661721,-1.6090738897150278,0
CUST_06687,2.1903900096223774,0.4295760500619474,0
CUST_06688,0.9823974946409629,0.3604733362838438,0
CUST_06689,-0.8712336261662061,2.9399274078714246,1
CUST_06690,2.8266988244543114,0.21044108566064026,0
CUST_06691,-2.9897349407646696,-0.36600645749808886,2
CUST_06692,1.2419889552724048,0.7919069252089496,0
CUST_06693,-1.760899792393591,-1.2519403555561386,2
CUST_06694,-2.229986783512048,-0.8502220487901517,2
CUST_06695,0.09400974122310732,3.0819285057555827,1
CUST_06696,-0.9686382367159398,-0.8083647238164017,2
CUST_06697,-2.3624846383003955,-0.08716786485636424,2
CUST_06698,0.9686478235094296,0.7981540891351847,0
CUST_06699,-1.0854516647856496,-1.213168381830529,2
CUST_06700,0.6359986269663984,1.571863480758652,1
CUST_06701,-0.8365558558719529,3.2071722783775467,1
CUST_06702,-1.700248608339348,-0.916115834696506,2
CUST_06703,0.9070542223888962,-0.11876175528116913,0
CUST_06704,2.4247574149029,0.154092760460929,0
CUST_06705,0.5500222866924382,2.160825126759229,1
CUST_06706,-1.6639262967877242,-0.7486071324897496,2
CUST_06707,0.3836618114985022,-1.7139084805485236,2
CUST_06708,-2.2800199837856026,4.316461355886297,1
CUST_06709,-1.5919051087161755,-1.0157797111318811,2
CUST_06710,-2.681801495735883,-0.35163168576380593,2
CUST_06711,1.3425971808530466,-0.8595656999271086,0
CUST_06712,1.2425898972632663,1.2187301909668558,0
CUST_06713,-0.4875282749329986,-1.2917470278049517,2
CUST_06714,-1.4656040710871447,-0.036922026023798585,2
CUST_06715,-2.021153207538017,-1.361426159739913,2
CUST_06716,2.5557349719934717,-0.14775426417378137,0
CUST_06717,2.2469488163015785,-1.4014125690369577,0
CUST_06718,3.792391836894048,-0.6677465900995724,0
CUST_06719,0.581556573047358,0.32415605965120503,0
CUST_06720,2.592608957847676,0.6216417555349668,0
CUST_06721,-1.2283911681669117,-1.1419694434287466,2
CUST_06722,1.7212871062633404,-0.7333851170908707,0
CUST_06723,-2.2513960124578443,-1.1107269508169546,2
CUST_06724,2.334476428296983,-1.149871464389359,0
CUST_06725,-0.530474743419122,3.034003228208781,1
CUST_06726,1.5176568745415042,-1.346824980584108,0
CUST_06727,2.1399591876308715,0.4955064859185017,0
CUST_06728,1.58564893303269,-1.2066543592550738,0
CUST_06729,-2.3181385935638805,-1.3907649670851632,2
CUST_06730,-1.0588528109780064,-1.346989254130907,2
CUST_06731,-0.9547866520149048,3.3313246297878236,1
CUST_06732,1.0398867258104978,0.9941300790352422,0
CUST_06733,-3.3454164715068027,-1.0107574618340192,2
CUST_06734,2.576496929928515,0.09146261342661863,0
CUST_06735,0.6686531786628594,-0.42758791379661354,0
CUST_06736,-1.3267251157683613,1.8522879659722933,1
CUST_06737,-1.9560102710257554,-1.1161286716467975,2
CUST_06738,3.503705069286116,-0.8724273521298228,0
CUST_06739,0.20464040292920127,1.326743595836354,1
CUST_06740,-1.429132023935692,-1.226716818033469,2
CUST_06741,2.197076333719374,-1.9858068173327263,0
CUST_06742,1.051666069517798,-1.2891063907753224,0
CUST_06743,0.1295128918224984,2.297909090425497,1
CUST_06744,-3.1759661682180527,-1.1889500285848298,2
CUST_06745,-0.5400836544739214,2.7772446445468306,1
CUST_06746,-2.610708940682895,-2.230492120484343,2
CUST_06747,-2.378395392889466,0.027806967798281356,2
CUST_06748,1.4791565479210493,-1.5450838573457373,0
CUST_06749,-1.8642705920358098,-0.8164318705122903,2
CUST_06750,0.9307312972336425,0.2671866473350937,0
CUST_06751,2.91052685104803,-0.44297442809779747,0
CUST_06752,-0.7171506513642368,3.0285335953123953,1
CUST_06753,1.841514656973257,0.2704093134271933,0
CUST_06754,3.2279072021944004,-1.1679391114234692,0
CUST_06755,2.763206660006561,-2.4891170417818556,0
CUST_06756,-1.1625112872857548,1.9796939080888272,1
CUST_06757,-1.9965158730594066,-0.7311457973883454,2
CUST_06758,-1.1403350212480794,2.625698101177498,1
CUST_06759,-1.834075764487013,-1.326838129895901,2
CUST_06760,2.09991533925584,0.03047545499830555,0
CUST_06761,1.8533394893124082,0.3199405847027537,0
CUST_06762,2.51265965778681,0.05232256829481845,0
CUST_06763,1.349855461104119,-0.1044519465030034,0
CUST_06764,1.63886754558574,0.5957207904418622,0
CUST_06765,-1.4998725569763054,0.03194231747167945,2
CUST_06766,-2.0400233467213678,-1.8091532559726804,2
CUST_06767,-3.257844494072671,-1.2585589127309504,2
CUST_06768,1.11801902420067,0.8430957953891383,0
CUST_06769,-2.3971728562794232,-1.3518393403871871,2
CUST_06770,1.7759871650791308,0.8802065239803708,0
CUST_06771,1.3351326585897665,-2.2090146777896194,0
CUST_06772,-2.5507730238959474,-1.3753622864480437,2
CUST_06773,-1.2905724505354719,0.1817411487253541,2
CUST_06774,0.6760007384085338,-0.22955115094759207,0
CUST_06775,2.022692620413047,0.32450941156681534,0
CUST_06776,2.306010269577852,-0.6433436308532022,0
CUST_06777,-2.091638045244997,-1.556300949062791,2
CUST_06778,-1.0984626959026769,3.484133104372675,1
CUST_06779,-1.354534462931119,-1.7520395249557654,2
CUST_06780,0.8259991545080553,0.08612040054892176,0
CUST_06781,1.2850355497734822,0.9970198632358612,0
CUST_06782,-1.2661509182085418,2.65049372842459,1
CUST_06783,-1.082917478813844,1.7940849950081426,1
CUST_06784,2.205726418195907,-0.23389185201264837,0
CUST_06785,-1.9737789207413003,-0.662741474235723,2
CUST_06786,-1.8196810966412906,-1.41680760030842,2
CUST_06787,-3.790251664723549,-1.9243026270821413,2
CUST_06788,-1.5925621716207754,-1.0180383828336976,2
CUST_06789,-0.6795917737308723,-1.422962136923381,2
CUST_06790,-0.45216232144594526,4.3133014953563595,1
CUST_06791,-2.0325489076281036,-0.04203081111349723,2
CUST_06792,1.1905233887095534,0.4134828680577932,0
CUST_06793,1.7120107499120796,-0.31862127935112466,0
CUST_06794,1.5247499554755135,-0.10281502749231017,0
CUST_06795,-1.1844350516940612,2.649884836048323,1
CUST_06796,2.7149809266024474,0.06387826537052411,0
CUST_06797,-2.3210931759248954,-1.6032725568239397,2
CUST_06798,1.8895578398493722,-0.7059171303144606,0
CUST_06799,1.923557988600133,-0.8640866544612131,0
CUST_06800,-0.7567795750409153,2.1577049029287276,1
CUST_06801,2.0702782544329796,-1.002144981449306,0
CUST_06802,1.6092782330698705,-0.2977983439614402,0
CUST_06803,1.779728281538096,-0.265554134323644,0
CUST_06804,-1.5618912795597977,3.003864318537483,1
CUST_06805,3.170981175369762,0.404684490502379,0
CUST_06806,-1.6158737521111997,0.3825625781887804,2
CUST_06807,-1.7000913554178716,0.07258862416706328,2
CUST_06808,1.5336724088611948,0.10035309618735247,0
CUST_06809,1.4580707588823496,0.8074094247842153,0
CUST_06810,2.2765407666943354,0.1989813930495671,0
CUST_06811,-1.6773323399668882,-0.5260546936208276,2
CUST_06812,1.3428056299612312,-0.8910151517714934,0
CUST_06813,1.6230056607695749,-1.5595340530529467,0
CUST_06814,-1.8801022638795235,-0.9262739352642364,2
CUST_06815,-0.5268991844296547,3.3473281404369115,1
CUST_06816,1.2601527868504876,-1.1704006480670444,0
CUST_06817,1.9917494365235446,0.7444250880172196,0
CUST_06818,-1.3408352850742435,-1.52387015282605,2
CUST_06819,-2.5740345144706103,-0.5137533671069543,2
CUST_06820,-1.6575664219823252,-0.6887423774126229,2
CUST_06821,-0.30205001501657636,3.458590385753218,1
CUST_06822,-0.45999502740436593,2.6807917676154367,1
CUST_06823,-3.2439409410308775,-2.08756752385435,2
CUST_06824,-0.27959069229011607,-2.173472223693747,2
CUST_06825,1.4733511338586895,-0.5499642723732792,0
CUST_06826,-1.4732466502748454,-0.15000539189659623,2
CUST_06827,1.8978590911218827,0.25379487604262124,0
CUST_06828,1.4110164119934976,0.2471775846422257,0
CUST_06829,-1.6389023639376077,0.20823083454221974,2
CUST_06830,1.2631457968020725,0.8673567395190684,0
CUST_06831,-0.8498875397246647,-1.9463839337835918,2
CUST_06832,1.036763407181961,-0.3872441086692984,0
CUST_06833,-0.5445973523742574,3.1472825174523917,1
CUST_06834,-2.5765359644265415,-1.2460913135477873,2
CUST_06835,-3.1220323459111117,-2.7894549042253702,2
CUST_06836,2.123295413596944,-1.290277690063146,0
CUST_06837,2.390298040584995,-0.15719842249344218,0
CUST_06838,-0.5832214808332471,2.898790692496743,1
CUST_06839,2.151689591243486,-0.8360773909161067,0
CUST_06840,-1.5657313205347636,-1.6891308938751604,2
CUST_06841,-3.45048404775535,-0.5196295904727519,2
CUST_06842,1.4791979551187386,-0.3934191589491349,0
CUST_06843,1.020328479028671,-1.7442225973232524,0
CUST_06844,2.4212705112567527,-1.2127922413534564,0
CUST_06845,-1.8310702025053143,-1.9412967944550283,2
CUST_06846,2.516815405248564,-1.938984455999877,0
CUST_06847,1.159441582901861,-0.04560817936873437,0
CUST_06848,-1.7709773311417547,3.600307895347546,1
CUST_06849,-0.07054825877878487,2.319551813847781,1
CUST_06850,1.2214672892727314,-0.8136476318355618,0
CUST_06851,1.4523431346588525,-0.1505714058495832,0
CUST_06852,-2.6957590762820014,-1.139089590825118,2
CUST_06853,-2.5003316351084917,-1.1281244604311438,2
CUST_06854,-1.057491431673164,-1.323396844747575,2
CUST_06855,2.467006690254552,-0.8731581664859143,0
CUST_06856,2.3155082529798396,1.4024607771112851,0
CUST_06857,-2.1209244945695476,-0.4137315742200924,2
CUST_06858,2.5929499876035056,-0.23308279679582675,0
CUST_06859,-1.2456310257213163,-1.1767084187015866,2
CUST_06860,-1.51298416493299,-1.4135993887011373,2
CUST_06861,2.435072901279557,-1.4171096415186641,0
CUST_06862,-3.7971142563765596,-2.933211181921299,2
CUST_06863,-0.8711789648252138,-1.7313989388549624,2
CUST_06864,2.6213015407712152,-0.2779587187421775,0
CUST_06865,-0.7008049625945947,2.6015549184941085,1
CUST_06866,1.2796434914909391,1.5430726666321155,0
CUST_06867,2.0988139877796157,-0.20996180973117543,0
CUST_06868,0.42901358783303384,-1.1850479601543373,0
CUST_06869,-0.8840813974173352,2.2698718668720503,1
CUST_06870,-1.9785154038366257,-1.4124079350740846,2
CUST_06871,-0.3468342675592618,2.741815573428256,1
CUST_06872,1.600967566575736,-0.624829142036835,0
CUST_06873,-1.1128796209556213,-2.9076446294731544,2
CUST_06874,1.8083631230014459,-0.19693197053808767,0
CUST_06875,-2.7222968865432393,-1.8074531361622728,2
CUST_06876,2.158008197895483,-0.32248396289716763,0
CUST_06877,2.1157996819212537,-0.39330265725420827,0
CUST_06878,2.532038490325137,-0.8522596869852304,0
CUST_06879,-1.521876909517562,-0.3846609292092177,2
CUST_06880,1.7458066065866074,0.8734166197653567,0
CUST_06881,-1.7236445145156851,-0.16985574285215646,2
CUST_06882,1.9745694872106134,0.235876929520646,0
CUST_06883,1.1508407567666907,0.7569173546231686,0
CUST_06884,-0.3061277557615304,2.6854279642325456,1
CUST_06885,-2.169374147892197,-0.3916001432750383,2
CUST_06886,-2.2343307906624865,-1.4747502247696456,2
CUST_06887,3.4157213251158356,-0.8605351884115613,0
CUST_06888,2.0676670657943053,0.16757787487748496,0
CUST_06889,3.179946155770576,-1.7039484724544867,0
CUST_06890,0.08183089643799377,2.106989689022327,1
CUST_06891,-0.11999479409944856,1.9821281662555028,1
CUST_06892,-2.51278876127972,-1.3326142874629303,2
CUST_06893,-1.7470606621603286,-2.8381269056431018,2
CUST_06894,1.8232391263552516,0.019548986284461924,0
CUST_06895,-0.5373861270880627,2.444535530167368,1
CUST_06896,-2.35631095569548,-1.1728045801359583,2
CUST_06897,-2.053217345507213,-0.2329372915905461,2
CUST_06898,2.56014970198471,-1.3261990224618532,0
CUST_06899,1.431679644230441,0.3465490186790823,0
CUST_06900,2.237381094287506,-0.6004119283986515,0
CUST_06901,1.9522978607939359,0.5920642726561665,0
CUST_06902,1.6216638133592398,-0.47320854789806677,0
CUST_06903,1.2521941483288621,-1.087340093590688,0
CUST_06904,-1.0648461579352284,-0.8222626551255638,2
CUST_06905,2.2669384191604336,-0.39859570705346986,0
CUST_06906,0.9580419646072259,-1.2629983140692866,0
CUST_06907,1.8272872641994586,1.1328454382949418,0
CUST_06908,-1.7518667171535727,-0.37950234094826885,2
CUST_06909,-3.0301214505719427,-2.453902448913859,2
CUST_06910,0.1823834430080751,1.8699694704590097,1
CUST_06911,1.5508532404397317,0.6788664080084417,0
CUST_06912,-0.5693038035172798,-0.7127978484561915,2
CUST_06913,1.873094702853514,-0.14568668020169398,0
CUST_06914,3.3548856737613373,-0.5352131434445954,0
CUST_06915,1.2046374760668497,0.5847838739387138,0
CUST_06916,2.1603331985024488,-2.05164547648763,0
CUST_06917,3.2022870653221256,-0.8828282492799161,0
CUST_06918,-2.7848178221114925,-0.45136140687722187,2
CUST_06919,-1.3129363609169884,1.938045697637699,1
CUST_06920,1.6501917962674215,0.39400120690227297,0
CUST_06921,-1.6126530090063482,-0.6807925065761462,2
CUST_06922,2.291791958605722,-1.4365725045346256,0
CUST_06923,1.4350244310996005,1.0218218204540543,0
CUST_06924,-0.019068063900734886,2.5721395589149827,1
CUST_06925,-0.3831722560334179,1.549675911785703,1
CUST_06926,2.391843181582166,-1.0175747819576195,0
CUST_06927,0.9498651805137247,1.0710088252423429,0
CUST_06928,-1.8668635202756063,-0.3451066655720369,2
CUST_06929,-1.8852228385657386,-1.3257142559897575,2
CUST_06930,-1.6410400244463532,0.2608775799922026,2
CUST_06931,0.8480091935667216,0.591423277254245,0
CUST_06932,2.3146084324174447,-0.5445049057742893,0
CUST_06933,1.9519539028381798,0.6261212104182683,0
CUST_06934,2.5298194527027564,-0.6783016894960875,0
CUST_06935,-2.0499550875342774,-1.9709966127103737,2
CUST_06936,-0.5113527902768936,2.297391531642053,1
CUST_06937,1.4882655397768516,0.7110695089367222,0
CUST_06938,-2.8330268353397066,-1.1219352069711113,2
CUST_06939,-0.5211753963211364,3.0197943635250115,1
CUST_06940,1.5095503971464905,-0.0757610659817002,0
CUST_06941,-1.7605033035238105,-1.2506303778297605,2
CUST_06942,-2.814440680822492,-1.0889438720336246,2
CUST_06943,-2.0521941265335943,-0.4080784013484528,2
CUST_06944,2.159417087620851,-0.5198697353910223,0
CUST_06945,-0.8811842201314276,2.580790299291559,1
CUST_06946,-2.2975039808134103,-0.9911306264520509,2
CUST_06947,1.182375089642511,-1.9109040993184492,0
CUST_06948,3.157562811629955,-0.2725088561924994,0
CUST_06949,-2.4337346215696054,-1.2601724234992704,2
CUST_06950,1.4894566235962823,-0.8731872478882547,0
CUST_06951,-1.5319685822663323,0.7605248384569498,2
CUST_06952,-0.28490838068090907,2.3492779563163717,1
CUST_06953,-1.0446765615691247,2.516556682315647,1
CUST_06954,1.7823426295020366,-1.1410118462310925,0
CUST_06955,-1.5469186145442233,0.24100243274861405,2
CUST_06956,1.4346638904924924,-0.758754905093303,0
CUST_06957,-0.42202372104783775,2.726754697994775,1
CUST_06958,-2.09546594433796,-0.4919775649606442,2
CUST_06959,-1.051249367579111,-0.7087828593750493,2
CUST_06960,-1.4648568421951211,-1.3603313003766522,2
CUST_06961,0.0003746408872226593,2.1370257427989414,1
CUST_06962,3.6228774481362827,1.5818668489745875,0
CUST_06963,-0.9070586134409266,-1.1920048139862056,2
CUST_06964,-1.8809264567489161,-1.083165567869549,2
CUST_06965,1.3997677332232688,-0.1252406180474138,0
CUST_06966,0.8048085853954431,-0.7470866955702596,0
CUST_06967,-1.8688400666474636,0.1482139218518245,2
CUST_06968,1.9650957517555578,-0.22977717454514182,0
CUST_06969,-2.538428523460553,-0.6153202247439684,2
CUST_06970,-1.037960048129871,3.2893339741787884,1
CUST_06971,2.427832408433798,-1.0128395949936155,0
CUST_06972,-0.5849902906571139,2.8147659341386597,1
CUST_06973,1.0243169397221534,-0.38270516928367604,0
CUST_06974,1.5582199443481026,0.048665559609594566,0
CUST_06975,-0.3661214159008223,3.2810466079878364,1
CUST_06976,1.510102532791493,0.6889154434157466,0
CUST_06977,-1.1329195805459646,-0.3100979327008943,2
CUST_06978,-2.7137939581471646,0.9744998708623656,2
CUST_06979,-1.866505311900648,-1.4668431361859333,2
CUST_06980,2.213334338456422,-2.2603758255363635,0
CUST_06981,1.721437124852003,-0.06434007142595247,0
CUST_06982,-0.955539750250871,2.3593782688331166,1
CUST_06983,-1.798522391302378,-0.5944455939609679,2
CUST_06984,-1.485088521133519,-1.4767160862593325,2
CUST_06985,-1.9446419766630827,1.2337198008431984,1
CUST_06986,2.49342347263795,-1.2340603986243868,0
CUST_06987,1.6351243450306479,0.9930442735183541,0
CUST_06988,-0.36050054376448004,2.1454717080805668,1
CUST_06989,2.1906514943243773,-0.8457643403040397,0
CUST_06990,2.442321349493855,-1.040599274260008,0
CUST_06991,-1.6610237834127186,-2.145856393266742,2
CUST_06992,0.975631941492007,2.186528190078992,1
CUST_06993,1.485256352840539,-0.008505415746579925,0
CUST_06994,2.1555300380831715,-0.9326523706372134,0
CUST_06995,-1.9691733817164734,-0.14401499748610114,2
CUST_06996,0.07191561015035841,2.205389756519942,1
CUST_06997,-1.328613399386003,-1.0696630011319472,2
CUST_06998,-2.4633481765548892,-0.7764375700230957,2
CUST_06999,1.2271449178012117,0.34449264641996247,0
CUST_07000,-1.3311751778902687,-1.9527717980392596,2
CUST_07001,2.2933506442985117,-1.0430121992913202,0
CUST_07002,2.724140563624322,-0.6773269682255135,0
CUST_07003,-1.7648589334581093,-0.6053177709940906,2
CUST_07004,-1.7755424200090686,-0.6474150249655137,2
CUST_07005,2.316620967396648,0.1873904725547296,0
CUST_07006,2.440514290279986,-0.26106915973920575,0
CUST_07007,-0.3275793811356235,3.150754618632787,1
CUST_07008,1.7882065927666362,-1.0692718396658811,0
CUST_07009,1.318139526761384,-0.10381982843568162,0
CUST_07010,0.8881985440737751,1.0154521419842912,0
CUST_07011,0.9786675878078741,0.6804208554560928,0
CUST_07012,-1.7005874961735818,-0.7782491398713981,2
CUST_07013,1.8362109148180858,0.2883334007480158,0
CUST_07014,2.317324495215626,-1.897786226425383,0
CUST_07015,-0.26671571841993297,1.643951620625821,1
CUST_07016,-3.291884371788534,-3.464396611416339,2
CUST_07017,1.7175425545427876,-0.40901850972680004,0
CUST_07018,2.7655068169058152,-1.0907726359535899,0
CUST_07019,1.3420900521855168,0.037424698970175065,0
CUST_07020,-1.5147507647703846,0.37608225453864375,2
CUST_07021,0.024110419636855073,1.9955459954505674,1
CUST_07022,-1.4483657968026704,-1.2035495364156505,2
CUST_07023,-1.8750882807422993,-1.7007200696990283,2
CUST_07024,-2.0214270917965473,-0.03692958208710165,2
CUST_07025,-0.5593060749685188,2.6173602569882055,1
CUST_07026,-1.3826795435098778,2.9542661331103637,1
CUST_07027,2.18217572882203,-1.5707093982267446,0
CUST_07028,-2.0393087442577222,-1.1816227166994469,2
CUST_07029,1.6189486543877734,0.1752983656276444,0
CUST_07030,2.10611227583373,-1.1282190325561372,0
CUST_07031,-1.1797762167058765,-1.7273158593254552,2
CUST_07032,3.173160429825149,-1.295151344021747,0
CUST_07033,-0.8807227242756148,2.017984317871334,1
CUST_07034,-0.6552996229588405,2.7832481367425097,1
CUST_07035,-1.0181598632150959,2.841959255064839,1
CUST_07036,-0.6691218193682196,-0.6077493258325801,2
CUST_07037,2.1830263995614265,-0.392235153165211,0
CUST_07038,-1.0948202293897185,2.0497486896232866,1
CUST_07039,-1.2252146416138965,3.1008474206768546,1
CUST_07040,-1.8701550147942252,-0.49419363757217416,2
CUST_07041,-1.9118756203782898,-0.3426232157131355,2
CUST_07042,1.757132858832684,-0.21216612599543366,0
CUST_07043,-0.7848443755842894,-0.9450522979380392,2
CUST_07044,2.3760046870504397,-1.300422921231911,0
CUST_07045,-2.2032489000722992,-2.288787315114646,2
CUST_07046,2.8436998106371543,-0.4540775610384221,0
CUST_07047,-1.958058603314867,-1.1662383879089415,2
CUST_07048,0.9153106177598008,0.20905097605885622,0
CUST_07049,0.6700349227736103,1.689712184438556,1
CUST_07050,0.20977765384793687,1.066334544504536,1
CUST_07051,-0.7637962094984443,-1.7370423763334408,2
CUST_07052,-0.5530159902928392,2.0830830177294626,1
CUST_07053,-0.9406205627685138,-1.9002054527997783,2
CUST_07054,-1.3065191389533815,2.5274992721720655,1
CUST_07055,-1.08276878460592,2.6159828477839153,1
CUST_07056,1.1142918583179078,-0.7860167676549323,0
CUST_07057,-1.419875177943791,-0.8430003588430093,2
CUST_07058,0.30337157579244084,1.978563385234836,1
CUST_07059,-1.4900274129304487,-2.4267540040022038,2
CUST_07060,-1.3382154503156236,-1.5347051566797554,2
CUST_07061,-1.2048437411017487,-1.984050370003572,2
CUST_07062,-0.5952938796949632,2.5080423526051905,1
CUST_07063,-1.553954366364296,-0.5383636066791325,2
CUST_07064,-2.2937671635546835,0.6355415671164217,2
CUST_07065,1.337736819837072,-0.7960386185281115,0
CUST_07066,-1.2811916240962276,2.59388030317969,1
CUST_07067,1.8303147794044292,-1.067008637492316,0
CUST_07068,-0.5778020449687963,2.494999847075986,1
CUST_07069,1.2770448494082332,-0.945744102402014,0
CUST_07070,2.5828468374985505,-0.9736581177610831,0
CUST_07071,1.285612273628552,0.0984467683608438,0
CUST_07072,2.4710993178586906,-1.0500437373114166,0
CUST_07073,-1.4760885238873314,-1.0091694728674678,2
CUST_07074,1.843250443971838,0.284482644466808,0
CUST_07075,-0.6942791441001023,2.0815906603863676,1
CUST_07076,2.139106783451292,-0.9109367162287467,0
CUST_07077,-1.0298716552714995,2.3777279075085445,1
CUST_07078,-2.3548728723542345,0.1091161313171681,2
CUST_07079,-1.2998195879574006,2.0995826289281254,1
CUST_07080,-2.7659518539478922,-0.3802745094568987,2
CUST_07081,1.9365116039732648,-0.7152753643247134,0
CUST_07082,-1.4000682703198546,-0.9778510365133977,2
CUST_07083,1.1638135346056384,1.06355987297382,0
CUST_07084,-1.1656817186768311,2.0265230200922804,1
CUST_07085,-1.9149295327771005,0.21711849143962467,2
CUST_07086,3.993479508551087,-1.9374662835562524,0
CUST_07087,-2.254427874903187,-1.1706292975457564,2
CUST_07088,-0.7049276382000448,2.7782783813622154,1
CUST_07089,2.0429794001346244,1.0762898063889326,0
CUST_07090,2.2985310913199224,-0.06402252808640184,0
CUST_07091,2.817826918449062,-1.9644686467503965,0
CUST_07092,-1.2650550847059379,-0.7518845121274612,2
CUST_07093,-0.7527027279223377,-1.5204576173214899,2
CUST_07094,2.005097816841247,-1.2494626847882424,0
CUST_07095,1.6877428252256388,2.256627265009959,1
CUST_07096,-0.7405876902199352,1.950122042907798,1
CUST_07097,-1.8034655961080521,-0.9448205982007927,2
CUST_07098,2.1301721252186026,0.11294797487261203,0
CUST_07099,0.9962754108714416,0.24901778524926288,0
CUST_07100,-1.75964754585793,-0.2736043935621928,2
CUST_07101,2.2052813186135443,-1.1943877200230688,0
CUST_07102,3.1383950844113446,0.19573617757322315,0
CUST_07103,-2.166795715333757,-2.180981937882986,2
CUST_07104,-0.07180597135948648,2.072880794941147,1
CUST_07105,1.1286961772358304,1.0801810716796063,0
CUST_07106,0.7636617884579766,-1.2210100098295051,0
CUST_07107,0.9618490017855497,-1.1693237364985407,0
CUST_07108,2.6052051716162326,0.4001204322855298,0
CUST_07109,-2.7085698145566783,-1.4497980284060905,2
CUST_07110,2.9534145298498116,0.24329928737341955,0
CUST_07111,-2.127867264471959,-0.6736528671275457,2
CUST_07112,-2.092040531288685,-0.9627929334560356,2
CUST_07113,2.102370689686566,-0.4386704270385881,0
CUST_07114,2.4849719572127915,-0.444163338575354,0
CUST_07115,-1.375333906020721,3.118580172557898,1
CUST_07116,-2.0375075085223027,-1.598731138840533,2
CUST_07117,-1.9974385199966203,0.41228417876515133,2
CUST_07118,2.2308838142631036,-0.7458948316920828,0
CUST_07119,-2.0491508755566383,0.1600911106849886,2
CUST_07120,-0.7215287956847358,1.72972015000704,1
CUST_07121,-1.5560967462485558,-1.922221018251535,2
CUST_07122,2.4303277362551245,-1.7051963415522315,0
CUST_07123,-1.1509949757041753,2.3484153429746333,1
CUST_07124,-1.2990978326703544,-2.6749576433294937,2
CUST_07125,0.865044525754529,0.3782684059562123,0
CUST_07126,-0.48856144363317877,2.8029154223726036,1
CUST_07127,2.0014232247755577,-1.1874749423041722,0
CUST_07128,1.4043525709727267,-0.08710502672868889,0
CUST_07129,1.4653202650849986,-0.2333971406799238,0
CUST_07130,-3.059675065177097,-1.2715535161472407,2
CUST_07131,2.1477958680811535,0.7196599299635149,0
CUST_07132,-0.5450935911270691,2.5940733395705053,1
CUST_07133,-1.7671148897115874,-0.935527425807642,2
CUST_07134,2.01754563269221,-1.0886184780068286,0
CUST_07135,-0.6205689662399668,2.935342144425754,1
CUST_07136,-1.4904915747767544,-1.1855868005000223,2
CUST_07137,-1.1191507621414545,-0.07129602312194833,2
CUST_07138,-2.1621733806925465,-0.2649820015052237,2
CUST_07139,-1.5923162474193053,-1.2632860383191789,2
CUST_07140,1.6956917633550161,-1.3740870719829534,0
CUST_07141,-2.0527238161864445,-1.6429034004006369,2
CUST_07142,1.8237751817593315,-1.4789574792490254,0
CUST_07143,-1.8273016028913192,-1.4429367914765,2
CUST_07144,1.4668989361382359,0.6029959218422657,0
CUST_07145,-1.9275721161552435,-0.13755666969532135,2
CUST_07146,-1.1947965020233906,-0.5668448414518568,2
CUST_07147,-2.524255688676093,-0.39724352345385905,2
CUST_07148,1.7696590611353327,0.1651884663942213,0
CUST_07149,-1.085036735025129,3.1811699761771957,1
CUST_07150,-1.3839412990753488,2.7464459046441267,1
CUST_07151,-1.7102076339868086,0.39011939307514704,2
CUST_07152,1.2621787823377473,-0.4867525590523725,0
CUST_07153,-2.5032692192258255,-0.7669054059663714,2
CUST_07154,-1.849542235684206,-2.155139798646823,2
CUST_07155,1.8913154531252967,-0.5468363660853491,0
CUST_07156,-1.7870841937177078,-1.2176466608521777,2
CUST_07157,-1.1674731864355128,2.459738681081069,1
CUST_07158,0.2412841616859059,0.8276504153934415,1
CUST_07159,1.6886081490363125,1.4931309578092347,0
CUST_07160,-0.1951348995041707,2.274651416145445,1
CUST_07161,-1.5700863621579995,-0.41710207964085666,2
CUST_07162,1.634549325498938,0.5104288179484322,0
CUST_07163,-1.3393636294764462,-0.757536200659772,2
CUST_07164,-1.6448310510370039,-0.7602366078689246,2
CUST_07165,-1.7012006906996617,-1.6707634522055623,2
CUST_07166,1.0486707945728526,-0.7687596440628698,0
CUST_07167,-0.9510516370224656,-0.8624376885447099,2
CUST_07168,-1.3435969903754765,2.554226039619883,1
CUST_07169,2.450674528217817,0.049586889454041244,0
CUST_07170,2.3880546590447547,0.6712500261358648,0
CUST_07171,0.5675808327514574,1.288953721765453,1
CUST_07172,-3.1901441387452656,-2.4665473510969025,2
CUST_07173,1.435668277331277,2.590297640618322,1
CUST_07174,-1.9443710289535474,0.04629113452569153,2
CUST_07175,1.7634306429566704,0.4137700738189422,0
CUST_07176,-0.2651720646024435,2.63842098365717,1
CUST_07177,-1.6968937175429815,-2.410796802825824,2
CUST_07178,-2.0641277585685778,-0.39133463417142716,2
CUST_07179,2.791752928735823,0.2690503751588958,0
CUST_07180,-0.9458518254400284,1.3115016243380262,1
CUST_07181,0.4644605524855314,0.5199158127566373,0
CUST_07182,1.043774293425703,-0.2826756946131084,0
CUST_07183,-1.9502253441891557,-1.7673126073080019,2
CUST_07184,-1.5038711150378132,-1.2244176188185432,2
CUST_07185,0.5404502334566196,-0.2695930806890013,0
CUST_07186,-2.9868545983580654,-1.5590791906272792,2
CUST_07187,-0.5435723437033276,0.7658308592940422,1
CUST_07188,1.0901198754674242,0.3619667925368193,0
CUST_07189,0.050106215976062025,1.2987782019121104,1
CUST_07190,-1.0971204742614589,2.3411455509704107,1
CUST_07191,0.10749767908374151,4.023290524026513,1
CUST_07192,-1.298465625234419,3.3395082271345755,1
CUST_07193,-1.17143454476563,4.813627654906093,1
CUST_07194,1.6639655300469507,-1.7132567639725713,0
CUST_07195,-2.43476527316151,-0.118667531098719,2
CUST_07196,-0.8161272244621547,2.6820140321619097,1
CUST_07197,0.4604262632510507,-1.338059551786176,0
CUST_07198,-2.070086289801096,0.335190464176696,2
CUST_07199,-2.7381040272470956,-0.5651669856598406,2
CUST_07200,-3.091189357101045,-2.431741610457855,2
CUST_07201,2.1338601799585635,0.253459839482587,0
CUST_07202,2.0268608823895256,-1.5118630321222868,0
CUST_07203,-0.08427717743499707,2.243748634368502,1
CUST_07204,2.0119492974659514,-1.5218434711572706,0
CUST_07205,-1.3751577534358441,-0.9789239419289012,2
CUST_07206,1.0353294365804988,-0.9506899407154316,0
CUST_07207,1.5290271889942932,0.9913785703811625,0
CUST_07208,0.9622816333391427,0.09314765343500674,0
CUST_07209,1.5026528066601865,-0.07747434588704159,0
CUST_07210,-1.569237292968843,-0.8187966108829914,2
CUST_07211,-0.4083201512095941,1.6925578983104768,1
CUST_07212,0.46965087641860115,-0.4810269599276405,0
CUST_07213,1.2016021931737424,0.3399228209215432,0
CUST_07214,-1.1203235271985201,2.8092026490064725,1
CUST_07215,2.921703221025919,-1.9014305217459975,0
CUST_07216,-1.6105153574096711,3.078194904223602,1
CUST_07217,-1.0178406863751863,2.9919348000944934,1
CUST_07218,-1.0085031721759168,-0.48708196035618123,2
CUST_07219,-3.1369468881126914,-0.04273995938124808,2
CUST_07220,-1.7396747023765449,-0.7746493766933985,2
CUST_07221,-2.3031195680240244,-2.816468401841894,2
CUST_07222,1.8159893577668613,1.2759660944370768,0
CUST_07223,2.190483567283222,-0.4415362697531807,0
CUST_07224,0.49571717522550546,0.8684192904784401,0
CUST_07225,-2.883176861073688,-1.6163952873939222,2
CUST_07226,-2.619215665988172,-0.25246674543692305,2
CUST_07227,-2.132717498940929,-0.653258166164346,2
CUST_07228,2.297662827329708,-0.684657275904715,0
CUST_07229,-1.8363428077817312,-0.08661943941406587,2
CUST_07230,1.6149279181317948,-0.31750319799917875,0
CUST_07231,1.3594366300046328,-0.1352629406289345,0
CUST_07232,-1.0450090996333428,2.3888545243778245,1
CUST_07233,2.2600715619928153,-1.1896116624197024,0
CUST_07234,-0.554521272928473,2.062273807526701,1
CUST_07235,1.7666014733390756,0.21903917407980783,0
CUST_07236,-0.7375129163170225,2.3821863899497844,1
CUST_07237,-0.33546701498497306,3.3657912820221343,1
CUST_07238,-2.734761316381371,-2.079106659652649,2
CUST_07239,-1.8336778580526376,0.7126398804474124,2
CUST_07240,1.735191825699768,1.1112423892530743,0
CUST_07241,-2.747467929064587,-0.7519507514205684,2
CUST_07242,-2.8520926731420966,-1.4266497399312856,2
CUST_07243,1.4520463236320915,-0.5978450683505248,0
CUST_07244,-0.478465026620584,2.654799322172338,1
CUST_07245,1.9277175771778896,0.6726599141312036,0
CUST_07246,2.437256252714896,-0.8341830092721838,0
CUST_07247,-2.3442865661443655,0.6234002879779972,2
CUST_07248,-2.5235851796100555,-0.3230921342253696,2
CUST_07249,1.6853584072874859,-1.3192915504285359,0
CUST_07250,-1.874089353109496,-0.18525595018900884,2
CUST_07251,-3.07164193431328,-2.6036969659359332,2
CUST_07252,-2.9184533407711655,-1.6044279877810577,2
CUST_07253,2.0386016062297787,-0.7710137567891259,0
CUST_07254,-2.4025142149034835,-2.080972903016379,2
CUST_07255,5.6121416028131605,-0.30521557624445733,0
CUST_07256,-0.2568570683927946,2.3524499017711764,1
CUST_07257,1.4817954785164533,-0.7221931659230353,0
CUST_07258,1.9146529023390129,-0.6221245445629331,0
CUST_07259,-1.638836435180428,-0.44037963949225795,2
CUST_07260,-0.9952564409160479,1.4380705676132421,1
CUST_07261,1.6863016586276671,-0.0950267262667627,0
CUST_07262,2.273257087162665,-0.8833593186019864,0
CUST_07263,-1.5703854432139792,-1.1439682261167536,2
CUST_07264,2.40880799977501,-0.6126616633375932,0
CUST_07265,-1.1757368028588748,-0.3507280045404238,2
CUST_07266,1.394073917593346,0.01835384334669708,0
CUST_07267,2.041397462749462,-1.2362845339161923,0
CUST_07268,1.307572793169077,0.45670363063088737,0
CUST_07269,-0.7199605261431486,1.9835821779896714,1
CUST_07270,1.5681627620835474,0.4029997014062339,0
CUST_07271,1.3046043688208644,0.4347013840253158,0
CUST_07272,-3.478842821213424,-2.20471317861158,2
CUST_07273,-2.2147973813961173,-0.38115925124155836,2
CUST_07274,1.860448380828807,-0.45681439164645804,0
CUST_07275,1.098470486105032,1.203927942090192,0
CUST_07276,-2.2131934645254847,-2.2381383218735507,2
CUST_07277,2.018873217159298,0.1765790169260991,0
CUST_07278,1.2639674042530602,-0.8888257976752376,0
CUST_07279,-2.1226670032349957,-0.9316174946591805,2
CUST_07280,-0.15931538654894717,2.885233924343387,1
CUST_07281,-0.7822588174145153,2.9555002660687473,1
CUST_07282,1.538157823547388,-1.3714684474940197,0
CUST_07283,0.9172373073146073,0.09714939336363236,0
CUST_07284,-2.897429926945047,0.3494531185564205,2
CUST_07285,1.215711377524988,0.3523005520281902,0
CUST_07286,-0.915236707843052,2.2969333499187945,1
CUST_07287,-0.7766588087222359,2.2548924822445677,1
CUST_07288,0.8201342372016625,1.285716200274144,1
CUST_07289,-1.9437632998761043,-0.764367418880726,2
CUST_07290,-1.7910814676279225,-0.26846863890325556,2
CUST_07291,-1.4708495391118945,-0.6825990337339742,2
CUST_07292,1.590135478481006,-0.4412362653401156,0
CUST_07293,2.546195260766976,-0.6949050129871039,0
CUST_07294,-0.5379535689892339,2.7102071150952076,1
CUST_07295,2.0172164271523165,-1.35304447480682,0
CUST_07296,-2.553920151493753,-1.3380494869167088,2
CUST_07297,1.7036099973275312,-1.3283728171414697,0
CUST_07298,-0.8796698722869741,1.923736624884823,1
CUST_07299,1.9370430550616804,-0.6416198642246368,0
CUST_07300,-0.8979719688782704,-0.8863907943807513,2
CUST_07301,2.2292295608197152,-1.1760314394268614,0
CUST_07302,1.18799879624128,0.2239070702285588,0
CUST_07303,1.0105260447817281,0.49318381579944903,0
CUST_07304,-1.0485629292659815,-1.8794564977564927,2
CUST_07305,0.7498686164928808,0.07427619026350181,0
CUST_07306,-3.075503431344166,-1.5423553749452983,2
CUST_07307,-1.8651587542809147,-0.5951919178505919,2
CUST_07308,1.5958887285197723,0.9453866440020304,0
CUST_07309,-1.7778955293778769,-1.4108440026432496,2
CUST_07310,2.193598395540424,-0.662642291629461,0
CUST_07311,-1.789088951286922,-1.8164102796907795,2
CUST_07312,-1.2883191965043224,4.165555321317285,1
CUST_07313,1.4924024957347752,-0.6755892779705671,0
CUST_07314,0.879010201370668,1.8190414667890753,1
CUST_07315,2.148312139858245,-1.3509326002213775,0
CUST_07316,-1.4297287417652151,-1.4789188033060896,2
CUST_07317,1.5237432550627739,-0.2210142706725914,0
CUST_07318,-1.2287540275724944,-1.6118047039029424,2
CUST_07319,-1.628466293300021,2.724574713551891,1
CUST_07320,-1.559297442697003,-1.2797694765414391,2
CUST_07321,1.8325995597005689,0.09587171015997561,0
CUST_07322,0.07186134658992036,1.8496947796665004,1
CUST_07323,-0.6877779666704136,2.075293381365236,1
CUST_07324,-1.4754885307324679,-0.4692903338622931,2
CUST_07325,2.764669106743208,-2.217916905130252,0
CUST_07326,4.692228232599076,-2.380397828957347,0
CUST_07327,2.179092721223364,0.7397052544995418,0
CUST_07328,-1.94641779492467,0.4712219357899745,2
CUST_07329,1.7683513211457274,-0.9389124564006723,0
CUST_07330,-0.24992382732674395,2.1245727920297166,1
CUST_07331,1.9458796429704497,0.12196156228079943,0
CUST_07332,-2.309496229700645,-1.5317575127821195,2
CUST_07333,-2.232300630132709,-0.9282522457758784,2
CUST_07334,-0.34135351788382895,1.6580712390492895,1
CUST_07335,2.1707905032462365,0.6465577376922718,0
CUST_07336,2.2201362189403264,1.5084688818912397,0
CUST_07337,2.5558926713177046,-1.2847757307463175,0
CUST_07338,1.3071484913647107,0.06699136660809739,0
CUST_07339,-1.1941254729355872,0.41561001987611645,2
CUST_07340,-0.08397283454456946,2.9877886993897067,1
CUST_07341,-1.8015536142352844,-0.004546320479526196,2
CUST_07342,1.249654629796325,0.8822130211805025,0
CUST_07343,-1.4235555780004274,-0.8778289716196878,2
CUST_07344,-0.9436800522748107,2.1747522147632887,1
CUST_07345,-1.5471043331065482,3.6184974908837315,1
CUST_07346,1.5639745552091424,0.8068511306798841,0
CUST_07347,-0.7695235826679393,2.419334387456999,1
CUST_07348,-0.41572992324329083,1.982728671409607,1
CUST_07349,-2.200766579057282,-0.9036440118346951,2
CUST_07350,-2.09050641642976,-0.6774984653064124,2
CUST_07351,1.8510121786934224,-0.4918424646336749,0
CUST_07352,1.4393204497307637,0.2503586552649731,0
CUST_07353,-0.296224541360471,2.027737979454787,1
CUST_07354,-0.1936744989255607,1.7240203415404707,1
CUST_07355,0.7608323885594582,-1.660880394493295,0
CUST_07356,-2.005448480454768,-1.2825156085885772,2
CUST_07357,-1.4400846846822444,-1.7357553711692206,2
CUST_07358,-1.8235638402890149,-1.3364683544514313,2
CUST_07359,0.701174000741736,-0.391978466906,0
CUST_07360,-1.3246593791885242,-1.9287286588712844,2
CUST_07361,-1.6624090579696467,0.9367033638039814,1
CUST_07362,-0.8540287566902979,2.5692441528344787,1
CUST_07363,-0.7418790751884253,3.512773319974434,1
CUST_07364,-1.170269543842036,-0.7836443337874455,2
CUST_07365,-0.4527262507881105,3.0560172029333184,1
CUST_07366,1.6058284075271083,0.6114545603317136,0
CUST_07367,-0.5928121635006701,1.7904573283136123,1
CUST_07368,0.18183641270747009,2.607753059997947,1
CUST_07369,2.861597913757439,-2.372805490818171,0
CUST_07370,-2.292593604711746,-1.152620835752242,2
CUST_07371,-1.19022463220419,-1.3708861894068045,2
CUST_07372,-1.2534723772478575,-1.236306699458273,2
CUST_07373,0.8406387447183972,-0.36399247356777437,0
CUST_07374,-0.0944996255864904,3.4729234088538177,1
CUST_07375,1.4724203807168341,-0.5900662221874006,0
CUST_07376,1.7451265072152935,-1.4201633432784408,0
CUST_07377,-0.8323631172675682,3.7256835129862975,1
CUST_07378,1.204346512020733,0.3919314497619906,0
CUST_07379,-0.8060176408356975,2.336752973287664,1
CUST_07380,1.7386503750760107,-1.079177669760405,0
CUST_07381,0.9677033844746482,0.9719201944873237,0
CUST_07382,2.7180170037595417,-0.6821060388408517,0
CUST_07383,-1.0691214060046343,-1.763282414932011,2
CUST_07384,-1.2361466167240787,2.9779681916719793,1
CUST_07385,-2.2324905961569423,-1.324350651213224,2
CUST_07386,0.6598932871320724,0.618298005863168,0
CUST_07387,0.9261632804027828,-1.031604459573575,0
CUST_07388,-1.4508633262330075,-1.912181078397817,2
CUST_07389,1.8038516335764228,0.602373220575312,0
CUST_07390,0.6657150474190694,2.1161835860228813,1
CUST_07391,-1.8496033321758474,-0.596025463562006,2
CUST_07392,2.078697776426129,-0.7226933230851046,0
CUST_07393,-2.3019564161242747,-0.4260673514649458,2
CUST_07394,-0.6906134023779564,2.2671159074702065,1
CUST_07395,1.4037021861116843,1.595988744061042,0
CUST_07396,3.2336007745572406,-1.6597838459316185,0
CUST_07397,1.875536169216954,-2.145108707812815,0
CUST_07398,-1.5974806890635012,-0.8075211783834394,2
CUST_07399,-1.6988664049461304,-0.6815546211290892,2
CUST_07400,2.489913365666403,-0.6363573504103996,0
CUST_07401,2.73246524252326,-1.00960282317852,0
CUST_07402,-1.900889666261681,-0.5250302095185776,2
CUST_07403,-0.11094264684267904,3.128392444240371,1
CUST_07404,1.3275845189448985,0.23318138651884163,0
CUST_07405,1.7839814297780034,0.9699995175227302,0
CUST_07406,2.0265790427798342,0.32620500563393495,0
CUST_07407,-1.8150793036492066,-0.8391041875319799,2
CUST_07408,-1.678089111102345,-1.6336234329990782,2
CUST_07409,2.4850410320596548,-1.1546922030875648,0
CUST_07410,-0.315598339744829,2.5623259037459905,1
CUST_07411,2.295408404932591,-0.14256416097016697,0
CUST_07412,-0.4603551223212296,2.1476673256693735,1
CUST_07413,1.774191777616419,0.35183313639153785,0
CUST_07414,-1.9729025231881478,-1.3041506387926873,2
CUST_07415,-1.4693533357874615,2.17287226255714,1
CUST_07416,-0.6918477888584218,2.423539800518242,1
CUST_07417,0.5933060346965195,1.5349764699641228,1
CUST_07418,2.8864785394034356,-0.5469634265264146,0
CUST_07419,1.7870055500541357,-1.0678395639247122,0
CUST_07420,-0.9783749359423187,0.1351062523988239,2
CUST_07421,1.0324384314356336,-0.5710436364659403,0
CUST_07422,-1.8982447024010467,-0.5356914055143562,2
CUST_07423,1.183028647968325,0.7108179296951623,0
CUST_07424,2.6865524049803544,-0.5467077569514184,0
CUST_07425,-0.5873235228970066,1.8028898367855941,1
CUST_07426,1.311082641912147,1.5047950421043192,0
CUST_07427,3.198283418181196,-1.0158301250333048,0
CUST_07428,0.9092210042004314,1.9741891724073364,1
CUST_07429,-1.080258263413485,-0.06490210619820964,2
CUST_07430,-1.8247479881996405,-0.1585953915930765,2
CUST_07431,1.562575467456007,0.19298671344235427,0
CUST_07432,0.018680681245124706,3.230863584309197,1
CUST_07433,2.470146071771879,-2.023398358614248,0
CUST_07434,0.8297928634346292,1.3051857982772146,0
CUST_07435,1.1535087865900635,0.05140377617576856,0
CUST_07436,-2.0261371651529467,-1.1897348301078292,2
CUST_07437,0.6925914732618821,-0.5092833111007613,0
CUST_07438,1.7938223309470391,-0.031591359755155805,0
CUST_07439,0.760507913401637,0.7226830539772648,0
CUST_07440,0.9543819252997913,-0.06372792490968228,0
CUST_07441,-2.0783864993101044,-1.4688762710019478,2
CUST_07442,3.1054882459549713,-1.4432875619964296,0
CUST_07443,1.1142607083456628,-1.1559973122516283,0
CUST_07444,-0.8301191330859783,-0.8275917577720127,2
CUST_07445,2.7035563176411466,0.7634958967532404,0
CUST_07446,-1.372938369851654,-1.1086922334530758,2
CUST_07447,-0.9442732775387145,3.1339737639160212,1
CUST_07448,0.9740042914285774,1.4434505026152642,0
CUST_07449,-1.0622396675160104,-0.7415632675055805,2
CUST_07450,0.9095335587904549,0.07865368329722605,0
CUST_07451,-0.7588005351547857,3.7416929630391915,1
CUST_07452,0.40894629996428855,1.0750417078742305,1
CUST_07453,2.3764866605611825,0.18422626467995737,0
CUST_07454,-0.3393687071575404,3.146036884487715,1
CUST_07455,-1.490811469547531,-2.090887985326025,2
CUST_07456,-2.044129136413708,-1.4900427096062656,2
CUST_07457,-0.5375857038424023,3.5302329734624007,1
CUST_07458,2.28637788541838,-0.006096149421130596,0
CUST_07459,1.3186571535513194,0.8372758547129018,0
CUST_07460,2.2038740783575084,0.5759454315312534,0
CUST_07461,-1.1440613744638506,3.8921677193997355,1
CUST_07462,1.2150805737491404,0.42422189875651617,0
CUST_07463,-1.6681381717137789,-1.369433913180035,2
CUST_07464,0.9367481174780539,-0.4094533502911095,0
CUST_07465,2.7226861720674482,-0.19217218820933696,0
CUST_07466,1.0745501935663853,0.8566180215572524,0
CUST_07467,-1.15436823002137,-1.0332792382160547,2
CUST_07468,-1.783657766800411,-0.6209764478473796,2
CUST_07469,-0.8508014524340984,2.758941270518797,1
CUST_07470,2.060191521835839,0.2910793561337888,0
CUST_07471,-1.2262245791267508,-1.2030752019815938,2
CUST_07472,1.4526704469893008,-1.1440086937790004,0
CUST_07473,-2.2484330543621813,-0.8123421956655736,2
CUST_07474,-0.2260903183656002,1.15619729436616,1
CUST_07475,1.1734995093574758,0.5086344813380258,0
CUST_07476,-0.9532320097051677,3.3971884591377854,1
CUST_07477,-1.9355912610759147,-0.22513979119195657,2
CUST_07478,1.3217260178820252,-0.43413434815363844,0
CUST_07479,-2.053221934469556,-1.5594302352675478,2
CUST_07480,-1.121413062768869,1.7081379986817606,1
CUST_07481,2.3377620181469725,-0.27407767973585334,0
CUST_07482,2.0399176068284786,-1.5439969905938409,0
CUST_07483,3.1637802762424125,-0.662914202667288,0
CUST_07484,-0.8323287443897623,2.5860157292671673,1
CUST_07485,2.0953824262880114,-0.6618047255843542,0
CUST_07486,-1.1670189955914616,-0.4960833086137265,2
CUST_07487,1.28772195351739,-0.08808436067323885,0
CUST_07488,-2.4574351330988735,-1.9359434857889972,2
CUST_07489,-0.9372618624370002,1.9172569498722467,1
CUST_07490,-2.1668825316512073,-0.4145580194641586,2
CUST_07491,2.3548975074877916,-0.5335211447008624,0
CUST_07492,5.143632061929092,-0.3666657027432644,0
CUST_07493,0.7990877725557691,0.7818012191098755,0
CUST_07494,-0.773439586956136,1.6814499262006453,1
CUST_07495,-2.3252914859048928,-1.5528736685894717,2
CUST_07496,2.4398170647847723,-1.7578672837885492,0
CUST_07497,3.4926153756866567,-1.0248578295997555,0
CUST_07498,-1.7526442736847578,-1.7582411297617604,2
CUST_07499,2.3927976904925794,0.6726759206060215,0
CUST_07500,-1.9294025591020096,0.08356457962835191,2
CUST_07501,-0.6013041916442683,3.2639798430613554,1
CUST_07502,-2.3185426624136927,0.4986635112065625,2
CUST_07503,0.8336956542199979,-0.6903174576412385,0
CUST_07504,1.1669463254363823,0.19704087586367108,0
CUST_07505,-0.6921306214327582,3.0216764141187977,1
CUST_07506,-1.2712352888908258,-1.2177631004060492,2
CUST_07507,1.0019898801560994,0.9987464831935607,0
CUST_07508,1.9351565328322295,0.31625916147300775,0
CUST_07509,-0.4727160166469838,2.657936006830252,1
CUST_07510,-4.0470298077091975,-1.845354745133039,2
CUST_07511,-0.9342798550684276,0.004624300626798306,2
CUST_07512,-2.783171729801061,-2.085494037536193,2
CUST_07513,2.65334568284591,-1.6378833058472748,0
CUST_07514,1.5531979130019729,-0.6349795054581242,0
CUST_07515,-1.962857155203111,3.732060078750549,1
CUST_07516,-1.9988778764096105,0.47413795068675196,2
CUST_07517,1.0026619708168418,0.7168636996552543,0
CUST_07518,2.361785316949162,0.41629188942236756,0
CUST_07519,-1.2312056399920048,-0.6716936940227423,2
CUST_07520,1.7378672600594607,-1.289945509419793,0
CUST_07521,1.7139462239476804,0.4021429433684537,0
CUST_07522,-0.08162197946403653,2.5298451954243495,1
CUST_07523,-0.34604830010747356,1.8996764280194132,1
CUST_07524,-1.1645666165921487,-0.928685014011913,2
CUST_07525,1.2819791436919137,0.2690561421713957,0
CUST_07526,-0.6176280216694123,2.3134674188641267,1
CUST_07527,-0.9187627273076971,2.0712405874506223,1
CUST_07528,-0.07280935666129881,2.1194393969340175,1
CUST_07529,-1.3934887390733097,-0.6408181084242393,2
CUST_07530,1.4854255038247397,0.37088496309283736,0
CUST_07531,1.1839676396619674,-0.5047574119407002,0
CUST_07532,2.3772572964240917,-1.0816811907821833,0
CUST_07533,2.5953875434612135,0.09721435737150698,0
CUST_07534,-1.2859761585093195,2.8733474302188804,1
CUST_07535,-1.487910422825245,-1.1771172442627287,2
CUST_07536,-2.3789247700720204,-0.9948180430249577,2
CUST_07537,-2.1149063235063115,-0.37424305232726907,2
CUST_07538,1.8147429318972879,-0.013974648483248886,0
CUST_07539,1.9597393750821792,-0.10827115910124008,0
CUST_07540,1.8474211000954093,0.7682465467995736,0
CUST_07541,0.7811853170262726,0.3591353941648778,0
CUST_07542,1.0041882785732563,0.2274444074236891,0
CUST_07543,-0.7407644576858311,2.8609972992305153,1
CUST_07544,-1.4615072282186956,-2.130495133374349,2
CUST_07545,2.5846238644728143,-2.091797686682436,0
CUST_07546,1.7703565874240998,-1.6557684816213958,0
CUST_07547,-1.6958695391615741,-0.9457297364544716,2
CUST_07548,1.2033386826436225,0.5878137098379439,0
CUST_07549,-0.7632938415301486,-1.0904997430848298,2
CUST_07550,-0.8933184852118523,-0.4078629587394124,2
CUST_07551,-1.2114840504129538,-1.7173226718703218,2
CUST_07552,1.6351166722843633,-0.39971789630933674,0
CUST_07553,-1.6847759829716704,0.11170596575795802,2
CUST_07554,-0.7682209024405119,2.236533813598977,1
CUST_07555,-2.254825612763096,-0.3344729467104575,2
CUST_07556,-0.18969529071718555,1.640543289397576,1
CUST_07557,2.313971595874471,-1.6414120762875464,0
CUST_07558,-1.363389094515671,4.531018304176029,1
CUST_07559,-0.5716986596741594,2.1302486203182314,1
CUST_07560,-2.637042146944871,-0.7626481307552206,2
CUST_07561,-1.9088250952142671,-1.2860519647265345,2
CUST_07562,-1.6721759825061289,-0.8968073929433937,2
CUST_07563,2.7664615120601748,-0.6834689057910353,0
CUST_07564,-1.5289705200591708,-1.2346848747233388,2
CUST_07565,-0.5418973284844149,2.1618433334285534,1
CUST_07566,-1.698603896787283,-0.8692136376914326,2
CUST_07567,-2.3736243320465378,-1.4012714954910364,2
CUST_07568,1.6996739089977304,-0.53094522076345,0
CUST_07569,-1.5510197870602604,-0.6064728772621265,2
CUST_07570,0.8560087917965746,-0.956489769045488,0
CUST_07571,1.1595466555933711,0.22322577263027038,0
CUST_07572,-0.9401876054442516,2.888589544809573,1
CUST_07573,3.6761556468264485,-1.7000415019771697,0
CUST_07574,-1.925514305770146,-0.6154875470287382,2
CUST_07575,1.9722904096053828,-1.3173561877515272,0
CUST_07576,1.9163956509219437,-0.8337044025884137,0
CUST_07577,-0.6484885455895847,2.7190701801407013,1
CUST_07578,-1.4347911056162428,-0.07904822693266832,2
CUST_07579,-1.9909645435576246,-1.3402448815708352,2
CUST_07580,-1.3542655135230453,0.41681651231007044,2
CUST_07581,-1.7876754949750084,-0.36984277997328274,2
CUST_07582,1.4945288551646967,0.26941613278565857,0
CUST_07583,3.473159169304045,-1.1819235683293183,0
CUST_07584,0.6348274254049369,0.06170711152037053,0
CUST_07585,-0.43354763052873274,2.0965494550165262,1
CUST_07586,-2.0656555829207592,1.0668723636420117,2
CUST_07587,0.8811101931319745,1.388439763884337,1
CUST_07588,-1.241453274622278,-1.4457580023311325,2
CUST_07589,-0.7141637134705923,3.5313552908226673,1
CUST_07590,1.5335090893717012,-1.056571739645902,0
CUST_07591,1.3009679782379937,0.1887159362675614,0
CUST_07592,-1.809690248262759,0.1135834479655325,2
CUST_07593,-1.8307047434335935,-0.3491077644913482,2
CUST_07594,-2.568320457387624,-1.0356671014072525,2
CUST_07595,1.6716899791608377,-0.20292593718352725,0
CUST_07596,-3.225866955103378,-1.8751387376501174,2
CUST_07597,2.6591759434233544,-0.21747255368667714,0
CUST_07598,2.0898226601603462,-1.819796850792649,0
CUST_07599,-2.310658144430795,-2.505953720860694,2
CUST_07600,1.9901170793791418,-0.6705367785212206,0
CUST_07601,-1.8346296520076584,0.1941520444926631,2
CUST_07602,1.3718463366873812,-0.19990617501270858,0
CUST_07603,-0.8944396001269463,2.156908771671742,1
CUST_07604,-2.021688346684234,-0.7130393323144599,2
CUST_07605,1.9670354188620744,0.10290574256072804,0
CUST_07606,-1.498828032379246,-0.5469269780555122,2
CUST_07607,1.4361337755773378,-0.5368297966711224,0
CUST_07608,-0.5844697930833007,-0.9085034279650928,2
CUST_07609,2.7419134850071147,0.1041230053777769,0
CUST_07610,1.626027009527361,0.577237680300177,0
CUST_07611,1.9570298802826476,0.29828508229389716,0
CUST_07612,2.0480727365800306,-1.9392865416015106,0
CUST_07613,-2.9844140833909876,-0.4472872059956822,2
CUST_07614,1.3330703519101874,0.022364075165858897,0
CUST_07615,1.750076940853412,-0.04405783094512362,0
CUST_07616,-0.16834099492235124,1.5151608205189706,1
CUST_07617,1.8846504006961025,0.975535403654559,0
CUST_07618,-1.708421105001229,-0.14444652400948146,2
CUST_07619,-1.068730655264956,-1.2637699397860638,2
CUST_07620,1.8825408790559555,0.02731716900361474,0
CUST_07621,-2.3902983002681277,-0.3332681144472162,2
CUST_07622,-0.20404481409598446,2.120710381322913,1
CUST_07623,0.8488867597023844,-0.868567014649919,0
CUST_07624,-1.4229391404370368,-0.5698174602478826,2
CUST_07625,-0.7363267871848573,2.2143866521862927,1
CUST_07626,-0.8903256606214879,-1.165704013171783,2
CUST_07627,-3.0643059839838576,-1.0479654691545504,2
CUST_07628,-0.9806006236988193,2.466620687374937,1
CUST_07629,-1.8761907441784895,-0.7992075017765066,2
CUST_07630,-1.985008469170202,0.40950641178613567,2
CUST_07631,-1.068029408937431,3.183313694387483,1
CUST_07632,-0.11135869294387603,2.684156367727217,1
CUST_07633,2.529767870788713,0.5080641584908202,0
CUST_07634,-2.6788386439902956,-2.0263979266939396,2
CUST_07635,-1.525486138962759,-0.9741198307462298,2
CUST_07636,2.6613122399209,-1.2621399854942223,0
CUST_07637,1.8744566011728419,-0.18497539388320566,0
CUST_07638,-1.6256504292232141,-0.47670576403278514,2
CUST_07639,2.227277414868882,-0.5435651581875631,0
CUST_07640,1.9412530926486262,-0.7746690964730778,0
CUST_07641,-1.0305242484371044,2.738451313562181,1
CUST_07642,1.9400429156186678,0.0449979587676409,0
CUST_07643,2.0059252244531556,-0.44436116820762583,0
CUST_07644,1.3074963414875975,0.5141234651483404,0
CUST_07645,2.152465894401913,-0.6056247651387491,0
CUST_07646,-2.606394385795503,-0.3820311782061141,2
CUST_07647,-0.9986349240473303,3.3746926533287476,1
CUST_07648,1.849332166451239,1.2047676043280178,0
CUST_07649,2.464002488114059,0.4330060775851489,0
CUST_07650,-1.0310395093708837,2.3791121041611842,1
CUST_07651,1.636652410593882,-0.9392779832851926,0
CUST_07652,1.012959025360985,0.054834268022676366,0
CUST_07653,2.329891801602499,-1.8207222448212947,0
CUST_07654,-1.610785933334359,-0.8233400671452241,2
CUST_07655,-1.5124230548021562,-1.2640163611049238,2
CUST_07656,-1.8373946564612034,-0.8290284454708323,2
CUST_07657,-1.9089513882849773,-1.4358945930225717,2
CUST_07658,-1.8947865717195462,-0.8401146875202495,2
CUST_07659,-1.2656178750678426,2.593805166387034,1
CUST_07660,-1.353260249074885,-1.6947102501023685,2
CUST_07661,1.4395386253997218,-0.5157570279670461,0
CUST_07662,-1.3589025398842232,-0.8862620223798298,2
CUST_07663,-1.3840518251787108,-0.22044246451658617,2
CUST_07664,-0.5248633942204263,3.7434042490744193,1
CUST_07665,1.7422252791669635,-0.2645613870407757,0
CUST_07666,1.9052195274123762,-0.02499408177807262,0
CUST_07667,-1.7439218318558152,0.431880676418596,2
CUST_07668,-0.8279154802733191,-0.5621704119157586,2
CUST_07669,-1.786563326145614,-1.3938431508171556,2
CUST_07670,1.9888896567690773,1.8553984987651586,0
CUST_07671,-0.3529502421099752,-0.9172583034634111,2
CUST_07672,-0.45602456412013226,3.2836905541074177,1
CUST_07673,-2.2235110266370532,-1.3573869825613039,2
CUST_07674,-1.0300309559065195,3.597134032266523,1
CUST_07675,-0.6986098159080529,1.9941506577232386,1
CUST_07676,-1.088317078488626,2.9030537016770968,1
CUST_07677,-1.2765867251813154,-0.6319418143285486,2
CUST_07678,-2.832171884322176,-1.3875349991455663,2
CUST_07679,1.7102975749167726,-0.9410991061894219,0
CUST_07680,2.564111249938141,-2.053063866370701,0
CUST_07681,-1.9472405838792797,-1.6839867856715862,2
CUST_07682,-1.0355267899191654,2.978124246278888,1
CUST_07683,-0.44178261273475194,1.391962765296756,1
CUST_07684,-0.8058442946644991,1.9610820212154265,1
CUST_07685,2.759675863691246,-2.1510864209744356,0
CUST_07686,-2.2831646211819563,0.05224666764717041,2
CUST_07687,-1.6628483366524829,0.024087566406995387,2
CUST_07688,2.693118701247335,-0.12388394765656341,0
CUST_07689,1.5034480126729963,-0.10635413178870587,0
CUST_07690,-1.3322680547616907,-1.5186175208955852,2
CUST_07691,0.7738595392974683,0.22772480568329861,0
CUST_07692,-2.0971042978413714,-2.521175621940515,2
CUST_07693,1.4860369342414357,1.812773599596465,0
CUST_07694,-0.6437571272086362,1.9685592561845244,1
CUST_07695,-3.6265343846719045,-1.0941432522888914,2
CUST_07696,-1.9015141931802584,-1.0037983495680483,2
CUST_07697,0.4927321431991925,0.08760819366833661,0
CUST_07698,-2.0973205665653714,0.2539293959949829,2
CUST_07699,1.4683387106543149,0.4031983549693634,0
CUST_07700,1.168606502466118,0.02143767059341542,0
CUST_07701,-1.9681668671889125,-1.3103980072694665,2
CUST_07702,-2.787001873845834,-1.3744406817985113,2
CUST_07703,-1.193011532208537,-0.4368722226521522,2
CUST_07704,1.2922034355640735,0.5353930830162549,0
CUST_07705,1.24650361867284,-0.7564008717142754,0
CUST_07706,1.9660888757787207,-0.5634685734937585,0
CUST_07707,-1.2009410802549079,0.6124359410407418,2
CUST_07708,-1.2363829217591678,-1.3858514811251157,2
CUST_07709,-0.22915038692639897,3.5211334231700477,1
CUST_07710,-2.2820050041004443,-1.120796764572496,2
CUST_07711,2.692428072866626,-1.4489481605319499,0
CUST_07712,1.7718624481420548,-0.1702420477278735,0
CUST_07713,1.1974591730901678,0.29016018728619525,0
CUST_07714,-0.3721517014151158,2.8080069660932807,1
CUST_07715,1.3929377661361915,-1.3046916851882182,0
CUST_07716,-3.0991954204962493,-1.6564636962749049,2
CUST_07717,0.787662360255967,0.7614418248679085,0
CUST_07718,-2.3906183984976836,-1.7487654643648678,2
CUST_07719,2.4886926865920906,0.40245680619846275,0
CUST_07720,-2.1898521947576928,-1.5451124020811438,2
CUST_07721,-0.7482141620676716,3.778534667766772,1
CUST_07722,-1.6747274794582032,-1.4146039265700847,2
CUST_07723,1.6501790717244693,-0.4558276462895523,0
CUST_07724,-1.7305471198513886,0.06091620056373701,2
CUST_07725,-1.3833190814059055,-2.3815912351136714,2
CUST_07726,2.9214281721041804,-1.7462661387216443,0
CUST_07727,1.1792128831097877,-0.8288700787010957,0
CUST_07728,3.1131732930024967,-1.0852426095254464,0
CUST_07729,-1.9543274543499785,-1.5339327024568694,2
CUST_07730,-1.4703547600247917,2.9400351869392582,1
CUST_07731,-1.0348894085580334,2.389249187191573,1
CUST_07732,2.856299844806613,-1.76592802086821,0
CUST_07733,1.6833319044823942,-0.8529940206289307,0
CUST_07734,-1.7020963634203585,-0.21359441442019386,2
CUST_07735,2.783908352264313,-2.077403843738532,0
CUST_07736,-2.633434156706883,-0.11094308861059735,2
CUST_07737,-1.1202736705362337,-1.3824272889028255,2
CUST_07738,1.541346694306246,0.5131202588321396,0
CUST_07739,-2.906831620636898,-0.8060347443886734,2
CUST_07740,2.0595927930949407,-0.289862914954042,0
CUST_07741,-1.0492986879280775,2.18528559084834,1
CUST_07742,0.9636015917864602,-1.2699365311934174,0
CUST_07743,-2.7716727977566884,-0.7027612462603952,2
CUST_07744,2.5100057631926966,-0.8195109686940015,0
CUST_07745,-0.5949241461178335,2.0912069542626277,1
CUST_07746,-0.39064322285445274,3.259940513165252,1
CUST_07747,2.2889357976274924,-0.98496053189081,0
CUST_07748,-0.7596450779054011,-1.7191692742840161,2
CUST_07749,1.4153526129954872,-0.22156777330875996,0
CUST_07750,-1.0589244494987828,0.1768169330907468,2
CUST_07751,1.4200082311705375,-0.43542808359967855,0
CUST_07752,-2.179160491867689,0.5353395840605024,2
CUST_07753,2.436940005249003,-1.2562478055304676,0
CUST_07754,1.7415340517854525,0.6549234642833185,0
CUST_07755,0.7549904095062299,0.6033801413536051,0
CUST_07756,-0.9523986743400222,-1.3282588952023422,2
CUST_07757,1.0353992243082901,-0.02129044356271695,0
CUST_07758,-2.078036447215285,-1.9362374598098868,2
CUST_07759,-2.0016194919018786,-1.7273129489609376,2
CUST_07760,3.118745136428503,-1.1056330142904451,0
CUST_07761,0.38601791238514865,2.9995052301657203,1
CUST_07762,2.479583557422217,-0.4378186601192509,0
CUST_07763,1.0042377525102106,1.4045413710995753,0
CUST_07764,-1.6839957663956462,-0.4340063377981346,2
CUST_07765,-1.2184544084220732,-0.4211941925759575,2
CUST_07766,-2.230189469727913,0.3239617024858665,2
CUST_07767,1.5547307047480927,1.0792010627966098,0
CUST_07768,1.7259885839507492,-0.10621668770410754,0
CUST_07769,0.9995576782394833,-0.20676391141770287,0
CUST_07770,-2.225321906594725,-1.4833138348986745,2
CUST_07771,-0.9108367487418787,2.2100080028818874,1
CUST_07772,-2.1654359313356304,-0.9838465124207062,2
CUST_07773,0.9800958068445372,0.4842373664270969,0
CUST_07774,1.2341769361845156,-0.6818891845275663,0
CUST_07775,2.175448456154121,0.3622996618359434,0
CUST_07776,1.7545832637421137,-0.9947633167817657,0
CUST_07777,1.7106367047564799,0.37978092017747134,0
CUST_07778,-1.3952513406437914,-0.013280031304045842,2
CUST_07779,-1.7271900764827708,-0.2830365679883399,2
CUST_07780,0.15173905221778944,3.4531258112169128,1
CUST_07781,-0.7670485027300666,1.7395750020955143,1
CUST_07782,1.6363927746470464,-0.3879028571404614,0
CUST_07783,-2.2508153101818467,-2.765280801197015,2
CUST_07784,1.146911502676452,-0.5482322918992799,0
CUST_07785,-1.7940720511404735,-1.4848041111923442,2
CUST_07786,-0.9895532690764239,2.778395627795997,1
CUST_07787,1.824604922114429,-0.3342016542251053,0
CUST_07788,-2.1745551617795993,-1.097980723322606,2
CUST_07789,1.155013283198624,0.2509122897057819,0
CUST_07790,-0.2709937962166513,1.9804386027826204,1
CUST_07791,-1.514316231575302,3.182791730676626,1
CUST_07792,1.8100941091137208,0.026854269731742302,0
CUST_07793,1.9476596053696864,-0.6905636615810657,0
CUST_07794,-2.080181980210272,-1.1562039798509962,2
CUST_07795,-1.037841250956874,-1.0589080090529117,2
CUST_07796,2.308651977990945,-0.005839848508634217,0
CUST_07797,-2.524494676667893,-2.610657879970841,2
CUST_07798,1.7846443230026847,-0.7034075350459178,0
CUST_07799,4.508772246949313,-0.5985521682281609,0
CUST_07800,0.7170804317493612,1.1185513609203264,0
CUST_07801,1.6322241173731256,-1.2806072321946116,0
CUST_07802,1.385883282794046,-0.34228618459934457,0
CUST_07803,-2.0274991117774137,-0.3744838492844791,2
CUST_07804,3.4382754934517403,-0.37081050728567694,0
CUST_07805,2.4740688452404753,-1.9151935690133635,0
CUST_07806,1.9260238136423993,-1.7147271830629416,0
CUST_07807,-1.6591958198845809,-1.16262319944889,2
CUST_07808,-2.4055070663495095,-1.4090386825085748,2
CUST_07809,1.3575103891829439,-0.5747364871339807,0
CUST_07810,1.5344972944825594,-1.8612259446339057,0
CUST_07811,1.3046098242051196,-0.28426062162531596,0
CUST_07812,1.8651797950152273,-0.44122898047913706,0
CUST_07813,1.911762121839489,-0.922545505613873,0
CUST_07814,2.5241906090030946,0.42850357745861983,0
CUST_07815,0.9156441571322527,1.2458325811978472,0
CUST_07816,-1.2923366446100761,2.670023863149658,1
CUST_07817,0.6941803168584014,0.10484182239741682,0
CUST_07818,-2.0697915208095163,-1.1618891387757353,2
CUST_07819,-1.1815571740904849,-1.6888539144371575,2
CUST_07820,-0.31013080082443545,2.3530012286349073,1
CUST_07821,1.3441171385101895,1.0212317485767315,0
CUST_07822,0.7012797126595661,-0.07641355160763169,0
CUST_07823,2.7541913062989933,-0.2901196886860958,0
CUST_07824,-1.7699099454387697,0.2541191771278658,2
CUST_07825,-0.1299451124421642,2.783027037318931,1
CUST_07826,-2.526115252995427,-1.3062461722764978,2
CUST_07827,-1.8726402517013787,-1.56541289214987,2
CUST_07828,2.9241919481127927,1.3268105882360313,0
CUST_07829,-0.023244441910486968,1.8064729640483852,1
CUST_07830,2.290144781993855,-2.2299337776265347,0
CUST_07831,2.165994178462757,1.3671563278774028,0
CUST_07832,1.6895210846148987,0.344083623731409,0
CUST_07833,1.2982854287274268,0.45455570336296447,0
CUST_07834,-2.7131440713744426,-1.7625872664194446,2
CUST_07835,1.9228982234111576,0.4876203096691425,0
CUST_07836,-0.5345705730469617,2.2356722234434887,1
CUST_07837,-0.692454058746485,2.496678955291299,1
CUST_07838,-1.065975199458798,-0.47003517961474295,2
CUST_07839,1.9113581853834511,0.030600199106763138,0
CUST_07840,-2.4245293318234777,-0.7981183655963872,2
CUST_07841,-0.6587575599184222,1.8116282636995211,1
CUST_07842,2.142194489830887,-0.7619519961357153,0
CUST_07843,2.0108159012164113,-0.6549401881082899,0
CUST_07844,-1.0743518164155583,2.7015013806061927,1
CUST_07845,-1.9915725836746216,-0.5408543657523694,2
CUST_07846,-0.6644366745586352,2.395495497368164,1
CUST_07847,-2.067123759108169,-0.09248281475288836,2
CUST_07848,-0.2589671969422872,2.436383463165107,1
CUST_07849,1.4219243765866427,-0.38863209108407676,0
CUST_07850,2.7421555993776,-0.3221063628681017,0
CUST_07851,2.2055242331160443,-0.6046404263717701,0
CUST_07852,-1.3247615872727145,-1.4174699055488658,2
CUST_07853,-1.827714816919565,-0.10377510656838942,2
CUST_07854,2.202540800231341,0.35429276548270316,0
CUST_07855,-0.5102958123168941,3.4646860116320664,1
CUST_07856,1.6810064489608014,0.5154890927912936,0
CUST_07857,3.531841638531966,-1.1690160184342,0
CUST_07858,1.1673958253215668,0.7715897863138839,0
CUST_07859,1.4912309653665088,-0.6629460057347017,0
CUST_07860,1.0002287640060687,-1.4169720726375836,0
CUST_07861,1.6609180384139928,-0.9377269516989445,0
CUST_07862,1.5651141844323668,0.056044389626922375,0
CUST_07863,1.2176752238363695,-1.0855602105662858,0
CUST_07864,-1.3802634262812987,-1.3842676055324967,2
CUST_07865,1.618212717050893,0.4410294674155338,0
CUST_07866,-1.848885486332863,-0.5524937511174323,2
CUST_07867,1.6322145632763252,-0.9691324375986234,0
CUST_07868,2.3648951322408465,0.42524748024299314,0
CUST_07869,0.6309984947634663,0.6225936760074008,0
CUST_07870,1.7054227937422684,-0.9071992936458643,0
CUST_07871,-1.5292232894285527,-1.1466501119496624,2
CUST_07872,2.3116832126168316,-1.9908879870632568,0
CUST_07873,-2.231118382306451,-0.36207600081633823,2
CUST_07874,-3.8848412116716435,-1.7782287697292911,2
CUST_07875,-0.3494141753093229,2.8639238459505645,1
CUST_07876,-1.4724922151148014,3.129736099595074,1
CUST_07877,-1.8469752048306258,-0.33265364298341266,2
CUST_07878,2.212247649680382,0.16016886265621635,0
CUST_07879,-1.997702672798916,-0.28613944018118076,2
CUST_07880,0.9226862911557706,-0.6790893655527445,0
CUST_07881,2.0908210304693218,0.13343070641402555,0
CUST_07882,-1.0227029623685508,1.8275679294654363,1
CUST_07883,-1.1408728289443024,2.7277914346485925,1
CUST_07884,-2.7589554932443052,-0.5616032372585764,2
CUST_07885,1.4429439751932152,-1.1674858831126638,0
CUST_07886,-2.0820017682249965,0.093924392077363,2
CUST_07887,2.1729487429194485,0.440744773011194,0
CUST_07888,1.3951703823243629,-0.4336765048407756,0
CUST_07889,0.5693733135544783,0.3162702599658956,0
CUST_07890,1.8560951919758943,0.17946046064374543,0
CUST_07891,1.5494707578268487,-0.6973970725236553,0
CUST_07892,-0.5188974000065473,3.0924064308968435,1
CUST_07893,-1.62009960122111,0.674616647720434,2
CUST_07894,-0.7521227214085727,2.8256637653847005,1
CUST_07895,-1.1268182518999865,1.8956749485037427,1
CUST_07896,-2.772041688757662,-0.7855377358124327,2
CUST_07897,-0.7017340160129357,-1.2230990529956205,2
CUST_07898,-1.262717501807624,2.711700405577281,1
CUST_07899,0.3499180640474805,0.6473240124270221,0
CUST_07900,-2.914757653333766,-0.08884118309636335,2
CUST_07901,-1.2022196945201464,2.8739380737133757,1
CUST_07902,1.8389942500428986,-0.7132372760636618,0
CUST_07903,1.3366315752615288,-0.5404179213106335,0
CUST_07904,-2.0737188732700367,-0.18749945943725058,2
CUST_07905,2.322246131545353,-0.5840363022562555,0
CUST_07906,-1.78260971704099,-1.3281923048945146,2
CUST_07907,1.3317404022352022,-1.280985398212375,0
CUST_07908,-1.3175034555849685,-0.5444059420721535,2
CUST_07909,1.1162077160233868,1.43324008627303,0
CUST_07910,-0.9197225797382504,3.1984909265949795,1
CUST_07911,-1.4638708257596298,-1.3283402520087737,2
CUST_07912,4.080428257385797,0.312229759036973,0
CUST_07913,-0.45470530452221536,2.3119084270141346,1
CUST_07914,2.111922846275909,-1.5037900261271167,0
CUST_07915,1.3507687584283212,-0.585549567741049,0
CUST_07916,1.395006315816175,1.107054289276749,0
CUST_07917,-2.2972076459894613,-0.6262821651443293,2
CUST_07918,1.5556584722931375,-0.4093050851500928,0
CUST_07919,2.2344622814343302,-1.3998317628876922,0
CUST_07920,1.330209498057351,0.4225748944690851,0
CUST_07921,-1.7026046545550946,-0.511933770839289,2
CUST_07922,-1.7459971559645355,-0.5444046511677099,2
CUST_07923,3.570238025383603,-1.8139305076488395,0
CUST_07924,0.9849813522580475,-0.043588408045456675,0
CUST_07925,-2.9553816318163775,-1.9986004207201167,2
CUST_07926,1.4093791763829375,0.8497015489945559,0
CUST_07927,-2.28666024549998,-2.5457822247535704,2
CUST_07928,-3.9296032047916314,-2.2377576166395765,2
CUST_07929,-0.9170785292757275,-0.9185313010018795,2
CUST_07930,1.230194602445892,-0.8548507963010732,0
CUST_07931,-2.113676724907937,-0.2599248558093039,2
CUST_07932,-2.0482090675694886,0.5330650786209168,2
CUST_07933,-1.4546147167198338,2.203646818147994,1
CUST_07934,0.6935569705981345,1.0565181363677782,0
CUST_07935,2.3806076551022426,0.18103161210283564,0
CUST_07936,1.8429813234218484,-1.722112373280598,0
CUST_07937,-1.624704657807159,2.5774629288815496,1
CUST_07938,-0.7931648916146447,2.3187373672432074,1
CUST_07939,1.6739187044403692,0.20969959653479125,0
CUST_07940,-0.5495417452851876,1.454183279158691,1
CUST_07941,0.7924892520915663,0.6314776432786393,0
CUST_07942,-1.5376648480880122,-0.7091779593341235,2
CUST_07943,-1.3241291927076224,-0.723817058780879,2
CUST_07944,2.809363557872151,-1.0297766740239722,0
CUST_07945,1.460134990987191,1.0387548551149337,0
CUST_07946,1.6894570131187316,-1.3448667516680495,0
CUST_07947,-1.3926373505930802,-0.9553117673633397,2
CUST_07948,-2.173834981914178,-0.0275799993917898,2
CUST_07949,-2.0738834211717556,-2.253997903788065,2
CUST_07950,2.541430137426252,0.13451467104358752,0
CUST_07951,-1.1295598750709674,-1.720125620079358,2
CUST_07952,1.9017887976522068,-1.0960259530584653,0
CUST_07953,-0.5057767982810556,1.8865093627302274,1
CUST_07954,1.459338661135856,-1.5800620204991969,0
CUST_07955,-2.2623470960549237,-1.2726131995753016,2
CUST_07956,-1.3016090698875014,2.5546438938666647,1
CUST_07957,-1.5428700063964838,0.17876958874431936,2
CUST_07958,-1.903679885194658,-0.37145839235424566,2
CUST_07959,1.2505761077633428,-0.9668426472255082,0
CUST_07960,2.9379324941300053,-1.7221871461308722,0
CUST_07961,-3.9577315326610587,-1.6848767550439285,2
CUST_07962,2.2352078512599376,-0.16152360405449342,0
CUST_07963,2.1991568360746814,-0.6862782855701394,0
CUST_07964,-0.46618600525936793,2.676101179502366,1
CUST_07965,-0.8414365996134449,2.241638817126623,1
CUST_07966,2.755558736000385,-1.313438637751132,0
CUST_07967,1.3492813964075119,0.3247464502123023,0
CUST_07968,2.108006834618739,-0.9260068152780476,0
CUST_07969,0.9787654068798365,-0.04264336365241496,0
CUST_07970,-1.616774742687491,-0.5890767636632669,2
CUST_07971,-2.3243200830108273,-1.7341772723566329,2
CUST_07972,-2.3638039741371593,-1.3971619098801369,2
CUST_07973,1.8748073703258006,-1.4607136394408171,0
CUST_07974,-2.051223053771742,-1.4568319793898343,2
CUST_07975,-0.5138069214908103,2.9736162882831656,1
CUST_07976,1.3438586058505442,-0.8643146256000316,0
CUST_07977,-1.7664428242648273,-1.7596271440631788,2
CUST_07978,-3.0802345594435447,-0.09385233607802015,2
CUST_07979,-1.0195558455596405,-0.5530966680386473,2
CUST_07980,-2.4796504542782607,-1.5469704538004965,2
CUST_07981,1.9357024897132842,-0.24077037947631974,0
CUST_07982,1.7300177316541652,0.415395959547689,0
CUST_07983,-1.0497578868530522,-0.6052705075782571,2
CUST_07984,2.072660485309733,-0.23442793211062452,0
CUST_07985,3.1268811591051326,1.2449051254046297,0
CUST_07986,-1.7023246756113781,-0.2765001076198155,2
CUST_07987,-1.4896745643127103,-0.5960221815701254,2
CUST_07988,-0.6835567599630804,3.0789968949489195,1
CUST_07989,-2.134158097361307,-1.1375280782592248,2
CUST_07990,-1.8989492801989134,0.8974613382709361,2
CUST_07991,-1.978719025819539,-0.5002851717580549,2
CUST_07992,0.6991761906549648,0.5844658282361211,0
CUST_07993,3.3594391575367886,-1.5383486367942025,0
CUST_07994,1.6866922861100584,0.1082043525372036,0
CUST_07995,0.9993644190654603,-1.4423839332483002,0
CUST_07996,1.6188622757819355,-0.3455371200067847,0
CUST_07997,1.5084190015980399,-0.3271339925338545,0
CUST_07998,-1.3121495333059205,2.6969454414753833,1
CUST_07999,-2.600898533825525,-1.1881380259983212,2
CUST_08000,2.061516537161493,-0.3697770088445166,0
CUST_08001,-1.3461931138920913,-0.25952983974408506,2
CUST_08002,-1.2689454644041045,-0.8501212777540851,2
CUST_08003,1.465919354245823,-0.9239066026549422,0
CUST_08004,-2.083136823059746,0.16082340624375627,2
CUST_08005,0.08239118362594654,2.410009905578285,1
CUST_08006,2.2375255999256667,0.04911868498172393,0
CUST_08007,-0.539905927976544,-0.25390442653982837,2
CUST_08008,0.9451761646713386,1.244494302327014,0
CUST_08009,-1.8444662246079295,0.4370420887006353,2
CUST_08010,0.3208391510133122,-0.8847638391858965,0
CUST_08011,-1.681998156319072,-0.6628597157360437,2
CUST_08012,0.0575054459746626,1.9167314011762346,1
CUST_08013,-1.9614948986000682,-0.9815821756085136,2
CUST_08014,1.3563626005158353,-0.8445944376672335,0
CUST_08015,-1.5110459075151088,-0.5677703659365778,2
CUST_08016,-1.7545676314237544,0.9450532674847305,2
CUST_08017,-0.6408964332556489,3.252123651286947,1
CUST_08018,-0.8218545758281379,2.4632889683737744,1
CUST_08019,0.06689209756579646,3.476057126842419,1
CUST_08020,-0.7493688268433644,-1.473104767890507,2
CUST_08021,-0.4295345370238044,2.8448407115330183,1
CUST_08022,-1.6556206147337138,-0.8885202165618674,2
CUST_08023,-2.5833241501170052,-2.0686243801822717,2
CUST_08024,2.5357599502736505,0.7157927802391006,0
CUST_08025,1.8706095394309512,0.3533686989557847,0
CUST_08026,1.2222079679088906,-0.1701110259503596,0
CUST_08027,-2.0467173662778877,-1.325532195249186,2
CUST_08028,2.2098118658022217,-0.05091371793824663,0
CUST_08029,-1.150197638897049,4.880186352287983,1
CUST_08030,-2.141862033848203,0.11980426968018641,2
CUST_08031,0.9164100473433775,0.21516805888143437,0
CUST_08032,-1.3307733898664311,-1.8540320111354547,2
CUST_08033,1.9688510226475384,-0.15238159029381249,0
CUST_08034,1.8928627233136681,-1.7185511562976612,0
CUST_08035,-1.231120476683379,-1.2028424555943154,2
CUST_08036,1.7928377247902292,-1.3297689315681176,0
CUST_08037,5.25286044969299,-0.2683597265099174,0
CUST_08038,-1.5165141463133918,-0.9847897352060977,2
CUST_08039,0.13371907094238897,2.3866255741096016,1
CUST_08040,-2.2047536192903,-1.46606393184504,2
CUST_08041,-2.678929773386089,-0.6616000344693455,2
CUST_08042,1.5700476062391624,0.42260454413191784,0
CUST_08043,0.8750810118361446,-0.18332046592458778,0
CUST_08044,-1.5276813252808839,-0.35828075703050694,2
CUST_08045,-1.281569087001756,3.746603822855782,1
CUST_08046,1.806618221487978,-0.9378574655954349,0
CUST_08047,-1.9367888047814954,-0.390803354608009,2
CUST_08048,1.299459368127383,-0.9080037416310036,0
CUST_08049,-1.991988525498459,-1.0843827594740434,2
CUST_08050,2.075574884252229,-1.6622345923216466,0
CUST_08051,2.1850642000748373,-1.1445855773413454,0
CUST_08052,0.8934500883067065,-0.06829727409970172,0
CUST_08053,-2.658855584098367,0.1367668170567011,2
CUST_08054,-2.4747439808686447,-1.0404413047276035,2
CUST_08055,-1.6006700389071602,-1.2773824150756168,2
CUST_08056,1.8593958070488326,0.8208249789398304,0
CUST_08057,2.046393544530196,0.017679845466964102,0
CUST_08058,1.7106710684494448,0.1260954645569125,0
CUST_08059,-0.3976813017075425,1.0511416784865155,1
CUST_08060,-0.8949235906589202,3.8672194433219276,1
CUST_08061,-1.084966091794979,-0.6457340516557374,2
CUST_08062,1.3679433040181133,-0.6377375303777186,0
CUST_08063,-1.842256753111367,-0.9067841798778555,2
CUST_08064,0.8555231227179296,-0.5338260544549885,0
CUST_08065,-2.8859830904782102,-1.228760488395927,2
CUST_08066,1.1102059938207238,-0.9229226065306917,0
CUST_08067,-0.956601210776187,1.9530633432949636,1
CUST_08068,4.389160217860305,-1.2288065093170157,0
CUST_08069,-0.1479170196424704,2.6045319847979544,1
CUST_08070,-0.9810390402853979,3.5867348544402646,1
CUST_08071,1.518483659848325,1.1331860756827759,0
CUST_08072,1.4776183490795858,0.6035243009704313,0
CUST_08073,-1.734697415674649,-0.5641019427739244,2
CUST_08074,-1.8299092293128765,-0.9561374184289305,2
CUST_08075,-1.0925804337153409,-0.5533221585442621,2
CUST_08076,1.1101824547408756,0.29683551311022766,0
CUST_08077,-0.8860454007713496,0.7957647329788685,1
CUST_08078,-1.4734980707111702,2.563972914676976,1
CUST_08079,1.4372444695335314,-0.39553233371730123,0
CUST_08080,-1.3067075588944486,2.0315379656180945,1
CUST_08081,1.0295769325718007,0.9996494137770767,0
CUST_08082,0.04431879283997807,-0.4296992376894953,0
CUST_08083,2.7183564640100397,-0.08311440453653943,0
CUST_08084,2.22491572234265,-0.6879176159316939,0
CUST_08085,-1.647701374400902,-1.3941131485625262,2
CUST_08086,-1.8817508336845579,0.29477650895937096,2
CUST_08087,-3.293661207394889,-2.7679011040055594,2
CUST_08088,-1.389203871525766,0.5301429608052806,2
CUST_08089,1.3727937459033195,0.3678449663412741,0
CUST_08090,-1.3905311077427671,-1.844812110768603,2
CUST_08091,-2.0237378668077324,-2.5411329224877064,2
CUST_08092,-0.7407943089194655,3.1285701872125817,1
CUST_08093,-0.8941982852430804,2.2341047760572796,1
CUST_08094,-0.693887902786405,-1.1353587231792557,2
CUST_08095,-1.5598864242461576,3.3343676533606574,1
CUST_08096,-2.79747392816521,-1.3349794148828475,2
CUST_08097,1.3412840845316112,-0.2046635322566534,0
CUST_08098,1.0096605314237692,-1.0797126568041917,0
CUST_08099,-0.7078139114452827,2.9679581994055533,1
CUST_08100,-1.0078980181711168,2.4369755919228124,1
CUST_08101,-1.669494522171478,-0.17755798928856178,2
CUST_08102,-2.6485084174547135,-1.4160112038201351,2
CUST_08103,2.1855597824045114,0.254934386438871,0
CUST_08104,2.1176275747447817,-0.5445577146882045,0
CUST_08105,-1.3692806880127857,-1.2237399798179283,2
CUST_08106,-0.5601459950784408,3.3157131142061793,1
CUST_08107,2.1041776179203273,-1.694868064750516,0
CUST_08108,-0.6812661469432076,1.8112002785574404,1
CUST_08109,-1.5614088997813,0.203373698939777,2
CUST_08110,-2.658160721855253,-1.1362385408002278,2
CUST_08111,-1.5240776638492899,3.9861616163463784,1
CUST_08112,2.1960139222392976,-0.8016208934319174,0
CUST_08113,-2.29152034583593,-2.8621424123051598,2
CUST_08114,-1.1280456337942362,-0.8864059532674989,2
CUST_08115,2.320745323583581,-0.11453836253261629,0
CUST_08116,1.7677833690290459,0.4231196888331744,0
CUST_08117,-2.030444080937716,-0.5847275080353717,2
CUST_08118,1.1431901276697265,0.9005116423952717,0
CUST_08119,1.3281236030722559,-1.099713030430402,0
CUST_08120,-1.168141573729852,2.1287900449434694,1
CUST_08121,3.0032885992567158,0.2305202425215523,0
CUST_08122,-1.5623990215941448,-0.9239347407443471,2
CUST_08123,2.3368522674488235,-0.8471409753622937,0
CUST_08124,-1.6904347360216827,-1.1012528144681435,2
CUST_08125,1.0735440818021031,0.45829100480771234,0
CUST_08126,3.4068719608846685,-1.7785356213452683,0
CUST_08127,1.327535605894886,-0.4382877704214908,0
CUST_08128,-1.8455213210291248,-1.557188551710425,2
CUST_08129,-2.8309736069226474,-1.767568873635034,2
CUST_08130,0.5374653273926356,0.4809845300815827,0
CUST_08131,-1.357605704789736,-0.4372102659446894,2
CUST_08132,-0.42526876193710933,0.9098629448425403,1
CUST_08133,-2.166799865367412,-2.106781107457495,2
CUST_08134,2.3501507227916343,-0.4073054709532217,0
CUST_08135,-2.0776916902870783,-1.2591002978857218,2
CUST_08136,2.5603923735134106,-1.3676002794372752,0
CUST_08137,1.4784082322766756,0.6694442209497022,0
CUST_08138,-1.8625222014621168,-0.8790583265213276,2
CUST_08139,-0.29524690263548936,3.2644161075048945,1
CUST_08140,1.6339686704295162,0.21450566725618725,0
CUST_08141,1.8002941101059198,-1.2906228619241702,0
CUST_08142,-0.41358943429807654,-0.8146579987567548,2
CUST_08143,-2.226965550340784,0.24963966457206108,2
CUST_08144,1.2028094214081866,1.7492930622334242,0
CUST_08145,-2.754953326314653,-2.492827407293531,2
CUST_08146,2.010517829784853,-0.46378873815770627,0
CUST_08147,0.6716017148113861,0.3200418098609388,0
CUST_08148,-2.5662169862732918,-1.7781667669339458,2
CUST_08149,1.0415688765643416,-0.1417949896236703,0
CUST_08150,3.5366330982355128,0.4696879950498805,0
CUST_08151,-0.6543811066457316,2.7657200707354552,1
CUST_08152,-1.8171595092291577,-0.5093022636706367,2
CUST_08153,2.0448877331932787,0.057278542432691745,0
CUST_08154,-1.7399881449064645,-1.472878086083048,2
CUST_08155,-0.9910404029375444,-1.2990012200145427,2
CUST_08156,1.9339303259178002,-1.465856017832954,0
CUST_08157,-1.943412720253812,-0.0410606312588367,2
CUST_08158,1.7933091383711541,-0.39979506900379935,0
CUST_08159,1.9846472147067655,-0.8202654481698515,0
CUST_08160,-1.8552592173972309,-1.0173385586596868,2
CUST_08161,-2.6699322049383647,-1.481826079204268,2
CUST_08162,2.0317985746981315,-1.0397909273950345,0
CUST_08163,2.7895366353424675,-0.5405065348341868,0
CUST_08164,-0.6118980143005739,3.3595784790763448,1
CUST_08165,2.144128045186248,-0.5728868134843768,0
CUST_08166,2.0394580885139932,1.0691655129830742,0
CUST_08167,2.3506647076026836,-0.006775008823694573,0
CUST_08168,-2.373576908146082,0.06793981916484426,2
CUST_08169,1.3813751309668747,-0.059939747821314227,0
CUST_08170,2.300547486927315,-0.9003086532476365,0
CUST_08171,-1.4345861150993058,-0.9001494569549198,2
CUST_08172,-1.208213343963286,-0.7589654923785749,2
CUST_08173,0.4112529023056652,2.2553986692219006,1
CUST_08174,1.2476714991340574,0.37122592561868173,0
CUST_08175,-2.0823389328070903,-1.966121375221717,2
CUST_08176,1.7021219081002752,0.27434973995116124,0
CUST_08177,1.1425508614711015,0.7219376553687359,0
CUST_08178,-2.467217160743689,-0.7068788749262237,2
CUST_08179,0.9334983343887248,-0.8610985696076049,0
CUST_08180,1.5802049445505661,-1.0839805234632398,0
CUST_08181,2.9561975215195173,-2.165068725980598,0
CUST_08182,1.5694751590267586,-1.1034794411480557,0
CUST_08183,3.2542740551869516,-1.605029809960277,0
CUST_08184,-2.80575737977923,-0.3634992189967228,2
CUST_08185,1.5848542189593462,0.36416403549206233,0
CUST_08186,3.7954575487601896,-2.1959896892607995,0
CUST_08187,1.662745909613282,-1.1112817777156514,0
CUST_08188,-0.5038592056059393,-0.98013366247773,2
CUST_08189,-0.565588303169557,1.8274165582629558,1
CUST_08190,0.8626821410371116,0.31516429429516934,0
CUST_08191,-2.750306484480046,-0.829139835237263,2
CUST_08192,1.7674220867452668,-0.13797338506021645,0
CUST_08193,1.4445114950964357,0.2642390700957779,0
CUST_08194,1.8438162094397348,-0.11130424809520299,0
CUST_08195,1.2132400012686608,-0.3223805375715128,0
CUST_08196,2.4000942499227294,0.041745019572870634,0
CUST_08197,-1.8932037254824072,-0.5851523829779425,2
CUST_08198,3.338914557943343,-0.40086590125241534,0
CUST_08199,-0.9206818255190303,1.9302208071388232,1
CUST_08200,2.0436549089659515,-0.33167752168727926,0
CUST_08201,1.6314113126931602,-0.7846072387674874,0
CUST_08202,0.9706689163334606,1.230966896504903,0
CUST_08203,-1.7772932111965072,-1.8196813811973618,2
CUST_08204,1.9508620467551638,0.6815908988621938,0
CUST_08205,-1.9948065119858702,-1.5661069299800692,2
CUST_08206,2.3055882403159464,0.031194462240385513,0
CUST_08207,2.444519530464811,-1.3662340826148245,0
CUST_08208,3.22163769168122,-0.9364752472835121,0
CUST_08209,1.0253147736607817,0.44619509620797754,0
CUST_08210,1.500272447780058,-0.09257756266956631,0
CUST_08211,1.3942520244740852,-1.4943308449742503,0
CUST_08212,-0.976889528753627,-0.5100762104042591,2
CUST_08213,2.187560815620001,-0.5468634333883055,0
CUST_08214,-0.3496540388259232,2.005728803427549,1
CUST_08215,1.056737097252666,0.7275096581468498,0
CUST_08216,-0.6081492251036029,2.304865024785691,1
CUST_08217,-0.8963634391972234,3.361059326771285,1
CUST_08218,1.564498518923422,-0.3441319792178474,0
CUST_08219,0.15391206659736434,1.4448562194628178,1
CUST_08220,-1.5029238012593935,-0.14469431230364962,2
CUST_08221,-1.2692788157046908,-1.001182407526346,2
CUST_08222,1.8800604951606035,-0.44300520218921624,0
CUST_08223,1.8449553732040764,-1.1778933325473764,0
CUST_08224,-1.2002608797619443,-2.4187453846396316,2
CUST_08225,0.967367231279443,1.0578890201539104,0
CUST_08226,-0.8181792347121938,2.384153367381758,1
CUST_08227,1.2203869924617572,0.4838925783265553,0
CUST_08228,1.9981212581844827,-0.14487607509623243,0
CUST_08229,-1.4410033293670803,2.721375298769786,1
CUST_08230,-1.2024533226361325,3.251989173013187,1
CUST_08231,1.8919899894706926,0.44969157682077,0
CUST_08232,-0.14233195419632874,2.1075662758977316,1
CUST_08233,-1.4900528876770347,-1.0941640664597094,2
CUST_08234,-0.5226606768712024,2.6628800983035985,1
CUST_08235,2.060670557117103,-1.1824715590966515,0
CUST_08236,-0.912957768809175,2.7023303061249333,1
CUST_08237,-2.091354131930541,-0.4456742366224764,2
CUST_08238,-0.6897185864743777,-0.9370336281045071,2
CUST_08239,-2.2312922225502607,0.44620532954185543,2
CUST_08240,1.59072688961397,-0.3551367725411345,0
CUST_08241,-1.5092097586213424,-1.4840044096102036,2
CUST_08242,-2.499685532410785,-0.08033479072406882,2
CUST_08243,3.035588873220308,-1.1976156625240353,0
CUST_08244,1.523424539416796,-0.0234412511650652,0
CUST_08245,1.9103683558324358,-0.07898251431068262,0
CUST_08246,-0.2783792609421873,-1.045740303544727,2
CUST_08247,2.7988566226729783,-0.8452610148291507,0
CUST_08248,0.7974326719131859,3.4136175104313335,1
CUST_08249,-2.435152632799699,-1.0801202121713587,2
CUST_08250,-1.5732276845572042,-0.1758350252684551,2
CUST_08251,-1.5830487500790464,-0.755628326655696,2
CUST_08252,-2.9072219189105324,-0.9194336842764199,2
CUST_08253,1.713374816964093,-0.32429790519760304,0
CUST_08254,-2.7375536524684088,-0.5080831133880841,2
CUST_08255,2.0209670733933316,0.9190943570345529,0
CUST_08256,-2.175229419147337,-1.011724716607839,2
CUST_08257,1.9583411549252314,-1.1679959433229357,0
CUST_08258,-3.489924058261063,-1.7164097774947462,2
CUST_08259,-1.3989398858717326,2.700074321339604,1
CUST_08260,-0.8473782416556572,-0.8844753688414954,2
CUST_08261,1.9330021979134835,-1.379825674112297,0
CUST_08262,1.497289296303903,-0.5137092802619996,0
CUST_08263,-1.704433264725134,-0.7570086784427112,2
CUST_08264,0.9063856598574299,-1.2904240350489122,0
CUST_08265,-1.5898722355296708,-0.3366931129899138,2
CUST_08266,1.0229051951067623,-0.4181097140599755,0
CUST_08267,-0.5886594278512547,-0.3508099236639296,2
CUST_08268,1.444769924977896,0.2620485776503086,0
CUST_08269,-0.5025014714947065,1.939432127578649,1
CUST_08270,-1.5173408307146616,-0.257489185402776,2
CUST_08271,1.5073439566639548,-0.29705983218125737,0
CUST_08272,2.196234992187908,-0.9749276029388176,0
CUST_08273,2.8803424574962833,-1.5858929715525858,0
CUST_08274,-1.381071902729068,3.181824123135902,1
CUST_08275,-0.6382672427755355,2.219568529306599,1
CUST_08276,-0.9168645324853756,-0.2791570754423275,2
CUST_08277,-0.7790847247273277,2.373028900272976,1
CUST_08278,1.441088947789394,0.022817071253616393,0
CUST_08279,2.5532018827781164,0.06535265606894179,0
CUST_08280,2.4009657889803466,-1.6605428975506535,0
CUST_08281,2.2072697830681074,-0.7715079464842876,0
CUST_08282,-1.774289292148751,-0.8044792556753808,2
CUST_08283,-2.1564701398872117,-1.5160403644152565,2
CUST_08284,1.5493304854255237,0.5873338975278534,0
CUST_08285,-1.12621869329753,3.6084461548944478,1
CUST_08286,-1.1116767367093092,-0.8023039466095925,2
CUST_08287,-0.8388142191694962,3.1559342558996555,1
CUST_08288,2.780215940302662,-1.1798621582159423,0
CUST_08289,1.9391502271467684,-1.1041073098903436,0
CUST_08290,-0.4679619118326843,2.5555908689882396,1
CUST_08291,-2.2728393894284875,-0.7659804462227542,2
CUST_08292,-1.585386096100604,-1.1840521945173577,2
CUST_08293,2.7005158235798215,-1.973187585691862,0
CUST_08294,0.5006110850768438,-1.8320170989702405,0
CUST_08295,-2.225238582195489,-0.7828643376099174,2
CUST_08296,-2.2679751667027532,-1.6083484761263762,2
CUST_08297,-0.712167686794314,2.770787104605166,1
CUST_08298,-1.2694581856144955,-0.4465544410659595,2
CUST_08299,1.837366506042918,-1.042280075232327,0
CUST_08300,-2.103078668281616,-0.1708216069358571,2
CUST_08301,-1.2821412810310286,-1.0412590630505736,2
CUST_08302,1.7622191561839298,0.7557225027210588,0
CUST_08303,-0.8325609010833753,-0.4041249959156849,2
CUST_08304,1.24662841608146,0.8946900662260229,0
CUST_08305,2.8591703225024587,-1.1134549802165283,0
CUST_08306,2.450574498086464,0.12413536565045011,0
CUST_08307,2.831340983328954,-0.6534148099313456,0
CUST_08308,1.7034457722541494,1.2450289830858947,0
CUST_08309,1.6552652448866418,0.19895411797789503,0
CUST_08310,-0.29007419000978124,2.235668836116163,1
CUST_08311,-0.13154410935010874,2.7208987158291063,1
CUST_08312,0.48119186394766916,0.6359353310623742,0
CUST_08313,1.689086503351212,-0.7079396116217915,0
CUST_08314,-0.033280064991806774,1.004294928514134,1
CUST_08315,2.53990274664795,-0.44520246697757926,0
CUST_08316,1.7873796615442488,1.2238118212909135,0
CUST_08317,-1.4420976286356426,-2.216281103429742,2
CUST_08318,-2.3367780137955183,-0.7318662880040869,2
CUST_08319,-2.3774373273705867,-1.2047372419984925,2
CUST_08320,-0.5431947805314438,3.2785478285836676,1
CUST_08321,0.6603880031612449,-0.6407612988887126,0
CUST_08322,-2.1642753522080964,-1.097101087535733,2
CUST_08323,2.057368734311949,0.7290612500709358,0
CUST_08324,-0.8680714084948521,2.522258187712908,1
CUST_08325,1.1914294226397444,-0.9163011165164904,0
CUST_08326,-1.8393786349052077,-1.0253465666059658,2
CUST_08327,2.99333190559101,-0.9811556034977152,0
CUST_08328,-2.117635570351134,-1.7815891314231271,2
CUST_08329,-2.269050035268242,-2.65142195320101,2
CUST_08330,-0.7962194879913946,3.0536341195192542,1
CUST_08331,-1.5893729844918758,-1.5305530433058423,2
CUST_08332,-0.9795608521045858,2.7113520688388717,1
CUST_08333,-1.6579878840632767,-0.825633964580012,2
CUST_08334,2.318303330282267,-0.5802112975227779,0
CUST_08335,-1.9611270968272725,0.07407648846369537,2
CUST_08336,-0.7146453769854028,1.3761109519658805,1
CUST_08337,-2.058198408698796,-0.5479174678587592,2
CUST_08338,-0.5833715208824402,1.9807104746444686,1
CUST_08339,-1.0157230169686848,2.3929346324977216,1
CUST_08340,-1.6636552918228977,-0.20780280998949718,2
CUST_08341,-1.2441206818712747,-0.4232633035226436,2
CUST_08342,-0.6200783580241002,1.2654722503625502,1
CUST_08343,1.9686750077015234,-1.1522845905299428,0
CUST_08344,-0.6501515136191386,3.527236138122798,1
CUST_08345,-1.5583761523311115,-1.9091048087132885,2
CUST_08346,-1.5082158517490938,-0.46284373625512554,2
CUST_08347,-1.2852771404646386,-0.5691704019784246,2
CUST_08348,2.173989923928918,-1.488067835125727,0
CUST_08349,-0.6122555602715974,3.1063732508438693,1
CUST_08350,-2.532047351265016,1.1189792687136737,2
CUST_08351,-2.128788856758501,-1.5396423065177633,2
CUST_08352,1.8987168014883473,-0.722302008321915,0
CUST_08353,-2.9200785906764968,-0.36025280688180444,2
CUST_08354,-0.7140584020813787,2.4801493264747863,1
CUST_08355,2.0222052905676673,-1.3782369024263414,0
CUST_08356,2.204175944308852,0.23834707067012267,0
CUST_08357,2.438595181315189,-0.6297941199181559,0
CUST_08358,-0.6658868978662725,4.351712772966496,1
CUST_08359,0.6646520220686066,-0.5400625263124694,0
CUST_08360,1.7268177419354482,-1.1555662289467596,0
CUST_08361,-1.5261336398528567,-0.7828145857293761,2
CUST_08362,0.8809429180081308,-1.4164570946723882,0
CUST_08363,0.851695319648891,0.717211671947513,0
CUST_08364,-1.1188194708886512,3.5799657201955823,1
CUST_08365,-0.25844262377596,1.949686489911195,1
CUST_08366,-1.8129553272196568,-0.39427038794752733,2
CUST_08367,-1.049114902861312,3.487392516911893,1
CUST_08368,-2.2546544553042205,-0.2852860956410163,2
CUST_08369,-0.6192514234106601,2.4326707679316546,1
CUST_08370,1.8812391973550238,-1.031819236573131,0
CUST_08371,2.0185886972303364,-1.063223388186263,0
CUST_08372,1.9941690563270507,-0.10959530917608154,0
CUST_08373,1.6128149212949061,1.1199171815274758,0
CUST_08374,-1.8087973469579877,-0.922561034532621,2
CUST_08375,-1.2360260645266103,3.167774273258216,1
CUST_08376,1.2598125670494116,-0.3737503407772741,0
CUST_08377,2.2126266074081666,-0.6400614189880208,0
CUST_08378,2.4191265382722684,-0.6495166213716277,0
CUST_08379,-0.9788315845730279,3.4717376477484545,1
CUST_08380,1.438036208304011,-0.3401669850769726,0
CUST_08381,-0.9656690164092285,2.7255859866587753,1
CUST_08382,1.9301968087696315,-1.6730526693376808,0
CUST_08383,-1.5856117718938227,-0.6500393731003079,2
CUST_08384,-3.02262897852948,-1.5368998850449458,2
CUST_08385,2.3981708916204814,0.4033218752956487,0
CUST_08386,-0.3992468535355076,2.9001568594791083,1
CUST_08387,-0.9980262566410846,-2.501881415471372,2
CUST_08388,2.601369745560821,0.23561031898610071,0
CUST_08389,-0.8088728692757412,3.77671137552514,1
CUST_08390,1.1011464153605486,-0.2580242623327436,0
CUST_08391,-0.7135302141949205,2.993196365297663,1
CUST_08392,1.8908268798424082,-2.0648709462568715,0
CUST_08393,-2.0385323873885484,-1.4765775831166352,2
CUST_08394,-1.5467676640399501,1.4376693836520562,1
CUST_08395,-2.4458928425898963,0.4925675796501499,2
CUST_08396,-2.648067867001747,-0.14517177721563732,2
CUST_08397,-0.41273727170895175,2.648158857435828,1
CUST_08398,-0.7395015734306207,1.5402089318694778,1
CUST_08399,-2.3575105700961445,-1.2496325592600641,2
CUST_08400,-3.7290921371887107,-0.8633722601546991,2
CUST_08401,-0.5322320338053611,1.8926832836292675,1
CUST_08402,-2.1330875998571557,-2.1233027605861525,2
CUST_08403,-0.9677612459726005,2.6825435053291935,1
CUST_08404,1.2296188651107554,1.9313220711560062,1
CUST_08405,-1.0329794045413514,3.071346977047617,1
CUST_08406,1.058973356621133,1.1481040652603867,0
CUST_08407,2.2237035947690402,-1.9245390515983563,0
CUST_08408,1.7763224961772157,0.7137846309832612,0
CUST_08409,0.42281166861027664,1.8229828939934904,1
CUST_08410,1.3798559335717244,0.5973477657727326,0
CUST_08411,-0.6006305261849785,1.5579983293248045,1
CUST_08412,-2.7717648529812884,-2.070008547549271,2
CUST_08413,1.1713260280035207,0.6809045285453231,0
CUST_08414,-0.7741859265877317,2.4267974923276743,1
CUST_08415,1.1718101499812883,-0.9626201925697415,0
CUST_08416,4.598124866585012,-0.8186595626195331,0
CUST_08417,-1.6145269531622464,-1.4142450788885552,2
CUST_08418,-1.197154548273373,2.445542925035672,1
CUST_08419,-1.2211531111459737,-0.3722244574553285,2
CUST_08420,1.2938508071241597,-1.0804031681440551,0
CUST_08421,-0.7221179825773076,1.3708064078778237,1
CUST_08422,1.211787614524545,0.7649108056025582,0
CUST_08423,1.6075175988345185,0.40162929937713965,0
CUST_08424,1.16206899779654,-1.7009530423212993,0
CUST_08425,1.8852009785672912,-0.7277494074406448,0
CUST_08426,1.3385823752991315,-0.42797784189105903,0
CUST_08427,1.4718502884877853,-0.26550588840518086,0
CUST_08428,-1.5881679341728754,-2.199859919868169,2
CUST_08429,1.7564071049669245,0.17410222866532155,0
CUST_08430,1.416817713784579,-0.4524647949012075,0
CUST_08431,3.443495227351663,-1.652875498537963,0
CUST_08432,-0.6715672512956024,2.3160883491053887,1
CUST_08433,1.7730742059648041,-1.126694791876894,0
CUST_08434,-2.962230949339443,-1.7917411357242528,2
CUST_08435,-1.8472412435466896,-1.6628232451384075,2
CUST_08436,1.422067324917358,0.36553198610878546,0
CUST_08437,-0.10457955020561402,2.7752306806167595,1
CUST_08438,3.050336990042925,-1.5036284188215916,0
CUST_08439,-1.6039784867358466,-0.3174142821491722,2
CUST_08440,2.112995801467533,1.018053023755377,0
CUST_08441,1.6822750600813843,-0.10774743257241298,0
CUST_08442,0.45092215945301894,1.0860644404252449,1
CUST_08443,-2.361090438851659,0.013591326500626276,2
CUST_08444,1.3597744529088898,0.11506642681367286,0
CUST_08445,0.9642021589065102,-1.289853456575502,0
CUST_08446,-1.1567872254305869,-0.6331151401170271,2
CUST_08447,-1.0068523196670696,3.796248958160758,1
CUST_08448,-1.8375528743588845,-2.0494863714028617,2
CUST_08449,0.6378195184169582,-0.4196986155741811,0
CUST_08450,-1.9646299979374338,-0.9554278059336737,2
CUST_08451,-0.900964960324196,-0.5654320342841129,2
CUST_08452,1.2044353487667852,-0.9924655738617288,0
CUST_08453,-1.4062302957880584,-0.3850125365584265,2
CUST_08454,-1.419010858200113,1.956181761581188,1
CUST_08455,-2.1062059879308643,-0.6551796171280616,2
CUST_08456,1.8993221791789556,-0.6962434680138795,0
CUST_08457,-1.6523053223652848,0.6671137099181946,2
CUST_08458,1.3822841766932397,0.7240336087840699,0
CUST_08459,-2.4049788535655696,-2.4008823793941527,2
CUST_08460,0.6501306622716521,0.9451407580585123,0
CUST_08461,-3.809145071769082,-1.4094074429281074,2
CUST_08462,-1.7964228994072955,-1.2994295767028252,2
CUST_08463,1.7383004221093301,-0.47407448979414285,0
CUST_08464,-1.1576516201264602,-1.2275241880332768,2
CUST_08465,-2.522704297708305,-1.3018098220866137,2
CUST_08466,1.674171763300114,-0.6080095818414887,0
CUST_08467,1.9227709397376334,0.44009852557649104,0
CUST_08468,-0.8726042926946398,2.859387207849094,1
CUST_08469,2.6226483439750345,-0.6342501414137168,0
CUST_08470,1.567807123531208,-0.13715847576075654,0
CUST_08471,3.2259586620894294,-0.647482949842638,0
CUST_08472,0.8663042272994259,-0.2432424049709466,0
CUST_08473,-1.2749121591163972,3.160380540969781,1
CUST_08474,1.8432400529190862,-1.4474098203289556,0
CUST_08475,-1.7251477274285483,-2.1585279689472627,2
CUST_08476,-0.6550635593788825,-1.4424057876130474,2
CUST_08477,2.371245215871625,-1.5098688055587213,0
CUST_08478,-1.3347819665205136,-0.5720760462025252,2
CUST_08479,-1.8980998030723522,-0.12601705690690937,2
CUST_08480,-1.452877587940033,-1.502873052382499,2
CUST_08481,1.4184753315317518,-0.7187305296666219,0
CUST_08482,2.554901119486102,-0.6013832275741929,0
CUST_08483,-1.457769010432981,-1.4564044532379723,2
CUST_08484,-1.7582138608944342,-1.072597880724298,2
CUST_08485,-0.8792522421230801,-1.0501360042199888,2
CUST_08486,-1.7274072963820253,-0.779574224943024,2
CUST_08487,1.7374408930888616,-2.0251483342024184,0
CUST_08488,-0.001136765986270033,1.8744901212572087,1
CUST_08489,1.3116319159517889,0.08488223844095709,0
CUST_08490,2.301555129203329,-0.8980024641130194,0
CUST_08491,-1.837888159739658,-1.6965714118162472,2
CUST_08492,3.4609539587083153,-1.22363422210299,0
CUST_08493,0.4586917980885378,2.27122909011777,1
CUST_08494,-1.870115741674627,-1.7598069151704991,2
CUST_08495,1.6166386416496006,-0.9679619215604582,0
CUST_08496,-3.3194093480513667,-1.115893927308565,2
CUST_08497,-2.244918366189609,-0.06926960987171728,2
CUST_08498,-0.5871944425044656,2.4480504702853927,1
CUST_08499,1.2912384905681684,-0.8411246434308356,0
CUST_08500,1.00110066940733,1.0907439364278146,0
CUST_08501,2.142653930997292,-0.19942504532155933,0
CUST_08502,2.0480271372996413,-0.13131240758824844,0
CUST_08503,0.3682801154765579,0.7621813868338099,0
CUST_08504,-2.4116530003556527,-1.060614942322955,2
CUST_08505,1.2600429528315367,-1.292513160683834,0
CUST_08506,-3.043052437449667,-0.48778958154299906,2
CUST_08507,2.1221542893087,-1.4781660062333868,0
CUST_08508,0.1306410049818208,2.2022184045433377,1
CUST_08509,-2.062905671827363,-1.8650450891518506,2
CUST_08510,1.7266580934809128,-0.20644926680871004,0
CUST_08511,2.3163031618437038,-1.6479928440266245,0
CUST_08512,-2.2214527120193255,-0.9908283017361861,2
CUST_08513,-0.946343272968277,-1.0360865068881295,2
CUST_08514,-1.3277290108715243,-0.5700921027186115,2
CUST_08515,1.0701453538695025,0.6185078281737434,0
CUST_08516,3.07661039603991,0.3339089648546917,0
CUST_08517,-2.5208785661004867,-1.24193113920536,2
CUST_08518,-3.295989105377868,-2.310292474121036,2
CUST_08519,-0.8094299220872305,3.1048669913829086,1
CUST_08520,-1.2202985310155157,-1.1196244679611342,2
CUST_08521,-0.4965466649856529,2.3440805347826577,1
CUST_08522,1.303237101789591,0.13319535904567556,0
CUST_08523,2.3112896193920265,-0.9122149128110871,0
CUST_08524,2.719877536571372,0.30202683021659876,0
CUST_08525,-0.11631446926647726,2.6348423073300027,1
CUST_08526,2.2166949363847612,-2.066844140607179,0
CUST_08527,-0.43410596423264486,2.7527430916675635,1
CUST_08528,-1.843487762633904,-0.25790660699760565,2
CUST_08529,-1.7238077011133914,-1.7400399603872483,2
CUST_08530,-2.052145193913039,-1.860714688728267,2
CUST_08531,-2.13922965084754,-0.7665400160217707,2
CUST_08532,1.6648296143652,-0.5631685177834154,0
CUST_08533,-0.14331413376672744,1.9502328806222136,1
CUST_08534,-1.8000022996931622,-0.4572861924787438,2
CUST_08535,-0.9534252957428598,4.691161007548975,1
CUST_08536,2.4113862610282575,0.36164303820555704,0
CUST_08537,1.7902959872241464,-1.1908803152978877,0
CUST_08538,-0.9328722355310026,-0.8253912768949956,2
CUST_08539,0.18874268118664306,1.3754048881948007,1
CUST_08540,-2.780721021678448,-1.730479392506921,2
CUST_08541,-0.9319310099637979,0.9739130367616755,1
CUST_08542,-1.9768118814277915,-0.5726040596790843,2
CUST_08543,-1.8727421120694099,-1.233740892159655,2
CUST_08544,-0.741499362962709,-0.5334874290036338,2
CUST_08545,1.800855547167948,0.6090794602823715,0
CUST_08546,-0.36633335538342426,2.7718975450301087,1
CUST_08547,-2.00779875998967,-1.624156912140876,2
CUST_08548,1.9034690768847973,0.4713385487450278,0
CUST_08549,3.0691321357651122,-0.6690136501413491,0
CUST_08550,0.7349539707035535,-0.504578521167274,0
CUST_08551,-1.1451234211442658,-1.2916637094084042,2
CUST_08552,1.0839168557118302,-0.3908574099448461,0
CUST_08553,-1.9637737015285672,-0.2146061829329294,2
CUST_08554,2.0048537337567494,1.0816002496568744,0
CUST_08555,1.0429476462709721,0.915076829485883,0
CUST_08556,-1.7802253845192353,-0.8746542674512345,2
CUST_08557,1.3868255478438412,-0.18728561267551966,0
CUST_08558,-0.05960228650403979,1.6945550203207103,1
CUST_08559,-1.4472727617598866,-0.8208361817776957,2
CUST_08560,-1.946901466665502,-1.1494018101308174,2
CUST_08561,2.2295162014288543,-1.271401722521241,0
CUST_08562,-2.0344594719393783,-1.5630025883704934,2
CUST_08563,-1.7981301401871164,-0.5937105299222186,2
CUST_08564,-1.9797742320988447,-0.9051260469881454,2
CUST_08565,-1.3250376057612028,1.2423049175312453,1
CUST_08566,-0.6405666523162504,2.1258349344400966,1
CUST_08567,-1.9923061698758535,-1.5527818682595151,2
CUST_08568,-3.4048379683848653,-1.417233248845954,2
CUST_08569,0.24642374417574536,2.7973435705962957,1
CUST_08570,3.0830263140923035,-0.24616309916696602,0
CUST_08571,2.31241498467405,-0.8636726519408082,0
CUST_08572,2.251762079909952,0.177179463134431,0
CUST_08573,2.4597081744905394,-0.05979996579609001,0
CUST_08574,1.2676732636002819,0.6020519897697408,0
CUST_08575,-2.3916067395035348,-0.5239109894241619,2
CUST_08576,0.9108824296001806,-0.6671243747059772,0
CUST_08577,-1.7830532688899805,-0.7662045910566336,2
CUST_08578,1.931539839671482,-1.024689259566022,0
CUST_08579,1.6427595696978057,0.11779636128472912,0
CUST_08580,1.747063263263215,-1.2830174743792868,0
CUST_08581,1.814493217602187,-0.028580956600078426,0
CUST_08582,-1.7336712347920962,-1.4191313558602043,2
CUST_08583,-1.9237427545481445,-0.5727778449111144,2
CUST_08584,1.0358004718827232,-0.006422850390626731,0
CUST_08585,-0.7641084284620223,1.3091625104510998,1
CUST_08586,-0.7140708452440848,2.631629427152368,1
CUST_08587,-2.634668510891708,-1.728374149449897,2
CUST_08588,-1.7534674660064287,-1.1712979171366686,2
CUST_08589,-1.223550322659277,1.971515680660537,1
CUST_08590,-2.144948032342883,-0.6822287675340395,2
CUST_08591,-2.3568779841919474,0.113145299348194,2
CUST_08592,1.1251637329890627,-0.6146091001282319,0
CUST_08593,4.078974011354178,1.2194080009540695,0
CUST_08594,-1.6867587854060309,-0.7745159109126533,2
CUST_08595,-1.605708231735346,-0.3482360292955898,2
CUST_08596,-0.9927162906615915,2.8197848899484144,1
CUST_08597,-0.11449258312920278,1.9635238152080126,1
CUST_08598,1.9750129953435145,0.9200157310308154,0
CUST_08599,-0.9755614095618981,1.5202761951649741,1
CUST_08600,-1.3044573446886627,-0.913526989631034,2
CUST_08601,0.9049096745125298,0.14055172859691864,0
CUST_08602,-1.8065041589474389,-0.1503496268285352,2
CUST_08603,-2.291667234536578,-2.4037342823634256,2
CUST_08604,1.4305124157694658,-0.1642613879024823,0
CUST_08605,-0.08022900128691006,2.609863330501071,1
CUST_08606,1.663038615332448,0.008404538767472632,0
CUST_08607,-1.5181935737889867,-0.20398126273375367,2
CUST_08608,0.9621212714576984,0.35721641947292393,0
CUST_08609,-2.332046786155707,-0.23962303712687094,2
CUST_08610,-2.2172923000133955,-2.9015608394903984,2
CUST_08611,1.8615991007182038,0.8783290637366079,0
CUST_08612,-2.75868272975194,-0.28991562764317064,2
CUST_08613,-2.0308896538429133,-2.2023100398373074,2
CUST_08614,3.0660677340475506,-1.7752227575307151,0
CUST_08615,2.613548264241199,-0.6839787616170125,0
CUST_08616,-3.757733274318031,-1.0854790698219974,2
CUST_08617,-0.9446374710467239,-2.6527359265337656,2
CUST_08618,1.1872038471168627,-0.3048650598766771,0
CUST_08619,1.6393233446422852,0.06468966999160923,0
CUST_08620,1.5943760450472326,-1.3339282218099562,0
CUST_08621,-1.9370866472859865,-1.5999535258317559,2
CUST_08622,2.0982507583096246,-1.4646468438962796,0
CUST_08623,-0.5252996814721199,1.725893630220331,1
CUST_08624,-1.588319980334509,-1.0613225140613722,2
CUST_08625,1.5501877995159465,-0.5137617004156431,0
CUST_08626,-1.0841593043432347,2.0246632647661853,1
CUST_08627,2.5506990500873603,-0.07572367017155583,0
CUST_08628,-2.36317108431907,-1.7839419217724994,2
CUST_08629,3.011915786457939,0.7056143278478801,0
CUST_08630,-0.8099082761870083,-1.117409828148429,2
CUST_08631,-1.964553607415289,-0.9457980299267377,2
CUST_08632,1.1167623166507048,1.6356835086962451,0
CUST_08633,1.7306488777021696,-1.8193871455789028,0
CUST_08634,0.8297111761386788,0.5056562175577903,0
CUST_08635,1.7307444629363722,0.3597192223270414,0
CUST_08636,-2.101269622454312,-0.8814045491183544,2
CUST_08637,-2.2196870474617136,-0.3340701377386446,2
CUST_08638,-0.30219743309830893,2.4776462785382587,1
CUST_08639,-1.5307525647895566,3.2451236032717645,1
CUST_08640,-0.9503518353194119,2.495289328277478,1
CUST_08641,-2.40230695043214,-0.8369650506821433,2
CUST_08642,2.3928150883502783,0.3101498063317267,0
CUST_08643,1.4961983107338097,0.45256048696659484,0
CUST_08644,1.3679553649583551,1.3940905703551127,0
CUST_08645,-1.2902843411622247,2.368412736187353,1
CUST_08646,-0.4515405198236493,1.9723248008051164,1
CUST_08647,-1.3210267434640988,2.5495674393210046,1
CUST_08648,1.2856868544575146,-1.510494014233086,0
CUST_08649,-1.500126320359472,-0.5995361619746186,2
CUST_08650,1.8793746640923945,-0.581898895735636,0
CUST_08651,0.9763916141061283,-1.570340172409693,0
CUST_08652,1.6073610349395309,1.3316166320563874,0
CUST_08653,2.8220521020091165,0.46440596000357837,0
CUST_08654,-0.4200830725430287,2.6817721726964647,1
CUST_08655,1.419884093715643,0.47071960391196493,0
CUST_08656,-0.930835788958361,3.077931981280706,1
CUST_08657,-0.7210809778670856,3.323626217463311,1
CUST_08658,2.1790591817573075,-0.2697997007987859,0
CUST_08659,1.6484231349762706,-0.8592924196790948,0
CUST_08660,-1.3672651913259404,-1.3291038698143576,2
CUST_08661,1.6533352335811833,1.062451066912668,0
CUST_08662,1.2431375212020697,-0.5352750953074663,0
CUST_08663,2.143193606789286,-0.922729038836407,0
CUST_08664,-1.332400130037255,2.6813843493880647,1
CUST_08665,-0.666220872782396,2.8532297787784353,1
CUST_08666,-1.0336918594296802,2.5589014274374815,1
CUST_08667,-2.5359842868854092,-0.14715022587856788,2
CUST_08668,1.8061998089562825,0.362269764213745,0
CUST_08669,1.5077075073144806,-0.4050302654173105,0
CUST_08670,-2.3466965625351075,-1.6142277535843328,2
CUST_08671,-2.2233559624008277,-1.3645997632525315,2
CUST_08672,2.0198453506660923,-1.1333386724547143,0
CUST_08673,-0.14382893511098935,1.4094660775897019,1
CUST_08674,0.1404033155612772,0.42345286532439486,0
CUST_08675,1.149714726583711,-0.9154347050391832,0
CUST_08676,3.238500895731627,-0.47594101594897914,0
CUST_08677,1.6595127011562028,-1.205391669861882,0
CUST_08678,-1.2622506673656186,-0.4328038114933632,2
CUST_08679,-0.5919117745761254,3.379285655786949,1
CUST_08680,2.6639370804543567,-1.3670373554521877,0
CUST_08681,1.7156719354354353,-0.32241574388617944,0
CUST_08682,-1.342155370131961,-2.259388103322888,2
CUST_08683,1.7230012071948932,-1.1554184476781397,0
CUST_08684,-1.14189783988228,3.1992515362795686,1
CUST_08685,1.1803450267427793,-0.1634494373554395,0
CUST_08686,-1.0343152301783103,2.7779445853792186,1
CUST_08687,0.965958590081551,0.8471922073703526,0
CUST_08688,1.3765353671196894,-2.0938869557500754,0
CUST_08689,1.8447341161591635,-0.009321039481707398,0
CUST_08690,1.3121768113441183,-0.20411621461677898,0
CUST_08691,2.8052713845561716,-0.2505279640271355,0
CUST_08692,-2.3938875375592823,0.022733604745545918,2
CUST_08693,2.7401921190053162,0.5742245315937529,0
CUST_08694,2.9898481395976133,-1.0426822929599289,0
CUST_08695,-1.2191535131809261,2.4573787959547055,1
CUST_08696,-1.921359407571231,1.4886873203012174,1
CUST_08697,-3.509481439614183,-0.13837882944703997,2
CUST_08698,-0.2551735828038963,2.052247353414144,1
CUST_08699,-0.8769614218691455,2.2764600054621305,1
CUST_08700,-0.48766238521132815,0.5187102808091734,2
CUST_08701,-2.9634438056297228,-2.263311187873276,2
CUST_08702,-1.882621734672173,0.39329112721718656,2
CUST_08703,0.783178165858522,-0.49793442461469256,0
CUST_08704,0.6823855552683087,1.6174738738567116,1
CUST_08705,2.126035966324674,0.1824113965624452,0
CUST_08706,-0.46510497275261853,2.7924198635353585,1
CUST_08707,-1.5643926907340016,0.7245906546073082,2
CUST_08708,-0.4657206247082693,2.929954190714479,1
CUST_08709,1.039160924231501,-1.0033693414550138,0
CUST_08710,-1.0941194279679594,-0.5570869638438738,2
CUST_08711,-2.1338568618442615,-1.3355187593822782,2
CUST_08712,1.8651664945620823,0.9090473110545001,0
CUST_08713,-2.779634726753005,-0.9175756721881397,2
CUST_08714,0.8333985267412961,0.9722008067518357,0
CUST_08715,-3.4068782690247774,-0.6411050035811823,2
CUST_08716,-1.9152655596361576,-0.16500056392465978,2
CUST_08717,-0.6263300448312239,1.645417555483403,1
CUST_08718,-1.807150505542721,0.1973616590120759,2
CUST_08719,-2.8822536910548506,-0.5422008248172621,2
CUST_08720,-1.1464781824736507,1.456216308912645,1
CUST_08721,1.610662602462291,0.013705404111886687,0
CUST_08722,-2.0989634762762486,-0.9861937304756144,2
CUST_08723,1.241563616549147,1.0293990990232995,0
CUST_08724,0.8844162545972049,1.6725369893356965,1
CUST_08725,-3.2480276234793255,-1.0194277585175,2
CUST_08726,-2.926935563705121,-0.8612850825533434,2
CUST_08727,2.6293384650977103,-0.7544168825987069,0
CUST_08728,0.8935722946271354,1.5844229432136252,1
CUST_08729,2.3094245630802552,0.7651605173718603,0
CUST_08730,1.720447135405735,0.5332846644000167,0
CUST_08731,0.7705769814370064,0.07028286638503539,0
CUST_08732,-1.7009909554327272,-0.32654058274558323,2
CUST_08733,2.4914923985408226,0.7053181156348093,0
CUST_08734,-0.9534939000252919,1.629184278166499,1
CUST_08735,1.213750756038278,1.903348177043286,1
CUST_08736,-2.073966543441548,-0.3290476874289983,2
CUST_08737,1.3114265056154824,0.9603918791094711,0
CUST_08738,3.134128261412913,-1.0632862806112042,0
CUST_08739,3.041280526490866,-1.555072386782838,0
CUST_08740,-0.9167812913986744,2.2475594815385627,1
CUST_08741,-0.04770187443280532,2.4607508947550616,1
CUST_08742,2.504560841045106,0.3965978234733442,0
CUST_08743,1.2231533134006067,0.3598271874783178,0
CUST_08744,2.5026955845704353,-1.693139475047205,0
CUST_08745,-0.9818485899460326,3.9574405004736453,1
CUST_08746,-0.3840565242798189,3.5669050842301564,1
CUST_08747,0.8844584371797777,-0.1727272671929476,0
CUST_08748,2.588757483352718,-2.0575159424799563,0
CUST_08749,0.8985166428319377,-1.4108272067946266,0
CUST_08750,2.3610088913217915,-0.8358000067610024,0
CUST_08751,-1.354013885841801,1.6374255221297047,1
CUST_08752,2.1778862164468613,-0.9554428535442111,0
CUST_08753,1.4592341623486556,0.764246771871348,0
CUST_08754,2.285771525482827,-0.747620879754856,0
CUST_08755,-1.2154160727035284,-1.295333334706196,2
CUST_08756,-1.1375774215135128,-1.2550647379825663,2
CUST_08757,2.3369908354232485,-0.5199586995353744,0
CUST_08758,1.291294479752904,1.0577944665400438,0
CUST_08759,3.118186475146954,-0.7338356779568137,0
CUST_08760,-1.1122326281428194,1.3611197461952294,1
CUST_08761,0.7151027867739032,0.983135388748876,0
CUST_08762,-1.343954582894693,-0.6875287724307406,2
CUST_08763,-0.5031681201733081,1.9824118259112395,1
CUST_08764,-1.7980681697858725,-1.4079683146079236,2
CUST_08765,1.0362157052026022,-0.9374066851538748,0
CUST_08766,-1.0427446441006274,-1.404229012163833,2
CUST_08767,-1.8908006418211334,-0.514408985097038,2
CUST_08768,-0.11558496672275502,-0.832634690432122,2
CUST_08769,0.56369701628427,2.8344358564071213,1
CUST_08770,1.895664001242722,-1.5822171907721916,0
CUST_08771,-0.05565343700927362,0.8122636409532383,1
CUST_08772,1.9560789319153609,0.19616316481820242,0
CUST_08773,-0.22666666658677626,2.36744896172555,1
CUST_08774,1.8425832846530974,0.21853253469890474,0
CUST_08775,-2.3229672104438985,-0.978395695554029,2
CUST_08776,1.303190311080647,-0.604623687894355,0
CUST_08777,-3.0011472555585237,-1.7880573137067006,2
CUST_08778,3.4767431714247246,-0.5788649747675241,0
CUST_08779,-1.2448315697515442,-0.5849688301102797,2
CUST_08780,1.4360433326526723,0.6803116309344692,0
CUST_08781,0.9735560820909236,-0.9032279960763392,0
CUST_08782,-1.7510017122702066,-1.3169642728199473,2
CUST_08783,2.926261306042886,-0.4894603881413983,0
CUST_08784,-0.8849944844909289,-1.2298373210294429,2
CUST_08785,-0.8810125141577294,1.7487571781394704,1
CUST_08786,-0.8487677809585007,3.1182614972633966,1
CUST_08787,-0.3403069070253149,2.8806394045730572,1
CUST_08788,-0.8498718317089239,-1.4242225170425236,2
CUST_08789,2.1756002807491486,-1.919648092496801,0
CUST_08790,-1.328077366935927,-0.9987035077348896,2
CUST_08791,-2.4320264043770274,-2.139318781364617,2
CUST_08792,2.2123032654479657,-1.3485585782706528,0
CUST_08793,2.214688527882015,-1.7011084182986274,0
CUST_08794,-1.2032813596463579,-0.5590884370174295,2
CUST_08795,0.9515982200736348,0.5152609535571375,0
CUST_08796,1.7321755390406484,0.9264004467293276,0
CUST_08797,2.6334638883428645,-1.7632426672942263,0
CUST_08798,-0.03934203279720897,3.463205274273298,1
CUST_08799,2.992485233730243,-0.9121650006953405,0
CUST_08800,-0.3947113094472321,1.5719526802174975,1
CUST_08801,-1.0100916105059454,-0.5372007805726164,2
CUST_08802,1.846513203182314,-0.8931889130965543,0
CUST_08803,-0.897590396308943,3.5675980026656693,1
CUST_08804,-1.649072015965096,-1.893643704853358,2
CUST_08805,-1.3989061411985442,-0.6859971693858548,2
CUST_08806,-1.8245862318318449,-0.7208677834222699,2
CUST_08807,1.7661008184912776,0.9374294830677959,0
CUST_08808,-2.5117388045058266,0.7073456722694659,2
CUST_08809,2.4027767113209944,-1.4414565213757204,0
CUST_08810,2.2685613723149385,-1.0261294608695655,0
CUST_08811,1.5509966860821038,0.7370058870953798,0
CUST_08812,1.4265199283995147,0.35450200028128853,0
CUST_08813,-0.9366295399317961,-0.8774074803872545,2
CUST_08814,2.3008199009632624,-0.1425489412266235,0
CUST_08815,-2.1164842019885586,-0.9921696989502268,2
CUST_08816,-1.7307858873780524,-0.0829966558349399,2
CUST_08817,-1.2388809861457084,3.497475943874487,1
CUST_08818,1.167908889999192,0.43145333580030587,0
CUST_08819,-0.8947116161589319,2.3395819986290256,1
CUST_08820,2.2859023040575166,-0.009029772383783505,0
CUST_08821,1.5949870772662942,-1.9499279138645573,0
CUST_08822,-1.6821094165564832,-0.8375619233092222,2
CUST_08823,2.0402496779382346,-0.7831391585970765,0
CUST_08824,1.923875008878283,-1.5315454332230696,0
CUST_08825,-2.9039931259090603,-1.1663083324378045,2
CUST_08826,1.5377213663916185,1.3575393367983513,0
CUST_08827,-1.826486227083179,-0.7008063606641138,2
CUST_08828,1.6036418416646394,-0.23075579752579342,0
CUST_08829,1.5779131820314278,0.7427809861593162,0
CUST_08830,0.8880845446317617,0.22313148859420637,0
CUST_08831,1.3490941575781032,-0.054476592435567565,0
CUST_08832,1.415744881319579,0.6031470948843326,0
CUST_08833,-1.3802806548371511,-0.8993871345046712,2
CUST_08834,-1.7392050479020917,3.375945872960768,1
CUST_08835,-1.9211350570180186,-2.5929515059900874,2
CUST_08836,2.0312583243736135,-1.821686009114487,0
CUST_08837,-0.3102224460980343,2.3446811578539672,1
CUST_08838,-0.49422002501874307,2.1725640441032383,1
CUST_08839,-2.243401411638318,-1.4490385029585642,2
CUST_08840,2.4334170138664017,-0.49367987424960635,0
CUST_08841,-1.0894890785410754,2.372338554344457,1
CUST_08842,-2.5369434403795434,-2.5679794609026985,2
CUST_08843,1.653767769806992,0.7684490414693306,0
CUST_08844,-1.6249395248217058,-1.3140223682640315,2
CUST_08845,1.4342383088385289,-0.7881827864879594,0
CUST_08846,-1.399989866364273,-0.0021070073771396703,2
CUST_08847,-0.9063297530520643,-0.2710206236660581,2
CUST_08848,-0.5255209195766138,-1.1198524943080652,2
CUST_08849,1.8556432206725333,-0.30031565567383384,0
CUST_08850,1.458544136857748,0.2768148338474757,0
CUST_08851,-1.769006279354194,-1.612733839214519,2
CUST_08852,-1.2398587545553645,3.550045315478787,1
CUST_08853,1.722134080600398,-0.9098728671824573,0
CUST_08854,-2.2344606539225396,-0.616000932809143,2
CUST_08855,-0.13850078988276876,3.407809163235091,1
CUST_08856,1.9168010027400182,-0.5455781022637782,0
CUST_08857,2.7373046122169113,-0.3668814688556109,0
CUST_08858,2.2729011681100864,-0.5436384393012508,0
CUST_08859,-0.4256890280327909,2.89335672946952,1
CUST_08860,-2.305896231472617,-0.7575070749648908,2
CUST_08861,-0.8893301738401017,1.215448595590515,1
CUST_08862,-1.3456551083812296,-0.9890884114363495,2
CUST_08863,-1.9891234982222876,-0.8562637432594481,2
CUST_08864,-0.349988646232204,1.9944484392420792,1
CUST_08865,2.2243174855862016,-1.3208728046084182,0
CUST_08866,-2.431310270437871,-1.005903479617534,2
CUST_08867,1.9102873034431243,0.904155963051529,0
CUST_08868,-0.2864457176182109,2.546641526528245,1
CUST_08869,-1.6518878894913398,-0.7430859094553841,2
CUST_08870,1.3996925476432742,0.14729714366007565,0
CUST_08871,-3.1128290238639913,-1.8700687741984952,2
CUST_08872,1.7467525631513932,-1.3297707677022745,0
CUST_08873,-1.9771542930601038,-1.3950393777130832,2
CUST_08874,1.0346651876929436,-0.8458230296648828,0
CUST_08875,-1.5896390473609447,-0.41212568564656826,2
CUST_08876,2.144705118292229,-1.2492570496880058,0
CUST_08877,1.7821968380716906,-0.9291761042624628,0
CUST_08878,0.7879482667994513,0.28648374638544594,0
CUST_08879,1.0335179260243548,0.25060484434136754,0
CUST_08880,4.57239875938994,0.8939594639360319,0
CUST_08881,-0.6461627095469584,2.1005643577228232,1
CUST_08882,-0.5308348556865227,3.1912633581400307,1
CUST_08883,2.838255735224705,-1.5011979531526265,0
CUST_08884,1.5386732846311182,0.2964696846104509,0
CUST_08885,-2.170220513883569,0.2826316702356426,2
CUST_08886,-0.9613792437697531,-1.086082939691671,2
CUST_08887,-1.968954813531195,-0.7626876765255114,2
CUST_08888,-2.045676944743104,0.37550012273312994,2
CUST_08889,1.5702096153667586,0.25404145260131017,0
CUST_08890,2.773254817147254,-0.6742904687410511,0
CUST_08891,1.050990353717994,1.561330055032657,1
CUST_08892,-1.9750085969609574,0.053756720996963867,2
CUST_08893,-0.9205770787013378,-1.7666805748663366,2
CUST_08894,-0.2345673558377961,2.6627429774027918,1
CUST_08895,1.3116240398365657,-1.4727212989477614,0
CUST_08896,1.6916192227243005,-1.244654946538138,0
CUST_08897,0.912900206214,1.2812251160999955,0
CUST_08898,-0.3873063042745463,2.156540487694198,1
CUST_08899,2.5435332732537614,-0.5514082834635228,0
CUST_08900,-3.1724696527529943,-1.487631572907194,2
CUST_08901,1.8739988144638964,0.7289642572535477,0
CUST_08902,-2.657361831381249,-0.6411825354831674,2
CUST_08903,-1.6212657535825017,-0.4519916733865415,2
CUST_08904,-0.8305653235368086,-0.8101882251445448,2
CUST_08905,-0.5159838967125177,2.900749005681581,1
CUST_08906,-1.880906669213328,-1.2463971682508037,2
CUST_08907,-1.2471030778948955,-1.5077300405368301,2
CUST_08908,-2.188944886096775,-0.7660311583614309,2
CUST_08909,-1.095276691970224,2.67416537675496,1
CUST_08910,-3.2434873931553265,-0.504975791840399,2
CUST_08911,-0.9876750861026413,-1.3148111962106082,2
CUST_08912,-0.5727737244383772,-0.5645138356968322,2
CUST_08913,-2.3306566018074633,-0.4499847676486177,2
CUST_08914,1.8144052325374946,1.7909013685832536,0
CUST_08915,1.8282403431313528,-1.260502575720077,0
CUST_08916,-0.5931079575021656,2.6465946809796055,1
CUST_08917,0.07828707748586428,2.369763574408398,1
CUST_08918,-1.7854786915257441,-1.5994167817699791,2
CUST_08919,-1.4001555752006758,1.7249387935005398,1
CUST_08920,-0.6003281931740092,3.0158802649000154,1
CUST_08921,-1.4335261971310245,1.8115685033227664,1
CUST_08922,3.335095211279369,-1.0091497028816905,0
CUST_08923,-0.8077156274469447,1.8287149166733254,1
CUST_08924,-1.5497906121148382,-0.677650772993904,2
CUST_08925,2.9473422602086883,-0.252809492189141,0
CUST_08926,-0.7123257431831381,3.0180322915409996,1
CUST_08927,-0.3697098496362003,3.154629476177053,1
CUST_08928,1.5751816522503972,-0.633341309634064,0
CUST_08929,1.3394669493602682,-0.6468659558058402,0
CUST_08930,-1.051253111692783,-1.1252674807228953,2
CUST_08931,2.400024197184022,0.18027950344663035,0
CUST_08932,1.3449660468040199,1.3866295214543956,0
CUST_08933,2.1998183909881717,-1.2580712186302216,0
CUST_08934,-1.49683269185558,-0.5288762760131316,2
CUST_08935,-0.9449885233155237,2.520856535769961,1
CUST_08936,-1.4480179445706634,-0.7277274456206309,2
CUST_08937,2.914514897165672,-1.8784369032914796,0
CUST_08938,-3.431900394905202,-1.1175889583366454,2
CUST_08939,1.6867263420533085,0.16716956433335536,0
CUST_08940,0.7339060225291544,1.4106445484735528,1
CUST_08941,-0.25440045479209517,2.18727680126727,1
CUST_08942,2.18715729751144,0.11103264758115414,0
CUST_08943,-3.0042805459816506,-1.3587858104551866,2
CUST_08944,-2.08253351946322,-1.2845774206651128,2
CUST_08945,0.30128850073015484,-0.03740512609686716,0
CUST_08946,-1.7233272536553597,-1.2943914580398,2
CUST_08947,-1.7755203311522665,-0.2385335748349608,2
CUST_08948,-2.316361017989672,-1.5616254693141995,2
CUST_08949,1.6468127567355648,0.20579290007451845,0
CUST_08950,-2.0012570105299594,3.6153083965135986,1
CUST_08951,2.2720764097520667,0.7298535218791893,0
CUST_08952,-1.38608583938667,-0.658636725232183,2
CUST_08953,1.1048889789280525,-0.29043385432854363,0
CUST_08954,-0.9683754393133999,3.303619140020106,1
CUST_08955,2.5124633374626115,0.19952848451068775,0
CUST_08956,2.057653598782686,0.2833616369867007,0
CUST_08957,-2.2611526838686804,-0.2702553589843829,2
CUST_08958,-2.965828725766068,-1.8707251171971528,2
CUST_08959,-0.8679146563156146,2.4187439303615603,1
CUST_08960,-1.6293818578537989,-1.313032429548484,2
CUST_08961,0.3463491835613277,0.8116497742869767,0
CUST_08962,0.3353155986451474,2.708226610871385,1
CUST_08963,-0.6256349826453885,2.027637299793952,1
CUST_08964,1.4151234584532275,-1.710037031798226,0
CUST_08965,-0.5896605473541767,3.2864703446334547,1
CUST_08966,-1.1598888495886142,-1.1224720705118982,2
CUST_08967,-0.08468385331134046,2.9243574441067017,1
CUST_08968,-1.3969575870119784,-0.9901642589786722,2
CUST_08969,-1.2335014582855164,2.3689521132140654,1
CUST_08970,2.320639769916809,-1.2317371072209968,0
CUST_08971,2.002118192725839,-1.4171868959719622,0
CUST_08972,-1.175071263438896,2.9190186142686008,1
CUST_08973,1.7095424991732209,1.1108837679970416,0
CUST_08974,2.555583671657938,-0.875422645218234,0
CUST_08975,1.5447701671149925,1.2976032494177867,0
CUST_08976,-1.0419137142377288,3.0205160347819855,1
CUST_08977,0.17717100655748558,0.9846691368999128,1
CUST_08978,-1.2263281644434354,-1.0031685338589524,2
CUST_08979,-0.8514653732971936,-1.4400552416459445,2
CUST_08980,1.7089017333063046,0.03079363290541679,0
CUST_08981,-1.7597142431953323,-0.07929486456335927,2
CUST_08982,-1.8421060947994394,0.5687701685266051,2
CUST_08983,-1.639036940353788,-0.9969035489622663,2
CUST_08984,-1.0504506691585784,2.5131485255655392,1
CUST_08985,1.5934195572366383,-1.197752379211151,0
CUST_08986,-0.626218567895408,-0.1251092915835354,2
CUST_08987,1.4995249125132193,0.7268092173584639,0
CUST_08988,-2.382916848643772,-1.2852375126528515,2
CUST_08989,-1.5628352837028407,-1.114470350042086,2
CUST_08990,-0.5592626157944733,2.4020053491244866,1
CUST_08991,0.42661341381142776,0.11460281563769745,0
CUST_08992,1.9148793863127178,0.10699043053825685,0
CUST_08993,0.850934415535651,1.0490225712879895,0
CUST_08994,-1.0266829340640429,1.7803238474038832,1
CUST_08995,1.6939628943306535,0.3343346626562126,0
CUST_08996,-0.40823262566543295,1.9244179746507852,1
CUST_08997,2.315658134234958,-0.8763654331770782,0
CUST_08998,-1.534145991264103,-1.9852337867384202,2
CUST_08999,1.8283076750239238,-0.42794829023907693,0
CUST_09000,-1.2254885357846859,-0.9174543929833401,2
CUST_09001,-1.2944830297814955,-1.1904122088393907,2
CUST_09002,-1.4366222480548212,2.430940574342329,1
CUST_09003,-1.9130665041398993,-1.2700124635437477,2
CUST_09004,1.8358612340206295,-0.3117509828834072,0
CUST_09005,-2.186433261164454,-1.0128512498964104,2
CUST_09006,1.3864284232086501,0.1341199067146359,0
CUST_09007,1.529056450327542,1.1234610035743615,0
CUST_09008,-0.6762664375065983,1.4945943861184572,1
CUST_09009,-0.7871947585719525,2.706492994936213,1
CUST_09010,-0.20574248184482152,1.8848571911166967,1
CUST_09011,1.9056313754052054,0.4640814774139342,0
CUST_09012,2.5979734466789606,-0.19528358668648738,0
CUST_09013,0.8206864977068764,-0.5992806821929226,0
CUST_09014,1.9876988501858466,0.20023914198878678,0
CUST_09015,1.8005777601115562,-0.5578454288356832,0
CUST_09016,2.4274380757787437,-1.3323686928999856,0
CUST_09017,2.6174392703113325,-1.4363873180873186,0
CUST_09018,-2.1495523839626673,-0.9032986826168273,2
CUST_09019,2.4258357701395425,-1.7487812567394503,0
CUST_09020,-1.5711387317953935,-1.4256389419616795,2
CUST_09021,1.9653961423547974,0.23837279366367334,0
CUST_09022,-1.8743558225569736,-0.4932001449231849,2
CUST_09023,-0.13063103806694998,2.331935622286674,1
CUST_09024,1.1747137083370656,0.9959682547197771,0
CUST_09025,-1.011175373738971,2.511964006024409,1
CUST_09026,1.0701127567200348,0.669542450099038,0
CUST_09027,-0.17435076872478164,3.098593686648745,1
CUST_09028,2.0735431881752864,-1.3751091797376283,0
CUST_09029,-2.0479521401651715,-0.28716808341501615,2
CUST_09030,1.1413442329598087,0.4781802197651292,0
CUST_09031,1.7403740031711725,-0.5033338180636482,0
CUST_09032,-1.9875613969871029,0.8993391710131265,2
CUST_09033,1.3971184111063015,0.2912764509270809,0
CUST_09034,-2.157222730986657,0.3387852201115914,2
CUST_09035,-0.6017293053113455,1.9149964492767184,1
CUST_09036,-1.1998337847285567,-2.486022108614309,2
CUST_09037,2.0157916681940957,-0.1604640967261578,0
CUST_09038,-2.1193434539714575,-0.4401815078519573,2
CUST_09039,-1.9024682453643509,0.007980637781596613,2
CUST_09040,1.1696414699568425,0.3719422375492479,0
CUST_09041,2.0748980056204114,-1.2756701817342007,0
CUST_09042,1.1173157976545933,-0.34927239515144215,0
CUST_09043,-1.4578749722714677,-0.8920252666872356,2
CUST_09044,0.8162849598796841,0.932003273295382,0
CUST_09045,0.5309164381154832,2.5409119505894973,1
CUST_09046,2.012669106551588,-0.04950310833100345,0
CUST_09047,0.9786796386869099,-0.958451683688142,0
CUST_09048,-1.2843552064131032,2.2886725976509985,1
CUST_09049,-2.908420177373957,-1.6411682016658444,2
CUST_09050,-1.7716054190948338,3.3202824836909604,1
CUST_09051,-1.7748908276263358,-0.1600682265698621,2
CUST_09052,-0.03260361085500215,3.443486134917432,1
CUST_09053,1.2728145734544323,-0.7584963925999386,0
CUST_09054,0.7381110905335591,-0.11427422314002468,0
CUST_09055,-0.500377072819711,2.4314515924761952,1
CUST_09056,-1.09649942488359,-1.453192750637654,2
CUST_09057,-2.433993803791907,-1.0390280003980499,2
CUST_09058,2.3583586624646626,0.7219456325467255,0
CUST_09059,1.4662741995266069,0.36059593393782796,0
CUST_09060,1.0679001359477647,0.5969411940535667,0
CUST_09061,-1.852069935770201,-0.5959933070324229,2
CUST_09062,-1.6486989422453153,-1.0830873172001672,2
CUST_09063,-1.9592286857619685,0.13804062708565543,2
CUST_09064,2.1765420245662317,-0.10033321764409171,0
CUST_09065,-0.7414599927380867,2.926238178817387,1
CUST_09066,-0.41987365491335443,1.4749655437643834,1
CUST_09067,1.3692760820174237,0.5988452846564495,0
CUST_09068,-1.1394148060651623,2.9850783836397694,1
CUST_09069,2.1903254666424434,-1.1440845803519304,0
CUST_09070,1.7409041325991008,-0.8562476015288654,0
CUST_09071,-2.1189323445591017,-1.3662301232783276,2
CUST_09072,-1.42021748958713,-1.8165899960778735,2
CUST_09073,0.8240886062689503,0.7524913854321007,0
CUST_09074,-1.1211585020861463,3.0078122534128022,1
CUST_09075,1.890507136496192,-0.26227783980763336,0
CUST_09076,-2.0611734314828745,-1.3900108662541226,2
CUST_09077,-1.8534856626777862,-0.05424784211622238,2
CUST_09078,-2.135759061665214,-1.2398919994069715,2
CUST_09079,-1.27026108251886,0.626159194695491,2
CUST_09080,2.736616291809005,0.4277736641183822,0
CUST_09081,1.464359357256672,0.2000699317421,0
CUST_09082,-1.280640822355758,3.702769796812124,1
CUST_09083,2.0973000471833876,0.25613172465319267,0
CUST_09084,-1.3084767092163885,-0.07742804562828368,2
CUST_09085,1.4944715323155198,-0.21491603275927468,0
CUST_09086,1.7350659024614379,-0.24665364129880038,0
CUST_09087,2.1979418848965473,0.9785723867880748,0
CUST_09088,-3.0031059721884095,-2.4421776670576265,2
CUST_09089,2.0656987299035285,-0.3177067603800588,0
CUST_09090,-0.22235056456650654,2.1291015662203034,1
CUST_09091,1.9417375801992103,0.15181953909264062,0
CUST_09092,0.693311151791775,-0.9611990370266081,0
CUST_09093,-0.6846834167247154,2.2899283213951813,1
CUST_09094,-1.7607957037177562,-0.11118579775438212,2
CUST_09095,-0.9274208275925742,3.2337136106706437,1
CUST_09096,-2.690850281760628,-1.4315189700124613,2
CUST_09097,1.9506930489161256,0.12119119434942749,0
CUST_09098,2.0455629115948093,-1.3926258824090243,0
CUST_09099,-1.7199349917781346,-1.2262086334537337,2
CUST_09100,1.6789746315692329,0.4514593758992957,0
CUST_09101,-0.4593594150949975,3.2413284013763626,1
CUST_09102,-1.4103575507748198,-0.27344750925359845,2
CUST_09103,1.8595996026777042,-0.43617244254674054,0
CUST_09104,-1.8729155878737902,-1.27854615201584,2
CUST_09105,2.502735360291201,-1.428793002955725,0
CUST_09106,1.6243398165729963,0.199716686986726,0
CUST_09107,1.869548992190914,-1.1063865487705384,0
CUST_09108,-1.8825150432884197,-0.2592902574139993,2
CUST_09109,2.170288775115305,1.148673198873436,0
CUST_09110,-1.7072384611375129,-0.23582800807971305,2
CUST_09111,-3.8456534742776296,-2.6000606692668597,2
CUST_09112,-0.29853718342801483,1.8899537645272164,1
CUST_09113,0.12272881120228893,1.9210173939099913,1
CUST_09114,-0.8734477739012576,3.6097882266815033,1
CUST_09115,1.4774106614600528,0.8894060009990934,0
CUST_09116,-0.6786820704544084,1.8693024987237952,1
CUST_09117,-0.8951710367743144,2.6442746582992855,1
CUST_09118,-2.9072906285437132,-1.3898564313374453,2
CUST_09119,-2.7984403143175656,-1.6235014820570695,2
CUST_09120,-1.65446035563837,-0.9168329586039035,2
CUST_09121,-1.7050028350095914,-1.8550038194041316,2
CUST_09122,-0.6214786576514766,2.2159821822952757,1
CUST_09123,-1.0777000309907827,-0.5412418293600141,2
CUST_09124,-2.0923579506940397,-2.9090465330602635,2
CUST_09125,3.737661789545927,-0.23914293051972382,0
CUST_09126,-2.3410271556869233,-1.9495398476771388,2
CUST_09127,2.575681365896792,-0.20926558234381148,0
CUST_09128,-1.147047534319489,2.966988995078165,1
CUST_09129,-0.9335548500010897,-1.8902311935202833,2
CUST_09130,-2.562530486627364,-0.9762878660648616,2
CUST_09131,2.040863945185985,-0.4448510154788475,0
CUST_09132,-1.9731811629507594,-0.6854613984011897,2
CUST_09133,-0.330908572659899,2.2517290860261236,1
CUST_09134,1.9377410585286061,0.6414255015660132,0
CUST_09135,-1.3752412734809345,-1.215602709462666,2
CUST_09136,-0.5144332839290291,2.414344246873357,1
CUST_09137,-2.4003379121264534,-0.7057713245644097,2
CUST_09138,2.370169320230309,-1.063794496159784,0
CUST_09139,-0.5359481915926574,2.354247244593161,1
CUST_09140,-1.2766373863074743,2.0637078644002385,1
CUST_09141,2.262920809537438,-0.7998908541888424,0
CUST_09142,1.199082901280538,-1.1300238684236588,0
CUST_09143,-1.1593630916744866,-0.6337493583096664,2
CUST_09144,0.5919922632662362,3.2334668211970072,1
CUST_09145,-1.9843173135536136,-0.9440538135026207,2
CUST_09146,3.0845592451277555,-0.13205663758009634,0
CUST_09147,2.254604425867973,0.33710109402902666,0
CUST_09148,1.702034222551278,0.15240724156572877,0
CUST_09149,1.7357079361083474,1.1143177383918041,0
CUST_09150,-0.14948240640256258,1.7559411350581013,1
CUST_09151,-0.7062128281093799,2.658568376102119,1
CUST_09152,-0.9936194507842637,1.4326993182717331,1
CUST_09153,2.5365150397272065,-0.25843487565037737,0
CUST_09154,-0.7848784830447549,3.5950419182526185,1
CUST_09155,0.8586503414094544,-1.285879977192407,0
CUST_09156,1.3616986774290614,-0.8744558245937936,0
CUST_09157,-2.7611163480740983,-0.4635122531817689,2
CUST_09158,-0.9842027142362746,2.6056189986013254,1
CUST_09159,-2.1376117513461055,-2.1927220909569884,2
CUST_09160,1.3752537935120481,0.13966817834320672,0
CUST_09161,-2.230423895151128,-2.1885587645673303,2
CUST_09162,-1.5997748758778203,-0.7259096177532229,2
CUST_09163,-2.5723874886913265,0.5131851960262117,2
CUST_09164,2.1785156508435977,-0.9856650538953163,0
CUST_09165,-3.311193923502611,-2.788053476864056,2
CUST_09166,-2.0714965155279645,0.04494372377099918,2
CUST_09167,-2.2061692452168202,-0.8793465063772201,2
CUST_09168,2.052978027026699,-0.8728970937945435,0
CUST_09169,1.6059986162753128,0.4253267318104911,0
CUST_09170,1.3719809079945513,0.726535428549841,0
CUST_09171,1.6474376690414716,0.28486662027263365,0
CUST_09172,-2.8731938176318748,-2.3979289034565934,2
CUST_09173,0.8507881114894452,-1.0089153538106284,0
CUST_09174,2.2267581333761273,-0.7436625215026436,0
CUST_09175,2.434335547153508,0.5598499532512786,0
CUST_09176,1.3709786979952459,-0.19288143614456804,0
CUST_09177,2.2065582799629504,0.8371051162005185,0
CUST_09178,-1.8695652534963947,-2.1364935323505807,2
CUST_09179,-1.3276604705681794,3.301215745016421,1
CUST_09180,1.980700734523301,-0.6983815764733665,0
CUST_09181,2.461249082445692,0.12533219322743352,0
CUST_09182,2.41099772905984,-0.6938792461251825,0
CUST_09183,2.1110655119187296,-1.3801618698622893,0
CUST_09184,-0.8101745081966676,-1.6787217784379291,2
CUST_09185,-2.469626092922157,-1.1035589949382254,2
CUST_09186,-1.6754861280025093,0.29672180185667146,2
CUST_09187,-1.347229109734345,-1.0403919709619365,2
CUST_09188,2.2113709184404713,-1.0773621459704004,0
CUST_09189,-1.614710766693365,-1.3018588952084496,2
CUST_09190,-2.1560466382572856,-0.5241082663209928,2
CUST_09191,-2.8262767070017203,-2.0905984235987534,2
CUST_09192,2.5532868953766155,-0.766271363638942,0
CUST_09193,-2.7495618151024175,-1.2221714129771215,2
CUST_09194,-1.298807658534864,-1.1587443600757934,2
CUST_09195,-1.7014928540675487,-0.06715643145043883,2
CUST_09196,1.9648078541916842,-1.4054994489514143,0
CUST_09197,-1.0589672625161348,-0.9694006981317486,2
CUST_09198,-2.0091591174955576,-1.1415592802165355,2
CUST_09199,-2.262368186309388,-0.8888970831862272,2
CUST_09200,-0.812914184843871,2.098582115935032,1
CUST_09201,-1.7840698050867263,-1.9871240103553534,2
CUST_09202,-0.3718249193879639,1.7745134117126373,1
CUST_09203,-1.0194600443645498,2.560903613507792,1
CUST_09204,-0.9803578491069691,0.6782571136574856,2
CUST_09205,-4.3824101109603,-2.5710605436991543,2
CUST_09206,2.0566930586349423,-0.2604290001701,0
CUST_09207,-0.6345988745591298,3.4015607151833764,1
CUST_09208,-2.8723089134380113,-0.9261820549271164,2
CUST_09209,-0.9956102620625076,-1.0850914596598713,2
CUST_09210,-0.8012151697538817,3.5963586164091463,1
CUST_09211,-1.4391558411994099,-1.3185350304717083,2
CUST_09212,-3.6885203968696874,-0.7943495723829324,2
CUST_09213,1.1178213967934452,-0.1489011080309906,0
CUST_09214,2.110184352477588,-0.5378678546638217,0
CUST_09215,1.1799999489616904,-1.1382363006580365,0
CUST_09216,1.0895640107838032,0.7096439794535413,0
CUST_09217,-0.576902484224193,2.193865050015846,1
CUST_09218,-3.002378248588725,-2.4705063477187554,2
CUST_09219,-1.5765072713282857,-0.3403396927605779,2
CUST_09220,0.9736856424229495,-0.6274731961676969,0
CUST_09221,2.192596501831008,-1.332064129669458,0
CUST_09222,-0.6971953968313083,3.7283455889129464,1
CUST_09223,-1.7100943486601956,2.354719445562552,1
CUST_09224,2.3027157106822917,-0.2554799544805645,0
CUST_09225,-2.710054161340532,-1.4597792042188606,2
CUST_09226,-2.134618121072341,-2.0869560670197322,2
CUST_09227,1.2393284203763644,0.6429827685766448,0
CUST_09228,-2.137413803111957,-0.7268330839681788,2
CUST_09229,1.8208429117010054,-0.8616824341232243,0
CUST_09230,-1.4549215890313951,-1.0650819284612623,2
CUST_09231,0.11534352976084215,2.5711066967108827,1
CUST_09232,1.3680745938675989,-0.197103246613028,0
CUST_09233,-2.436735124020873,-0.6128053922178331,2
CUST_09234,-0.8880347095252011,2.1904095491849302,1
CUST_09235,-1.8621085724484878,0.6276614173017934,2
CUST_09236,1.4324346653072026,0.662232030889923,0
CUST_09237,1.7053127099712833,-0.9824778183746657,0
CUST_09238,2.6808427026557267,-0.9716267197944489,0
CUST_09239,-1.2832465994235098,2.43708691649646,1
CUST_09240,-1.7447497957971474,0.3406147184417367,2
CUST_09241,1.1345045292302138,0.19510924385688572,0
CUST_09242,-2.2899795636956406,-0.542805860653206,2
CUST_09243,-0.8971896938143125,-1.3603325511755755,2
CUST_09244,-1.3732197286717824,-1.4241117519136652,2
CUST_09245,-0.8089406434369479,1.882895152649669,1
CUST_09246,-1.3864921736408358,-1.3030894821523527,2
CUST_09247,-0.7880963984589304,3.2752496830529014,1
CUST_09248,-0.9358149698837838,2.5353342399304877,1
CUST_09249,3.4055323245685143,-1.874138206977807,0
CUST_09250,2.0818067324428893,0.4088348705531379,0
CUST_09251,2.247438829271539,-0.2725062134635474,0
CUST_09252,-1.805289485798073,-0.46522943284433604,2
CUST_09253,1.913313994904204,0.5964625937622208,0
CUST_09254,1.3875606452408915,0.22973928723092032,0
CUST_09255,-2.125301714917923,-0.46464475628456464,2
CUST_09256,2.1186445994583525,-0.598782975488163,0
CUST_09257,2.5513038905397556,-0.4055286161588094,0
CUST_09258,1.6342501720555915,-0.9559632592498083,0
CUST_09259,-1.7701523699895512,-0.1987570244939703,2
CUST_09260,1.5654263398259678,-0.8471671201391906,0
CUST_09261,0.059121976602102735,1.799818229738827,1
CUST_09262,-1.5059007453137911,3.111315097552817,1
CUST_09263,-1.8574787687774277,-0.9683586990641044,2
CUST_09264,-2.333610898994908,0.03378326484149434,2
CUST_09265,-2.434543218241398,-1.2298989077756908,2
CUST_09266,1.0974181466193076,-0.1696413956916583,0
CUST_09267,1.7974092658404581,1.0950852627517145,0
CUST_09268,1.9123483251249147,1.2471820548349404,0
CUST_09269,2.0680962159014453,-0.38485191541051317,0
CUST_09270,1.1430051093112956,1.2383397389649458,0
CUST_09271,1.9438493638639678,0.919467380629919,0
CUST_09272,-1.0868238323365684,1.940305254885925,1
CUST_09273,-1.1475346602825127,-0.2303471874181604,2
CUST_09274,2.400397655658955,0.15489116030439287,0
CUST_09275,-2.4431714822783017,-0.24913645480963523,2
CUST_09276,1.0514256638965889,0.7628588684935733,0
CUST_09277,2.444157207393251,0.6701995421442375,0
CUST_09278,-0.8097479333891271,1.0100781678855175,1
CUST_09279,1.4560752863438355,-0.8967579854088551,0
CUST_09280,1.0853201971284772,-0.5676131356290208,0
CUST_09281,2.15635886738741,0.16701138931467677,0
CUST_09282,-1.9191107629213422,-1.0857836697893801,2
CUST_09283,-1.6619984489443467,-0.4052337753274446,2
CUST_09284,1.414226589101583,-1.2784012133367022,0
CUST_09285,-1.4664484856702296,-0.6964021709430471,2
CUST_09286,-1.7791053525491052,-1.4833673858417404,2
CUST_09287,-0.8866265096668944,4.2664104518104615,1
CUST_09288,-1.002640071474556,-0.9198876655565397,2
CUST_09289,2.415229300213978,-0.674846609045461,0
CUST_09290,0.7326761574462028,-0.6404101912764655,0
CUST_09291,-1.2153625192564173,3.760064037369079,1
CUST_09292,-0.49837958794853143,3.222939178486606,1
CUST_09293,-1.2917316524285924,3.005207602360715,1
CUST_09294,-0.023014553300954834,1.1976122410947365,1
CUST_09295,-1.7015981072267778,-2.657029555361045,2
CUST_09296,-3.0311699326520007,-1.8460352353008727,2
CUST_09297,-3.9605418916306374,-0.8372812766266092,2
CUST_09298,-1.8568034612823807,-0.7993937510401207,2
CUST_09299,-1.5819728244005724,-1.9436438688542632,2
CUST_09300,2.2189473365670302,-0.6520959426283708,0
CUST_09301,1.3866401733229727,-0.19994637569043866,0
CUST_09302,-0.16513318912325947,3.685579555831679,1
CUST_09303,-1.8253843332405586,-1.420907668201538,2
CUST_09304,-1.3605610588902723,4.646359911525808,1
CUST_09305,-2.502714226476666,-0.33777271275692383,2
CUST_09306,0.9086195567457781,-0.510377063232094,0
CUST_09307,2.0379825810039347,0.34821123509563007,0
CUST_09308,-2.0594017094824113,-0.4862112008691967,2
CUST_09309,1.6760680442269655,-1.4010287786008475,0
CUST_09310,1.3686937626973839,0.48822235518664336,0
CUST_09311,2.061436163659939,-0.5990888804419912,0
CUST_09312,1.3128718858260031,0.5049110420912637,0
CUST_09313,-1.014781947102261,-0.9576328614228384,2
CUST_09314,0.6031386071684367,0.8085351565536443,0
CUST_09315,-0.16702158349360902,2.5978312890929205,1
CUST_09316,2.1527866115610506,-0.48297069051901304,0
CUST_09317,-1.2067507004365021,-0.596238303122992,2
CUST_09318,2.704403222460195,-0.28425155843958183,0
CUST_09319,-1.713638198044979,-0.803105134847786,2
CUST_09320,-0.8304616169401818,-0.1446559741154395,2
CUST_09321,3.5041283263521104,-1.4568860457383213,0
CUST_09322,-2.47637605159848,-0.8660520643745199,2
CUST_09323,0.1662803924970649,3.348086685207,1
CUST_09324,3.8295928112900195,0.21749786273855273,0
CUST_09325,2.1627265960437705,0.5016658901192954,0
CUST_09326,-1.678150800163496,-1.7867128051585066,2
CUST_09327,-2.07746009575712,-0.1416692320904992,2
CUST_09328,1.3625823170203775,0.4415223021736341,0
CUST_09329,2.071975762055685,0.475538401017046,0
CUST_09330,-1.5376569642753906,-1.4694831157058934,2
CUST_09331,-2.575430575838736,-1.284071108295156,2
CUST_09332,-1.9978542058930526,-0.09491554923741057,2
CUST_09333,-0.4932334217732421,4.1801144127193455,1
CUST_09334,-1.7281884064593946,-0.09365322237180682,2
CUST_09335,1.6142752052988474,-0.23379967041065514,0
CUST_09336,2.2851821086970574,-0.683586348680271,0
CUST_09337,-2.085186970339608,0.25362705806543995,2
CUST_09338,-2.057348076540354,-1.1310306285446685,2
CUST_09339,1.1539073685197934,0.39869067048272255,0
CUST_09340,-0.9353279768515514,2.5309882813913482,1
CUST_09341,-1.5599083605495752,-0.782274605901281,2
CUST_09342,-0.2456392664524308,2.5821299540871503,1
CUST_09343,-1.0496479934762335,0.13245954661005588,2
CUST_09344,-1.1765573770864721,-0.3900631137389548,2
CUST_09345,3.1425698882149495,-1.8860168196589797,0
CUST_09346,-2.209351520719508,-0.39255544480902105,2
CUST_09347,-1.7004127413870875,-0.9699243650386095,2
CUST_09348,-2.2196772313125366,-0.6873577197372435,2
CUST_09349,-1.5123512412434443,-0.906158824015707,2
CUST_09350,-1.1216427249147782,-1.1316678548518744,2
CUST_09351,3.604277335471735,-0.34803665733988176,0
CUST_09352,0.36950882077970315,0.8224250159542849,0
CUST_09353,-1.9834336225875377,-0.9531893778027835,2
CUST_09354,1.7873467356074548,0.9307531871371945,0
CUST_09355,2.4442057663523906,-0.45993195146728727,0
CUST_09356,-1.960974342920166,-0.20977521010132466,2
CUST_09357,-2.255368669019834,-1.14783422680015,2
CUST_09358,2.560771088256425,0.1426542309276538,0
CUST_09359,-1.6910126852731053,-1.9236018877184051,2
CUST_09360,-1.7071253109690032,-1.09021689671973,2
CUST_09361,-0.5726512716428164,2.4649775352732677,1
CUST_09362,-1.6641715181222696,-0.1401276920099607,2
CUST_09363,2.314220486619393,0.03360076477485863,0
CUST_09364,2.6492884540504775,-0.7634227386042517,0
CUST_09365,1.7284888778793162,-0.14283980180980646,0
CUST_09366,0.21932870524247794,2.632958277901537,1
CUST_09367,-1.3539686192214682,4.427746684614183,1
CUST_09368,-1.769018918238136,-0.8799453971118892,2
CUST_09369,-1.0339707242568084,-1.0251673854537497,2
CUST_09370,-0.2890782957193681,2.2194840071899065,1
CUST_09371,-1.9979565735492768,-0.2843133510664763,2
CUST_09372,1.9799772426840077,-0.9141918126115864,0
CUST_09373,1.7426903074263527,-1.2742093703459767,0
CUST_09374,-2.0668504444392886,-0.631222979571237,2
CUST_09375,0.8368540368924605,-0.9937866980819986,0
CUST_09376,1.8520504898939738,0.8163303155638931,0
CUST_09377,-1.2129961856628702,-0.6675917822480959,2
CUST_09378,1.2101990013011636,1.0045734636206307,0
CUST_09379,-3.213672590164665,-1.5996137481256256,2
CUST_09380,1.8766711655480142,-0.6148387778097872,0
CUST_09381,1.688877314403334,0.10609704799654895,0
CUST_09382,1.518272294683939,0.9467381040891476,0
CUST_09383,-0.7992900787622471,2.4383515788451544,1
CUST_09384,2.140848747801937,0.44381557912649344,0
CUST_09385,-0.9577357293622041,1.6165069396254803,1
CUST_09386,-1.7808390174413586,-1.5345317222681514,2
CUST_09387,-1.9198771957735508,-0.6527390364670593,2
CUST_09388,1.476819406480092,1.603983507617585,0
CUST_09389,-0.7027987936082677,2.5996311519732282,1
CUST_09390,-0.467402061480499,2.1310679054939277,1
CUST_09391,-1.5932916113794044,-1.3955956614739824,2
CUST_09392,-2.9968990820716765,-1.8303428668339403,2
CUST_09393,1.9333718719560846,1.4930254230918676,0
CUST_09394,-1.2032730823378126,-0.5570206687861737,2
CUST_09395,0.7542853655841074,0.48486480370624446,0
CUST_09396,2.270341775420836,-0.11712558201665121,0
CUST_09397,2.2635893182719973,-0.8714503696504645,0
CUST_09398,-0.5542072208832832,2.8825847816957473,1
CUST_09399,-0.3119508712858194,2.9609784233074943,1
CUST_09400,1.8562895416126992,-0.529341262241337,0
CUST_09401,-1.8089932703353035,-0.8619945495158171,2
CUST_09402,3.1160917411616462,-0.7982516883043721,0
CUST_09403,-0.2792802282312143,2.8656662723065596,1
CUST_09404,2.003264876351409,0.5608083018334742,0
CUST_09405,1.386815155338132,-1.5778504856149256,0
CUST_09406,1.7580527887004813,-0.012836409962600735,0
CUST_09407,1.529806746501853,0.7056397623731286,0
CUST_09408,-0.2052516129093464,2.7684794408221793,1
CUST_09409,1.042764556013261,0.3085511921509337,0
CUST_09410,-0.46653349506452274,2.9963267072778432,1
CUST_09411,1.1835676520311658,-0.8621241324383171,0
CUST_09412,-1.8269785104883725,-0.9464161115900673,2
CUST_09413,-1.0551327516595812,-0.9110781755933864,2
CUST_09414,2.1413877607076386,-0.36666341725882123,0
CUST_09415,-0.42523379026180885,2.6684986445205268,1
CUST_09416,1.5702389788184745,0.7129649407769779,0
CUST_09417,-0.8192367413775896,2.94466547476628,1
CUST_09418,1.0506518181939641,0.21362604510660124,0
CUST_09419,0.04847759363922552,1.8400594463735354,1
CUST_09420,-0.5404548080538893,2.8228873929433664,1
CUST_09421,-2.5094433858734235,-1.7756203415583238,2
CUST_09422,-1.0169434037460066,2.3115744767091653,1
CUST_09423,-0.5363434051678051,2.331190850618814,1
CUST_09424,4.5953474576963025,0.07107471257043806,0
CUST_09425,-2.049556848215298,-2.2164207475117474,2
CUST_09426,-1.6093175891818876,-0.2916479594814235,2
CUST_09427,3.9244528409923083,-0.054737200156785015,0
CUST_09428,-1.9770709083893898,-0.5638066767248,2
CUST_09429,1.6958995274550077,0.020796766699705472,0
CUST_09430,-1.5464500058979478,-1.5485467966509625,2
CUST_09431,-2.479301814570118,-0.020628613802669032,2
CUST_09432,2.098540869586529,-1.259859291832266,0
CUST_09433,-1.657869560339391,-0.5893649385421156,2
CUST_09434,1.4299708114561116,0.4546736950506592,0
CUST_09435,1.397515156311365,1.0427875569458853,0
CUST_09436,3.521334505111792,0.3304719001623254,0
CUST_09437,-2.0461791388806083,-1.4240417462187556,2
CUST_09438,1.0154983194007947,0.04493737597458085,0
CUST_09439,1.1734238300858704,-1.6535199076743072,0
CUST_09440,-1.6588044342423596,-0.6284949037255455,2
CUST_09441,2.537668370266796,-1.714669986288639,0
CUST_09442,2.8001818213581537,-1.116561538102659,0
CUST_09443,1.5540696159766627,-0.14277208864809604,0
CUST_09444,1.6480608568659052,0.4796204768686876,0
CUST_09445,-0.05784570126145979,1.403810966763469,1
CUST_09446,2.797458846892621,-0.7022425886166922,0
CUST_09447,-2.051974073415777,-0.7309451132630473,2
CUST_09448,-1.4215953221031132,-0.9985814144279768,2
CUST_09449,1.5747555638141633,0.5260039521969405,0
CUST_09450,2.461892110622846,-0.5118827539147417,0
CUST_09451,-0.03970926125426637,1.8659393795040873,1
CUST_09452,-2.548111035730065,-0.3793954088495063,2
CUST_09453,2.155391479343107,-1.5571147832302754,0
CUST_09454,1.627992029769562,-1.1341300504981007,0
CUST_09455,-2.322120926516947,-1.6848938728866185,2
CUST_09456,2.2016153100388944,-0.8133565725953845,0
CUST_09457,1.1544244670491384,0.3222537553199209,0
CUST_09458,-3.3081658348768275,-1.1946037585642901,2
CUST_09459,-1.2038174089656957,-0.10230497232629399,2
CUST_09460,2.3616187296869633,1.0708103211173134,0
CUST_09461,-1.2451012035128908,-0.14569434153321384,2
CUST_09462,1.7057382110164323,-1.469063406421802,0
CUST_09463,-1.2448865334731598,-0.6512600746514439,2
CUST_09464,-0.795533134023193,3.6532745792274306,1
CUST_09465,-2.8292481763657764,-0.8627132772040587,2
CUST_09466,-1.941958376533121,-1.7026711903572875,2
CUST_09467,-2.2389145192728344,-1.5852150294523892,2
CUST_09468,-1.2750821384891153,-0.7047933812738425,2
CUST_09469,-1.0549820026277208,1.7151100373231831,1
CUST_09470,2.0097309490430217,0.39738847820220546,0
CUST_09471,-1.6897932113686205,2.908148195913114,1
CUST_09472,-1.655158752105005,-0.5045175973147955,2
CUST_09473,-1.30925771437652,-1.7852109576295234,2
CUST_09474,4.095445421174871,1.5405857486509702,0
CUST_09475,-1.483548215554008,-1.1074617809984229,2
CUST_09476,-1.6604232709464621,-0.14025703202805562,2
CUST_09477,-2.4958954279105163,-1.0855750447874293,2
CUST_09478,-3.14700956564772,-2.9300866840881725,2
CUST_09479,1.4378667081380123,1.5012128145306423,0
CUST_09480,2.2974637139380722,-0.6630806211981191,0
CUST_09481,2.942240648579632,-1.799511110475114,0
CUST_09482,2.0840047821722782,0.38728022513592536,0
CUST_09483,-0.9217119878692119,2.084064780284689,1
CUST_09484,-1.3762748118888875,0.0094738808297839,2
CUST_09485,-2.6964705235330446,-0.4017135019103276,2
CUST_09486,-1.7585811857504414,-0.5453025022821223,2
CUST_09487,2.2768576184089095,-0.8091424774515047,0
CUST_09488,2.5051414832346848,-0.7285104809713182,0
CUST_09489,2.1913182478500937,-0.3137270798070328,0
CUST_09490,1.5942701488763933,-0.3338246652854476,0
CUST_09491,-1.5585049965323734,2.1549371216941533,1
CUST_09492,2.4039411008814056,-1.8162998554750718,0
CUST_09493,1.0216073222128328,0.3281067868395903,0
CUST_09494,1.000204701860815,-0.9016110465328363,0
CUST_09495,-1.801586750536705,-0.9951767179662925,2
CUST_09496,-0.9226552281190694,3.9554775865185334,1
CUST_09497,-1.5383940604987185,2.1017709677460994,1
CUST_09498,1.6677869235638814,1.5468633986579066,0
CUST_09499,-2.5503160794849937,-1.1550913455013212,2
CUST_09500,1.4858090904185777,0.8815265780728567,0
CUST_09501,-0.5480770959423362,2.3448749083471396,1
CUST_09502,-2.6098048964770832,0.9533990337062893,2
CUST_09503,-1.2560765500793027,2.7456779125087176,1
CUST_09504,-1.992778452751659,-1.3711599212218646,2
CUST_09505,1.6216259785209939,0.14234619121665057,0
CUST_09506,-0.8210912329371685,2.6461857353969256,1
CUST_09507,2.466152502771309,-1.2622134681779695,0
CUST_09508,-0.8039739998760563,2.998325190420692,1
CUST_09509,2.0948907360667497,0.038679625270148246,0
CUST_09510,3.1460910351126903,-1.4774693783974922,0
CUST_09511,-0.9597655767298159,3.499630356088262,1
CUST_09512,-1.7943306493970466,3.213948273108143,1
CUST_09513,2.644972799963984,-1.2307687716466114,0
CUST_09514,-1.5403328513360663,-0.6376572253198642,2
CUST_09515,-2.221731404418976,0.7972415748292797,2
CUST_09516,1.663338823850911,-1.7061849818023045,0
CUST_09517,-0.4873900875912214,4.153768846471475,1
CUST_09518,-1.9897918164129291,-0.061144458289785,2
CUST_09519,-0.9260931907036423,2.682082465621726,1
CUST_09520,0.6241512862526101,1.1186010855046875,0
CUST_09521,1.9444789806682912,-0.21817502356889087,0
CUST_09522,-1.7399876661849056,3.4984341283793223,1
CUST_09523,-1.1822067639432519,-1.0644284443735608,2
CUST_09524,-2.40440299803685,-1.048141077420406,2
CUST_09525,0.5308557294159723,-0.009699027778299252,0
CUST_09526,-1.5405151373635233,3.2144765394305956,1
CUST_09527,-2.7561266243826865,-3.616397280613932,2
CUST_09528,0.828008702236029,-0.13412471396495462,0
CUST_09529,-2.706679680219437,-0.28731318926807403,2
CUST_09530,-2.390193082160129,-1.8774661838818754,2
CUST_09531,1.0616151280893218,-1.3598596469029125,0
CUST_09532,-3.4687459158807004,-1.766517504160993,2
CUST_09533,2.3283018217547236,-0.09612311418185839,0
CUST_09534,-1.3648524303917005,-0.04339783285092199,2
CUST_09535,1.2173649009512357,0.07359023441924557,0
CUST_09536,-0.46730655881294975,2.1271419653441113,1
CUST_09537,-1.3897226942139873,-0.4007376248952348,2
CUST_09538,-1.3078417276963927,-0.6940369948721814,2
CUST_09539,2.617049562514842,-1.3926847427990028,0
CUST_09540,-1.2918514336820566,1.8765072285268716,1
CUST_09541,0.8027232752920895,-0.2731289549024957,0
CUST_09542,3.477467587769748,-0.18274180780703073,0
CUST_09543,0.8647736546101945,0.2114543799238412,0
CUST_09544,-1.354334097327019,3.603722510272513,1
CUST_09545,1.9247985590292003,1.3446541765859759,0
CUST_09546,2.1961565498067372,-1.3762533898508285,0
CUST_09547,1.945149937542146,0.47133527843579426,0
CUST_09548,1.527691045493323,-0.17844075839606918,0
CUST_09549,-0.6899953372179609,1.8197194969839938,1
CUST_09550,-2.3867473952268083,-1.5071682893770146,2
CUST_09551,1.3840867483700035,-0.28950935840680275,0
CUST_09552,-3.1105909066974027,-0.847539693030037,2
CUST_09553,-1.4861864475773852,-0.20003763600784413,2
CUST_09554,-2.811131887992958,-0.7232845129752281,2
CUST_09555,-2.028828905509192,-0.37745193064716603,2
CUST_09556,-1.314804992732646,-0.6462586205217421,2
CUST_09557,1.887186370423446,-1.3828703927623618,0
CUST_09558,-0.7629716510492679,2.4573935285484163,1
CUST_09559,-1.3514706588240242,0.13405922920678898,2
CUST_09560,-0.7498204402614954,1.904626140874749,1
CUST_09561,-2.2834147073186926,-0.5479184032352669,2
CUST_09562,1.3004995454356665,-1.282606910849647,0
CUST_09563,-2.330798621115382,-1.327766763005404,2
CUST_09564,-0.8360547281352197,2.749110759265374,1
CUST_09565,2.6185226656069442,0.5093485425406408,0
CUST_09566,1.9052221352624397,0.16131831892920218,0
CUST_09567,-1.411352093155142,-0.339989119748355,2
CUST_09568,-1.90782141405701,-1.447150577798339,2
CUST_09569,-0.7594294870313026,2.8726363847420524,1
CUST_09570,-1.0540455396158477,-0.23022804827219517,2
CUST_09571,1.2927364935371195,0.4274514584130402,0
CUST_09572,1.7492411405806134,-0.09982110660029989,0
CUST_09573,0.7031322031634748,0.8633247429523618,0
CUST_09574,2.3813347901650297,-1.4829796811318552,0
CUST_09575,1.5822980861400666,0.36639827931443125,0
CUST_09576,1.443197242169616,0.5033092983624926,0
CUST_09577,-1.6359453301708584,-1.1676207852439182,2
CUST_09578,-2.1796070708918514,-1.3110661865449063,2
CUST_09579,2.677672190524995,-0.9034254033725923,0
CUST_09580,2.6952368913525104,-0.32089414670128297,0
CUST_09581,2.00403952027336,0.6037585757511161,0
CUST_09582,-0.9436973972051285,2.683884843014686,1
CUST_09583,1.4039314906505822,0.07888893549353475,0
CUST_09584,1.9374706889907698,-1.0164511557947176,0
CUST_09585,-3.041510788767808,-0.1448128939468404,2
CUST_09586,-2.0327019505058592,0.14938363250895903,2
CUST_09587,1.6765999921491992,-1.1708891281890772,0
CUST_09588,1.9017388866319305,1.0968201211719775,0
CUST_09589,1.0825672900932353,0.4134043551819443,0
CUST_09590,-2.5919344665029773,-0.608023187571876,2
CUST_09591,-0.8136402956278175,2.2758717606815213,1
CUST_09592,2.6149414903729764,-1.4015936167085739,0
CUST_09593,-1.275004952262456,-0.9868547670849156,2
CUST_09594,2.019132434090328,0.6226206581055979,0
CUST_09595,2.2522659576868027,0.2096138265972415,0
CUST_09596,1.697164879416409,0.33561597236552276,0
CUST_09597,-0.5949836127237037,2.7648208953064652,1
CUST_09598,2.4296061397894952,-0.28785870518443013,0
CUST_09599,0.8213219789132719,-0.18669627641928718,0
CUST_09600,1.9220755766871147,0.1916861148962184,0
CUST_09601,1.754786279697417,-0.4035258909139948,0
CUST_09602,-1.1005509480938116,-1.2064577429615793,2
CUST_09603,1.7628799010981546,0.003781813512279032,0
CUST_09604,1.4540231450186558,-1.1776770365580909,0
CUST_09605,-1.024006120284119,-1.2601002470669758,2
CUST_09606,-2.023190992389597,-0.12084404443248248,2
CUST_09607,-1.6220593604255067,-1.3682575017403085,2
CUST_09608,-0.9027127722765914,3.096681999229064,1
CUST_09609,2.3003705584994307,-0.40019911058699875,0
CUST_09610,-2.0852126963593336,-1.543945984353842,2
CUST_09611,-2.130346461199138,-0.20783136278226294,2
CUST_09612,1.6706737813071377,-0.37567812597702016,0
CUST_09613,-1.1384084833336041,-1.517451335525175,2
CUST_09614,1.577986969151731,-1.3559687421240434,0
CUST_09615,-1.5269271310940278,-1.4005950359285255,2
CUST_09616,-2.471019219421548,-0.8441348435265291,2
CUST_09617,-1.8726695828420195,-0.951379792103718,2
CUST_09618,-2.5262967833844234,-0.08644857631078173,2
CUST_09619,-1.2169981433623644,-1.0858719746836443,2
CUST_09620,2.145659441350933,-1.3874012919358982,0
CUST_09621,-1.033414663173356,2.8961857243808553,1
CUST_09622,1.9542266856075685,-2.2894661116767088,0
CUST_09623,2.3666565082238233,-0.6682363579140926,0
CUST_09624,-1.531966218372669,-0.0686420282346116,2
CUST_09625,0.9738531005810028,0.2613293082236019,0
CUST_09626,2.4630096104965498,0.04171403572799284,0
CUST_09627,0.4244341843957443,3.633826183393536,1
CUST_09628,-1.6248768179142428,-1.7444044022630723,2
CUST_09629,2.444553309879272,-1.807945972519741,0
CUST_09630,2.215792034679616,-0.3705683271307757,0
CUST_09631,0.9846366463845082,-0.5987322720155,0
CUST_09632,-1.4351715813494867,-0.6578962973941558,2
CUST_09633,1.7307949386292305,-0.9345364591055678,0
CUST_09634,-0.735209226701486,-0.4583335352777306,2
CUST_09635,1.178258367597134,0.5853876124437108,0
CUST_09636,1.283824172936906,0.20835516844947688,0
CUST_09637,-2.0141133580546295,-0.42548828231493424,2
CUST_09638,0.9144846774782629,0.12058467246856898,0
CUST_09639,2.6755984652286857,-0.8938594833556303,0
CUST_09640,2.657683004627491,-0.24075173985770518,0
CUST_09641,-1.1731203719945364,3.7035430798403466,1
CUST_09642,-1.0751275401379001,3.3039352073625294,1
CUST_09643,1.6830689519490658,1.5535176422475798,0
CUST_09644,1.411573695314273,0.6412204197303831,0
CUST_09645,1.7278759712051799,0.6115228404844698,0
CUST_09646,-1.8405360311174053,-0.4301931936777409,2
CUST_09647,-1.6950853936862786,-1.5565418310342554,2
CUST_09648,-0.24701860127200778,2.1740091238220605,1
CUST_09649,-1.465599872284087,1.373755149579419,1
CUST_09650,1.844046459720009,0.07959004699114479,0
CUST_09651,2.1070517779970044,0.3674061411979153,0
CUST_09652,1.3154254367677198,-0.4042284408001239,0
CUST_09653,2.4394558960116544,-0.5739588845656808,0
CUST_09654,2.8109324012602896,-1.1439998995039542,0
CUST_09655,-1.1872415135938463,3.1202521591095804,1
CUST_09656,-1.4687937155641175,3.6828071855548057,1
CUST_09657,-3.3871029637814862,-1.6008739327078538,2
CUST_09658,1.410339989125165,-0.3257837365984146,0
CUST_09659,-1.385082592476183,-0.7039451279329335,2
CUST_09660,-1.9723825319861714,-1.7011856779739787,2
CUST_09661,-0.5552301483311912,1.7224893984197702,1
CUST_09662,0.9936506622349919,0.09535410786707063,0
CUST_09663,1.480857094353989,0.33864294123790856,0
CUST_09664,2.3672631629832126,-1.0555243081117438,0
CUST_09665,2.0814978455996247,0.1929888913329286,0
CUST_09666,-1.028642460727189,-1.0124439588394054,2
CUST_09667,1.0277543163812501,-1.1249165302254747,0
CUST_09668,1.6861742871566725,-0.009356374959514259,0
CUST_09669,-1.5674306941877518,-0.39161780306169935,2
CUST_09670,-1.3428361378371834,-0.11280501716197747,2
CUST_09671,-0.4033285264766672,2.849651938986646,1
CUST_09672,-1.077601862061832,-0.5585815530015059,2
CUST_09673,2.6233469866456978,-0.12435704401572126,0
CUST_09674,1.136565712958059,-1.253442407861651,0
CUST_09675,1.4074620006547696,1.1098393695560427,0
CUST_09676,-0.4856763188959869,2.8539178295782532,1
CUST_09677,-3.0027056825544265,-1.588173110568502,2
CUST_09678,1.318300978717152,-0.8211583190055614,0
CUST_09679,-0.5544148160005627,1.5448428660336921,1
CUST_09680,0.9550823177155645,-0.042499799455338286,0
CUST_09681,-1.2691205953878002,3.783214858295901,1
CUST_09682,1.3770741528495085,-1.403239662803495,0
CUST_09683,2.8178084648110135,0.004451192455589209,0
CUST_09684,-1.0227059323607068,-0.7842128032499336,2
CUST_09685,-0.9448662314605173,3.8281744977697767,1
CUST_09686,-0.6742770723106832,2.7768051290632805,1
CUST_09687,5.676031553332231,0.17858903349791772,0
CUST_09688,1.5454445495965938,0.5646764207427329,0
CUST_09689,0.1894049627723926,0.5205631000268255,0
CUST_09690,-1.7962131140001636,-2.1650368022919575,2
CUST_09691,-1.9400768832427246,-1.5058388755022043,2
CUST_09692,1.9936621338298959,-0.35926134353989403,0
CUST_09693,1.5165412415555595,0.5577200182501763,0
CUST_09694,-2.6545859239656284,-0.6374524078685767,2
CUST_09695,1.4597899101762795,-0.815441088425955,0
CUST_09696,-0.4807124476447637,3.4179401580073883,1
CUST_09697,1.8691728421245966,0.32607083078555626,0
CUST_09698,-1.7955154091266203,-0.2356825827012946,2
CUST_09699,-0.28160425668706385,2.0602440437424234,1
CUST_09700,-2.7740170720603095,-0.07655609259889125,2
CUST_09701,-1.5045737846813705,-0.859142705341725,2
CUST_09702,2.354602786224272,-0.20419452230830137,0
CUST_09703,-2.047993927438731,0.35482763146028146,2
CUST_09704,-1.893037349847664,-0.8269289919456112,2
CUST_09705,1.8901029498878872,0.15735641332018027,0
CUST_09706,3.26998473245303,-1.2549188415389405,0
CUST_09707,0.7274659190104393,0.14141312739951883,0
CUST_09708,-1.349884705466261,3.804540095140622,1
CUST_09709,1.208743402622443,-0.06872918597143174,0
CUST_09710,-0.2630737602636936,2.28453800056364,1
CUST_09711,1.4688990891081175,-0.466677911558126,0
CUST_09712,-2.2394798673726295,-1.6193850990955392,2
CUST_09713,1.9921647270015754,0.627471871995478,0
CUST_09714,1.580906460868789,0.6952091244175974,0
CUST_09715,0.5211464787037156,4.209554554238763,1
CUST_09716,-0.627984740537451,3.295990820794692,1
CUST_09717,2.1974230081630877,0.35809903786440833,0
CUST_09718,1.7768653007043733,0.5544646413822597,0
CUST_09719,2.743232692544475,-1.4367598805524004,0
CUST_09720,-1.5049873626252268,-1.5642035714563223,2
CUST_09721,-2.090011580140326,-0.05108272574564632,2
CUST_09722,-0.9527376712553306,2.782449596721055,1
CUST_09723,-1.7051539164026803,0.5415691115273418,2
CUST_09724,-2.2857999083978546,-0.1565991712289053,2
CUST_09725,3.8099928693418232,-1.9366586486359136,0
CUST_09726,-2.191499222452348,-0.5552092579898977,2
CUST_09727,-1.4116222039362996,-1.0389852148067602,2
CUST_09728,0.8291222762564435,0.9067331110650819,0
CUST_09729,1.588363358869404,-0.32658632129849874,0
CUST_09730,1.5384682752549927,-0.6146079090349018,0
CUST_09731,2.1854502889641454,-1.199514837801178,0
CUST_09732,-1.4135958585073596,0.054509433952564336,2
CUST_09733,-0.9929408086346931,3.341526896583579,1
CUST_09734,-1.925304494697052,-1.550121680631199,2
CUST_09735,-1.5893375735849826,-1.0683592032050677,2
CUST_09736,-0.8428955902234259,2.5918936016833913,1
CUST_09737,-1.636707686575707,-0.8598871518292613,2
CUST_09738,1.089126550509136,0.18078494363191544,0
CUST_09739,1.315498050407575,0.797796654598925,0
CUST_09740,-2.0468438185647844,-0.02275073550189872,2
CUST_09741,1.6786651024619526,-1.2942208848394636,0
CUST_09742,0.9510220223660246,-0.652834194456804,0
CUST_09743,-2.322246297591065,-1.3395766159613118,2
CUST_09744,-1.530702929671058,-0.3600901659053242,2
CUST_09745,1.5869078582214189,0.18658500956737872,0
CUST_09746,-2.388305331707608,-0.08719500643666508,2
CUST_09747,-2.253631432294684,-1.3574620684693834,2
CUST_09748,1.3742215279291683,1.199312070835752,0
CUST_09749,1.8840532118846387,-0.9519905481917182,0
CUST_09750,-2.011562723143228,-1.3356549413340864,2
CUST_09751,1.2460056906134276,-0.20677248919803978,0
CUST_09752,1.4738388636412476,-0.7010467793743336,0
CUST_09753,-0.027388457733610965,3.1308770516970674,1
CUST_09754,-0.9764743430846687,-0.9404424607214501,2
CUST_09755,1.7835617129250099,-0.023739169270191242,0
CUST_09756,1.4581036569251733,0.35031647461749776,0
CUST_09757,1.8511720416552067,-0.6229344844577595,0
CUST_09758,-2.6320189783750405,-1.2734093962747992,2
CUST_09759,1.8287407844237455,-0.636901970945048,0
CUST_09760,-1.0699178765972226,3.1556911594404307,1
CUST_09761,-2.9767970466524667,-2.8716167130528056,2
CUST_09762,2.409533971767109,-0.8957627990404381,0
CUST_09763,-1.3769427480200804,-1.1898442482623477,2
CUST_09764,-2.6888943850465252,-1.859710958238666,2
CUST_09765,-1.1987922695241744,-2.1215461150419443,2
CUST_09766,1.408218434358197,1.299638007672166,0
CUST_09767,-1.7601801505628334,0.3514783916635891,2
CUST_09768,-1.9641365622860134,-0.3610229467307024,2
CUST_09769,-3.5241762417240348,-1.9912028528621533,2
CUST_09770,1.4653533536433392,-1.0052912938881282,0
CUST_09771,-1.999991617353477,-0.6752875880155665,2
CUST_09772,2.2007832380483707,-0.21803713939829383,0
CUST_09773,3.3228474791985034,-1.6568684078765101,0
CUST_09774,1.9186886916223564,-0.29886404216313794,0
CUST_09775,-1.478620863191664,-0.47130181028774604,2
CUST_09776,-2.2679777746580436,2.969399282569095,1
CUST_09777,0.5825218773395444,1.4852361302874384,1
CUST_09778,-2.1197389736511965,-0.2549722523049388,2
CUST_09779,1.7678748709496246,0.9383133260908552,0
CUST_09780,-1.0062492408913069,2.1393625217022763,1
CUST_09781,0.8553932532010772,0.4211476289708663,0
CUST_09782,1.9571442124380574,0.13563870174402212,0
CUST_09783,-2.256547424432601,-0.3772460986475053,2
CUST_09784,-2.2642472648742786,-1.9177324325662588,2
CUST_09785,-0.8121675476430907,1.7084359020235471,1
CUST_09786,-1.5301529079046863,-0.45749891764278733,2
CUST_09787,1.6610003737151757,-1.4290053755088608,0
CUST_09788,2.1048330518968177,-0.6623828277854041,0
CUST_09789,-0.795469143769679,2.778033036573456,1
CUST_09790,2.9503503861100913,-1.2127718737611655,0
CUST_09791,3.4652492398482675,-0.7511020681065106,0
CUST_09792,-1.1448930848334706,2.835830434858856,1
CUST_09793,1.392899619314298,0.20990266107358269,0
CUST_09794,0.0999679219092266,1.8192040870840565,1
CUST_09795,0.05767672283946849,2.7162113529141263,1
CUST_09796,0.16311636225973378,0.8854938264953726,1
CUST_09797,-3.477144448142724,-1.4825500328752472,2
CUST_09798,-1.2873291055271912,0.3009357519096138,2
CUST_09799,1.1036266000078025,0.4558961344446422,0
CUST_09800,-1.145243553840518,-1.049064404018615,2
CUST_09801,-1.8592335228844055,-0.5626760646295859,2
CUST_09802,1.7028799620742328,-0.33808808423610565,0
CUST_09803,1.4158650470432304,-0.3162230063007394,0
CUST_09804,-1.0354982393754908,-0.827209708288104,2
CUST_09805,-0.9745356980047537,0.905721867792333,1
CUST_09806,-1.8840899678349687,-0.6040016248542083,2
CUST_09807,-1.4606062945619473,-0.9374139900242876,2
CUST_09808,-1.7323781765831492,-0.4026016933146974,2
CUST_09809,-2.493891242770757,-1.0842022934925768,2
CUST_09810,-0.7263379165954766,2.7900872200612308,1
CUST_09811,2.494375896017151,-1.29658377437002,0
CUST_09812,-2.299751522160506,-0.46227066875667133,2
CUST_09813,0.5769253631611411,-0.08132066785078465,0
CUST_09814,-1.5124247949960392,-0.6234317636278524,2
CUST_09815,-1.13539471434205,-1.5911839374027934,2
CUST_09816,-2.7587360888675567,-1.3776412209336981,2
CUST_09817,-0.2333670531058409,2.476338338345585,1
CUST_09818,-1.3793539195532807,3.2944681418805573,1
CUST_09819,1.9698426885881355,1.0018210710040796,0
CUST_09820,1.376557610271108,0.5860178461747629,0
CUST_09821,-1.4496221002357608,-0.096247032271866,2
CUST_09822,-0.9210032427371625,-0.9649246685729255,2
CUST_09823,-1.878430867848729,-0.3682327917638547,2
CUST_09824,1.3863689182679642,0.9263369521914745,0
CUST_09825,-0.4516509630999518,2.4949203437784964,1
CUST_09826,-1.5895097148872572,-0.30934575736939895,2
CUST_09827,-0.5107175770584551,1.3826028329298778,1
CUST_09828,-0.6421308601223927,2.5662065826247606,1
CUST_09829,-1.8689016408326962,-1.077426380315521,2
CUST_09830,-1.7449088367033943,0.11472755084055274,2
CUST_09831,2.597151972911217,-0.047578621927963305,0
CUST_09832,-1.962385029021201,-1.4560393640441949,2
CUST_09833,1.8736675811300794,-1.030532130018413,0
CUST_09834,-2.513831303789506,-0.9440561704411176,2
CUST_09835,1.7526140728124335,-0.6610803182988064,0
CUST_09836,3.44671160461352,-0.8554047188376346,0
CUST_09837,-2.2350208146728296,-1.6661561755726788,2
CUST_09838,2.674276020136861,0.7813682045069699,0
CUST_09839,-2.272048202162695,-0.9748771348190015,2
CUST_09840,-2.5691057129781805,-0.30639680759877974,2
CUST_09841,-0.900500399908724,-0.5780827655298493,2
CUST_09842,-1.8365322825813708,-1.4023802353330368,2
CUST_09843,2.2042446783896983,-0.19530031534634248,0
CUST_09844,-2.418539097762332,-0.38888952460234505,2
CUST_09845,2.0578595814329175,-0.6683337096924662,0
CUST_09846,0.4908674287582878,0.3970275633290449,0
CUST_09847,-2.117015643366251,-0.03654202139751511,2
CUST_09848,1.8586960204337641,-0.46533165026771195,0
CUST_09849,-0.5634206971141577,3.292252439377189,1
CUST_09850,-0.85848728007535,2.3642255084390005,1
CUST_09851,-1.7010108879595065,0.599943561655412,2
CUST_09852,-2.7727363023081977,-0.9077707246250637,2
CUST_09853,1.8784596192548284,-0.9170358845560908,0
CUST_09854,-1.3383006655309149,2.043969324095789,1
CUST_09855,-2.163562823590584,-0.42743955786851295,2
CUST_09856,0.2687450907096312,2.6901182718151313,1
CUST_09857,2.478402216243793,-1.9404869828893045,0
CUST_09858,0.277373880349864,1.262956698935655,1
CUST_09859,2.5123781305147834,0.5267323038793608,0
CUST_09860,2.3488619551521293,-1.4396525010103933,0
CUST_09861,-2.1059133592847354,-0.19764872460773517,2
CUST_09862,-0.5156098387654311,2.123392226396397,1
CUST_09863,-1.5028279716707509,-1.2752501124432356,2
CUST_09864,-1.7046293480396584,-0.9755741928416679,2
CUST_09865,-1.6058705087605962,-1.0023553953737385,2
CUST_09866,1.2500241299627401,-0.7380536894634061,0
CUST_09867,2.044468782669369,0.8336764043799721,0
CUST_09868,1.5662454872782914,-0.3539142195726721,0
CUST_09869,-1.925300095271649,-1.0525738103793696,2
CUST_09870,1.9646764484454924,0.1720622615990987,0
CUST_09871,1.8665163593562184,0.8837966813065594,0
CUST_09872,-0.5412618895132786,2.3930832159004685,1
CUST_09873,2.4863226456976455,0.10104351260250719,0
CUST_09874,0.39868716200091586,0.4448314602840659,0
CUST_09875,-0.8022483830402273,2.0884538254991396,1
CUST_09876,2.0564733074057524,-0.8776804995621137,0
CUST_09877,3.1435870623889937,-1.3760520853643494,0
CUST_09878,1.4983286432963006,0.9868809750828942,0
CUST_09879,-2.3521271880914885,-0.5778921738558078,2
CUST_09880,-0.4184690159567188,3.4003616306671316,1
CUST_09881,1.3663004062213875,-0.15535026894199558,0
CUST_09882,-1.1265152516978951,4.037567834301408,1
CUST_09883,1.0016133606886228,1.1573411575357277,0
CUST_09884,-2.8502003725964213,-2.03059310495544,2
CUST_09885,1.4372557921348832,-1.1773523543340048,0
CUST_09886,-1.7834048301625574,-0.8518441275343253,2
CUST_09887,-3.667785597657036,-1.9900291736694204,2
CUST_09888,-2.001212982839393,0.5450191013034056,2
CUST_09889,1.0442924031515861,-1.3206983117864477,0
CUST_09890,1.930627066318918,-0.33251311445253695,0
CUST_09891,-1.4697402530890202,-0.891190800006226,2
CUST_09892,1.6292165842248771,-0.8755859511272974,0
CUST_09893,-1.574801399419805,-2.36918566723561,2
CUST_09894,-2.7080189957334855,-0.1150177111710197,2
CUST_09895,-2.4239779963899464,0.44084588534742014,2
CUST_09896,2.887836289429022,-0.5663514513982751,0
CUST_09897,-1.6248127264569008,-0.06790559843095846,2
CUST_09898,-2.110389674326276,-0.7577550789322697,2
CUST_09899,-2.1635592458756423,-0.017893944315309378,2
CUST_09900,1.3718489552600777,-1.5544637364710372,0
CUST_09901,1.666266256097729,-0.034758991886489135,0
CUST_09902,1.5358617740227338,0.5405229747222805,0
CUST_09903,1.7621343807681424,0.323380218326503,0
CUST_09904,-0.5997780705557504,2.685155239671195,1
CUST_09905,-1.8218624346311991,-2.941097884951109,2
CUST_09906,2.744747737334702,0.5449846775566702,0
CUST_09907,-2.0069159303490496,-0.4226891105262922,2
CUST_09908,1.9390417845674663,-1.4204803293875667,0
CUST_09909,2.403754505330617,-2.0020986530563234,0
CUST_09910,1.4899173480749,-1.2637037454199342,0
CUST_09911,2.3472387184208077,0.03729016349571416,0
CUST_09912,-1.3714597268315512,-1.848095189714906,2
CUST_09913,1.3133388710937701,-1.5667904017306475,0
CUST_09914,-0.5299223162547196,2.126513756570591,1
CUST_09915,-0.5789723285280425,2.8281912911206555,1
CUST_09916,-1.6415394634624583,-1.4419994648522525,2
CUST_09917,0.9506112039117518,-0.8595342423733948,0
CUST_09918,1.0072739436864544,1.2359773068122533,0
CUST_09919,1.5593531416531232,-0.3727052594260573,0
CUST_09920,1.484377026400691,0.1688344474023252,0
CUST_09921,2.095628216296313,-1.1681529731904514,0
CUST_09922,-3.262834971063154,-1.173753842496666,2
CUST_09923,-1.3131214229203048,4.83045292891223,1
CUST_09924,-0.9785750511377579,2.2785715435123612,1
CUST_09925,-0.3945483582368032,2.994938139534852,1
CUST_09926,2.321021575692225,-0.5080567797834855,0
CUST_09927,-0.9251300666240334,2.3298937531908686,1
CUST_09928,-1.2597899221479518,-2.3719474777068825,2
CUST_09929,-0.9738233322243495,-1.009338274650495,2
CUST_09930,-1.2086607468256612,-1.6754953522493548,2
CUST_09931,-1.0808446797050901,-1.0175063514698872,2
CUST_09932,1.6361292999293997,-2.034134443366492,0
CUST_09933,1.9941916173622245,0.08408820429123427,0
CUST_09934,1.0069368296926962,-0.11195057053789531,0
CUST_09935,1.033861851481402,0.7700830472345596,0
CUST_09936,2.9557768083835296,-2.210467876429741,0
CUST_09937,-0.8585114660065664,2.6297155492871442,1
CUST_09938,-0.7772008803210722,-1.2432281564844518,2
CUST_09939,-2.8432469173743153,0.3055341478831126,2
CUST_09940,-1.749443177636314,-0.7576641375227117,2
CUST_09941,-3.1875704156834628,-2.257872455291363,2
CUST_09942,1.7462764518892437,-0.9626245208716181,0
CUST_09943,1.239978916529446,-1.3241062894425182,0
CUST_09944,-1.392738387480612,0.45398084187424614,2
CUST_09945,1.1155111011255918,0.2175569972152368,0
CUST_09946,1.743034391106574,0.007062104918578928,0
CUST_09947,1.7339397695646532,-0.7942470736869128,0
CUST_09948,1.8286007849612476,0.3411129996960432,0
CUST_09949,-0.5085289138417812,2.4466751248525807,1
CUST_09950,-0.14746076776943776,3.4290175088154187,1
CUST_09951,-0.4167099792701195,2.4181951384828646,1
CUST_09952,-2.033989112440435,0.5055443008126244,2
CUST_09953,0.980269267519974,0.436069182948257,0
CUST_09954,1.989774665850297,0.3415277009604729,0
CUST_09955,1.9626456316141196,-0.9926919752729986,0
CUST_09956,2.9678786510193134,-0.11122728659268347,0
CUST_09957,-1.7816338654722157,-0.09185253113459531,2
CUST_09958,-1.7265788854198647,-0.3831258037447703,2
CUST_09959,-1.4103132350886474,-0.5562028913834268,2
CUST_09960,1.5830569627139528,0.6819175525259727,0
CUST_09961,-1.5416670577935399,2.8809635446251622,1
CUST_09962,-0.9833215667264951,4.150654447250217,1
CUST_09963,-1.5629579659706134,3.267461354465417,1
CUST_09964,-0.23063096549830187,2.579501809322671,1
CUST_09965,-1.3687764628929078,3.2508453125223773,1
CUST_09966,-0.5303843566443591,3.574694614467088,1
CUST_09967,-1.8121496407683197,-1.6487492608584027,2
CUST_09968,1.6949353339066882,-1.3992961010604257,0
CUST_09969,-2.1695693092074,-1.3495392266474775,2
CUST_09970,0.15875168916451105,-1.1992646113963226,0
CUST_09971,1.3399629869616285,-0.909621556113414,0
CUST_09972,-1.3572412538841951,-0.9638788642489812,2
CUST_09973,-2.5882634982254245,-0.17291685021266182,2
CUST_09974,1.8440162178415451,-0.9706914542664052,0
CUST_09975,-0.6859023193504893,1.0911634090702067,1
CUST_09976,2.2262961488548907,-0.7996228633476034,0
CUST_09977,-0.7570703185619322,3.482536221268604,1
CUST_09978,-1.5726161350719177,-0.8317181547668299,2
CUST_09979,-2.3914362965647022,-1.9921173147155944,2
CUST_09980,-2.4302325820660515,-0.7702199028102933,2
CUST_09981,1.7754699198547523,0.21331031631516142,0
CUST_09982,-0.3546996839505525,2.106486901741167,1
CUST_09983,1.6279950906517409,1.0490038991170194,0
CUST_09984,-2.516883888385264,-1.5167082176006468,2
CUST_09985,-1.8696132324942112,-0.8983640233838132,2
CUST_09986,-0.7696351254381069,3.1932661784107306,1
CUST_09987,1.7253696157095657,-0.36522822811693867,0
CUST_09988,1.9459363110476122,0.5151263772535258,0
CUST_09989,2.7084454382639866,0.8394437226928573,0
CUST_09990,-1.2760395157391573,-0.9041722043255276,2
CUST_09991,-0.768064996955437,2.3816064709033373,1
CUST_09992,2.945449989625611,0.18388088625536042,0
CUST_09993,-0.38882246709911533,3.1601656219932015,1
CUST_09994,-1.569845961065958,-0.4510552715529572,2
CUST_09995,2.907097249973013,-1.8301934950009338,0
CUST_09996,-3.285881906853406,-1.5120930505906682,2
CUST_09997,-2.098627290348975,-1.6526110889449792,2
CUST_09998,-3.6578413853980734,-2.9636106407449923,2
CUST_09999,0.9521860671210716,0.6545315496914518,0
CUST_10000,0.6411590142667517,0.02209359294525881,0
